SKUID,SKUCODE,ProductName,CategoryID,CategoryName,Segment,BrandID,BrandName,ManufacturerID,ManufacturerName
52682,TOCLNCLAS85G,Too Clean Classic Detergent 85g X 50,108,Home Care and Laundry,HC+PC,5873,too clean,103,Mamuda Groups of Companies
52685,TOCLNCLAS180G,Too Clean Classic Detergent 180g X 26,108,Home Care and Laundry,HC+PC,5873,too clean,103,Mamuda Groups of Companies
31862,TOCLEPACOL85G,Too Clean Pro For All Colours 85g X 48 + 2 Free Sachet,108,Home Care and Laundry,HC+PC,5873,too clean,103,Mamuda Groups of Companies
31864,TOCLEPACOL180G,Too Clean Pro For All Colours 180g X 24+2 Free Sachets,108,Home Care and Laundry,HC+PC,5873,too clean,103,Mamuda Groups of Companies
31866,KWIKLEMACT130G,Kwik Lemon Active 130g X 24+5 Free,108,Home Care and Laundry,HC+PC,5874,kwik,51,NOURDM GLOBAL
31868,KWIKLEMAC50G,Kwik Lemon Active 50g X 54 + 1 Free,108,Home Care and Laundry,HC+PC,5874,kwik,51,NOURDM GLOBAL
44396,KWIK50KG,Kwik Perboiled Rice 50kg X 1,152,Rice,Commodity,5874,kwik,744,SUPREME RICE MILLS LTD 
44816,BRAVMARG15KG,Bravo Margarine 15kg X 1,134,Margarine,Commodities,5875,bravo,784,Vabex Associates Int'l Ltd
44786,BRAULTWH100G,Bravo Ultra White Lemon Breeze Detergent 100g X 36,108,Home Care and Laundry,HC+PC,5875,bravo,230,EXTREME MANUFACTURING NIG LTD
44788,BRAULTWH50G,Bravo Ultra White Detergent 50g X 55,108,Home Care and Laundry,HC+PC,5875,bravo,230,EXTREME MANUFACTURING NIG LTD
52641,BRAVO130G,Bravo Detergent 130g X 24 +5,108,Home Care and Laundry,HC+PC,5875,bravo,230,EXTREME MANUFACTURING NIG LTD
52644,BRAVO350G,Bravo Detergent 350g X 12 +1,108,Home Care and Laundry,HC+PC,5875,bravo,230,EXTREME MANUFACTURING NIG LTD
52647,BRAUW850G,Bravo Ultra White Detergent  850 X 7,108,Home Care and Laundry,HC+PC,5875,bravo,230,EXTREME MANUFACTURING NIG LTD
52650,BRALIDW450ML,Bravo Liquid Dishwash 450gml X 18 Bottle,108,Home Care and Laundry,HC+PC,5875,bravo,230,EXTREME MANUFACTURING NIG LTD
45972,BRAVO80G,Bravo Detergent 80g X 50,108,Home Care and Laundry,HC+PC,5875,bravo,230,EXTREME MANUFACTURING NIG LTD
45974,BRAVO20G,Bravo Detergent 20g X 150,108,Home Care and Laundry,HC+PC,5875,bravo,230,EXTREME MANUFACTURING NIG LTD
45976,BRAVO170G,Bravo Detergent 170g X 26,108,Home Care and Laundry,HC+PC,5875,bravo,230,EXTREME MANUFACTURING NIG LTD
31870,BRAULTWH40G,Bravo Ultra White 40g X 60,108,Home Care and Laundry,HC+PC,5875,bravo,230,EXTREME MANUFACTURING NIG LTD
31873,PFTWHTDKSRV40MLPKT24,Perfect White Dark Spot Remover (dsr) 40ml X,114,Personal Care & Beauty,HC+PC,5876,PERFECT WHITE,516,DREAMS COSMETICS
31874,CT+CRTCRM200MLPKT6,Ct+ Carrotte Cream  200ml  X,114,Personal Care & Beauty,HC+PC,5877,CT+,516,DREAMS COSMETICS
31875,CT+CRM200MLPKT6,Ct+ Cream 200ml  X,114,Personal Care & Beauty,HC+PC,5877,CT+,516,DREAMS COSMETICS
31876,CT+LOT250MLPKT4,Ct+ Lotion 250ml  X,114,Personal Care & Beauty,HC+PC,5877,CT+,516,DREAMS COSMETICS
31877,CT+CRTLOT250MLPKT4,Ct+ Lotion Carrotte  250ml  X,114,Personal Care & Beauty,HC+PC,5877,CT+,516,DREAMS COSMETICS
31878,CT+CRTSRM75MLPKT8,Ct+ Serum Carrotte 75ml  X,114,Personal Care & Beauty,HC+PC,5877,CT+,516,DREAMS COSMETICS
31879,CT+SRM75MLPKT8,Ct+ Serum  75ml  X,114,Personal Care & Beauty,HC+PC,5877,CT+,516,DREAMS COSMETICS
31880,CT+CRTSHWGL800MLPKT2,Ct+ Shower Gel Carrotte 800ml  X,114,Personal Care & Beauty,HC+PC,5877,CT+,516,DREAMS COSMETICS
31881,CT+SHWGL800MLPKT2,Ct+ Shower Gel Golden 800ml  X,114,Personal Care & Beauty,HC+PC,5877,CT+,516,DREAMS COSMETICS
31896,CT+SOP175GPKT4,Ct+ Soap 175g   X 12,114,Personal Care & Beauty,HC+PC,5877,CT+,516,DREAMS COSMETICS
31897,CT+CRTSOP175GPKT4,Ct+ Carrotte Soap 175g   X 12,114,Personal Care & Beauty,HC+PC,5877,CT+,516,DREAMS COSMETICS
31904,OPTIMUM50KG,Optimum Super Deluxe Parboiled Rice 50kg  X,152,Rice,Commodity,5880,OptImum Oniaeku Enterprises,522,Optimum  Rice Trading Limited
31906,GILASO50KG,Gilaso Rice 50kg  X,152,Rice,Commodity,5880,OptImum Oniaeku Enterprises,523,Gilaso Rice Mill Limited
32010,DYBDYFRSHPD250GPKT12,Daybyday Fresh Powder 250g  X,114,Personal Care & Beauty,HC+PC,5881,DAYBYDAY,516,DREAMS COSMETICS
32011,DYBDYFRSHPD500GPKT9,Daybyday Fresh Powder 500g X,114,Personal Care & Beauty,HC+PC,5881,DAYBYDAY,516,DREAMS COSMETICS
32379,DYBDYGRDPJ250MLPKT12,Daybyday Petroleum Jelly Grenadine 250ml X,114,Personal Care & Beauty,HC+PC,5881,DAYBYDAY,516,DREAMS COSMETICS
32605,LEASAOP150PK6,Lea Soap Lys 150g  X,114,Personal Care & Beauty,HC+PC,5881,DAYBYDAY,516,DREAMS COSMETICS
32606,DAYBDBVAPK1,Day By Day Baby Vanity Pack,99,Baby Care,HC+PC,5881,DAYBYDAY,516,DREAMS COSMETICS
32607,DAYBDKVAPK1,Day By Day Kids Vanity Pack,99,Baby Care,HC+PC,5881,DAYBYDAY,516,DREAMS COSMETICS
32608,DAYBDPOA400PK4,Day By Day Pommade Aloe 400ml  X,114,Personal Care & Beauty,HC+PC,5881,DAYBYDAY,516,DREAMS COSMETICS
32609,DAYBDPON250PK6,Day By Day Pommade Normal 250ml  X,114,Personal Care & Beauty,HC+PC,5881,DAYBYDAY,516,DREAMS COSMETICS
32610,DAYBDPON400PK4,Day By Day Pommade Normal 400ml  X,114,Personal Care & Beauty,HC+PC,5881,DAYBYDAY,516,DREAMS COSMETICS
31911,DYBDYJADPD250GPKT12,Daybyday Jade Powder 250g X,99,Baby Care,HC+PC,5881,DAYBYDAY,516,DREAMS COSMETICS
31912,DYBDYROSPD250GPKT12,Daybyday Rose Powder 250g  X,99,Baby Care,HC+PC,5881,DAYBYDAY,516,DREAMS COSMETICS
31913,DYBDYROSPD500GPKT9,Daybyday Rose Powder 500g  X,99,Baby Care,HC+PC,5881,DAYBYDAY,516,DREAMS COSMETICS
31914,DYBDYALOPJ100MLPKT12,Daybyday Petroleum Jelly Aloe Vera 100ml  X,99,Baby Care,HC+PC,5881,DAYBYDAY,516,DREAMS COSMETICS
31915,DYBDYALOPJ250MLPKT12,Daybyday Petroleum Jelly Aloe Vera 250ml  X,99,Baby Care,HC+PC,5881,DAYBYDAY,516,DREAMS COSMETICS
31916,DYBDYALOEPJ400MLPKT8,Daybyday Petroleum Jelly Aloe Vera 400ml X,99,Baby Care,HC+PC,5881,DAYBYDAY,516,DREAMS COSMETICS
31917,DYBDYCOCPJ100MLPKT12,Daybyday Petroleum Jelly Cocoa 100ml X,99,Baby Care,HC+PC,5881,DAYBYDAY,516,DREAMS COSMETICS
31918,DYBDYCOCOPJ250MLPKT1,Daybyday Petroleum Jelly Cocoa 250ml X,99,Baby Care,HC+PC,5881,DAYBYDAY,516,DREAMS COSMETICS
31919,DYBDYCOCOPJ400MLPKT8,Daybyday Petroleum Jelly Cocoa 400ml  X,99,Baby Care,HC+PC,5881,DAYBYDAY,516,DREAMS COSMETICS
31920,DYBDYGRDPJ100MLPKT12,Daybyday Petroleum Jelly Grenadine 100ml  X,99,Baby Care,HC+PC,5881,DAYBYDAY,516,DREAMS COSMETICS
31946,DYBDYALOELT250MLPKT6,Daybyday Lotion Aloe Vera 250ml X,114,Personal Care & Beauty,HC+PC,5881,DAYBYDAY,516,DREAMS COSMETICS
31947,DYBDYALOELT500MLPKT4,Daybyday Lotion Aloe Vera 500ml X,114,Personal Care & Beauty,HC+PC,5881,DAYBYDAY,516,DREAMS COSMETICS
31948,DYBDYCOCOLT250MLPKT6,Daybyday Lotion Cocoa Butter 250ml X,114,Personal Care & Beauty,HC+PC,5881,DAYBYDAY,516,DREAMS COSMETICS
31949,DYBDYCOCOLT500MLPKT4,Daybyday Lotion Cocoa Butter 500ml X,114,Personal Care & Beauty,HC+PC,5881,DAYBYDAY,516,DREAMS COSMETICS
31950,DYBDYGRDLT250MLPKT6,Daybyday Lotion Grenadine 250ml X,114,Personal Care & Beauty,HC+PC,5881,DAYBYDAY,516,DREAMS COSMETICS
31951,DYBDYGRDLT500MLPKT4,Daybyday Lotion Grenadine 500ml X,114,Personal Care & Beauty,HC+PC,5881,DAYBYDAY,516,DREAMS COSMETICS
31994,DYBDYGRDPJ400MLPKT8,Daybyday Petroleum Jelly Grenadine 400ml X,114,Personal Care & Beauty,HC+PC,5881,DAYBYDAY,516,DREAMS COSMETICS
32002,INFCLOT125MLPKT10,Infini Clear Lotion 125ml X,114,Personal Care & Beauty,HC+PC,5893,infini,516,DREAMS COSMETICS
32003,INFCLOT300MLPKT6,Infini Clear Lotion 300ml  X,114,Personal Care & Beauty,HC+PC,5893,infini,516,DREAMS COSMETICS
32004,INFCLOT500MLPKT4,Infini Clear Lotion 500ml X,114,Personal Care & Beauty,HC+PC,5893,infini,516,DREAMS COSMETICS
32005,INFCLSOP180GPKT10,Inifini Soap 180g  X,114,Personal Care & Beauty,HC+PC,5893,infini,516,DREAMS COSMETICS
32006,PWPWLOT125MLPKT10,Pawpaw Lotion 125ml  X,114,Personal Care & Beauty,HC+PC,5894,pawpaw,516,DREAMS COSMETICS
32007,PWPWLOT200MLPKT8,Pawpaw Lotion 200ml X,114,Personal Care & Beauty,HC+PC,5894,pawpaw,516,DREAMS COSMETICS
32008,PWPWLOT300MLPKT6,Pawpaw Lotion 300ml  X,114,Personal Care & Beauty,HC+PC,5894,pawpaw,516,DREAMS COSMETICS
32009,PWPWLOT500MLPKT4,Pawpaw Lotion 500ml  X,114,Personal Care & Beauty,HC+PC,5894,pawpaw,516,DREAMS COSMETICS
32013,PIGIJU50CLX12,Pineapple & Ginger Juice 50cl  X 12,106,Drinks,Beverages,5895,UTTERLY YUM,532,Utter Fresh Processing Limited
32014,PIGIJU35CLX12,Pineapple & Ginger Juice (small) 35cl X 12,106,Drinks,Beverages,5895,UTTERLY YUM,532,Utter Fresh Processing Limited
32015,WAPIJU50CLX12,Watermelon & Pineapple Juice 50cl X 12,106,Drinks,Beverages,5895,UTTERLY YUM,532,Utter Fresh Processing Limited
32016,WAPIJU35CLX12,Watermelon & Pineapple Juice (small) 35cl  X 12,106,Drinks,Beverages,5895,UTTERLY YUM,532,Utter Fresh Processing Limited
32017,MAJU50CLX12,Mango Juice 50cl X 12,106,Drinks,Beverages,5895,UTTERLY YUM,532,Utter Fresh Processing Limited
32018,MAJU35CLX12,Mango Juice (small) 35cl  X 12,106,Drinks,Beverages,5895,UTTERLY YUM,532,Utter Fresh Processing Limited
32019,CAPIGIJU35CLX12,"Carrot, Pineapple & Ginger Juice (small) X 12",106,Drinks,Beverages,5895,UTTERLY YUM,532,Utter Fresh Processing Limited
32020,CAPIGIJU50CLX12,"Carrot, Pineapple & Ginger Juice 50cl  X 12",106,Drinks,Beverages,5895,UTTERLY YUM,532,Utter Fresh Processing Limited
32021,PIJU50CLX12,Pineapple Juice 50cl  X 12,106,Drinks,Beverages,5895,UTTERLY YUM,532,Utter Fresh Processing Limited
32022,PIJU35CLX12,Pineapple Juice (small) 35cl  X 12,106,Drinks,Beverages,5895,UTTERLY YUM,532,Utter Fresh Processing Limited
32023,PICOJU50CLX12,Pineapple & Coconut Juice 50cl X 12,106,Drinks,Beverages,5895,UTTERLY YUM,532,Utter Fresh Processing Limited
32024,Dried Pineapple,Pineapple & Coconut Juice (small) 35cl X 12,106,Drinks,Beverages,5895,UTTERLY YUM,532,Utter Fresh Processing Limited
32025,DRPI50GX12,Dried Pineapple 50g X 12,106,Drinks,Beverages,5895,UTTERLY YUM,532,Utter Fresh Processing Limited
32026,DRPICO50GX12,Dried Pineapple & Coconut 50g  X 12,106,Drinks,Beverages,5895,UTTERLY YUM,532,Utter Fresh Processing Limited
32027,DRFRNUFU50GX12,Dried Fruit & Nut Fusion 50g  X 12,106,Drinks,Beverages,5895,UTTERLY YUM,532,Utter Fresh Processing Limited
45743,DRPINE35,Pineapple & Coconut Juice (small) 35cl X 12,106,Drinks,Beverages,5895,UTTERLY YUM,532,Utter Fresh Processing Limited
44159,UTYPIJU50CL,Utterly Yum Pineapple Juice 50cl X 12,106,Drinks,Beverages,5895,UTTERLY YUM,532,Utter Fresh Processing Limited
44161,UTYDPCC50G,Utterly Yum Dried Pineapple & Coconut Chips 50g X 12,144,dry fruit,Commodities,5895,UTTERLY YUM,532,Utter Fresh Processing Limited
44163,UTYDFBF50G,Utterly Yum Dried Fruits & But Fusion 50g X 12,144,dry fruit,Commodities,5895,UTTERLY YUM,532,Utter Fresh Processing Limited
44165,UTYDPI50G,Utterly Yum Dried Pineapple 50g X 12,144,dry fruit,Commodities,5895,UTTERLY YUM,532,Utter Fresh Processing Limited
43380,UTYMGOJU50CL,Utterly Yum Mango Juice 50cl X 12,106,Drinks,Beverages,5895,UTTERLY YUM,532,Utter Fresh Processing Limited
43382,UTYPCCJU50CL,"Utterly Yum Pineapple, Carrot & Cinger Juice 50cl X 12",106,Drinks,Beverages,5895,UTTERLY YUM,532,Utter Fresh Processing Limited
43384,UTYPGJU50CL,Utterly Yum Pineapple & Ginger Juice 50cl X 12,106,Drinks,Beverages,5895,UTTERLY YUM,532,Utter Fresh Processing Limited
43386,UTYPCJU50CL,Utterly Yum Pineapple & Coconut Juice 50cl X 12,106,Drinks,Beverages,5895,UTTERLY YUM,532,Utter Fresh Processing Limited
43388,UTYPWJU50CL,Utterly Yum Pineapple & Watermelon Juice 50cl X 12,106,Drinks,Beverages,5895,UTTERLY YUM,532,Utter Fresh Processing Limited
32169,COUVSCOGPK1,Courvoisier Vs Cognac 70cl X,106,Drinks,Beverages,5915,COURVOISIER,520,SUNTORY
32171,COUVSOPK1,Courvoisier Vsop 70cl X,106,Drinks,Beverages,5915,COURVOISIER,520,SUNTORY
32178,LAPEBRUT75CL,Laurent Perrier Brut 75cl X,106,Drinks,Beverages,5917,LAURENT PERRIER,542,LAURENT PERRIER
32180,LAPECUROSE75CL,Laurent Perrier Cuvee Rose 75cl  X,106,Drinks,Beverages,5917,LAURENT PERRIER,542,LAURENT PERRIER
32182,LAPEDEMSEC75CL,Laurent Perrier Demi Sec 75cl X,106,Drinks,Beverages,5917,LAURENT PERRIER,542,LAURENT PERRIER
45793,MCW1,Year End Gift Mcw X 1,115,Promo,Promo,5917,LAURENT PERRIER,542,LAURENT PERRIER
45795,STANDF1,Year End Gift Sf X 1,115,Promo,Promo,5917,LAURENT PERRIER,542,LAURENT PERRIER
45797,FLATI1,Year End Gift Fi X 1,115,Promo,Promo,5917,LAURENT PERRIER,542,LAURENT PERRIER
45799,SMART1,Year End Gift Stv X 1,115,Promo,Promo,5917,LAURENT PERRIER,542,LAURENT PERRIER
37816,SAVDRY330ML,Savanna Dry 4x(6x330ml) Nrb  Afr Bbe ,106,Drinks,Beverages,5925,SAVANNA,353,Distell Wine & Spirit Nigeria Limited
32370,UTOMAY850ML,Uto Mayonnaise 850ml  X 12,105,Condiments,Food,5938,mayonnaise,553,The agric and culture company
32381,LWRSOAP130G,Lewar Beauty Bar Soap 130g X 48,114,Personal Care & Beauty,HC+PC,5942,LEWAR,516,DREAMS COSMETICS
44415,FALCLIFM45CMX6,Falcon Cling Film 45cm X 6,108,Home Care and Laundry,HC+PC,5998,FALCON,748,AL DUBAI COMPANY
44417,FALALUMFL30CMX6,Falcon Aluminium Foil 30cm X 6,108,Home Care and Laundry,HC+PC,5998,FALCON,748,AL DUBAI COMPANY
32515,PINACOLMON70CL,Pina Colada  Monin 70cl  X,106,Drinks,Beverages,6000,Pina colada,568,DE KUYPER ROYAL DISTILLERS
32516,GLENMOQUIN70CL,Glenmorangie Quinta Robin 70cl X,106,Drinks,Beverages,6001,Glenmorangie,569,THE GLENMORANGIE DISTILLERS CO
32536,TTUSFSHBX2KG,Titus Mackerel Fish Box Size 2kg  X,107,Fresh Food,Fresh Food,6008,SEA FOOD,573,FROZEN FOODS
32537,TTUSFSH2KG,Titus Mackerel Fish 2kg  X,107,Fresh Food,Fresh Food,6008,SEA FOOD,573,FROZEN FOODS
32538,SHWAFSH2KG,Herring(shawa) Fish 2kg X,107,Fresh Food,Fresh Food,6008,SEA FOOD,573,FROZEN FOODS
32539,CROCKFSH2KG,Croacker Fish 2kg X,107,Fresh Food,Fresh Food,6008,SEA FOOD,573,FROZEN FOODS
32540,PNLAFSH2KG,Blue Whiting(panla) Fish 2kg  X,107,Fresh Food,Fresh Food,6008,SEA FOOD,573,FROZEN FOODS
33141,CROKFLT1KG,Croaker Fillet 1kg X 1,107,Fresh Food,Fresh Food,6008,SEA FOOD,622,ATLANTIC SHRIMPERS
33142,GROPFLTB1KG,Grouper Fillet (big) 1kg  X 1,107,Fresh Food,Fresh Food,6008,SEA FOOD,622,ATLANTIC SHRIMPERS
33143,SOLEFLT1KG,Sole Fillet 1kg  X 1,107,Fresh Food,Fresh Food,6008,SEA FOOD,622,ATLANTIC SHRIMPERS
33144,BARRDFLT1KG,Barracuda Fillet 1kg X 1,107,Fresh Food,Fresh Food,6008,SEA FOOD,622,ATLANTIC SHRIMPERS
33145,WHTFSHFLT1KG,White Fish Fillet 1kg X 1,107,Fresh Food,Fresh Food,6008,SEA FOOD,622,ATLANTIC SHRIMPERS
33146,SOLPNRDY1KG,Sole Pan Ready 1kg X 1,107,Fresh Food,Fresh Food,6008,SEA FOOD,622,ATLANTIC SHRIMPERS
33147,SAMFLT1KG,Salmon Fillet 1kg  X 1,107,Fresh Food,Fresh Food,6008,SEA FOOD,622,ATLANTIC SHRIMPERS
33148,SAMSKMFLT1KG,Smoked Salmon Fillet 1kg  X 1,107,Fresh Food,Fresh Food,6008,SEA FOOD,622,ATLANTIC SHRIMPERS
33149,CHKCUT4,Chicken Cut 4  X 1,107,Fresh Food,Fresh Food,6008,SEA FOOD,622,ATLANTIC SHRIMPERS
33150,CRBWHL1KG,Crab Whole 1kg  X 1,107,Fresh Food,Fresh Food,6008,SEA FOOD,622,ATLANTIC SHRIMPERS
33151,CRBCLW1KG,Crab Claws 1kg  X 1,107,Fresh Food,Fresh Food,6008,SEA FOOD,622,ATLANTIC SHRIMPERS
33152,CRBCLST1KG,Crab Clusters 1kg  X 1,107,Fresh Food,Fresh Food,6008,SEA FOOD,622,ATLANTIC SHRIMPERS
33153,CRBMT1KG,Crab Meat 1kg X 1,107,Fresh Food,Fresh Food,6008,SEA FOOD,622,ATLANTIC SHRIMPERS
33154,SAMPORT375G,Salmon Portions 375g  X 1,107,Fresh Food,Fresh Food,6008,SEA FOOD,622,ATLANTIC SHRIMPERS
33155,REDSNP1KG,Red Snapper 1kg  X 1,107,Fresh Food,Fresh Food,6008,SEA FOOD,622,ATLANTIC SHRIMPERS
33156,BARRDFSH1KG,Barracuda Fish 1kg  X 1,107,Fresh Food,Fresh Food,6008,SEA FOOD,622,ATLANTIC SHRIMPERS
33157,SAMFSH1KG,Salmon Fish (guted)1kg  X 1,107,Fresh Food,Fresh Food,6008,SEA FOOD,622,ATLANTIC SHRIMPERS
32584,GRTCHIN45G,Gratia Chinchin Flakes 45g  X 40,118,Snacks and Chin Chin,Food,6017,Gratia,576,THE FLOURSHING TREAT COMPANY
32917,GRTCHIN850G,Gratia Chinchin Flakes 850g X 1,118,Snacks and Chin Chin,Food,6017,Gratia,576,THE FLOURSHING TREAT COMPANY
32918,GRTCHIN35G,Gratia Chinchin Flakes 35g X 40,118,Snacks and Chin Chin,Food,6017,Gratia,576,THE FLOURSHING TREAT COMPANY
32615,PPPC270G,Premium Pantry Plantain Chips 270g  X 12,118,Snacks and Chin Chin,Food,6022,Premium Pantry ,581,Premium Pantry 
32616,PPCN200G,Premium Pantry Cashew Nuts 200g  X 12,118,Snacks and Chin Chin,Food,6022,Premium Pantry ,581,Premium Pantry 
32617,PPP100G,Premium Pantry Popcorn 100g  X 50,118,Snacks and Chin Chin,Food,6022,Premium Pantry ,581,Premium Pantry 
32618,PPG200G,Premium Pantry Groundnuts 200g  X 12,118,Snacks and Chin Chin,Food,6022,Premium Pantry ,581,Premium Pantry 
32620,1960RTZ200ML,1960 Rootz Bitters 200ml  X 12,106,Drinks,Beverages,6023,BRANDS & TRADE,582,BRANDS & TRADE
32621,1960RTZ750ML,1960 Rootz Bitters 750ml  X 12,106,Drinks,Beverages,6023,BRANDS & TRADE,582,BRANDS & TRADE
32622,BETAMLT330ML,Betamalt Malt Pet 330ml  X 24,106,Drinks,Beverages,6023,BRANDS & TRADE,582,BRANDS & TRADE
32623,BOTVNOGLD750ML,Bottega Il Vino Dei Poeti Sparkling Gold 750ml  X,106,Drinks,Beverages,6023,BRANDS & TRADE,582,BRANDS & TRADE
32624,BOTVNOWHT750ML,Bottega Il Vino Dei Poeti Sparkling White 750ml  X,106,Drinks,Beverages,6023,BRANDS & TRADE,582,BRANDS & TRADE
32625,BOTVNORSEGLD750ML,Bottega Il Vino Dei Poeti Spumante Rose Gold 750ml  X,106,Drinks,Beverages,6023,BRANDS & TRADE,582,BRANDS & TRADE
32626,CAVAMOSRSE750ML,Cavatina Premium Moscato Rosé 750ml X,106,Drinks,Beverages,6023,BRANDS & TRADE,582,BRANDS & TRADE
32627,CAVAMOSWHT750ML,Cavatina Premium Moscato White 750ml X,106,Drinks,Beverages,6023,BRANDS & TRADE,582,BRANDS & TRADE
32628,CAVAPEACH750ML,Cavatina Premium Peach 750ml  X,106,Drinks,Beverages,6023,BRANDS & TRADE,582,BRANDS & TRADE
32629,CAVAPROSPUMT750ML,Cavatina Premium Prosecco Spumante Doc 750ml  X,106,Drinks,Beverages,6023,BRANDS & TRADE,582,BRANDS & TRADE
32631,LUNADEWHIT75CL,Luna De Murviedro Ice Cold Sparkling White 75cl  X,106,Drinks,Beverages,6023,BRANDS & TRADE,582,BRANDS & TRADE
32632,LUNADEROSE75CL,Luna De Murviedro Ice Cold Sparkling Rose 75cl  X,106,Drinks,Beverages,6023,BRANDS & TRADE,582,BRANDS & TRADE
32633,JHNBANERMWHKY75CL,John Bannermans Scotch Whiskey 75cl X,106,Drinks,Beverages,6023,BRANDS & TRADE,582,BRANDS & TRADE
32634,GRNCSTVIRMOS75CL,Gran Castillo Viura Moscatel 75cl X,106,Drinks,Beverages,6023,BRANDS & TRADE,582,BRANDS & TRADE
32635,GRNCSTVIRCHD75CL,Gran Castillo Viura Chardonnay 75cl  X,106,Drinks,Beverages,6023,BRANDS & TRADE,582,BRANDS & TRADE
32636,GRNCSTSHRZ75CL,Gran Castillo Shiraz 75cl  X,106,Drinks,Beverages,6023,BRANDS & TRADE,582,BRANDS & TRADE
32637,GRNCSTROSETP75CL,Gran Castillo Rose Tempranillo 75cl X,106,Drinks,Beverages,6023,BRANDS & TRADE,582,BRANDS & TRADE
32638,GRNCSTMIRRED75CL,Gran Castillo Gran Mirador Red Blend 75cl  X,106,Drinks,Beverages,6023,BRANDS & TRADE,582,BRANDS & TRADE
32639,GRNCSTMIRDRK75CL,Gran Castillo Gran Mirador Dark Blend 75cl  X,106,Drinks,Beverages,6023,BRANDS & TRADE,582,BRANDS & TRADE
32640,GRNCSTCAB75CL,Gran Castillo Cabernet Sauvignon 75cl  X,106,Drinks,Beverages,6023,BRANDS & TRADE,582,BRANDS & TRADE
32673,DLAPPMOJIT500ML,Dream Line Apple Mojito(non Alcohol) 500ml  X,106,Drinks,Beverages,6023,BRANDS & TRADE,582,BRANDS & TRADE
32674,DLDRYMOJIT500ML,Dream Line Dry Mojito 500ml  X,106,Drinks,Beverages,6023,BRANDS & TRADE,582,BRANDS & TRADE
32675,DLPURPTCH750ML,Dream Line Sparkling Purple Touch 750ml  X,106,Drinks,Beverages,6023,BRANDS & TRADE,582,BRANDS & TRADE
32676,DLSLVROSE750ML,Dream Line Sparkling Silver Rose 750ml  X,106,Drinks,Beverages,6023,BRANDS & TRADE,582,BRANDS & TRADE
32677,DLVULCNO750ML,Dream Line Sparkling Vulcano 750ml  X,106,Drinks,Beverages,6023,BRANDS & TRADE,582,BRANDS & TRADE
32678,DLNAUTSTRWB500ML,Dream Line Naughty Strawberry 500ml  X,106,Drinks,Beverages,6023,BRANDS & TRADE,582,BRANDS & TRADE
32679,DLTROPIC500ML,Dream Line Tropical (alcohol Free) 500ml  X,106,Drinks,Beverages,6023,BRANDS & TRADE,582,BRANDS & TRADE
32680,DLVODKCARAM500ML,Dream Line Vodka Caramelo 500ml  X,106,Drinks,Beverages,6023,BRANDS & TRADE,582,BRANDS & TRADE
32681,DLSKYBLUE750ML,Dream Line Sparkling Sky Blue 750ml  X,106,Drinks,Beverages,6023,BRANDS & TRADE,582,BRANDS & TRADE
32682,DLFORTUNE750ML,Dream Line Sparkling Fortune 750ml  X,106,Drinks,Beverages,6023,BRANDS & TRADE,582,BRANDS & TRADE
54963,STCHNTSWRW75CL,Star Chaser Natural Sweet Red Wine 750ml X 6,106,Drinks,Beverages,6023,BRANDS & TRADE,582,BRANDS & TRADE
32861,RFCNUTCRML100G,Reel Fruit Coconut Chips Caramel 100g X 24,118,Snacks and Chin Chin,Food,6069,REEL FRUIT,604,NATURE'S BOUNTY HEALTH PRODUCTS LTD
32863,RFCNUTCHOCO100G,Reel Fruit Coconut Chips Chocolate 100g X 24,118,Snacks and Chin Chin,Food,6069,REEL FRUIT,604,NATURE'S BOUNTY HEALTH PRODUCTS LTD
32864,RFCNUTHNYS100G,Reel Fruit Coconut Chips Honey Sesame 100g X 24,118,Snacks and Chin Chin,Food,6069,REEL FRUIT,604,NATURE'S BOUNTY HEALTH PRODUCTS LTD
32866,RFDPINE100G,Reel Fruit Dried Pineapple 100g X 24,118,Snacks and Chin Chin,Food,6069,REEL FRUIT,604,NATURE'S BOUNTY HEALTH PRODUCTS LTD
32867,RFDMANG100G,Reel Fruit Dried Mango 100g X 24,118,Snacks and Chin Chin,Food,6069,REEL FRUIT,604,NATURE'S BOUNTY HEALTH PRODUCTS LTD
32869,RFDMANG50G,Reel Fruit Dried Mango 50g X 24,118,Snacks and Chin Chin,Food,6069,REEL FRUIT,604,NATURE'S BOUNTY HEALTH PRODUCTS LTD
32870,RFFRUT&NUT22G,Reel Fruit Fruit & Nut Mix 22g X 12,118,Snacks and Chin Chin,Food,6069,REEL FRUIT,604,NATURE'S BOUNTY HEALTH PRODUCTS LTD
32872,RFFRUT&NUT100G,Reel Fruit Fruit And Nut Mix 100g X 24,118,Snacks and Chin Chin,Food,6069,REEL FRUIT,604,NATURE'S BOUNTY HEALTH PRODUCTS LTD
32873,RFFRUT&NUT50G,Reel Fruit Fruit And Nut Mix 50g X 24,118,Snacks and Chin Chin,Food,6069,REEL FRUIT,604,NATURE'S BOUNTY HEALTH PRODUCTS LTD
32875,RFCASHEW50G,Reel Fruit Premium Cashew Nut 50g X 24,118,Snacks and Chin Chin,Food,6069,REEL FRUIT,604,NATURE'S BOUNTY HEALTH PRODUCTS LTD
32880,RFCNUTCRML50G,Reel Fruit Coconut Chips Caramel 50g X 24,118,Snacks and Chin Chin,Food,6069,REEL FRUIT,604,NATURE'S BOUNTY HEALTH PRODUCTS LTD
32881,RFCNUTCHOCO50G,Reel Fruit Coconut Chips Chocolate 50g X 24,118,Snacks and Chin Chin,Food,6069,REEL FRUIT,604,NATURE'S BOUNTY HEALTH PRODUCTS LTD
32882,RFCNUTHNYS50G,Reel Fruit Coconut Chips Honey Sesame 50g X 24,118,Snacks and Chin Chin,Food,6069,REEL FRUIT,604,NATURE'S BOUNTY HEALTH PRODUCTS LTD
32883,RFCNUTUNSWT50G,Reel Fruit Coconut Chips Unsweetened 50g X 24,118,Snacks and Chin Chin,Food,6069,REEL FRUIT,604,NATURE'S BOUNTY HEALTH PRODUCTS LTD
32884,RFCNUTSWT22G,Reel Fruit Sweetened Coconut Flakes 22g X 12,118,Snacks and Chin Chin,Food,6069,REEL FRUIT,604,NATURE'S BOUNTY HEALTH PRODUCTS LTD
32885,RFCNUTSWT50G,Reel Fruit Sweetened Coconut Flakes 50g X 24,118,Snacks and Chin Chin,Food,6069,REEL FRUIT,604,NATURE'S BOUNTY HEALTH PRODUCTS LTD
32886,RFCNUTSWT100G,Reel Fruit Sweetened Coconuts 100g X 24,118,Snacks and Chin Chin,Food,6069,REEL FRUIT,604,NATURE'S BOUNTY HEALTH PRODUCTS LTD
33068,THS12YRS70CL,The Singleton 12 Years Old 70cl  X 6,106,Drinks,Beverages,6083,SINGLETON,609,THE SINGLETON DISTILLERY
33069,THS15YRS70CL,The Singleton 15 Years Old 70cl  X 6,106,Drinks,Beverages,6083,SINGLETON,609,THE SINGLETON DISTILLERY
33070,THS18YRS70CL,The Singleton 18 Years Old 70cl  X 6,106,Drinks,Beverages,6083,SINGLETON,609,THE SINGLETON DISTILLERY
37740,BHMTH50,Benson  Menthol Boost Cigarette X 50,127,STIMULANTS,Pharma,6084,BENSON AND HEDGES,611,BRITISH AMERICA TOBACCO
37744,STMTZ50,St Moritz Cigarette- Slim Cigarette  X 50,127,STIMULANTS,Pharma,6084,BENSON AND HEDGES,611,BRITISH AMERICA TOBACCO
33079,BHSW10,Benson Switch Cigarettes  X 10,127,STIMULANTS,Pharma,6084,BENSON AND HEDGES,611,BRITISH AMERICA TOBACCO
33080,BHFT10,Benson Filter Cigarette  X 10,127,STIMULANTS,Pharma,6084,BENSON AND HEDGES,611,BRITISH AMERICA TOBACCO
33083,BHMTH10,Benson  Menthol Boost Cigarette X 10,127,STIMULANTS,Pharma,6084,BENSON AND HEDGES,611,BRITISH AMERICA TOBACCO
33095,STMTZ10,St Moritz Cigarette- Slim Cigarette  X 10,127,STIMULANTS,Pharma,6084,BENSON AND HEDGES,611,BRITISH AMERICA TOBACCO
37736,BHSW50,Benson Switch Cigarettes  X 50,127,STIMULANTS,Pharma,6084,BENSON AND HEDGES,611,BRITISH AMERICA TOBACCO
37737,BHFT50,Benson Filter Cigarette  X 50,127,STIMULANTS,Pharma,6084,BENSON AND HEDGES,611,BRITISH AMERICA TOBACCO
37759,BOFGP50,Bohem Cigarette - Queensize X 50,127,STIMULANTS,Pharma,6086,BOHEM,613,KOREA TOBACCO AND GROUP
33084,BOFGP10,Bohem Cigarette X 10,127,STIMULANTS,Pharma,6086,BOHEM,613,KOREA TOBACCO AND GROUP
33085,TIMTH10,Time Menthol- Kingsize Cigarette X 10,127,STIMULANTS,Pharma,6087,TIME,613,KOREA TOBACCO AND GROUP
37760,TIMTH50,Time Menthol- Kingsize Cigarette X 50,127,STIMULANTS,Pharma,6087,TIME,613,KOREA TOBACCO AND GROUP
33087,CTFMB10,Chesterfield- Kingsize Cigarette  X 10,127,STIMULANTS,Pharma,6088,CHESTERFIELD,614,PHILLIP MORRIS INTERNATIONAL
37761,CTFMB50,Chesterfield- Kingsize Cigarette  X 50,127,STIMULANTS,Pharma,6088,CHESTERFIELD,614,PHILLIP MORRIS INTERNATIONAL
33088,ASPFT10,Aspen Cigarette- Kingsize  X 10,127,STIMULANTS,Pharma,6089,ASPEN,615,JAPAN  TOBACCO INTERNATIONAL
33206,ASPFT50,Aspen Cigarette- Kingsize  X 50,127,STIMULANTS,Pharma,6089,ASPEN,615,JAPAN  TOBACCO INTERNATIONAL
37758,EDGFT50,Edge Cigarette - Slim  X 50,127,STIMULANTS,Pharma,6090,EDGE,613,KOREA TOBACCO AND GROUP
33089,EDGFT10,Edge Cigarette - Kingsize  X 10,127,STIMULANTS,Pharma,6090,EDGE,613,KOREA TOBACCO AND GROUP
37757,DCMTH50,Dorchester Menthol Cigarette  X 50,127,STIMULANTS,Pharma,6091,DCTMTH10,615,JAPAN  TOBACCO INTERNATIONAL
33090,DCTMTH10,Dorchester Menthol Cigarette  X 10,127,STIMULANTS,Pharma,6091,DCTMTH10,615,JAPAN  TOBACCO INTERNATIONAL
33091,ORSTR10,Oris Str - Slim Cigarette  X 10,127,STIMULANTS,Pharma,6092,ORIS,616,ORIENTAL GT 
33092,ORCHO10,Oris - Slim Choco Cigarette  X 10,127,STIMULANTS,Pharma,6092,ORIS,616,ORIENTAL GT 
33217,ORSTR50,Oris Str - Slim Cigarette  X 50,127,STIMULANTS,Pharma,6092,ORIS,616,ORIENTAL GT 
33221,ORCHO50,Oris - Slim Choco Cigarette  X 50,127,STIMULANTS,Pharma,6092,ORIS,616,ORIENTAL GT 
33236,ORCH050,Oris - Slim Choc Cigarette X 50,127,STIMULANTS,Pharma,6092,ORIS,616,ORIENTAL GT 
33237,ORCH010,Oris - Slim Choc Cigarette X 10,127,STIMULANTS,Pharma,6092,ORIS,616,ORIENTAL GT 
44661,MBRGDSLIM10,Malboro Slim Gold Cigarette  X 10,127,STIMULANTS,Pharma,6093,MALBORO,614,PHILLIP MORRIS INTERNATIONAL
44374,MBRWD10,Malboro White- Slim Cigarette X 10,127,STIMULANTS,Pharma,6093,MALBORO,614,PHILLIP MORRIS INTERNATIONAL
44376,MBRWT50,Malboro White- Slim Cigarette X 50,127,STIMULANTS,Pharma,6093,MALBORO,614,PHILLIP MORRIS INTERNATIONAL
33093,MBRRD10,Malboro Red- Slim Cigarette  X 10,127,STIMULANTS,Pharma,6093,MALBORO,614,PHILLIP MORRIS INTERNATIONAL
33094,MBRGD10,Malboro Gold- Slim Cigarette  X 10,127,STIMULANTS,Pharma,6093,MALBORO,614,PHILLIP MORRIS INTERNATIONAL
37742,MBRRD50,Malboro Red- Slim Cigarette  X 50,127,STIMULANTS,Pharma,6093,MALBORO,614,PHILLIP MORRIS INTERNATIONAL
37743,MBRGD50,Malboro Gold- Slim Cigarette  X 50,127,STIMULANTS,Pharma,6093,MALBORO,614,PHILLIP MORRIS INTERNATIONAL
33096,YESFT10,Yes-filter Cigarette X 10,127,STIMULANTS,Pharma,6094,YES,617,WEST AFRICA TOBACCO
37756,YESFT50,Yes-filter Cigarette X 50,127,STIMULANTS,Pharma,6094,YES,617,WEST AFRICA TOBACCO
37738,DUSW50,Dunhill Switch Cigarette X 50,127,STIMULANTS,Pharma,6095,DUNHILL,611,BRITISH AMERICA TOBACCO
33081,DUSW10,Dunhill Switch Cigarette X 10,127,STIMULANTS,Pharma,6095,DUNHILL,611,BRITISH AMERICA TOBACCO
33082,RTHFT10,Rothmans Cigarette  X 10,127,STIMULANTS,Pharma,6096,ROTHMANS,611,BRITISH AMERICA TOBACCO
37739,RTHFT50,Rothmans Cigarette  X 50,127,STIMULANTS,Pharma,6096,ROTHMANS,611,BRITISH AMERICA TOBACCO
42975,ROTHSW50,Rothmans Switch Cigarette X 50,127,STIMULANTS,Pharma,6096,ROTHMANS,611,BRITISH AMERICA TOBACCO
43412,ROMANSWITX10,Rothmans Switch Cigarette X 10,127,STIMULANTS,Pharma,6096,ROTHMANS,611,BRITISH AMERICA TOBACCO
37741,RTHMTH50,Rothmans Menthol Cigarette  X 50,127,STIMULANTS,Pharma,6096,ROTHMANS,611,BRITISH AMERICA TOBACCO
33086,RTHMTH10,Rothmans Menthol Cigarette  X 10,127,STIMULANTS,Pharma,6096,ROTHMANS,611,BRITISH AMERICA TOBACCO
33099,CHKWNG10KG,Chicken Wings 10kg  X 1,107,Fresh Food,Fresh Food,6097,FROZEN CHICKEN,618,JUSTEVERFRESH
33101,CHKGZD1KG,Chicken Gizzard 1kg  X 1,107,Fresh Food,Fresh Food,6097,FROZEN CHICKEN,618,JUSTEVERFRESH
33103,CHKLPSFT10KG,Chicken Laps Orobo  (soft) 10kg  X 1,107,Fresh Food,Fresh Food,6097,FROZEN CHICKEN,618,JUSTEVERFRESH
33104,CHKLAP10KG,Chicken Laps Normal 10kg  X 1,107,Fresh Food,Fresh Food,6097,FROZEN CHICKEN,618,JUSTEVERFRESH
33105,CHKCST10KG,Chicken Chest 10kg  X 1,107,Fresh Food,Fresh Food,6097,FROZEN CHICKEN,618,JUSTEVERFRESH
33190,GUNFWL1KG,Fresh Guinea Fowl 1kg X 1,107,Fresh Food,Fresh Food,6097,FROZEN CHICKEN,618,JUSTEVERFRESH
33123,CHKHRD10KG,Whole Hard Chicken 10kg  X 1,107,Fresh Food,Fresh Food,6097,FROZEN CHICKEN,618,JUSTEVERFRESH
33102,TKYWNG10KG,Turkey Wing Long 10kg   X 1,107,Fresh Food,Fresh Food,6098,FROZEN TURKEY,618,JUSTEVERFRESH
33106,CROCKFSH20KG,Croacker Fish 20kg X 1,107,Fresh Food,Fresh Food,6099,FISH,618,JUSTEVERFRESH
33107,TILPIFSH1KG,Tilapia Fish 1kg  X 1,107,Fresh Food,Fresh Food,6099,FISH,618,JUSTEVERFRESH
33108,SHNOSE1KG,Shiny Nose (ungutted) 1kg  X 1,107,Fresh Food,Fresh Food,6099,FISH,618,JUSTEVERFRESH
33109,SNLMD1KG,Frozen Meduim Snails 1kg  X 1,107,Fresh Food,Fresh Food,6099,FISH,618,JUSTEVERFRESH
33191,TUNAFSH1KG,Tuna Fish 1kg X 1,107,Fresh Food,Fresh Food,6099,FISH,618,JUSTEVERFRESH
33192,TTUSFSH20KG,Titus Fish 20kg X 1,107,Fresh Food,Fresh Food,6099,FISH,618,JUSTEVERFRESH
33193,HAKFSH10KG,Hake Fish  10kg  X 1,107,Fresh Food,Fresh Food,6099,FISH,618,JUSTEVERFRESH
33194,SAITFSH20KG,Saithe Fish  20kg X 1,107,Fresh Food,Fresh Food,6099,FISH,618,JUSTEVERFRESH
33195,RCKFSH1KG,Rock Fish 1kg X 1,107,Fresh Food,Fresh Food,6099,FISH,618,JUSTEVERFRESH
33196,PRWNMED1KG,Medium Prawns 1kg X 1,107,Fresh Food,Fresh Food,6099,FISH,618,JUSTEVERFRESH
33197,PRWNMED500G,Medium Prawns 500g  X 1,107,Fresh Food,Fresh Food,6099,FISH,618,JUSTEVERFRESH
33198,KOTEFSH20KG,Kote Fish 20kg X 1,107,Fresh Food,Fresh Food,6099,FISH,618,JUSTEVERFRESH
33111,MSHRMFRSH1KG,Edible Mushroom(fresh) 1kg  X 1,107,Fresh Food,Fresh Food,6099,FISH,618,JUSTEVERFRESH
33112,MSHRMFRSH500G,Edible Mushroom (dried) 500g  X 1,107,Fresh Food,Fresh Food,6099,FISH,618,JUSTEVERFRESH
33113,CALWH1KG,Calamari/ Cuttle Fish Whole 1kg  X 1,107,Fresh Food,Fresh Food,6099,FISH,618,JUSTEVERFRESH
33114,CALRNG1KG,Calamari/ Cuttle Fish Rings 1kg  X 1,107,Fresh Food,Fresh Food,6099,FISH,618,JUSTEVERFRESH
33115,CALFLK1KG,Calamari Flakes 1kg  X 1,107,Fresh Food,Fresh Food,6099,FISH,618,JUSTEVERFRESH
33116,PRWNL1KG,Large Prawns 1kg  X 1,107,Fresh Food,Fresh Food,6099,FISH,618,JUSTEVERFRESH
33117,PRWNL500G,Large Prawns 500g  X 1,107,Fresh Food,Fresh Food,6099,FISH,618,JUSTEVERFRESH
33118,PRWN500G,Jumbo Peeled Prawns 500g  X 1,107,Fresh Food,Fresh Food,6099,FISH,618,JUSTEVERFRESH
33119,PRWN1KG,Jumbo Peeled Prawns 1kg  X 1,107,Fresh Food,Fresh Food,6099,FISH,618,JUSTEVERFRESH
33120,SHRMP1KG,Shrimps 1kg  X 1,107,Fresh Food,Fresh Food,6099,FISH,618,JUSTEVERFRESH
33121,SHRMP500G,Shrimps 500g  X 1,107,Fresh Food,Fresh Food,6099,FISH,618,JUSTEVERFRESH
33122,CHKSFT10KG,Whole Soft Chicken 10kg X 1,107,Fresh Food,Fresh Food,6099,FISH,618,JUSTEVERFRESH
33200,TPRWN1KG,Tiger Prawns Jumbo 1kg X 1,107,Fresh Food,Fresh Food,6099,FISH,618,JUSTEVERFRESH
54116,MULLETFISH20KG,Mullet Fish 25kg-10kg ,107,Fresh Food,Fresh Food,6099,FISH,941,SOILHARVEST GLOBAL BUSINESS SERVICES
54119,TILAPIASMALL10KG,Tilapia Small 20kg-10kg ,107,Fresh Food,Fresh Food,6099,FISH,941,SOILHARVEST GLOBAL BUSINESS SERVICES
54122,KAMTITUS10KG,Kampala Titus 20kg-10kg,107,Fresh Food,Fresh Food,6099,FISH,941,SOILHARVEST GLOBAL BUSINESS SERVICES
33110,SNLLRG1KG,Frozen Large Snails 1kg  X 1,107,Fresh Food,Fresh Food,6100,SNAILS,618,JUSTEVERFRESH
33124,WOODRESWKY75CL,Woodford Reserve Whisky 75cl X 1,106,Drinks,Beverages,6101,WoodFord Reserve,539,WONDERPAC INDERSTRIES LTD
33125,MACAWKY12YR70CL,Macallan Whisky 12yr 70cl X 1,106,Drinks,Beverages,6102,Macallan Whisky,620,Macallan Distillery
33126,MACAWKY15YR70CL,Macallan Whisky 15yr 70cl X 1,106,Drinks,Beverages,6102,Macallan Whisky,620,Macallan Distillery
33127,MACAWKY18YR70CL,Macallan Whisky 18yr 70cl X 1,106,Drinks,Beverages,6102,Macallan Whisky,620,Macallan Distillery
33128,MACAWKY18YRSH70CL,Macallan 18 Year Old Sherry Oak 70cl X 1,106,Drinks,Beverages,6102,Macallan Whisky,620,Macallan Distillery
33129,MACAWKYES75CL,Macallan  Estate 75cl X 1,106,Drinks,Beverages,6102,Macallan Whisky,620,Macallan Distillery
33130,MACAWKYRC70CL,Macallan Whisky - Rare Cask 70cl X 1,106,Drinks,Beverages,6102,Macallan Whisky,620,Macallan Distillery
33131,MACAWKYREF70CL,Macallan Whisky - Reflexion 75cl X 1,106,Drinks,Beverages,6102,Macallan Whisky,620,Macallan Distillery
33132,MACAWKYMDE75CL,Macallan Whisky - M Decanter 75cl X 1,106,Drinks,Beverages,6102,Macallan Whisky,620,Macallan Distillery
33133,MACAWKYNO670CL,Macallan Whisky - No.6 70cl X 1,106,Drinks,Beverages,6102,Macallan Whisky,620,Macallan Distillery
33134,MACAWKYHM70CL,Macallan Whisky Harmony 70cl X 1,106,Drinks,Beverages,6102,Macallan Whisky,620,Macallan Distillery
33136,FMGRWKYSBL70CL,Famous Grouse Smoky Black Whisky 70cl X 6,106,Drinks,Beverages,6103,FAMOUS GROUSE,621,Glenturret Distillery
33137,FMGRWKY4.5CL,Famous Grouse Whisky 4.5cl X 3,106,Drinks,Beverages,6103,FAMOUS GROUSE,621,Glenturret Distillery
33138,FMGRWKY75CL,Famous Grouse Whisky 75cl X 12,106,Drinks,Beverages,6103,FAMOUS GROUSE,621,Glenturret Distillery
33139,FMGRWKY35CL,Famous Grouse Whisky 35cl X 12,106,Drinks,Beverages,6103,FAMOUS GROUSE,621,Glenturret Distillery
33140,FMGRWKY20CL,Famous Grouse Whisky 20cl X 24,106,Drinks,Beverages,6103,FAMOUS GROUSE,621,Glenturret Distillery
33135,HPWKY12YR70CL,Highland Park Whisky 12 Years Old 70cl X 6,106,Drinks,Beverages,6104,Highland Park,559,HIGHLANDS DRINKS LTD
33160,EPIDERMCREAM15G,Epiderm Cream 15g  X 10 X 30,114,Personal Care & Beauty,HC+PC,6106,EPIDERM,385,Shalina
33161,EPIDERMCRM15GBB,Epiderm Cream 15g  X 10 X 1 (pack),114,Personal Care & Beauty,HC+PC,6106,EPIDERM,385,Shalina
33162,EPIDERMCREAM30G,Epiderm Cream 30g  X 12 X 24,114,Personal Care & Beauty,HC+PC,6106,EPIDERM,385,Shalina
33163,EPIDERMCRM30GBB,Epiderm Cream 30g  X 12 X 1 (pack),114,Personal Care & Beauty,HC+PC,6106,EPIDERM,385,Shalina
33164,EPIDERMLTN30ML,Epiderm Lotion 30ml  X 12,114,Personal Care & Beauty,HC+PC,6106,EPIDERM,385,Shalina
33165,GERMOLCOOLSOAP65G,Germol Cool-menthol Soap 65g X 6 X 12,114,Personal Care & Beauty,HC+PC,6107,GERMOL,385,Shalina
33166,GERMOLFLEMNSOAP65G,Germol Fresh-lemon Soap 65g X 6 X 12,114,Personal Care & Beauty,HC+PC,6107,GERMOL,385,Shalina
33167,GERMOLIQUID1000ML,Germol Liquid 1000ml X 12,108,Home Care and Laundry,HC+PC,6107,GERMOL,385,Shalina
33168,GERMOLIQUID100ML,Germol Liquid 100ml X 10 X 12,108,Home Care and Laundry,HC+PC,6107,GERMOL,385,Shalina
33169,GERMOLIQUID250ML,Germol Liquid 250ml X 36 X 1,108,Home Care and Laundry,HC+PC,6107,GERMOL,385,Shalina
33170,GERMOLIQUID500ML,Germol Liquid 500ml  X 24 X 1,108,Home Care and Laundry,HC+PC,6107,GERMOL,385,Shalina
33171,GERMOLIQUID50ML,Germol Liquid 50ml X 15 X 8,108,Home Care and Laundry,HC+PC,6107,GERMOL,385,Shalina
33172,GERMOLANTISOAP110G,Germol Antiseptic Soap 110g  X 6 X 8,114,Personal Care & Beauty,HC+PC,6107,GERMOL,385,Shalina
33173,GERMOLANTISOAP65G,Germol Antiseptic Soap 65g  X 6 X 12,114,Personal Care & Beauty,HC+PC,6107,GERMOL,385,Shalina
42450,GERMCOOLSOAP65X12,Germol Cool-menthol Soap 65g X 12 X 1,114,Personal Care & Beauty,HC+PC,6107,GERMOL,385,Shalina
42451,GERMOLIQUID250MLX6,Germol Liquid 250ml X 6 X 1,108,Home Care and Laundry,HC+PC,6107,GERMOL,385,Shalina
42452,GERMOLIQUID500MLX4,Germol Liquid 500ml  X 4 X 1,108,Home Care and Laundry,HC+PC,6107,GERMOL,385,Shalina
42454,GERMFLEMNSOAP65GX12,Germol Fresh-lemon Soap 65g X 12 X 1,114,Personal Care & Beauty,HC+PC,6107,GERMOL,385,Shalina
33208,SOSACB350MLX12,Sosa Cran Berry Fruit 350ml  X 12,106,Drinks,Beverages,6108,SOSA,16,RITE FOODS
33209,SOSAOPMF1000MLX12,Sosa Orange Passion Mango Fruit Drink 1000ml  X 6,106,Drinks,Beverages,6108,SOSA,16,RITE FOODS
33210,SOSAOPMF350MLX12,Sosa Orange Passion Mango Fruit Drink 350ml X 12,106,Drinks,Beverages,6108,SOSA,16,RITE FOODS
33211,SOSAOF1000MLX6,Sosa Orange Fruit Drink 1000ml  X 6,106,Drinks,Beverages,6108,SOSA,16,RITE FOODS
33212,SOSAOF350MLX12,Sosa Orange Fruit Drink 350ml X 12,106,Drinks,Beverages,6108,SOSA,16,RITE FOODS
33213,SOSAMBF1000MLX6,Sosa Mixed Berry Fruit Drink 1000ml  X 6,106,Drinks,Beverages,6108,SOSA,16,RITE FOODS
33214,SOSAMBF350MLX12,Sosa Mixed Berry Fruit Drink 350ml  X 12,106,Drinks,Beverages,6108,SOSA,16,RITE FOODS
33215,SOSAAF1000MLX6,Sosa Apple Fruit Drink 1000ml  X 6,106,Drinks,Beverages,6108,SOSA,16,RITE FOODS
33216,SOSAAF350MLX12,Sosa Apple Fruit Drink 350ml  X 12,106,Drinks,Beverages,6108,SOSA,16,RITE FOODS
33223,MNSSGES420G,Minu Sausages 420g X 32,107,Fresh Food,Fresh Food,6109,SAUSAGES,623,DELIFROST
33224,SRSSGES420G,Seara Sausages 420g X 24,107,Fresh Food,Fresh Food,6109,SAUSAGES,623,DELIFROST
33225,PDSSGES420G,Perdix Sausages 420g X 32,107,Fresh Food,Fresh Food,6109,SAUSAGES,623,DELIFROST
33226,BFSSGES420G,Breakfast Sausages 420g X 24pcks,107,Fresh Food,Fresh Food,6109,SAUSAGES,623,DELIFROST
33227,PPRSSGES420G,Pepperoni Sausages 420g X 24 Pcks,107,Fresh Food,Fresh Food,6109,SAUSAGES,623,DELIFROST
33228,ONSSGES400G,Onion Burger  40 X25pcks,107,Fresh Food,Fresh Food,6109,SAUSAGES,623,DELIFROST
33230,SSGEMT1KG,Sausage Meat 1kg X 10 Pcks,107,Fresh Food,Fresh Food,6109,SAUSAGES,623,DELIFROST
33231,MCDMT1KG,Minced Meat 1kg X 10 Pcks,107,Fresh Food,Fresh Food,6109,SAUSAGES,623,DELIFROST
33232,CHKNP370G,Chicken Premuim 370g X 27 Pcks,107,Fresh Food,Fresh Food,6109,SAUSAGES,623,DELIFROST
33233,VLSSGES320G,Value Sausage 320g X 30 Pcks,107,Fresh Food,Fresh Food,6109,SAUSAGES,623,DELIFROST
33234,VGNBGR280G,Vegan Burger 280g X 25 Pcks,107,Fresh Food,Fresh Food,6109,SAUSAGES,623,DELIFROST
33235,SMBFSSGES280G,Smoked Beef Sausages 280g X 25 Pcks,107,Fresh Food,Fresh Food,6109,SAUSAGES,623,DELIFROST
44784,PRECHIS420G,Premium Sausage Chicken 420g X 24,107,Fresh Food,Fresh Food,6109,SAUSAGES,623,DELIFROST
33238,YESCHILCBBQS250ML,Yeschilli Classic Bbq Sauce 250ml   X 24,117,Seasoning cubes & Spices,Food,6110,YesChilli,624,YesChilli
33239,YESCHILCBBQS500ML,Yeschilli Classic Bbq Sauce 500ml  X 12,117,Seasoning cubes & Spices,Food,6110,YesChilli,624,YesChilli
33240,YESCHILHBBQS250ML,Yeschilli Honey Bbq Sauce 250ml  X 24,117,Seasoning cubes & Spices,Food,6110,YesChilli,624,YesChilli
33241,YESCHILHBBQS500ML,Yeschilli Honey Bbq Sauce 500ml  X 12,117,Seasoning cubes & Spices,Food,6110,YesChilli,624,YesChilli
33242,YESCHILSCHS250ML,Yeschilli Sweet Chilli Sauce 250ml X 24,117,Seasoning cubes & Spices,Food,6110,YesChilli,624,YesChilli
33243,YESCHILSCHS750ML,Yeschilli Sweet Chilli Sauce 750ml  X 12,117,Seasoning cubes & Spices,Food,6110,YesChilli,624,YesChilli
37688,ACHK016,Addmie Noodlemate Chicken 16gm X 40,117,Seasoning cubes & Spices,Food,6111,ADDMIE,626,ADDMIE
37689,ACLA016,Addmie Noodlemate Classic 16gm X 40,117,Seasoning cubes & Spices,Food,6111,ADDMIE,626,ADDMIE
37690,ACRA016,Addmie Noodlemate Crayfish 16gm X 40,117,Seasoning cubes & Spices,Food,6111,ADDMIE,626,ADDMIE
42656,Testsku13,Testsku X 24,101,Biscuits & Sweets,Food,6111,ADDMIE,626,ADDMIE
43328,ADMCHK16X5,Addmie Noodlemate Chicken 16gm X 5,117,Seasoning cubes & Spices,Food,6111,ADDMIE,626,ADDMIE
43329,ADMCLA16X5,Addmie Noodlemate Classic 16gm X 5,117,Seasoning cubes & Spices,Food,6111,ADDMIE,626,ADDMIE
43330,ADMCRA16X5,Addmie Noodlemate Crayfish 16gm X 5,117,Seasoning cubes & Spices,Food,6111,ADDMIE,626,ADDMIE
44986,ACLA016x10,Addmie Noodlemate Classic 16gm X 10,117,Seasoning cubes & Spices,Food,6111,ADDMIE,626,ADDMIE
44988,ACRA016x10,Addmie Noodlemate Crayfish 16gm X 10,117,Seasoning cubes & Spices,Food,6111,ADDMIE,626,ADDMIE
44990,ACHK016x10,Addmie Noodlemate Chicken 16gm X 10,117,Seasoning cubes & Spices,Food,6111,ADDMIE,626,ADDMIE
53254,ADBFSC80G,Addme Beef Flv Seasoning Cube 80g X 60,117,Seasoning cubes & Spices,Food,6111,ADDMIE,164,DUFIL
53257,ADCFS80G,Addmie Chk Flv Seasoning Cube 80g X 60,117,Seasoning cubes & Spices,Food,6111,ADDMIE,164,DUFIL
44978,ADSPBF8x54,Addmie Seasoning Powder  Beef 8gm  X 54,117,Seasoning cubes & Spices,Food,6111,ADDMIE,164,DUFIL
44980,ADSPCHK8x54,Addmie Seasoning Powder Chicken 8gm  X 54,117,Seasoning cubes & Spices,Food,6111,ADDMIE,164,DUFIL
44982,ADPMWHT100x1,Addmie Pastamate  White Sauce 100gm  X 1,117,Seasoning cubes & Spices,Food,6111,ADDMIE,164,DUFIL
44984,ADPMRD80x1,Addmie Pastamate Red Sauce 80gm  X 1,117,Seasoning cubes & Spices,Food,6111,ADDMIE,164,DUFIL
46341,ADSPBF8X250,Addmie Beef Flavour 25x10rolls X 8g X ,117,Seasoning cubes & Spices,Food,6111,ADDMIE,164,DUFIL
46373,ADSPCH8X250,Addmie Chicken Flavour 25x10rolls X 8g ,117,Seasoning cubes & Spices,Food,6111,ADDMIE,164,DUFIL
44943,ADPMRD80,Addmie Pastamate Red Sauce 80gm  X 20,117,Seasoning cubes & Spices,Food,6111,ADDMIE,164,DUFIL
44945,ADPMWHT100,Addmie Pastamate  White Sauce 100gm  X 20,117,Seasoning cubes & Spices,Food,6111,ADDMIE,164,DUFIL
44947,ADSPCHK8,Addmie Seasoning Powder Chicken 8gm  X 1 (250 X20),117,Seasoning cubes & Spices,Food,6111,ADDMIE,164,DUFIL
44949,ADSPBF8,Addmie Seasoning Powder  Beef 8gm  X 1 (250+20),117,Seasoning cubes & Spices,Food,6111,ADDMIE,164,DUFIL
37707,CMPLNORG200G,Complan Milk Original Flavour 200g  X 24,111,Milk & Dairy,Food,6113,COMPLAN,627,ZYDUS WELLNEESS
37708,CMPLNVNL200G,Complan Milk Vanilla Flavour 200g  X 24,111,Milk & Dairy,Food,6113,COMPLAN,627,ZYDUS WELLNEESS
37709,CMPLNHOCO200G,Complan Milk Chocolate Flavour 200g X 24,111,Milk & Dairy,Food,6113,COMPLAN,627,ZYDUS WELLNEESS
37746,CMPLNORG200Gx1,Complan Milk Original Flavour 200g  X 1,111,Milk & Dairy,Food,6113,COMPLAN,627,ZYDUS WELLNEESS
37747,CMPLNVNL200Gx1,Complan Milk Vanilla Flavour 200g  X 1,111,Milk & Dairy,Food,6113,COMPLAN,627,ZYDUS WELLNEESS
37748,CMPLNHOCO200Gx1,Complan Milk Chocolate Flavour 200g X 1,111,Milk & Dairy,Food,6113,COMPLAN,627,ZYDUS WELLNEESS
37712,CKNBRST10KG,Chicken Breast Boneless 10kg X 1,107,Fresh Food,Fresh Food,6114,CHICKEN,628,CHI FARM
37713,SMKWHCKN13.6KG,Smoked Whole Chicken 13.6 Kg  X 1,107,Fresh Food,Fresh Food,6114,CHICKEN,628,CHI FARM
37714,SMKWHCKN14.8KG,Smoked Whole Chicken 14.8 Kg  X 1,107,Fresh Food,Fresh Food,6114,CHICKEN,628,CHI FARM
37715,SMKWHCKN15.9KG,Smoked Whole Chicken 15.9kg X 1,107,Fresh Food,Fresh Food,6114,CHICKEN,628,CHI FARM
37716,WHDRCKN900G,Whole Dressed Chicken Medium 900g  X 1,107,Fresh Food,Fresh Food,6114,CHICKEN,628,CHI FARM
37717,WHDRCKN1.2-1.5KG,Whole Dressed Chicken Large 1.2- 1.5 Kg  X 1,107,Fresh Food,Fresh Food,6114,CHICKEN,628,CHI FARM
37718,WHDRCKN1.4-1.8KG,Whole Dressed Chicken Extra Large 1.4-1.8kg  X 1,107,Fresh Food,Fresh Food,6114,CHICKEN,628,CHI FARM
37719,CKNDRSTK9.6G,Chicken Drum Stick 9.6kg X 1,107,Fresh Food,Fresh Food,6114,CHICKEN,628,CHI FARM
37780,CHKNCUT61KG,Chicken (cut - 6 ) 1kg  X 1,107,Fresh Food,Fresh Food,6114,CHICKEN,632,SEND ME FOOD TECHNOLOGY
37781,CHKNCUT41KG,Chicken (cut - 4 ) 1kg  X 1,107,Fresh Food,Fresh Food,6114,CHICKEN,632,SEND ME FOOD TECHNOLOGY
37782,CHNKWNG1KG,Chicken Wings  1 Kg  X 1,107,Fresh Food,Fresh Food,6114,CHICKEN,632,SEND ME FOOD TECHNOLOGY
37783,CHNKLAP1KG,Chicken Laps 1kg  X 1,107,Fresh Food,Fresh Food,6114,CHICKEN,632,SEND ME FOOD TECHNOLOGY
37784,CHNKWHL1KG,Chicken Whole ( 1.2-1.5)1kg X 1,107,Fresh Food,Fresh Food,6114,CHICKEN,632,SEND ME FOOD TECHNOLOGY
37785,CHNKBRST1KG,Chicken Breast 1kg  X 1,107,Fresh Food,Fresh Food,6114,CHICKEN,632,SEND ME FOOD TECHNOLOGY
37751,DEROKPET20CL,De Rok Pet 20cl X 24,106,Drinks,Beverages,6115,De Rok,4,INTERCONTINENTAL DISTILLERS LIMITED (IDL)
37752,DEROKPET18CL,De Rok Pet 18cl X 24,106,Drinks,Beverages,6115,De Rok,4,INTERCONTINENTAL DISTILLERS LIMITED (IDL)
37725,DEROKCHOCSAC5CL,De Rok Chocolate Sachet 5cl  X 120,106,Drinks,Beverages,6115,De Rok,4,INTERCONTINENTAL DISTILLERS LIMITED (IDL)
37726,DEROKSAC20CL,De Rok Sachet 20cl X 24,106,Drinks,Beverages,6115,De Rok,4,INTERCONTINENTAL DISTILLERS LIMITED (IDL)
37727,DEROKSAC18CL,De Rok Sachet 18cl  X 24,106,Drinks,Beverages,6115,De Rok,4,INTERCONTINENTAL DISTILLERS LIMITED (IDL)
37728,DEROKSAC10CL,De Rok Sachet 10cl X 36,106,Drinks,Beverages,6115,De Rok,4,INTERCONTINENTAL DISTILLERS LIMITED (IDL)
37732,CONFBITSAC20CL,Confam Bitters Sachet 20cl  X 24,106,Drinks,Beverages,6116,CONFAM,4,INTERCONTINENTAL DISTILLERS LIMITED (IDL)
37733,CONFBIT10CL,Confam Bitters Pet Bottle 10cl  X 48,106,Drinks,Beverages,6116,CONFAM,4,INTERCONTINENTAL DISTILLERS LIMITED (IDL)
37734,CONFBITSAC5CL,Confam Bitters Sachet 5cl X 120,106,Drinks,Beverages,6116,CONFAM,4,INTERCONTINENTAL DISTILLERS LIMITED (IDL)
37754,CONFBITPET20CL,Confam Bitters Pet 20cl X 24,106,Drinks,Beverages,6116,CONFAM,4,INTERCONTINENTAL DISTILLERS LIMITED (IDL)
37745,TANQUGIN70CL,Tanqueray Gin 70cl  X 6,106,Drinks,Beverages,6117,TANQUERY,93,DIAGEO
54640,BESTCHWSK20CL,Best Classic Whisky 20cl X 24,106,Drinks,Beverages,6118,Best,32,GUINNESS NIGERIA PLC
54643,BESTMACRM200ML,Best Marula Cream 200ml X 24,106,Drinks,Beverages,6118,Best,32,GUINNESS NIGERIA PLC
37755,BESTORWHISKY75CL,Best Original Classic Whisky 75cl X 6,106,Drinks,Beverages,6118,Best,629,NATY-MORE RESOURCES
42569,BESTCHOCVOD200ML,Best Choc Vodka  200ml X 24,106,Drinks,Beverages,6118,Best,643,NigerBev
42570,BESTCHOCVOD750ML,Best Choc Vodka 750ml X 6,106,Drinks,Beverages,6118,Best,643,NigerBev
42571,BESTCITGIN750ML,Best Citrus Gin 750ml X 6,106,Drinks,Beverages,6118,Best,643,NigerBev
42572,BESTCRMSH30ML,Best Cream Sachet 30ml  X 300,106,Drinks,Beverages,6118,Best,643,NigerBev
42573,BESTCRM120ML,Best Cream 120ml X 36,106,Drinks,Beverages,6118,Best,643,NigerBev
42574,BESTCRM200ML,Best Cream 200ml  X 24,106,Drinks,Beverages,6118,Best,643,NigerBev
42575,BESTCRM750ML,Best Cream 750ml  X 6,106,Drinks,Beverages,6118,Best,643,NigerBev
42576,BESTINFWKY200ML,Best Inferno Whisky 200ml X 24,106,Drinks,Beverages,6118,Best,643,NigerBev
42577,BESTINFWKY750ML,Best Inferno Whisky 750ml  X 6,106,Drinks,Beverages,6118,Best,643,NigerBev
42578,BESTVIPWHY200ML,Best Vip Whisky 200ml  X 24,106,Drinks,Beverages,6118,Best,643,NigerBev
42579,BESTVIPWHY750ML,Best Vip Whisky 750ml  X 6,106,Drinks,Beverages,6118,Best,643,NigerBev
42580,BESTVOD200ML,Best Vodka 200ml  X 6,106,Drinks,Beverages,6118,Best,643,NigerBev
42581,BESTVOD750ML,Best Vodka 750ml  X 6,106,Drinks,Beverages,6118,Best,643,NigerBev
42582,BESTWHYSH30ML,Best Whisky Sachet 30ml  X 300,106,Drinks,Beverages,6118,Best,643,NigerBev
42583,BESTCHWKY120ML,Best Classic Whisky 120ml  X 36,106,Drinks,Beverages,6118,Best,643,NigerBev
42584,BESTCHWKY200ML,Best Classic Whisky 200ml  X 24,106,Drinks,Beverages,6118,Best,643,NigerBev
42778,BESTGIN750ML,Best Gin 750ml X 6,106,Drinks,Beverages,6118,Best,643,NigerBev
42779,BESTGIN200ML,Best Gin 200ml X 24,106,Drinks,Beverages,6118,Best,643,NigerBev
42780,BESTGIN120ML,Best Gin 120ml  X 36,106,Drinks,Beverages,6118,Best,643,NigerBev
42781,BESTGINSH30ML,Best Gin Sachet 30ml  X 300,106,Drinks,Beverages,6118,Best,643,NigerBev
42676,BESTCHWKY750ML,Best Classic Whisky 750ml  X 6,106,Drinks,Beverages,6118,Best,643,NigerBev
45227,BESTCRMSH30ML150,Best Cream Sachet 30ml  X 150,106,Drinks,Beverages,6118,Best,643,NigerBev
45231,BESTWHYSH30ML150,Best Whisky Sachet 30ml  X 150,106,Drinks,Beverages,6118,Best,643,NigerBev
45237,BESTGINSH30ML168,Best Gin Sachet 30ml  X 168,106,Drinks,Beverages,6118,Best,643,NigerBev
45783,BMCL750MLX6,Best Marula Cream Liquor 750ml X 6,106,Drinks,Beverages,6118,Best,643,NigerBev
37764,FLYFISHRGB330ML,Flying Fish Rgb 330ml X 24,106,Drinks,Beverages,6119,flying fish,12,INTERNATIONAL BREWERIES PLC
37767,MARTINIPRO75CL,Martini Prosecco 75cl X 6,106,Drinks,Beverages,6120,MARTINI,630,MARTINI & ROSSI
45832,MRS750MLX6,Marttini Rose Sparkling Wine 750ml X 6,106,Drinks,Beverages,6120,MARTINI,360,BARCARDI
37768,ANDROSE75CL,Andre Rose 75cl  X 12,106,Drinks,Beverages,6121,ANDRE,631,GALLO WINERY INC.
44753,ANDROSEX6,Andre Rose 75cl  X 6,106,Drinks,Beverages,6121,ANDRE,631,GALLO WINERY INC.
37774,GOTMTWSKN1KG,Agemawo (goat Meat With Skin) 1kg  X 1,107,Fresh Food,Fresh Food,6122,GOAT MEAT,632,SEND ME FOOD TECHNOLOGY
37775,BNLBEEF1KG,Boneless Beef 1kg X 1,107,Fresh Food,Fresh Food,6122,GOAT MEAT,632,SEND ME FOOD TECHNOLOGY
37776,COWHDNCK1KG,Cow Head And Neck 1kg  X 1,107,Fresh Food,Fresh Food,6122,GOAT MEAT,632,SEND ME FOOD TECHNOLOGY
37779,GOTMEAT1KG,Goat Meat 1kg X 1,107,Fresh Food,Fresh Food,6122,GOAT MEAT,632,SEND ME FOOD TECHNOLOGY
37777,COWHUMP1KG,Cow Hump 1kg  X 1,107,Fresh Food,Fresh Food,6123,COW MEAT,632,SEND ME FOOD TECHNOLOGY
37778,COWTNG1KG,Cow Tongue 1kg  X 1,107,Fresh Food,Fresh Food,6123,COW MEAT,632,SEND ME FOOD TECHNOLOGY
37787,CFCKNTH10KG,Chi Farm Chicken Thigh X 1,107,Fresh Food,Fresh Food,6124,CHI FARM,628,CHI FARM
42737,CFCHKNWNG10KG,Chi Farm Chicken Wings 10kg X 1,107,Fresh Food,Fresh Food,6124,CHI FARM,628,CHI FARM
37814,HUNDRY330ML,Hunters Dry 4x(6x330ml) Nrb Afr Bbe ,106,Drinks,Beverages,6125,Hunters,353,Distell Wine & Spirit Nigeria Limited
37815,HUNGLD330ML,Hunters Gold 4x(6x330ml) Nrb  Afr Bbe ,106,Drinks,Beverages,6125,Hunters,353,Distell Wine & Spirit Nigeria Limited
37817,JOVENROS75CL,Joven Toma Rose Sparkling Wine 75cl X 6,106,Drinks,Beverages,6126,JOVEN TOMA,199,Ekulo Group of Companies
37818,BADEVALI75CL,Baron De Valis 75cl X 6,106,Drinks,Beverages,6127,Baron De,199,Ekulo Group of Companies
37819,DONPALORED75CL,Don Paloma Red Wine 75cl X 12,106,Drinks,Beverages,6128,Don Paloma,199,Ekulo Group of Companies
37821,CAPMRED75CL,Cape More Red Wine 75cl X 12,106,Drinks,Beverages,6129,Cape More,199,Ekulo Group of Companies
37829,AMACREM750ML,Amarula Cream 750ml X 12,106,Drinks,Beverages,6130,Amarula ,199,Ekulo Group of Companies
43485,AMACREM375ML,Amarula Cream 375ml X 24,106,Drinks,Beverages,6130,Amarula ,712,Southern Liqueur Company
43513,AMA375MLX12,Amarula Cream 375ml  X 12,106,Drinks,Beverages,6130,Amarula ,712,Southern Liqueur Company
43518,AMA375ML12,Amarula Cream 375ml  X 12,106,Drinks,Beverages,6130,Amarula ,712,Southern Liqueur Company
37830,SCOLDR750ML,Scottish Leader 750ml X 12,106,Drinks,Beverages,6131,Scottish Leader,199,Ekulo Group of Companies
37831,NEDBURG750ML,Nedburg 750ml X 12,106,Drinks,Beverages,6132,Nedburg,199,Ekulo Group of Companies
37834,JEKMIX100ML,Jekomo Herbal Mixture 100ml  X 24,106,Drinks,Beverages,6133,Jokomo,633,Victoria Enterprises
37835,COSAMHBMX100,Coco Samba Herbal Mixture 100ml  X 24,106,Drinks,Beverages,6134,Coco Samba,634,Go Meat Global Limited
37844,HJICPV50G,Have N Joy Instant Custard Powder Vanilla 50g  X 120,103,Cereal & Breakfast,Food,6135,HAVE N' JOY,635,HAVE N' JOY LTD
37845,HJICPVR400G,Have N Joy Instant Custard Powder Vanilla Refill 400g  X 16,103,Cereal & Breakfast,Food,6135,HAVE N' JOY,635,HAVE N' JOY LTD
37846,HJICPVJ400G,Have N Joy Instant Custard Powder Vanilla Jar 400g  X 12,103,Cereal & Breakfast,Food,6135,HAVE N' JOY,635,HAVE N' JOY LTD
37847,HJICPVR1KG,Have N Joy Instant Custard Powder Vanilla Refill 1kg X 8,103,Cereal & Breakfast,Food,6135,HAVE N' JOY,635,HAVE N' JOY LTD
37848,HJICPVJ2KG,Have N Joy Instant Custard Powder Vanilla Jar 2kg  X 3,103,Cereal & Breakfast,Food,6135,HAVE N' JOY,635,HAVE N' JOY LTD
37849,HJICPB50G,Have N Joy Instant Custard Powder Banana 50g  X 120,103,Cereal & Breakfast,Food,6135,HAVE N' JOY,635,HAVE N' JOY LTD
37850,HJICPBR400G,Have N Joy Instant Custard Powder Banana Refill 400g  X 16,103,Cereal & Breakfast,Food,6135,HAVE N' JOY,635,HAVE N' JOY LTD
37851,HJICPBJ400G,Have N Joy Instant Custard Powder Banana Jar 400g  X 12,103,Cereal & Breakfast,Food,6135,HAVE N' JOY,635,HAVE N' JOY LTD
37852,HJICPBR1KG,Have N Joy Instant Custard Powder Banana Refill 1kg  X 8,103,Cereal & Breakfast,Food,6135,HAVE N' JOY,635,HAVE N' JOY LTD
37853,HJICPBJ2KG,Have N Joy Instant Custard Powder Banana Jar 2kg  X 3,103,Cereal & Breakfast,Food,6135,HAVE N' JOY,635,HAVE N' JOY LTD
37839,HJICP3IN1J1.5KG,Have N Joy Instant Custard Powder 3 In 1 Jar 1.5kg  X 3,103,Cereal & Breakfast,Food,6135,HAVE N' JOY,635,HAVE N' JOY LTD
37840,HJICP3IN1R700G,Have N Joy Instant Custard Powder 3 In 1 Refill 700g X 6,103,Cereal & Breakfast,Food,6135,HAVE N' JOY,635,HAVE N' JOY LTD
37841,HJICP3IN1400G,Have N Joy Instant Custard Powder 3 In 1 400g  X 6,103,Cereal & Breakfast,Food,6135,HAVE N' JOY,635,HAVE N' JOY LTD
37842,HJICP3IN145G,Have N Joy Instant Custard Powder 3 In 1 45g  X 80,103,Cereal & Breakfast,Food,6135,HAVE N' JOY,635,HAVE N' JOY LTD
37854,JJINCF70G,Jolly Jolly Instant Noodles Chicken Flavour 70g  X 40,129,Noodles,Food,6136,JollyJolly ,636,JollyJolly Foods
37855,JJINCF100G,Jolly Jolly Instant Noodles Chicken Flavour 100g X 40,129,Noodles,Food,6136,JollyJolly ,636,JollyJolly Foods
37856,JJINCF120G,Jolly Jolly Instant Noodles Chicken Flavour 120g X 40,129,Noodles,Food,6136,JollyJolly ,636,JollyJolly Foods
37857,APEROL100CL,Aperol 100cl  X 6,106,Drinks,Beverages,6137,APEROL,637,CAMPARI GROUP
37871,APVOIL25L,Active Premium Vegetable Oil 25l X 1,135,Oil,Food,6138,ACTIVE,49,APPLE & PEARS LTD
43362,MASLIMUSHRM400G,Maliange Sliced Mushroom 400g X 24,105,Condiments,Food,6139,MA LING,638,MA LING FOODS
42460,MALINGCCMILK400ML,Ma Ling Coconut Milk  X 25,105,Condiments,Food,6139,MA LING,638,MA LING FOODS
42461,MALINGMUSRM400ML,Ma Ling Mushroom 400g  X 12,105,Condiments,Food,6139,MA LING,638,MA LING FOODS
44360,MALCNM400G,Ma Ling Coconut Milk 400g  X 24,105,Condiments,Food,6139,MA LING,737,Ferrero Industriale
42462,MAGWRAF15OG,Magic Wrap Aluminium Foil 150g  X 6,108,Home Care and Laundry,HC+PC,6140,MAGIC WRAP,639,MAGIC WRAP IND.
44429,MAGWRAF45CM,Magic-wrap 150 Aluminium Foil 45cm X 6,108,Home Care and Laundry,HC+PC,6140,MAGIC WRAP,639,MAGIC WRAP IND.
46307,MW300CFX6,Magic Wrap 300 Cling Film X 6,108,Home Care and Laundry,HC+PC,6140,MAGIC WRAP,639,MAGIC WRAP IND.
53813,BPR45CMX6,Baking Paper Rolls 45cm X 6,108,Home Care and Laundry,HC+PC,6140,MAGIC WRAP,639,MAGIC WRAP IND.
53816,BWS200X1,Black Wrapped Straw 200 X 1,108,Home Care and Laundry,HC+PC,6140,MAGIC WRAP,639,MAGIC WRAP IND.
53819,GASLIT200X12,Gas Lighter  X 12,108,Home Care and Laundry,HC+PC,6140,MAGIC WRAP,639,MAGIC WRAP IND.
42471,BABARICE50KG,Baba Parboiled Rice 50kg  X 1,152,Rice,Commodity,6141,BABA,640,BABA RICE MILLING COMPANY
43319,VFYSTRAW100X40,Vivo Flavoured yogurt Strawberry100 Ml X 40,106,Drinks,Beverages,6142,VIVO,192,Vital Products PLC
42492,VIVOYGTPINE200ML,Vivo Yoghurt Flavoured Drink  Pineapple  200 Ml  X 24,106,Drinks,Beverages,6142,VIVO,192,Vital Products PLC
42493,VIVOYGTSTRW200ML,Vivo Yoghurt Flavored Drink  Strawberry 200ml  X 24,106,Drinks,Beverages,6142,VIVO,192,Vital Products PLC
42494,VIVOFLDRNSTRW125ML,Vivo Flavored Milk Drink  Strawberry 125ml X 40,106,Drinks,Beverages,6142,VIVO,192,Vital Products PLC
42488,VIVOFLDRNPINE125ML,Vivo Flavored Milk Drink  Pineapple 125 Ml X 40,106,Drinks,Beverages,6142,VIVO,192,Vital Products PLC
43323,VFMDPINE100X40,Vivo Flavoured Milk Drink Pineapple-100 Ml X40,106,Drinks,Beverages,6142,VIVO,192,Vital Products PLC
43368,VVCHOCO24X200,Vivo Chocolate 200ml X 24,106,Drinks,Beverages,6142,VIVO,192,Vital Products PLC
42489,VITAMLFRDORG200ML,Vitavite Multivitamin Fruit Drink- Orange 200ml  X 40,106,Drinks,Beverages,6143,VITAVITE,192,Vital Products PLC
42490,VITAMLFRDAPL200ML,Vitavite Multivitamin Fruit Drink Apple 200 Ml  X 40,106,Drinks,Beverages,6143,VITAVITE,192,Vital Products PLC
42491,VITAFRDPINE200ML,Vitavite Multivitamin Fruit Drink  Pineapple 200ml  X 40,106,Drinks,Beverages,6143,VITAVITE,192,Vital Products PLC
43320,VVMFDPINE100X40,Vitavite Multivitamin Fruit Drink Pineapple 100mlx 40,106,Drinks,Beverages,6143,VITAVITE,192,Vital Products PLC
43321,VVMFDA100X40,Vitavite Multivitamin Fruit Drink Apple 100mlx 40,106,Drinks,Beverages,6143,VITAVITE,192,Vital Products PLC
42498,VITAMLFRDPINE500ML,Vitavite Multivitamin Fruit Drink Pineapple 500ml  X 10,106,Drinks,Beverages,6143,VITAVITE,192,Vital Products PLC
42499,VITAMLFRDORG500ML,Vitavite Multivitamin Fruit Drink Orange 500ml  X 10,106,Drinks,Beverages,6143,VITAVITE,192,Vital Products PLC
42500,VITAMLFRDAPL500ML,Vitavite Multivitamin Fruit Drink Apple 500ml  X 10,106,Drinks,Beverages,6143,VITAVITE,192,Vital Products PLC
42496,ZICOFLDRNSTRAW200ML,Zico Flavored Drink Strawberry  200ml  X 40,106,Drinks,Beverages,6144,zico,192,Vital Products PLC
42497,ZICOFLDRNRASP200ML,Zico Flavored Drink Raspberry  200ml  X 40,106,Drinks,Beverages,6144,zico,192,Vital Products PLC
42502,SBNYLONCB10X100,Big Black Carrier Bag 10 X 100pcs (1000),128,Non-Diary,Food,6145,Carrier Bag,641,APPRECIATION STITCHES
42516,CBBB10X100,Carrier Bag Big Black 10  X 100 Pcs (1000),128,Non-Diary,Food,6145,Carrier Bag,641,APPRECIATION STITCHES
42517,BFSTYSFT12,B-fresh Style Toothbrush Single Soft Box 12 X 1,114,Personal Care & Beauty,HC+PC,6146,B-FRESH,642,QUANTUM CONSUMER PRODUCTS NIG LTD
42518,BFSTYHRD12,B-fresh Style Toothbrush Single Hard Box 12 X 1,114,Personal Care & Beauty,HC+PC,6146,B-FRESH,642,QUANTUM CONSUMER PRODUCTS NIG LTD
42519,BFSTYMD12,B-fresh Style Toothbrush Single Medium Box 12 X 1,114,Personal Care & Beauty,HC+PC,6146,B-FRESH,642,QUANTUM CONSUMER PRODUCTS NIG LTD
42520,BFCLSMD12,B-fresh Comfort Toothbrush Single Medium Box 12 X 1,114,Personal Care & Beauty,HC+PC,6146,B-FRESH,642,QUANTUM CONSUMER PRODUCTS NIG LTD
42521,BFCLSSFT12,B-fresh Classic Toothbrush Single Soft Box 12  X 1,114,Personal Care & Beauty,HC+PC,6146,B-FRESH,642,QUANTUM CONSUMER PRODUCTS NIG LTD
25196,DAMCC25KG,Dano Milk Cool Cow (sachet)25kg X,111,Milk & Dairy,Food,242,Dano,14,MULTIPRO CONSUMER PRODUCTS LIMITED
25197,DAMCC12KG,Dano Milk Cool Cow (sachet)12g X 260,111,Milk & Dairy,Food,242,Dano,14,MULTIPRO CONSUMER PRODUCTS LIMITED
45088,CWS012MP5,Dano Cool Cow Sachet Mini Pack 12g X 145,111,Milk & Dairy,Food,242,Dano,179,TG ARLA
45080,DUF002,Dano Fc Uht 3.5% 200ml X 12,111,Milk & Dairy,Food,242,Dano,179,TG ARLA
45082,DUF003,Dano Fc Uht 3.5% 200ml X 24,111,Milk & Dairy,Food,242,Dano,179,TG ARLA
45501,DCCETM150G,Dano Cool Cow Evap Tin Milk 150g X 24,111,Milk & Dairy,Food,242,Dano,179,TG ARLA
45503,DFCETM150G,Dano Full Cream Evap Tin Milk 150g X 24,111,Milk & Dairy,Food,242,Dano,179,TG ARLA
44509,CWS352,Dano Cool Cow Refill 320g X 12 ( + 32g Promo),111,Milk & Dairy,Food,242,Dano,179,TG ARLA
44400,CWS320,Dano Cool Cow Refill 320g X 12,111,Milk & Dairy,Food,242,Dano,179,TG ARLA
44749,DOS880,Dano Full Cream Refill 880g X 12,111,Milk & Dairy,Food,242,Dano,179,TG ARLA
44663,CWS012APKT140,Dano Cool Cow Sachet 12g X 140,111,Milk & Dairy,Food,242,Dano,179,TG ARLA
44671,CWS012M,Dano Cool Cow Sachet Mini Pack 12g X 140,111,Milk & Dairy,Food,242,Dano,179,TG ARLA
53379,DANFCRMIN14G,Dano Full Cream Milk Mini 14g X 100,111,Milk & Dairy,Food,242,Dano,179,TG ARLA
53786,GUMP350G,Dano Growing Up Milk Powder 12x350g,111,Milk & Dairy,Food,242,Dano,179,TG ARLA
26507,SABI012,Dano Sabi Dairy Creamer Sachet 12g X 260,111,Milk & Dairy,Food,242,Dano,179,TG ARLA
26156,CWS150X18,Dano Cool Cow Sachet 150g X 18,111,Milk & Dairy,Food,242,Dano,179,TG ARLA
26157,CLWSRF800GX6,Dano Cool Cow Refill 800g X,111,Milk & Dairy,Food,242,Dano,179,TG ARLA
26148,DOS800X6,Dano Full Cream Refill 800g X,111,Milk & Dairy,Food,242,Dano,179,TG ARLA
26149,DOS2000GX3,Dano Full Cream Refill 2000g X,111,Milk & Dairy,Food,242,Dano,179,TG ARLA
33063,CWS750,Dano Cool Cow Refill 750g  X 12,111,Milk & Dairy,Food,242,Dano,179,TG ARLA
30701,SABI012A,Dano Sabi Dairy Creamer Sachet 12g X 200,111,Milk & Dairy,Food,242,Dano,179,TG ARLA
32555,CWS012E,Dano Cool Cow Sachet 12g X 260 + 30 Free Sachet,111,Milk & Dairy,Food,242,Dano,179,TG ARLA
37769,CWS012F,Dano Cool Cow Sachet 12g X 280 Sachet,111,Milk & Dairy,Food,242,Dano,179,TG ARLA
23294,CWS350PCK2,Dano Cool Cow Refill 350g X,111,Milk & Dairy,Food,242,Dano,179,TG ARLA
23295,CWS800PCK3,Dano Cool Cow Refill 800g X,111,Milk & Dairy,Food,242,Dano,179,TG ARLA
23778,DOS100,Dano 36 X 100g Sachet ,111,Milk & Dairy,Food,242,Dano,179,TG ARLA
23779,DFC006,Dano Choco 260 X 6g Sachet ,111,Milk & Dairy,Food,242,Dano,179,TG ARLA
23780,DCC001,Dano Cooking Cream 20% Uht 12 X 1ltr,111,Milk & Dairy,Food,242,Dano,179,TG ARLA
23781,ZDBS25,Dano Full Cream 25kg ,111,Milk & Dairy,Food,242,Dano,179,TG ARLA
23782,DSB25,Dano Slim 25kg ,111,Milk & Dairy,Food,242,Dano,179,TG ARLA
23783,DSS014,Dano Slim 250 X 14g,111,Milk & Dairy,Food,242,Dano,179,TG ARLA
23784,DWC001,Dano Whip Cream 36% Uht 1ltr X 12,111,Milk & Dairy,Food,242,Dano,179,TG ARLA
23785,DWC200,Dano Whip Cream 36% Uht 200ml X 27,111,Milk & Dairy,Food,242,Dano,179,TG ARLA
23809,GUMP456L,Dano Vitakids Milk Powder 360g X 12,111,Milk & Dairy,Food,242,Dano,179,TG ARLA
23687,CWS012D,Dano Cool Cow Sachet 12g X 260 + 10 Free Sachet,111,Milk & Dairy,Food,242,Dano,179,TG ARLA
23579,GUMP360L,Dano Growing Up Milk Powder 360g X 12 ,99,Baby Care,HC+PC,242,Dano,179,TG ARLA
20086,GUMP456,Dano Vitakids Milk Powder 380g X 12,111,Milk & Dairy,Food,242,Dano,179,TG ARLA
19854,CWS2300,Dano Cool Cow Refill 2300g X,111,Milk & Dairy,Food,242,Dano,179,TG ARLA
19857,DOS2300,Dano Full Cream Refill 2300g X,111,Milk & Dairy,Food,242,Dano,179,TG ARLA
19858,DOS360,Dano Full Cream Refill 360g X 12,111,Milk & Dairy,Food,242,Dano,179,TG ARLA
19859,DOS850,Dano Full Cream Refill 850g X 12,111,Milk & Dairy,Food,242,Dano,179,TG ARLA
19861,DUF001,Dano Uht 3.5% Full Cream 1l X 12,111,Milk & Dairy,Food,242,Dano,179,TG ARLA
19691,CWS012B,Coolcow 260 X 12g Sachet Promo,111,Milk & Dairy,Food,242,Dano,179,TG ARLA
19694,CWT2500N,Dano Cool Cow Tin 2500g X,111,Milk & Dairy,Food,242,Dano,179,TG ARLA
19699,DOT2500N,Dano Full Cream Tin 2500g X,111,Milk & Dairy,Food,242,Dano,179,TG ARLA
19700,DOT400N,Dano 12 X 400g Tin,111,Milk & Dairy,Food,242,Dano,179,TG ARLA
19701,DOT900N,Dano Full Cream Tin 900g X 12,111,Milk & Dairy,Food,242,Dano,179,TG ARLA
19702,DSS400B,Dano Slim Refill 400g X 12,111,Milk & Dairy,Food,242,Dano,179,TG ARLA
19703,DSS900,Dano Slim Refill 900g X 12,111,Milk & Dairy,Food,242,Dano,179,TG ARLA
19704,DST400,Dano Slim Tin 400g X 12,111,Milk & Dairy,Food,242,Dano,179,TG ARLA
19705,GUMP380L,Dano Growing Up Milk Powder 380g X 12,99,Baby Care,HC+PC,242,Dano,179,TG ARLA
20851,DOT900_A,Dano 9 X 900g Tin,111,Milk & Dairy,Food,242,Dano,179,TG ARLA
20864,DFC018_A,Dano Choco Sachet 18g X 250,111,Milk & Dairy,Food,242,Dano,179,TG ARLA
20892,DOS016S,Dano Full Cream Sachet 16g X 210,111,Milk & Dairy,Food,242,Dano,179,TG ARLA
20894,CWS900,Dano Cool Cow Refill 900g X 12,111,Milk & Dairy,Food,242,Dano,179,TG ARLA
20882,CWS014A,Dano Cool Cow Sachet 14g X 260,111,Milk & Dairy,Food,242,Dano,179,TG ARLA
20880,DST900,Dano Slim Tin 900g X 12,111,Milk & Dairy,Food,242,Dano,179,TG ARLA
20877,CWT400N,Dano Cool Cow Tin 400g X 12,111,Milk & Dairy,Food,242,Dano,179,TG ARLA
20535,DUL001,Dano Uht 1.5% Low Fat 1l X 12,111,Milk & Dairy,Food,242,Dano,179,TG ARLA
20536,DUS001,Dano Uht 0.3% Skimmed 1l X 12,111,Milk & Dairy,Food,242,Dano,179,TG ARLA
20762,CWS850,Dano Cool Cow Refill 850g X 12,111,Milk & Dairy,Food,242,Dano,179,TG ARLA
20801,CWS360,Dano Cool Cow Refill 360g X 12,111,Milk & Dairy,Food,242,Dano,179,TG ARLA
20832,CWS012A,Dano Cool Cow Sachet 12g X 260,111,Milk & Dairy,Food,242,Dano,179,TG ARLA
20825,GUMP400I,Dano Growing Up Milk Powder 400g X 12,99,Baby Care,HC+PC,242,Dano,179,TG ARLA
20820,CWS850N,Dano Cool Cow Refill 850g X 12,111,Milk & Dairy,Food,242,Dano,179,TG ARLA
20807,DOS2500,Dano Full Cream Refill 2500g X,111,Milk & Dairy,Food,242,Dano,179,TG ARLA
20808,CWT400,Dano Cool Cow  Tin 500g X 12,111,Milk & Dairy,Food,242,Dano,179,TG ARLA
21031,CWS012C,Dano Cool Cow Sachet 12g X 270 (promo),111,Milk & Dairy,Food,242,Dano,179,TG ARLA
21308,CWT900_A,Dano Cool Cow Tin 900g X,111,Milk & Dairy,Food,242,Dano,179,TG ARLA
21309,DOT400_A,Dano Full Cream Tin 400g X,111,Milk & Dairy,Food,242,Dano,179,TG ARLA
20965,DOS016,Dano Full Cream Sachet 16g X 220,111,Milk & Dairy,Food,242,Dano,179,TG ARLA
21188,DFS006,Dano Strawberry Sachet 6g X 260,111,Milk & Dairy,Food,242,Dano,179,TG ARLA
21249,DOS400,Dano Full Cream Refill 400g X 12,111,Milk & Dairy,Food,242,Dano,179,TG ARLA
21250,DOT2500,Dano 6 X 2500g Tin,111,Milk & Dairy,Food,242,Dano,179,TG ARLA
21251,DOT900,Dano Full Cream Tin 900g X 12,111,Milk & Dairy,Food,242,Dano,179,TG ARLA
21255,CWS400,Dano Cool Cow Refill 400g X 12,111,Milk & Dairy,Food,242,Dano,179,TG ARLA
21256,CWT2500,Coolcow 6 X 2500g Tin,111,Milk & Dairy,Food,242,Dano,179,TG ARLA
21257,CWT900,Coolcow 12 X 900g Tin,111,Milk & Dairy,Food,242,Dano,179,TG ARLA
21259,DSS400,Dano Slim Refill 400g X 24,111,Milk & Dairy,Food,242,Dano,179,TG ARLA
21324,DOS900,Dano Full Cream Refill 900g X 12,111,Milk & Dairy,Food,242,Dano,179,TG ARLA
21621,CWB25,Dano Cool Cow Bulk Bag 25kg X,111,Milk & Dairy,Food,242,Dano,179,TG ARLA
21165,DOS014,Dano Full Cream Sachet 14g X 220,111,Milk & Dairy,Food,242,Dano,179,TG ARLA
20908,CWS150,Dano Cool Cow Sachet 150g X 36,111,Milk & Dairy,Food,242,Dano,179,TG ARLA
20917,TPMFB130,130g X 72,111,Milk & Dairy,Food,242,Dano,179,TG ARLA
20921,DOT400,Dano Full Cream Tin 400g X 12,111,Milk & Dairy,Food,242,Dano,179,TG ARLA
20922,CWS2500,Dano Cool Cow Refill 2500g X,111,Milk & Dairy,Food,242,Dano,179,TG ARLA
20928,CWS360N,Dano Cool Cow Refill 360g X 12,111,Milk & Dairy,Food,242,Dano,179,TG ARLA
20963,CWT900N,Dano Cool Cow Tin 900g,111,Milk & Dairy,Food,242,Dano,179,TG ARLA
20946,DFC360,Dano Choco Refill 360g X 12,111,Milk & Dairy,Food,242,Dano,179,TG ARLA
22489,CWS800,Dano Cool Cow Refill 800g X 12,111,Milk & Dairy,Food,242,Dano,179,TG ARLA
22490,CWS350,Dano Cool Cow Refill 350g X 12,111,Milk & Dairy,Food,242,Dano,179,TG ARLA
22491,DOS800,Dano Full Cream Refill 800g X 12,111,Milk & Dairy,Food,242,Dano,179,TG ARLA
22492,DOS350,Dano Full Cream Refill 350g X 12,111,Milk & Dairy,Food,242,Dano,179,TG ARLA
23957,DOS2000,Dano Full Cream Refill 2000g X,111,Milk & Dairy,Food,242,Dano,179,TG ARLA
23958,CWS2000,Dano Cool Cow Refill 2000g X,111,Milk & Dairy,Food,242,Dano,179,TG ARLA
23980,CWS012APKT130,Dano Cool Cow Sachet 12g X 130,111,Milk & Dairy,Food,242,Dano,179,TG ARLA
24236,DOS350x6,Dano Full Cream Refill 350g X,111,Milk & Dairy,Food,242,Dano,179,TG ARLA
24237,DSS400x6,Dano Slim Refill 400g X,111,Milk & Dairy,Food,242,Dano,179,TG ARLA
24412,BUNDCWS012AGGO45G,Dano Cool Cow Sachet 12g X130 + Kellogg's Go Grains 45g X 50,111,Milk & Dairy,Food,242,Dano,179,TG ARLA
25582,CWS012APKT10,Dano Cool Cow Sachet 12g X 10,111,Milk & Dairy,Food,242,Dano,179,TG ARLA
25568,DOS014N,Dano Full Cream Sachet 14g X 210+10 Free,111,Milk & Dairy,Food,242,Dano,179,TG ARLA
23765,CWS380,Coolcow 12 X 380g Sachet ,111,Milk & Dairy,Food,242,Dano,179,TG ARLA
23766,CWS006N,Coolcow 250 X 6g Sachet ,111,Milk & Dairy,Food,242,Dano,179,TG ARLA
23767,CWS007N,Coolcow 250 X 7g Sachet ,111,Milk & Dairy,Food,242,Dano,179,TG ARLA
45562,CWS012MP150EVAP,Dano Cool Cow Sachet Mini Pack 12g X 140+150gevap ,111,Milk & Dairy,Food,242,Dano,179,TG ARLA
24385,HTCS0003x40,Hypo Toilet Cleaner Sachet 65ml X 40 ,108,Home Care and Laundry,HC+PC,256,HYPO,166,HYPO
24375,HHS002x38,Hypo Bleach Sachet (italian) 75ml X 38 ,108,Home Care and Laundry,HC+PC,256,HYPO,166,HYPO
24154,HHS001x40,Hypo Bleach Sachet 75ml X 40,108,Home Care and Laundry,HC+PC,256,HYPO,166,HYPO
25588,HHB200MLX10,Hypo Bleach Sachet 200ml X 10,108,Home Care and Laundry,HC+PC,256,HYPO,166,HYPO
25380,HHS200,Hypo Sachet 200ml X 35,108,Home Care and Laundry,HC+PC,256,HYPO,166,HYPO
22923,HHS001,Hypo Bleach Sachet 75ml X 80,108,Home Care and Laundry,HC+PC,256,HYPO,166,HYPO
19737,HTCB0450,Hypo Toilet Cleaner Bottle 450ml X 12,108,Home Care and Laundry,HC+PC,256,HYPO,166,HYPO
19738,HTCB0725,Hypo Toilet Cleaner Bottle 725ml X 12,108,Home Care and Laundry,HC+PC,256,HYPO,166,HYPO
19739,HTCBCT0450,Hypo Toilet Cleaner Citrus Bottle 450ml X 12,108,Home Care and Laundry,HC+PC,256,HYPO,166,HYPO
19740,HTCBCT0725,Hypo Toilet Cleaner Citrus Bottle 725ml X 12,108,Home Care and Laundry,HC+PC,256,HYPO,166,HYPO
19741,HTCS0003,Hypo Toilet Cleaner Sachet 65ml X 80,108,Home Care and Laundry,HC+PC,256,HYPO,166,HYPO
19664,HHB001,Hypo Bleach Bottle 500ml X 24,108,Home Care and Laundry,HC+PC,256,HYPO,166,HYPO
19665,HHB002,Hypo Bleach Bottle 1l X 12,108,Home Care and Laundry,HC+PC,256,HYPO,166,HYPO
19666,HHB004,Hypo Bleach Bottle 3.5l X,108,Home Care and Laundry,HC+PC,256,HYPO,166,HYPO
19667,HHB005,Hypo Bleach Bottle 1.5l X,108,Home Care and Laundry,HC+PC,256,HYPO,166,HYPO
19668,HHS002,Hypo Bleach Sachet (italian) 75ml X 77,108,Home Care and Laundry,HC+PC,256,HYPO,166,HYPO
19669,HLB001,Hypo Bleach Lime Bottle 500ml X 24,108,Home Care and Laundry,HC+PC,256,HYPO,166,HYPO
19670,HLB002,Hypo Bleach Lime Bottle 1000ml X 12,108,Home Care and Laundry,HC+PC,256,HYPO,166,HYPO
19671,HLB003,Hypo Bleach Lime Breeze Bottle 3.5l X,108,Home Care and Laundry,HC+PC,256,HYPO,166,HYPO
23730,HHS001x50,Hypo Bleach Sachet 75ml X 50,108,Home Care and Laundry,HC+PC,256,HYPO,166,HYPO
23827,HHSP01,Hypo 75ml Sachet Promo Cartons ,108,Home Care and Laundry,HC+PC,256,HYPO,166,HYPO
26502,HHB200MLX5,Hypo Bleach Sachet 200ml X,108,Home Care and Laundry,HC+PC,256,HYPO,166,HYPO
26555,HHS075I,Hypo Bleach Italian Sachet 75ml X 84,108,Home Care and Laundry,HC+PC,256,HYPO,166,HYPO
26674,HHS075IP,Hypo Bleach Italian Sachet 75ml X 84 + 4 Free,108,Home Care and Laundry,HC+PC,256,HYPO,166,HYPO
25780,HHS200xPS10,(repacked) - Hypo Sachet 200ml X 10,108,Home Care and Laundry,HC+PC,256,HYPO,166,HYPO
31168,HYPO25LT12.5,Hypo Super Bleach 25ltr (12.50%)  X,108,Home Care and Laundry,HC+PC,256,HYPO,166,HYPO
31169,HYPO25LTR3.5,Hypo Super Bleach 25ltr (3.5%) X,108,Home Care and Laundry,HC+PC,256,HYPO,166,HYPO
31014,HYPO25LTR,Hypo Super Bleach 25ltr (3.5%) X,108,Home Care and Laundry,HC+PC,256,HYPO,166,HYPO
33244,HHS075O,Hypo Bleach Old Sachet 75ml X 84 Pcs,108,Home Care and Laundry,HC+PC,256,HYPO,166,HYPO
33199,HTCB0450S,Hypo Toilet Cleaner Bottle 450ml X 12,108,Home Care and Laundry,HC+PC,256,HYPO,166,HYPO
37770,HHS075IN,Hypo Bleach Italian Sachet 75ml X 105,108,Home Care and Laundry,HC+PC,256,HYPO,166,HYPO
37788,HTCS0004,Hypo Toilet Cleaner Sachet 65ml X 100,108,Home Care and Laundry,HC+PC,256,HYPO,166,HYPO
44778,HHB002P,Hypo Bleach Bottle 1l X 12 Bootles+75ml X 10 Sachets Promo ,108,Home Care and Laundry,HC+PC,256,HYPO,166,HYPO
44483,HHSCI180X91,Combo Italian 75ml X 91 + 180ml X 9 (lagos & South Central),108,Home Care and Laundry,HC+PC,256,HYPO,166,HYPO
45998,HHB001P75ml,Hypo Bleach Bottle 500ml X 24 + 75ml X 10 Sachet,108,Home Care and Laundry,HC+PC,256,HYPO,166,HYPO
45891,HTCBF450ML,Hypo Toilet Cleaner Bottle Floral 450ml,108,Home Care and Laundry,HC+PC,256,HYPO,166,HYPO
45887,HTCBF725ML,Htc Bottle Floral 725ml,108,Home Care and Laundry,HC+PC,256,HYPO,166,HYPO
45084,HHS075IN112,Hypo Bleach Italian Sachet 75ml X 112,108,Home Care and Laundry,HC+PC,256,HYPO,166,HYPO
54718,HYP180ML,Hypo 180ml X 49 Sachet ,108,Home Care and Laundry,HC+PC,256,HYPO,166,HYPO
44687,HHSCI100P,Hypo Combo Italian 75ml X 91 + 180ml  X 9 + 7 Free Hypo 75ml,108,Home Care and Laundry,HC+PC,256,HYPO,14,MULTIPRO CONSUMER PRODUCTS LIMITED
44706,HHSCI107P,Hypo Combo Italian 75ml X 91 + 180ml X 9 + 7 Free Hypo 75ml,108,Home Care and Laundry,HC+PC,256,HYPO,14,MULTIPRO CONSUMER PRODUCTS LIMITED
44707,HHSCI107,Hypo Combo Italian 75ml X 91 + 180ml X 9 + 7 Free Hypo 75ml X 107,108,Home Care and Laundry,HC+PC,256,HYPO,14,MULTIPRO CONSUMER PRODUCTS LIMITED
42917,HTCS060,Hypo Toilet Cleaner Sachets 60ml X 105,108,Home Care and Laundry,HC+PC,256,HYPO,14,MULTIPRO CONSUMER PRODUCTS LIMITED
45886,HHSCI180,Hypo 180ml X 49 Sachet,108,Home Care and Laundry,HC+PC,256,HYPO,14,MULTIPRO CONSUMER PRODUCTS LIMITED
44263,HHSCI100,Hypo Combo Italian 75ml X 91 + 180ml  X 9,108,Home Care and Laundry,HC+PC,256,HYPO,14,MULTIPRO CONSUMER PRODUCTS LIMITED
30640,MCCH50GX80,Minimie Chin Chin 50g  X 80,118,Snacks and Chin Chin,Food,1094,MINIMIE CHINCHIN,164,DUFIL
26699,IPS100X20BB,Indomie Chicken Pepper Soup 100g X 20,129,Noodles,Food,1095,INDOMIE,164,DUFIL
30291,INO70,Indomie Oriental Fried Noodles 70g X 40,129,Noodles,Food,1095,INDOMIE,164,DUFIL
54304,IRC001P2HW,Indomie Regular Chicken 70g X( 40 + 2 Free) Hunt&win,129,Noodles,Food,1095,INDOMIE,164,DUFIL
44479,IRC001P4,Indomie Regular Chicken 70g X 40  + 4 Free,129,Noodles,Food,1095,INDOMIE,164,DUFIL
44481,ISP001P4,Indomie Super Pack Chicken Flavor 120g X 40 + 4 Free ,129,Noodles,Food,1095,INDOMIE,164,DUFIL
44792,IRC001P2,Indomie Regular Chicken 70g X 40 + 2 Free ,129,Noodles,Food,1095,INDOMIE,164,DUFIL
44794,ISP001P2,Indomie Super Pack Chicken Flavor 120g X 40 + 2 Free ,129,Noodles,Food,1095,INDOMIE,164,DUFIL
43461,CMBIRC001X4,4 Carton Of Indomie Regular Chicken 70g  X 40,129,Noodles,Food,1095,INDOMIE,164,DUFIL
43497,CMBIOC001X4,4 Cartons Of Indomie Onion Chicken 70g  X 40,129,Noodles,Food,1095,INDOMIE,164,DUFIL
43499,CMBIBP280X3,3 Cartons Of Indomie Belle Full Pack 280g  X 16,129,Noodles,Food,1095,INDOMIE,164,DUFIL
43501,CMBIRC180X3,3 Cartons Of Indomie Chicken Hungryman 180g  X 24,129,Noodles,Food,1095,INDOMIE,164,DUFIL
43503,CMBINO70X4,4 Cartons Of Indomie Oriental Fried Noodles 70g  X 40,129,Noodles,Food,1095,INDOMIE,164,DUFIL
43505,CMBISP001X3,3 Cartons Of  Indomie Super Pack Chicken Flavor 120g  X 40,129,Noodles,Food,1095,INDOMIE,164,DUFIL
43507,CMBIRC100X3,3 Cartons Of Indomie Standard Pack 100g  X 40,129,Noodles,Food,1095,INDOMIE,164,DUFIL
43509,CMBIOC180X3,3 Cartons Of Indomie Onion Chicken Hungryman 180g  X 24,129,Noodles,Food,1095,INDOMIE,164,DUFIL
23390,BUNINDMAG,Indomie Regular Chicken 70g X 40 + Magik Orange 100ml X 24,129,Noodles,Food,1095,INDOMIE,164,DUFIL
23822,XCP002,Christmas Celebration Small Pack ,115,Promo,Promo,1095,INDOMIE,164,DUFIL
23810,XCP001,Christmas Celebration Big Pack ,115,Promo,Promo,1095,INDOMIE,164,DUFIL
23811,XCP003,Christmas Celebration Pack Big ,115,Promo,Promo,1095,INDOMIE,164,DUFIL
23812,XCP004,Christmas Celebration Pack Small ,115,Promo,Promo,1095,INDOMIE,164,DUFIL
23828,IOC280,Indomie Belle Full Onion Chicken Pack 16 X 280gm,129,Noodles,Food,1095,INDOMIE,164,DUFIL
23829,IBPVOS01,Indomie Bellefull Power Oil 75cl Combo Pack ,102,Bundle & Rolls,Bundles,1095,INDOMIE,164,DUFIL
23830,IRC180SM,Indomie Chicken Hungryman 24 X 180gms-sm ,129,Noodles,Food,1095,INDOMIE,164,DUFIL
23831,IPS100SM,Indomie Chicken Pepper Soup 100gms-sm ,129,Noodles,Food,1095,INDOMIE,164,DUFIL
23832,ICF001,Indomie Crayfish 120g X 40,129,Noodles,Food,1095,INDOMIE,164,DUFIL
23833,IOC001SM,Indomie Onion Chicken 1/40-sm ,129,Noodles,Food,1095,INDOMIE,164,DUFIL
23834,IOC060SM,Indomie Onion Chicken 1/60 ,129,Noodles,Food,1095,INDOMIE,164,DUFIL
23835,IOC180SM,Indomie Onion Chicken Hungryman 180gms-sm X 24,129,Noodles,Food,1095,INDOMIE,164,DUFIL
23836,INO100SM,Indomie Oriental Fried Noodles 100gms-sm ,129,Noodles,Food,1095,INDOMIE,164,DUFIL
23837,IRC002,Indomie Regular Chicken 1/20 ,129,Noodles,Food,1095,INDOMIE,164,DUFIL
23838,IRC010,Indomie Regular Chicken 1/40 5 In 1 Bundle Pack ,129,Noodles,Food,1095,INDOMIE,164,DUFIL
23839,IRC001SM,Indomie Regular Chicken 1/40 Sm,129,Noodles,Food,1095,INDOMIE,164,DUFIL
23840,IRC060SM,Indomie Regular Chicken 1/60 ,129,Noodles,Food,1095,INDOMIE,164,DUFIL
23886,IOC120SM,Indomie Super Pack Onion Chicken-sm ,129,Noodles,Food,1095,INDOMIE,164,DUFIL
23851,IRDYH001,Indomie Regular Chicken Draw Your Holiday 70 Gms,129,Noodles,Food,1095,INDOMIE,164,DUFIL
23852,IRC100SM,Indomie Regular Chicken Noodles 100gms-sm ,129,Noodles,Food,1095,INDOMIE,164,DUFIL
23853,IRECE200,Indomie Relish Chicken Extravaganza 200gms ,129,Noodles,Food,1095,INDOMIE,164,DUFIL
23854,IRESDCP,Indomie Relish Sd Celebration Pack ,129,Noodles,Food,1095,INDOMIE,164,DUFIL
23855,ISP001SM,Indomie Super Pack Chicken Flavor-sm ,129,Noodles,Food,1095,INDOMIE,164,DUFIL
23731,IRC001x10,Indomie Regular Chicken 70g X 10,129,Noodles,Food,1095,INDOMIE,164,DUFIL
19677,IBP280,Indomie Belle Full Pack 280g X 16,129,Noodles,Food,1095,INDOMIE,164,DUFIL
19678,INO100,Indomie Oriental Fried Noodles 100g X 40,129,Noodles,Food,1095,INDOMIE,164,DUFIL
19679,IOC001,Indomie Onion Chicken 70g X 40,129,Noodles,Food,1095,INDOMIE,164,DUFIL
19680,IOC120,Indomie Super Pack Onion Chicken 120g X 40,129,Noodles,Food,1095,INDOMIE,164,DUFIL
19681,IOC180,Indomie Onion Chicken Hungryman 180g X 24,129,Noodles,Food,1095,INDOMIE,164,DUFIL
19683,IPS100,Indomie Chicken Pepper Soup 100g X 40,129,Noodles,Food,1095,INDOMIE,164,DUFIL
19684,IRC001,Indomie Regular Chicken 70g X 40,129,Noodles,Food,1095,INDOMIE,164,DUFIL
19685,IRC080,Indomie Regular Chicken 70g X 80,129,Noodles,Food,1095,INDOMIE,164,DUFIL
19686,IRC100,Indomie Standard Pack 100g X 40,129,Noodles,Food,1095,INDOMIE,164,DUFIL
19687,IRC180,Indomie Chicken Hungryman 180g X 24,129,Noodles,Food,1095,INDOMIE,164,DUFIL
19689,ISP001,Indomie Super Pack Chicken Flavor 120g X 40,129,Noodles,Food,1095,INDOMIE,164,DUFIL
19690,IRESD200,Indomie Relish Seafood Delight 200g X 20,129,Noodles,Food,1095,INDOMIE,164,DUFIL
20596,IRECD200,Indomie Relish Chicken Delight 200g X 20,129,Noodles,Food,1095,INDOMIE,164,DUFIL
20841,IRC330,Indomie Giant Pack 330g X 14,129,Noodles,Food,1095,INDOMIE,164,DUFIL
24245,INO100x16,Indomie Oriental Fried Noodles 100g X 16,129,Noodles,Food,1095,INDOMIE,164,DUFIL
24249,ISP001x12,Indomie Super Pack Chicken Flavor 120g X 12,129,Noodles,Food,1095,INDOMIE,164,DUFIL
24128,X-PROMOIRC7OG,X -promo- Indomie Rc 70g X 40,115,Promo,Promo,1095,INDOMIE,164,DUFIL
24155,IRC180x12,Indomie Chicken Hungryman 180g X 12,129,Noodles,Food,1095,INDOMIE,164,DUFIL
24156,IOC180x10,Indomie Onion Chicken Hungryman 180g X 10 ,129,Noodles,Food,1095,INDOMIE,164,DUFIL
24157,ISP001x10,Indomie Super Pack Chicken Flavor 120g X 10,129,Noodles,Food,1095,INDOMIE,164,DUFIL
24090,IOC001x20,Indomie Onion Chicken 70g X 20,129,Noodles,Food,1095,INDOMIE,164,DUFIL
24113,IOC120x20,Indomie Super Pack Onion Chicken 120g X 20,129,Noodles,Food,1095,INDOMIE,164,DUFIL
24114,ISP001x20,Indomie Super Pack Chicken Flavor 120g X 20,129,Noodles,Food,1095,INDOMIE,164,DUFIL
24115,INO100x20,Indomie Oriental Fried Noodles 100g X 20,129,Noodles,Food,1095,INDOMIE,164,DUFIL
24086,IRC001x20,Indomie Regular Chicken 70g X 20,129,Noodles,Food,1095,INDOMIE,164,DUFIL
25105,IOC180x12,Indomie Onion Chicken Hungryman 180g X12,129,Noodles,Food,1095,INDOMIE,164,DUFIL
25106,IRC180SMx12,Indomie Chicken Hungryman 180g X 24 X 12,129,Noodles,Food,1095,INDOMIE,164,DUFIL
25107,IBP280x8,Indomie Belle Full Pack 280g X,129,Noodles,Food,1095,INDOMIE,164,DUFIL
24088,IBP280x4,Indomie Belle Full Pack 280g X,129,Noodles,Food,1095,INDOMIE,164,DUFIL
25343,ICF070,Indomie Crayfish 70g X 40,129,Noodles,Food,1095,INDOMIE,164,DUFIL
25344,ICF0070,Indomitable 70g X 40,129,Noodles,Food,1095,INDOMIE,164,DUFIL
37698,IRC001GM,Magnet Promo Indomie Carton 70g X 40 ,129,Noodles,Food,1095,INDOMIE,164,DUFIL
31087,IJC001,Indomie Jollof Chicken 70g  X 40,129,Noodles,Food,1095,INDOMIE,164,DUFIL
26138,ICF00120G,Indomie Crayfish 120g X 20,129,Noodles,Food,1095,INDOMIE,164,DUFIL
26047,IPS070,Indomie Chicken Pepper Soup 70g  X 40,129,Noodles,Food,1095,INDOMIE,164,DUFIL
26432,IBF120,Indomie Beef Flavor 120g  X 40,129,Noodles,Food,1095,INDOMIE,164,DUFIL
26433,IBF070,Indomie Beef Flavor 70g X 40,129,Noodles,Food,1095,INDOMIE,164,DUFIL
26442,ICF070x20,Indomie Crayfish 70g X 20,129,Noodles,Food,1095,INDOMIE,164,DUFIL
26540,IRESD120,Indomie Relish Seafood Delight 120g  X 20,129,Noodles,Food,1095,INDOMIE,164,DUFIL
26541,IRECD120,Indomie Relish Chicken Delight 120g  X 20,129,Noodles,Food,1095,INDOMIE,164,DUFIL
45653,VOB750ML,Power Oil Bottle 750ml X 12,135,Oil,Food,1096,POWER OIL,164,DUFIL
45917,POLBT1LX12,Power Oil Lite - Bottle 1lx12 ,135,Oil,Food,1096,POWER OIL,164,DUFIL
45919,POLBT3LX6,Power Oil Lite - Bottle 3lx6,135,Oil,Food,1096,POWER OIL,164,DUFIL
23933,VOB2600,Power Oil 2600ml Bottle Carton ,135,Oil,Food,1096,POWER OIL,173,RAFFLES OIL
23934,VOB4600,Power Oil 4.6l Bottle Carton ,135,Oil,Food,1096,POWER OIL,173,RAFFLES OIL
23935,VOS150,Power Oil Sachet 150 X 50 ,135,Oil,Food,1096,POWER OIL,173,RAFFLES OIL
22987,VOB1400EPPSL,Power Oil Bottle 1.4l X4 + 1 Power Pasta Slim,135,Oil,Food,1096,POWER OIL,173,RAFFLES OIL
22988,VOB001PPS,Power Oil Bottle 75cl  X6+ 1 Power Pasta Slim,135,Oil,Food,1096,POWER OIL,173,RAFFLES OIL
23418,VOS9060,Power Oil Sachet 90ml X 60,135,Oil,Food,1096,POWER OIL,173,RAFFLES OIL
22712,VOS9072,Power Oil Sachet 90ml X 72,135,Oil,Food,1096,POWER OIL,173,RAFFLES OIL
21023,VOS6596,Power Oil Sachet 65ml X 96,135,Oil,Food,1096,POWER OIL,173,RAFFLES OIL
20531,VOS070E,Power Oil Sachet 70ml X 96,135,Oil,Food,1096,POWER OIL,173,RAFFLES OIL
20532,VOS120,Power Oil Sachet 120ml X 50,135,Oil,Food,1096,POWER OIL,173,RAFFLES OIL
20855,VOB4500,Power Oil Bottle 4.5l X,135,Oil,Food,1096,POWER OIL,173,RAFFLES OIL
20087,VOB1400E,Power Oil Bottle 1.4l X 8,135,Oil,Food,1096,POWER OIL,173,RAFFLES OIL
20088,VOB2600E,Power Oil Bottle 2.6l X,135,Oil,Food,1096,POWER OIL,173,RAFFLES OIL
20090,VOS077,Power Oil Sachet 77ml X 96,135,Oil,Food,1096,POWER OIL,173,RAFFLES OIL
20091,VOB002,Power Oil Bottle 3l X,135,Oil,Food,1096,POWER OIL,173,RAFFLES OIL
19712,VOB001,Power Oil Bottle 75cl X 12,135,Oil,Food,1096,POWER OIL,173,RAFFLES OIL
26628,VOS30024,Power Oil Sachet 300 Ml X 24,135,Oil,Food,1096,POWER OIL,173,RAFFLES OIL
26718,VOS6042BB,Power Oil Sachet 60ml  X 42,135,Oil,Food,1096,POWER OIL,173,RAFFLES OIL
26108,VOS6084,Power Oil Sachet 60ml  X 84,135,Oil,Food,1096,POWER OIL,173,RAFFLES OIL
25773,VOB2600X4E,Power Oil Bottle 2.6l X,135,Oil,Food,1096,POWER OIL,173,RAFFLES OIL
42507,VOS4596,Power Oil Sachet 45ml  X 96,135,Oil,Food,1096,POWER OIL,173,RAFFLES OIL
30791,VOS11040,Power Oil Sachet 110ml X 40,135,Oil,Food,1096,POWER OIL,173,RAFFLES OIL
30792,VOS5084,Power Oil Sachet 50ml  X 84,135,Oil,Food,1096,POWER OIL,173,RAFFLES OIL
23716,VOS65x40,Power Oil Sachet 65ml X 40,135,Oil,Food,1096,POWER OIL,173,RAFFLES OIL
23718,VOS65x30,Power Oil Sachet 65ml X 30,135,Oil,Food,1096,POWER OIL,173,RAFFLES OIL
23674,BUNDVOS65VOB001,2ctn Power Oil Sachet 65ml X 96 + 1ctn Power Oil Bottle 75cl,102,Bundle & Rolls,Bundles,1096,POWER OIL,173,RAFFLES OIL
23735,VOB4500PCK4,Power Oil Bottle Jolly Pack,135,Oil,Food,1096,POWER OIL,173,RAFFLES OIL
23745,VOS140,Power Oil Sachet 140ml X 50,135,Oil,Food,1096,POWER OIL,173,RAFFLES OIL
23746,VOS7060,Power Oil Sachet 70ml X 60,135,Oil,Food,1096,POWER OIL,173,RAFFLES OIL
44465,VOB001A,Power Oil Bottle 75cl X 12,135,Oil,Food,1096,POWER OIL,173,RAFFLES OIL
44467,VOS4596A,Power Oil Sachet 45ml X 96,135,Oil,Food,1096,POWER OIL,173,RAFFLES OIL
44455,POWEROILPROMO,Power Oil Promo Sku X 1,135,Oil,Food,1096,POWER OIL,173,RAFFLES OIL
53418,VOS4596P8,Power Oil Sachet 45ml X 96 + 8 Extra Sac,135,Oil,Food,1096,POWER OIL,173,RAFFLES OIL
53421,VOS11040P3,Power Oil Sachet 110ml X 40 + 3 Extra Sac,135,Oil,Food,1096,POWER OIL,173,RAFFLES OIL
23909,VOS14040,Power Oil Sachet 140ml X 40,135,Oil,Food,1096,POWER OIL,173,RAFFLES OIL
24120,VOS65x48,Power Oil Sachet 65ml X 48,135,Oil,Food,1096,POWER OIL,173,RAFFLES OIL
24121,VOS70x30,Power Oil Sachet 70ml X 30,135,Oil,Food,1096,POWER OIL,173,RAFFLES OIL
25492,VOS12040,Power Oil Sachet 120ml X 40,135,Oil,Food,1096,POWER OIL,173,RAFFLES OIL
25681,VOS14040x20,Power Oil Sachet 140ml X 20,135,Oil,Food,1096,POWER OIL,173,RAFFLES OIL
25068,VOS9030,Power Oil Sachet 90ml X 30,135,Oil,Food,1096,POWER OIL,173,RAFFLES OIL
25098,VOS7072,Power Oil Sachet 70ml X72,135,Oil,Food,1096,POWER OIL,173,RAFFLES OIL
23296,VOB001PCK2,Power Oil Bottle 75cl X,135,Oil,Food,1096,POWER OIL,173,RAFFLES OIL
23297,VOB2600EPCK4,Power Oil Bottle 2.6l X,135,Oil,Food,1096,POWER OIL,173,RAFFLES OIL
23298,VOB1400EPCK2,Power Oil Bottle 1.4l X,135,Oil,Food,1096,POWER OIL,173,RAFFLES OIL
20849,PRP040G,Pringles Small Hot Paprika 40g X 12,118,Snacks and Chin Chin,Food,1097,PRINGLES,168,KELLOGGS
20881,PRV165R,Pringles Salt & Vinegar 165g X 19,118,Snacks and Chin Chin,Food,1097,PRINGLES,168,KELLOGGS
20900,PRH165R,Pringles Hot & Spicy 165g X 19,118,Snacks and Chin Chin,Food,1097,PRINGLES,168,KELLOGGS
20551,PRB165R,Pringles Bbq 165g X 19,118,Snacks and Chin Chin,Food,1097,PRINGLES,168,KELLOGGS
20553,PRO165R,Pringles Original 165g X 19,118,Snacks and Chin Chin,Food,1097,PRINGLES,168,KELLOGGS
20554,PRC165R,Pringles Sour Cream & Onion 165g X 19,118,Snacks and Chin Chin,Food,1097,PRINGLES,168,KELLOGGS
20555,PRO040G,Pringles Small Original 40g X 12,118,Snacks and Chin Chin,Food,1097,PRINGLES,168,KELLOGGS
20556,PRC040G,Pringles Small Sour Cream & Onion 40g X 12,118,Snacks and Chin Chin,Food,1097,PRINGLES,168,KELLOGGS
21302,PRP165R,Pringles Hot Paprika 165g X 19,118,Snacks and Chin Chin,Food,1097,PRINGLES,168,KELLOGGS
23936,PRB165G,Pringles Bbq 165g X 18,118,Snacks and Chin Chin,Food,1097,PRINGLES,168,KELLOGGS
24354,PRV40R,Pringles Salt & Vinegar 40g X 12,118,Snacks and Chin Chin,Food,1097,PRINGLES,168,KELLOGGS
24355,PRH40R,Pringles Hot & Spicy 40g X 12,118,Snacks and Chin Chin,Food,1097,PRINGLES,168,KELLOGGS
24411,BUNDIRC001GGO45G,Indomie Chicken 70g X 40 + Kellogg's Go Grains 45g X 50,102,Bundle & Rolls,Bundles,1098,KELLOGG'S,168,KELLOGGS
24419,BUNDCWS012ACF49.5G,Dano Cool Cow 12g X 130 + Kellogg's Cornflakes 49.5g X 74,102,Bundle & Rolls,Bundles,1098,KELLOGG'S,168,KELLOGGS
23942,CPL32X80SP,Coco Pops 32g X 80(sp) ,103,Cereal & Breakfast,Food,1098,KELLOGG'S,168,KELLOGGS
23943,RT00024,Corn Flakes 32g X 60 ,103,Cereal & Breakfast,Food,1098,KELLOGG'S,168,KELLOGGS
24273,CP49.5X76,Kellogg's Coco Pops 49.5g X 76,103,Cereal & Breakfast,Food,1098,KELLOGG'S,168,KELLOGGS
37771,KELFRUFIB500G,Kellogg's Fruit'n Fibre 500g  X 6,103,Cereal & Breakfast,Food,1098,KELLOGG'S,168,KELLOGGS
23937,RT00005,Rice Krispies 450g X 10,103,Cereal & Breakfast,Food,1098,KELLOGG'S,168,KELLOGGS
23938,RT00022,Rice Krispies 28g X 36,103,Cereal & Breakfast,Food,1098,KELLOGG'S,168,KELLOGGS
23939,RT00025,Rice Krispies 32g X 60,103,Cereal & Breakfast,Food,1098,KELLOGG'S,168,KELLOGGS
23940,RT00006,Rice Krispies 700g X,103,Cereal & Breakfast,Food,1098,KELLOGG'S,168,KELLOGGS
23951,MS49.5X74,Moons & Star 49.5g X 74 Sachets,103,Cereal & Breakfast,Food,1098,KELLOGG'S,168,KELLOGGS
23952,CP49.5X74,Coco Pops 49.5g X 74 Sachets,103,Cereal & Breakfast,Food,1098,KELLOGG'S,168,KELLOGGS
20915,CPL28X80,Kellogg's Coco Pops Sachet 28g X 80,103,Cereal & Breakfast,Food,1098,KELLOGG'S,168,KELLOGGS
20912,CPL400,Kellogg's Coco Pops Box 400g X 10,103,Cereal & Breakfast,Food,1098,KELLOGG'S,168,KELLOGGS
42501,CP30X120,Kellogg's Coco Pops 30gms X 120 Pcs,103,Cereal & Breakfast,Food,1098,KELLOGG'S,168,KELLOGGS
42844,MISS25X144,Munch It Sweet Surprise Sachet 25gm X 144 Pcs,118,Snacks and Chin Chin,Food,1098,KELLOGG'S,168,KELLOGGS
42845,MICC25X144,Munch It Creamy Crunch 25gm X 144 Pcs,118,Snacks and Chin Chin,Food,1098,KELLOGG'S,168,KELLOGGS
42846,MICS25X144,Mit Cheesy Stix 25 Gm X 144 Pcs,118,Snacks and Chin Chin,Food,1098,KELLOGG'S,168,KELLOGGS
42848,CF30X120,Kellogg's Cornflakes Sachet 30g X 120 Pcs,103,Cereal & Breakfast,Food,1098,KELLOGG'S,168,KELLOGGS
37684,M&S35X100,Kellogg's Moon & Stars 35 Gms X 100,118,Snacks and Chin Chin,Food,1098,KELLOGG'S,168,KELLOGGS
37691,GGB40X100,Kellogg's Go Grains Banana 40 Gms X 100 Pcs,103,Cereal & Breakfast,Food,1098,KELLOGG'S,168,KELLOGGS
31177,CF300X10,Kellogg's Cornflakes  300g X 10,103,Cereal & Breakfast,Food,1098,KELLOGG'S,168,KELLOGGS
31178,CP400X10_A.,Kellogg's Coco Pops 400g  X 10 Mono Carton,103,Cereal & Breakfast,Food,1098,KELLOGG'S,168,KELLOGGS
31899,CP35X100,Kellogg's Coco Pops 35g X 100 Sachet,103,Cereal & Breakfast,Food,1098,KELLOGG'S,168,KELLOGGS
32012,CF35X100,Kellogg's Cornflakes 35gms X 100,103,Cereal & Breakfast,Food,1098,KELLOGG'S,168,KELLOGGS
31042,M&S35gX100,Kellogg's Moons & Stars 35g X 100 Sachet,103,Cereal & Breakfast,Food,1098,KELLOGG'S,168,KELLOGGS
25736,CFL045,Kellogg's Corns Flakes Sachet 45g + 10% Extra X 72,103,Cereal & Breakfast,Food,1098,KELLOGG'S,168,KELLOGGS
25737,CPL49.5Gx6,1 Roll Kellogg's Coco Pops Sachet 49.5g X,103,Cereal & Breakfast,Food,1098,KELLOGG'S,168,KELLOGGS
25738,CFL028Gx8,1 Roll Kellogg's Corns Flakes Sachet 28g X,103,Cereal & Breakfast,Food,1098,KELLOGG'S,168,KELLOGGS
26121,GGO45GX10,Gift (1 Roll)kelllog's Go Grain 45g   X 10,103,Cereal & Breakfast,Food,1098,KELLOGG'S,168,KELLOGGS
26223,CF28X78,Kellogg's Cornflakes 28gms  X 72+6 Sachet,103,Cereal & Breakfast,Food,1098,KELLOGG'S,168,KELLOGGS
26702,Kellogg's Coco pops,Kellogg's Coco Pops 38.5g X 52,103,Cereal & Breakfast,Food,1098,KELLOGG'S,168,KELLOGGS
23768,RT00002,Corn Flakes 10 X 325g ,103,Cereal & Breakfast,Food,1098,KELLOGG'S,168,KELLOGGS
23769,RT00003,Corn Flakes 10 X 500g ,103,Cereal & Breakfast,Food,1098,KELLOGG'S,168,KELLOGGS
23770,CFL027P,Corn Flakes 27g X 80 + 8 Sachets ,103,Cereal & Breakfast,Food,1098,KELLOGG'S,168,KELLOGGS
23771,CFL30X54,Corn Flakes 30g X 54 Sachets ,103,Cereal & Breakfast,Food,1098,KELLOGG'S,168,KELLOGGS
23772,RT00001,Corn Flakes 36 X 40g ,103,Cereal & Breakfast,Food,1098,KELLOGG'S,168,KELLOGGS
23773,RT00031,Corn Flakes 60 X 32g,103,Cereal & Breakfast,Food,1098,KELLOGG'S,168,KELLOGGS
23774,RT00032,Corn Flakes 88 X 32g ,103,Cereal & Breakfast,Food,1098,KELLOGG'S,168,KELLOGGS
23775,RT00004,Corn Flakes 8 X 800g ,103,Cereal & Breakfast,Food,1098,KELLOGG'S,168,KELLOGGS
23776,RT00034,Cornflakes French 300g X 10 Sachets ,103,Cereal & Breakfast,Food,1098,KELLOGG'S,168,KELLOGGS
23777,RT00035,Cornflakes French 450g X 10 Sachets ,103,Cereal & Breakfast,Food,1098,KELLOGG'S,168,KELLOGGS
23887,RT00030,Kellogg's Coco Pops Mono Carton 450g X 10,103,Cereal & Breakfast,Food,1098,KELLOGG'S,168,KELLOGGS
23888,RT00026,Kellogg's Frosties 32g X 60 ,103,Cereal & Breakfast,Food,1098,KELLOGG'S,168,KELLOGGS
23889,KRSGB,Kelloggs Ramadan Special Gift Box ,103,Cereal & Breakfast,Food,1098,KELLOGG'S,168,KELLOGGS
23755,CPL028,Coco Pops 28g X 88 Sachets,103,Cereal & Breakfast,Food,1098,KELLOGG'S,168,KELLOGGS
23756,RT00008,Coco Pops 10 X 450g ,103,Cereal & Breakfast,Food,1098,KELLOGG'S,168,KELLOGGS
23757,RT00007,Coco Pops 36 X 40g,103,Cereal & Breakfast,Food,1098,KELLOGG'S,168,KELLOGGS
23759,RT00023,Coco Pops 32g X 60,103,Cereal & Breakfast,Food,1098,KELLOGG'S,168,KELLOGGS
23760,RT00033,Coco Pops 32g X 88 ,103,Cereal & Breakfast,Food,1098,KELLOGG'S,168,KELLOGGS
23761,CPL030,Coco Pops 30g X  88 Sachets ,103,Cereal & Breakfast,Food,1098,KELLOGG'S,168,KELLOGGS
23424,BUNDNASC30GCFL030,Nasco Cornflakes 30g X 48 + Kellogg's Cornflakes 30g X 52,102,Bundle & Rolls,Bundles,1098,KELLOGG'S,168,KELLOGGS
23495,CFL28X52,Kellogg's Cornflakes 28g X 48 + 4 Free (52),103,Cereal & Breakfast,Food,1098,KELLOGG'S,168,KELLOGGS
25456,M&S44X76,Kellogg's Moons & Stars Sachet 44g X 72 + 4free Sachets,103,Cereal & Breakfast,Food,1098,KELLOGG'S,168,KELLOGGS
25580,CPL28X10,1 Roll Kellogg's Coco Pops Sachet 28g X 10,102,Bundle & Rolls,Bundles,1098,KELLOGG'S,168,KELLOGGS
25581,MS45X8,1 Roll Kellogg's Moons & Stars Sachet 45g X,102,Bundle & Rolls,Bundles,1098,KELLOGG'S,168,KELLOGGS
25066,CPL28X80x40,Kellogg's Coco Pops Sachet 28g X 40,103,Cereal & Breakfast,Food,1098,KELLOGG'S,168,KELLOGGS
25067,CFL28x24,Kellogg's Cornflakes 28g X 24 +,103,Cereal & Breakfast,Food,1098,KELLOGG'S,168,KELLOGGS
25109,MS28X40,Kellogg's Moons & Stars Sachet 28g X 40,103,Cereal & Breakfast,Food,1098,KELLOGG'S,168,KELLOGGS
24119,CF49.5X74,Kellogg's Cornflakes 45gs X 74 Sachets,103,Cereal & Breakfast,Food,1098,KELLOGG'S,168,KELLOGGS
24246,GGO45X100,Kellogg's Go Grains Original 45gms X 100 Sachets,103,Cereal & Breakfast,Food,1098,KELLOGG'S,168,KELLOGGS
24247,GGO450X12,Kellogg's Go Grains Original 450gms X 12 Sachets,103,Cereal & Breakfast,Food,1098,KELLOGG'S,168,KELLOGGS
24248,GGO900X6,Kellogg's Go Grains Original 900gms X 6 Sachets,103,Cereal & Breakfast,Food,1098,KELLOGG'S,168,KELLOGGS
20902,MS28X80,Kellogg's Moons & Stars Sachet 28g X 80,103,Cereal & Breakfast,Food,1098,KELLOGG'S,168,KELLOGGS
20856,MS400X10,Kellogg's Moons & Stars Box 400g X 10,103,Cereal & Breakfast,Food,1098,KELLOGG'S,168,KELLOGGS
20492,MS28X88,Kellogg's Moons & Stars Sachet 28g X 88,103,Cereal & Breakfast,Food,1098,KELLOGG'S,168,KELLOGGS
22411,KMASBDL400G150G,Kellogg's Moons And Stars 400g & Dano Coolcow 150g (x4),102,Bundle & Rolls,Bundles,1098,KELLOGG'S,168,KELLOGGS
22412,KCPBDL400G150G,Kellogg's Coco Pops 400g & Dano Coolcow 150g (x4),102,Bundle & Rolls,Bundles,1098,KELLOGG'S,168,KELLOGGS
22715,CFL030,Kellogg's Cornflakes Sachet 30g X 48 + 4 Free (52),103,Cereal & Breakfast,Food,1098,KELLOGG'S,168,KELLOGGS
22716,CFL350,Kellogg's Cornflakes Box Pack 350g X 10,103,Cereal & Breakfast,Food,1098,KELLOGG'S,168,KELLOGGS
52792,KELLCF45GX96,Kellogg's Cornflakes 45gms X 96 Sachets,103,Cereal & Breakfast,Food,1098,KELLOGG'S,168,KELLOGGS
53777,CPFL400GX12,Klg Coco Pops 400gmsx12 Flexi Pac ,103,Cereal & Breakfast,Food,1098,KELLOGG'S,168,KELLOGGS
53780,CPFL900GX6,Klg Coco Pops 900gmsx6 Flexi Pac ,103,Cereal & Breakfast,Food,1098,KELLOGG'S,168,KELLOGGS
53783,MSFL400GX12,Klg Moons & Stars 400gmsx12 Flexi ,103,Cereal & Breakfast,Food,1098,KELLOGG'S,168,KELLOGGS
42998,CF25X144,Cornflakes 25g Sachet X 144,103,Cereal & Breakfast,Food,1098,KELLOGG'S,168,KELLOGGS
42999,M&S25X144,Moon &stars 25g Sachet X 144,118,Snacks and Chin Chin,Food,1098,KELLOGG'S,168,KELLOGGS
26768,CF38.5X100S4,Kellogg's Cornflakes 38.5gms  X 100 + 4 Sachet,103,Cereal & Breakfast,Food,1098,KELLOGG'S,168,KELLOGGS
26769,CF38.5X100S4X1,Kellogg's Cornflakes 38.5gms  X 100  + 4 Sachet X,103,Cereal & Breakfast,Food,1098,KELLOGG'S,168,KELLOGGS
26770,FR38.5X100S4,Kellogg's Frosties 38.5g  X 100 +4 Sachet X,103,Cereal & Breakfast,Food,1098,KELLOGG'S,168,KELLOGGS
26771,MS38.5X100S4,Kellogg's Moons & Stars 38.5g X 100,103,Cereal & Breakfast,Food,1098,KELLOGG'S,168,KELLOGGS
26542,CF38.5X52,Kellogg's Cornflakes 38.5gms  X 50+2 Sachet,103,Cereal & Breakfast,Food,1098,KELLOGG'S,168,KELLOGGS
26434,CP38.5X104,Kellogg's Coco Pops 38.5g X 100+4sachet X,103,Cereal & Breakfast,Food,1098,KELLOGG'S,168,KELLOGGS
30306,CF38.5X60,Kellogg's Cornflakes Sachet 38.5gms X 60,103,Cereal & Breakfast,Food,1098,KELLOGG'S,168,KELLOGGS
30421,CP38.5X100_A,Kellogg's Coco Pops 38.5g X 100 Sachet_a,103,Cereal & Breakfast,Food,1098,KELLOGG'S,168,KELLOGGS
30422,M&S38.5X100,Kellogg's Moons & Stars 38.5g X 100 Sachet,103,Cereal & Breakfast,Food,1098,KELLOGG'S,168,KELLOGGS
42473,GGO40X100,Kellogg's Go Grains Original 40 Gms X 100,103,Cereal & Breakfast,Food,1098,KELLOGG'S,168,KELLOGGS
44457,MICC24X12,Munch It Creamy Crunch 25gm X 12  Pcs,118,Snacks and Chin Chin,Food,1098,KELLOGG'S,168,KELLOGGS
44459,MISS25X12,Munch It Sweet Surprise Sachet 25gm X 12 Pcs ,118,Snacks and Chin Chin,Food,1098,KELLOGG'S,168,KELLOGGS
44461,MIHC25X12,Munch It Hot Chilli 25gms X 12 Pcs,118,Snacks and Chin Chin,Food,1098,KELLOGG'S,168,KELLOGGS
44463,CP25X150,Kelloggs Cocopop Sachet 25g X 144  + 6,103,Cereal & Breakfast,Food,1098,KELLOGG'S,168,KELLOGGS
43172,CP25X144,Kelloggs Cocopop Sachet 25g X 144,103,Cereal & Breakfast,Food,1098,KELLOGG'S,168,KELLOGGS
43453,CMBKELL25VNDC12G,1 Roll In Kellogs 25g X 12+ 1 Roll In Vitali Creamer 12gx 10,103,Cereal & Breakfast,Food,1098,KELLOGG'S,168,KELLOGGS
43335,M&S25X150,Moon &stars 25g Sachet X 144 +6(promo),118,Snacks and Chin Chin,Food,1098,KELLOGG'S,168,KELLOGGS
44175,CF25X150,Kellogg's Cornflakes 25g X 144 + 6,103,Cereal & Breakfast,Food,1098,KELLOGG'S,168,KELLOGGS
44199,CF345X10,Kellogg's Cornflakes 300g X 10 Mono + 45g,103,Cereal & Breakfast,Food,1098,KELLOGG'S,168,KELLOGGS
44201,CP414X10,Kellogg's Coco Pops 360g X 10 Mono + 54g,103,Cereal & Breakfast,Food,1098,KELLOGG'S,168,KELLOGGS
45086,CPl25x144,Kellogg’s Coco Pops 25gsx144 Sachet  X 144,103,Cereal & Breakfast,Food,1098,KELLOGG'S,168,KELLOGGS
45899,CPL25GX120P8,Kellogg's Coco Pops Sachet 25g X 120 + 8,103,Cereal & Breakfast,Food,1098,KELLOGG'S,168,KELLOGGS
45901,MISS02560,Munch It Sweet Surprise Sachet 25gm X 60,118,Snacks and Chin Chin,Food,1098,KELLOGG'S,168,KELLOGGS
45902,MICC25X60,Munch It Creamy Crunch 25gm X 60,118,Snacks and Chin Chin,Food,1098,KELLOGG'S,168,KELLOGGS
45903,CF25X120P8,Kellogg's Cornflakes 25gms X 120+8sach,103,Cereal & Breakfast,Food,1098,KELLOGG'S,168,KELLOGGS
45905,MOONSTAR25,Kellogg's Moon & Stars 25 Gms X 120 + 8,118,Snacks and Chin Chin,Food,1098,KELLOGG'S,168,KELLOGGS
45747,KELLCOPO52,Kellogg's Coco Pops 38.5g X 52,103,Cereal & Breakfast,Food,1098,KELLOGG'S,168,KELLOGGS
45725,KELLCF400GX12,Kellogg's Cornflakes 400g X 12,103,Cereal & Breakfast,Food,1098,KELLOGG'S,168,KELLOGGS
45547,KELFROSTIE25G,Kellogg's Frosties 25g  X 144,103,Cereal & Breakfast,Food,1098,KELLOGG'S,168,KELLOGGS
45549,KELRCKRIS30G,Kellogg's Rice Krispies 30g  X 100,103,Cereal & Breakfast,Food,1098,KELLOGG'S,168,KELLOGGS
53229,KELFROSTIE25GX140P8,Kellogg's Frosties 25g  X 140 + 8,103,Cereal & Breakfast,Food,1098,KELLOGG'S,168,KELLOGGS
53114,KELLCORN450G,Kellogg's Cornflakes 450g X 6,103,Cereal & Breakfast,Food,1098,KELLOGG'S,168,KELLOGGS
25069,CP44x76,Kellogg's Coco Pops 44g X 76,103,Cereal & Breakfast,Food,1098,KELLOGG'S,14,MULTIPRO CONSUMER PRODUCTS LIMITED
25111,CP44x38,Kellogg's Coco Pops 44g X 38,103,Cereal & Breakfast,Food,1098,KELLOGG'S,14,MULTIPRO CONSUMER PRODUCTS LIMITED
26703,CP45x36BB,Kellogg's Coco Pops 44g X 38,103,Cereal & Breakfast,Food,1098,KELLOGG'S,14,MULTIPRO CONSUMER PRODUCTS LIMITED
46229,MISSS25GX60,Munch-it Sweet Surprise Sachet 25g X 60,118,Snacks and Chin Chin,Food,1099,MUNCH IT,168,KELLOGGS
43241,MIHC25X144,Munch It Hot Chilli 25gms X 144 Pcs,118,Snacks and Chin Chin,Food,1099,MUNCH IT,168,KELLOGGS
43242,MISCO25X144,Mit Sour Cream Onion 25gms X 144 Pcs,118,Snacks and Chin Chin,Food,1099,MUNCH IT,168,KELLOGGS
42650,MISS27X120,Munch It Sweet Surprise 27g  X 120  Sachets,118,Snacks and Chin Chin,Food,1099,MUNCH IT,168,KELLOGGS
42651,MICS27X120,Munch It Cheesy Stix 27g  X 120 Sachets,118,Snacks and Chin Chin,Food,1099,MUNCH IT,168,KELLOGGS
42652,MICC27X120,Munch It Mit Creamy Crunch 27 Gm X 120 Pcs,118,Snacks and Chin Chin,Food,1099,MUNCH IT,168,KELLOGGS
43268,CB20X100,Munch It Puffs 20g X 100,118,Snacks and Chin Chin,Food,1099,MUNCH IT,168,KELLOGGS
53613,Cheesy1,Munch It Cheesy Stix 22g X 1 (strip),118,Snacks and Chin Chin,Food,1099,MUNCH IT,168,KELLOGGS
53614,Ssupris1,Munch It Sweet Surprise 22g X 1 (strip),118,Snacks and Chin Chin,Food,1099,MUNCH IT,168,KELLOGGS
52732,MIPC12X48,Munch It Puff Cheese Balls 12g X 48,118,Snacks and Chin Chin,Food,1099,MUNCH IT,168,KELLOGGS
52734,CB25X60,Munch It Corn Pops 25g X 60,118,Snacks and Chin Chin,Food,1099,MUNCH IT,168,KELLOGGS
54799,MICLD27G,Munch It Classic Delight 27g X 120,101,Biscuits & Sweets,Food,1099,MUNCH IT,168,KELLOGGS
54802,MICPOP25G,Munch It Corn Pops 25 Gms X 60 Packs X 60,101,Biscuits & Sweets,Food,1099,MUNCH IT,168,KELLOGGS
54439,MICS100X12,Munch It Cheesy Stix 100 Gms X Sachets,101,Biscuits & Sweets,Food,1099,MUNCH IT,168,KELLOGGS
22455,MISS22X24,Munch It Sweet Surprise (small Bag) 22g X 24,118,Snacks and Chin Chin,Food,1099,MUNCH IT,168,KELLOGGS
22301,MISCO22x96,Munch It Sour Cream & Onion 22g X 96,118,Snacks and Chin Chin,Food,1099,MUNCH IT,168,KELLOGGS
22713,MISCO22x24,Munch It Sour Cream & Onion (small Bag) 22g X 24,118,Snacks and Chin Chin,Food,1099,MUNCH IT,168,KELLOGGS
22714,MICS22X24,Munch It Cheesy Stix (small Bag) 22g X 24,118,Snacks and Chin Chin,Food,1099,MUNCH IT,168,KELLOGGS
22413,MUNCHITSWT1ROLL,Munch It Sweet Surprise 1 Roll,118,Snacks and Chin Chin,Food,1099,MUNCH IT,168,KELLOGGS
22414,MICS22X96,Munch It Cheesy Stix 22g X 96,118,Snacks and Chin Chin,Food,1099,MUNCH IT,168,KELLOGGS
22404,MISS22X96,Munch It Sweet Surprise 22g X 96,118,Snacks and Chin Chin,Food,1099,MUNCH IT,168,KELLOGGS
22421,MICD22X96,Munch It Classic Delight 22g X 96,118,Snacks and Chin Chin,Food,1099,MUNCH IT,168,KELLOGGS
20844,MISCO22X91,Munch It Sour Cream & Onion Sachet 22g X 91,118,Snacks and Chin Chin,Food,1099,MUNCH IT,168,KELLOGGS
20988,MISS22X84P,Munch It Sweet Surprise Sachet 22g X 84,118,Snacks and Chin Chin,Food,1099,MUNCH IT,168,KELLOGGS
20989,MISCO22X84P,Munch It Sour Cream & Onion 22g X 84,118,Snacks and Chin Chin,Food,1099,MUNCH IT,168,KELLOGGS
23900,MICS22X84,Munch It Cheesy Stix 22g X 84 Sachets ,118,Snacks and Chin Chin,Food,1099,MUNCH IT,168,KELLOGGS
23901,MICD22X84,Munch It Classic Delight 22g X 84 Sachets ,118,Snacks and Chin Chin,Food,1099,MUNCH IT,168,KELLOGGS
23902,MILCD02591,Munch It Classic Delight 25g X 84 + 7 Sachets ,118,Snacks and Chin Chin,Food,1099,MUNCH IT,168,KELLOGGS
23903,MIHC02591,Munch It Hot Chilly 25g X 91,118,Snacks and Chin Chin,Food,1099,MUNCH IT,168,KELLOGGS
23904,MIPC02591,Munch It Party Chicken Flavour 25g X 91 ,118,Snacks and Chin Chin,Food,1099,MUNCH IT,168,KELLOGGS
23905,MIPC02542,Munch It Party Chicken Flavour 25g X 42,118,Snacks and Chin Chin,Food,1099,MUNCH IT,168,KELLOGGS
25110,MISS40.25X36,Munch It Sweet Surprise 40.25g X 36,118,Snacks and Chin Chin,Food,1099,MUNCH IT,168,KELLOGGS
23896,MICH02591,Munch It Cheese Flavour 25g X 91 ,118,Snacks and Chin Chin,Food,1099,MUNCH IT,168,KELLOGGS
23897,MICH02542,Munch It Cheese Flavour 25g X 42,118,Snacks and Chin Chin,Food,1099,MUNCH IT,168,KELLOGGS
23898,MICH02542SM,Munch It Cheese Flavour 42 X 25g-sm ,118,Snacks and Chin Chin,Food,1099,MUNCH IT,168,KELLOGGS
23927,MIPC02542SM,Munch It Party Chicken Flavour 25g-sm X 42 ,118,Snacks and Chin Chin,Food,1099,MUNCH IT,168,KELLOGGS
23928,MISCO02591,Munch It Sour Cream Onion 25g X 91 ,118,Snacks and Chin Chin,Food,1099,MUNCH IT,168,KELLOGGS
23929,MISCO40X42,Munch It Sour Cream Onion 40g X 42 Sachets ,118,Snacks and Chin Chin,Food,1099,MUNCH IT,168,KELLOGGS
23930,MISS02591,Munch It Sweet Surprise 25g X 91 ,118,Snacks and Chin Chin,Food,1099,MUNCH IT,168,KELLOGGS
23931,MISS40X42,Munch It Sweet Surprise 40g X 42 Sachets ,118,Snacks and Chin Chin,Food,1099,MUNCH IT,168,KELLOGGS
23932,MIVB,Munch It Valentine Box ,118,Snacks and Chin Chin,Food,1099,MUNCH IT,168,KELLOGGS
26762,Mico40x100A,Munch It Sour Cream Onion 40.25g X 100,118,Snacks and Chin Chin,Food,1099,MUNCH IT,168,KELLOGGS
26763,Miss30x100AB,Munch It Sweet Surprise Sachet 30g  X 100,118,Snacks and Chin Chin,Food,1099,MUNCH IT,168,KELLOGGS
26764,MCD30x100_D,Munch It Class Delight 30g  X 100,118,Snacks and Chin Chin,Food,1099,MUNCH IT,168,KELLOGGS
37685,MISS30X110,Munch It Mit Sweet Surprise 30 Gms X 110,118,Snacks and Chin Chin,Food,1099,MUNCH IT,168,KELLOGGS
37686,MICC30X110,Munch It Mit Creamy Crunch 30 Gms X 110 Pcs,118,Snacks and Chin Chin,Food,1099,MUNCH IT,168,KELLOGGS
37687,MICS30X110,Munch It Cheesy Stix 30 Gms X 110 Pcs,118,Snacks and Chin Chin,Food,1099,MUNCH IT,168,KELLOGGS
23817,MISCO40.25X72,Munch It Sour Cream And Onion 40.25g X 72,118,Snacks and Chin Chin,Food,1099,MUNCH IT,168,KELLOGGS
20973,MISS22X91,Munch It Sweet Surprise Sachet 22g X 91,118,Snacks and Chin Chin,Food,1099,MUNCH IT,168,KELLOGGS
42472,CB27X60,Munch It Puffs 27g X 60,118,Snacks and Chin Chin,Food,1099,MUNCH IT,168,KELLOGGS
24282,MISS40.25X72,Munch It Sweet Surprise 40.25g X 72 Sachets,118,Snacks and Chin Chin,Food,1099,MUNCH IT,168,KELLOGGS
24283,MICD40.25X72,Munch It Classic Delight  40.25g X 72 Sachets,118,Snacks and Chin Chin,Food,1099,MUNCH IT,168,KELLOGGS
24284,MICS40.25X72,Munch It Cheesy Stix  40.25g X 72 Sachets,118,Snacks and Chin Chin,Food,1099,MUNCH IT,168,KELLOGGS
19864,PCISA100,Irish Spring Aloe Soap 100g X 54,114,Personal Care & Beauty,HC+PC,1101,IRISH SPRING,163,COLGATE
19743,PCISI100,Irish Spring Icy Blast Soap 100g X 54,114,Personal Care & Beauty,HC+PC,1101,IRISH SPRING,163,COLGATE
19744,PCISO100,Irish Spring Original Soap 100g X 54,114,Personal Care & Beauty,HC+PC,1101,IRISH SPRING,163,COLGATE
23351,PCISO100PK18,Irish Spring Original Soap 100g X,114,Personal Care & Beauty,HC+PC,1101,IRISH SPRING,163,COLGATE
23352,PCISA100PK18,Irish Spring Aloe Soap 100g X,114,Personal Care & Beauty,HC+PC,1101,IRISH SPRING,163,COLGATE
23353,PCISI100PK18,Irish Spring Icy Blast Soap 100g X,114,Personal Care & Beauty,HC+PC,1101,IRISH SPRING,163,COLGATE
46339,COLMAXCAVSAC9G,Colgate Max Cavity Protection Sachet 9gm 26 X 10 + 20,114,Personal Care & Beauty,HC+PC,1102,COLGATE,163,COLGATE
45893,CHNT35X72,Colgate Herbal 35gx72,114,Personal Care & Beauty,HC+PC,1102,COLGATE,163,COLGATE
45895,TPMFCM120G,Colgate Max Fresh Clean Mint 120g,114,Personal Care & Beauty,HC+PC,1102,COLGATE,163,COLGATE
45927,CGMAXFR35G,Colgate Max Fresh Clean Mint 35g X 72,114,Personal Care & Beauty,HC+PC,1102,COLGATE,163,COLGATE
45929,TPMFR120,Colgate Max Fresh Spicy Fresh Toothpaste 120g X 72,114,Personal Care & Beauty,HC+PC,1102,COLGATE,163,COLGATE
45931,CGMAXFR120G,Colgate Max Fresh Cool Mint 120g X 6 X 12,114,Personal Care & Beauty,HC+PC,1102,COLGATE,163,COLGATE
45933,CCGCF120X48,Colgate Charcoal Gent Cln Fluoride120x48,114,Personal Care & Beauty,HC+PC,1102,COLGATE,163,COLGATE
45935,TPCFTA140G,Colgate Flouride Tp Triple Action 140gmx72,114,Personal Care & Beauty,HC+PC,1102,COLGATE,163,COLGATE
45907,CGMCP35G,Colgate Maximum Cavity Protection Toothpaste 35g X6 X 12,114,Personal Care & Beauty,HC+PC,1102,COLGATE,163,COLGATE
45779,CHNT130X72,Colgate Herbal Natural Toothpaste 130g  X 72,114,Personal Care & Beauty,HC+PC,1102,COLGATE,163,COLGATE
45241,TBECT12,Ctbm Extra Clean Tooth Brush (1x12) Tray ,114,Personal Care & Beauty,HC+PC,1102,COLGATE,163,COLGATE
53205,CFTA140GX1,Colgate Flouride Tp Triple Action 140gm X 1,114,Personal Care & Beauty,HC+PC,1102,COLGATE,163,COLGATE
19745,TBCDT72,Ctbm Classic Dclean M Tray 12 Amed*72,114,Personal Care & Beauty,HC+PC,1102,COLGATE,163,COLGATE
19746,TBDA120,Colgate Ctbm Double Action M 1pk Amed 1x120,114,Personal Care & Beauty,HC+PC,1102,COLGATE,163,COLGATE
19747,TBHDC144,Toothbrush Hanger Deep Clean,114,Personal Care & Beauty,HC+PC,1102,COLGATE,163,COLGATE
19749,TBZZ120,Colgate Ctbm Zig Zag M 1pk Amed 1x120,114,Personal Care & Beauty,HC+PC,1102,COLGATE,163,COLGATE
19750,TPCBG140,Colgate Maximum Cavity Protection Icy Mint Gel Toothpaste,114,Personal Care & Beauty,HC+PC,1102,COLGATE,163,COLGATE
19751,TPDCP140,Colgate Maximum Cavity Protection Toothpaste 140g X 6 X 12,114,Personal Care & Beauty,HC+PC,1102,COLGATE,163,COLGATE
19752,TPHRB140,Colgate Herbal Toothpaste 140g X 72,114,Personal Care & Beauty,HC+PC,1102,COLGATE,163,COLGATE
19753,TPMFG130,Colgate Max Fresh Clean Mint Toothpaste 130g X 48,114,Personal Care & Beauty,HC+PC,1102,COLGATE,163,COLGATE
19754,TPMFR130,Colgate Max Fresh Spicy Fresh Toothpaste 130g X 72,114,Personal Care & Beauty,HC+PC,1102,COLGATE,163,COLGATE
19755,TPSAN100,Colgate Sugar Acid Neutralizer Toothpaste 100ml X 4 X 12,114,Personal Care & Beauty,HC+PC,1102,COLGATE,163,COLGATE
23660,TPSMFG11PCK24,Sample Roll -colgate Max Fresh - Mint Toothpaste 11g X 12pc,114,Personal Care & Beauty,HC+PC,1102,COLGATE,163,COLGATE
23532,TBOW72PCK6,Colgate 360 Optic White Toothbrush Pack Size  X 12,114,Personal Care & Beauty,HC+PC,1102,COLGATE,163,COLGATE
23533,TPMFG130PCK4,Colgate Max Fresh Clean Mint 130g Pack Size X 12,114,Personal Care & Beauty,HC+PC,1102,COLGATE,163,COLGATE
23534,TPOWT075PCK4,Colgate Optic White Toothpaste 75ml Pack Size X 12,114,Personal Care & Beauty,HC+PC,1102,COLGATE,163,COLGATE
23535,TPSPR75PCK4,Colgate Sensitive Pro-relief 75ml Pack Size X 12,114,Personal Care & Beauty,HC+PC,1102,COLGATE,163,COLGATE
23536,TPCSPR48PCK4,Colgate Sen Pro-relief (instant Relief) 75ml Pack Size X 12,114,Personal Care & Beauty,HC+PC,1102,COLGATE,163,COLGATE
23537,TPSAN100PCK4,Colgate Max Cavi Pro Plus Sugar Acid N 100ml Pack Size X 12,114,Personal Care & Beauty,HC+PC,1102,COLGATE,163,COLGATE
23538,TPAW48PCK4,Colgate Total 12 Advanced Whitening 75ml Pack Size X 12,114,Personal Care & Beauty,HC+PC,1102,COLGATE,163,COLGATE
23539,TPTCM48PCK4,Colgate Total 75ml Clean Mint Pack Size X 12,114,Personal Care & Beauty,HC+PC,1102,COLGATE,163,COLGATE
23540,TBCDT72PCK6,Ctbm Classic Dclean M Tray Pack Size X 12,114,Personal Care & Beauty,HC+PC,1102,COLGATE,163,COLGATE
23541,TPMCP70PCK12,Colgate Maximum Cavity Protection 70gm Pack X 12,114,Personal Care & Beauty,HC+PC,1102,COLGATE,163,COLGATE
23542,TPBF50PCK12,Colgate 2-5 Yrs Bubble Fruit 50ml Pack Size X 12,114,Personal Care & Beauty,HC+PC,1102,COLGATE,163,COLGATE
23543,TBAC144PCK12,Colgate Anticavity Toothbrush Pack Size X 12,114,Personal Care & Beauty,HC+PC,1102,COLGATE,163,COLGATE
23544,TBDA120PCK10,Colgate Ctbm Double Action Pack Size X 12,114,Personal Care & Beauty,HC+PC,1102,COLGATE,163,COLGATE
23545,TPHRB140PCK6,Colgate Herbal Toothpaste 140g Pack Size X 12,114,Personal Care & Beauty,HC+PC,1102,COLGATE,163,COLGATE
23546,TPMFR130PCK4,Colgate Max Fresh Spicy Fresh 130g Pack Size X 12,114,Personal Care & Beauty,HC+PC,1102,COLGATE,163,COLGATE
23547,TPMFR30PCK16,Colgate Max Fresh Spicy Fresh 30gm Pack Size X 12,114,Personal Care & Beauty,HC+PC,1102,COLGATE,163,COLGATE
23548,TPMFB125PCK6,Colgate Maxfresh Coolmint Blue 125g Pack Size X 12,114,Personal Care & Beauty,HC+PC,1102,COLGATE,163,COLGATE
23549,MWSM250PCK4,Colgate Plax Soft Mint 250ml Pack Size X,114,Personal Care & Beauty,HC+PC,1102,COLGATE,163,COLGATE
23550,MWSM500PCK2,Colgate Plax Soft Mint 500ml Pack Size X,114,Personal Care & Beauty,HC+PC,1102,COLGATE,163,COLGATE
23551,TBHDC144PCK12,Colgate Toothbrush Hanger Deep Clean Pack Size X 12,114,Personal Care & Beauty,HC+PC,1102,COLGATE,163,COLGATE
23762,TBAC144,Colgate Anticavity Toothbrush X 144 ,114,Personal Care & Beauty,HC+PC,1102,COLGATE,163,COLGATE
23763,TPMCP70,Colgate Maximum Cavity Protection 70g X 12 X 12 ,114,Personal Care & Beauty,HC+PC,1102,COLGATE,163,COLGATE
23764,TPSMCP12,Colgate Maximum Cavity Protection Sachet 12g X 24 X 12 ,114,Personal Care & Beauty,HC+PC,1102,COLGATE,163,COLGATE
23329,TPMFR30,Colgate Max Fresh Spicy Fresh 30g X 192,114,Personal Care & Beauty,HC+PC,1102,COLGATE,163,COLGATE
32371,36TPHRB130PK6,Colgate Herbal 130g Pack Size  X,114,Personal Care & Beauty,HC+PC,1102,COLGATE,163,COLGATE
32372,TP36MFR130PK6,Colgate Max Fresh Spicy Fresh Toothpaste 130g Pack Size,114,Personal Care & Beauty,HC+PC,1102,COLGATE,163,COLGATE
32373,36TPMFG130PK6,Colgate Max Fresh Clean Mint 130g Pack Size,114,Personal Care & Beauty,HC+PC,1102,COLGATE,163,COLGATE
32375,TPDCP140PK6,Colgate Max Cavity Protection Toothpaste 140g Pack Size 6,114,Personal Care & Beauty,HC+PC,1102,COLGATE,163,COLGATE
32376,TPMCP35PK12,Maximum Cavity Protection 35gm Pack Size X,114,Personal Care & Beauty,HC+PC,1102,COLGATE,163,COLGATE
30850,48TPMCP70,Colgate Maximum Cavity Protection 70g X 4 X 12,114,Personal Care & Beauty,HC+PC,1102,COLGATE,163,COLGATE
30851,TM36MFR130,Colgate Max Fresh Clean Mint 130g X 6 X 12,114,Personal Care & Beauty,HC+PC,1102,COLGATE,163,COLGATE
30852,TP36MFG130,Colgate Max Fresh Spicy Fresh 130g X 6 X,114,Personal Care & Beauty,HC+PC,1102,COLGATE,163,COLGATE
30855,TPSMFG11NEW,Colgate Max Fresh Spicy Fresh 11 Gm X 26 X 10,114,Personal Care & Beauty,HC+PC,1102,COLGATE,163,COLGATE
37693,36TPHRB130,Colgate Herbal 130g Pack Size  X 36,114,Personal Care & Beauty,HC+PC,1102,COLGATE,163,COLGATE
37694,36TPMFG130,Colgate Max Fresh Clean Mint 130g X 36,114,Personal Care & Beauty,HC+PC,1102,COLGATE,163,COLGATE
37695,TP36MFR130,Colgate Max Fresh Spicy Fresh Toothpaste 130g X 36,114,Personal Care & Beauty,HC+PC,1102,COLGATE,163,COLGATE
37696,TPSMCP9,Colgate Maximum Cavity Protection Sachet 12g X 260,114,Personal Care & Beauty,HC+PC,1102,COLGATE,163,COLGATE
37697,36TPDCP130,Colgate Maximum Cavity Protection 130g X 36,114,Personal Care & Beauty,HC+PC,1102,COLGATE,163,COLGATE
42984,TPDCP130,Colgate Maximum Cavity Protection Toothpaste 130gx6  X 12,114,Personal Care & Beauty,HC+PC,1102,COLGATE,163,COLGATE
42985,72TPHRB130,Colgate Herbal Toothpaste 130g  X 72,114,Personal Care & Beauty,HC+PC,1102,COLGATE,163,COLGATE
23008,TPSMFG11,Colgate Max Fresh Clean Mint Toothpaste 11g X 24 X 12,114,Personal Care & Beauty,HC+PC,1102,COLGATE,163,COLGATE
23009,TPDCP12GM,Colgate Maximum Cavity Protection Toothpaste 12g X 24 X 12,114,Personal Care & Beauty,HC+PC,1102,COLGATE,163,COLGATE
22937,TPDCP140PKS,Colgate Maxi Cavity Pro Icy Mint Gel Toothpaste Pack Size,114,Personal Care & Beauty,HC+PC,1102,COLGATE,163,COLGATE
22938,TPCBG140PKS,Colgate Maximum Cavity Protection Toothpaste 140g Pack Size,114,Personal Care & Beauty,HC+PC,1102,COLGATE,163,COLGATE
21327,TPOWSW75,Colgate Optic White( Sparkling White)75ml,114,Personal Care & Beauty,HC+PC,1102,COLGATE,163,COLGATE
20975,TPSMFR11,Colgate Max Fresh Spicy Fresh 11 Gm Sachet,114,Personal Care & Beauty,HC+PC,1102,COLGATE,163,COLGATE
20971,TPHRB154,Colgate Herbal 154g X 6 X 12,114,Personal Care & Beauty,HC+PC,1102,COLGATE,163,COLGATE
20972,TPSS75,Colgate Sensitive Sensifoam 75ml X 4 X 12,114,Personal Care & Beauty,HC+PC,1102,COLGATE,163,COLGATE
20951,TPCSPR48,Colgate Sensitive Pro-relief 75ml(4x12)(instant Relief),114,Personal Care & Beauty,HC+PC,1102,COLGATE,163,COLGATE
20959,MWOW500,Plax Optic White Mouthwash 500ml X 12,114,Personal Care & Beauty,HC+PC,1102,COLGATE,163,COLGATE
20937,TPCTCM75,Colgate Total Clean Mint Toothpaste 130g X 48,114,Personal Care & Beauty,HC+PC,1102,COLGATE,163,COLGATE
20938,TBKTB072,Kids Toothbrush,114,Personal Care & Beauty,HC+PC,1102,COLGATE,163,COLGATE
20909,TBKV72,Kids Value 1x72 Age 2+ (6x12) Extra Soft Toothbrush,114,Personal Care & Beauty,HC+PC,1102,COLGATE,163,COLGATE
20910,TPSPR75,Colgate Sensitive Pro-relief Toothpaste 75ml X 4 X 12,114,Personal Care & Beauty,HC+PC,1102,COLGATE,163,COLGATE
20911,MWOW250,Plax Optic White Mouthwash 250ml X 4 X,114,Personal Care & Beauty,HC+PC,1102,COLGATE,163,COLGATE
20890,TBECT120,Ctbm Extra Clean Toothbrush (10x12) Tray,114,Personal Care & Beauty,HC+PC,1102,COLGATE,163,COLGATE
20891,TPAW48,Colgate Total 12 Advanced Whitening (4x12) 75ml,114,Personal Care & Beauty,HC+PC,1102,COLGATE,163,COLGATE
20875,TPOWT075,Optic White Toothpaste 75ml,114,Personal Care & Beauty,HC+PC,1102,COLGATE,163,COLGATE
20870,TBOW72,Colgate 360 Optic White Toothbrush X 72,114,Personal Care & Beauty,HC+PC,1102,COLGATE,163,COLGATE
20863,TPMFB125,Colgate Maxfresh Coolmint Blue Toothpaste 125g X 72,114,Personal Care & Beauty,HC+PC,1102,COLGATE,163,COLGATE
20842,TBZZ108,Colgate Zigzag Plus (18x6) 108units,114,Personal Care & Beauty,HC+PC,1102,COLGATE,163,COLGATE
20843,TBSA144,Ctbm Double Action Toothbrush 6 12x2) 144 Units Tray,114,Personal Care & Beauty,HC+PC,1102,COLGATE,163,COLGATE
20827,TPAW75,Colgate Total 12 Advanced Whitening 75ml X 8 X 12,114,Personal Care & Beauty,HC+PC,1102,COLGATE,163,COLGATE
20828,TPBF50,Colgate 2-5 Yrs Bubble Fruit 50ml (12x12),114,Personal Care & Beauty,HC+PC,1102,COLGATE,163,COLGATE
20821,TPTCM48,Colgate Total Clean Mint Toothpaste 75mlx4x12,114,Personal Care & Beauty,HC+PC,1102,COLGATE,163,COLGATE
20597,MWSM250,Plax Soft Mint Mouthwash 250ml X 24,114,Personal Care & Beauty,HC+PC,1102,COLGATE,163,COLGATE
20598,MWSM500,Plax Soft Mint Mouthwash 500ml X 12,114,Personal Care & Beauty,HC+PC,1102,COLGATE,163,COLGATE
42619,PPP006,Power Pasta Twist 475g  X 20,130,Pasta,Food,1175,POWER PASTA,164,DUFIL
30825,PPP003SX10,Power Pasta  Regular 475g X 10,130,Pasta,Food,1175,POWER PASTA,164,DUFIL
20425,PPP003S,Power Pasta  Regular Shrink Wrap 475g X 20,130,Pasta,Food,1175,POWER PASTA,164,DUFIL
24087,PPP003x10,Power Pasta Regular 475g X 10,130,Pasta,Food,1175,POWER PASTA,164,DUFIL
20930,PPP002S,Power Pasta  Slim 1/20 475 Gm_shrink Wrap,130,Pasta,Food,1175,POWER PASTA,164,DUFIL
24085,PPP002x10,Power Pasta Slim 475g X 10,130,Pasta,Food,1175,POWER PASTA,164,DUFIL
20873,PPP003,Power Pasta  Regular 475g X 20,130,Pasta,Food,1175,POWER PASTA,164,DUFIL
19708,PPP002,Power Pasta  Slim 475g X 20,130,Pasta,Food,1175,POWER PASTA,164,DUFIL
54334,KNOCHI8GX50X14,Knorr Chicken Cubes 8g X 50 X 14,117,Seasoning cubes & Spices,Food,1938,Knorr,24,UNILEVER
45239,KNBF8GX50X14,Knorr Beef Cubes 8g X 50  X 14,117,Seasoning cubes & Spices,Food,1938,Knorr,24,UNILEVER
45749,KNBEBUPA2,Knorr Beef Bulk Pack 2kg X 3,117,Seasoning cubes & Spices,Food,1938,Knorr,24,UNILEVER
44776,KNCC08G48,Knorr Chicken Cubes 8g X 48 X 14 ,117,Seasoning cubes & Spices,Food,1938,Knorr,24,UNILEVER
43322,KNBC008G40,Knorr Beef Cubes 8g X 40 X 17,117,Seasoning cubes & Spices,Food,1938,Knorr,24,UNILEVER
43300,KNCC008G40,Knorr Chicken Cubes 8g X 40 X 17,117,Seasoning cubes & Spices,Food,1938,Knorr,24,UNILEVER
44409,KNCC08G40,Knorr Chicken Cubes 8g X 40 X 17,117,Seasoning cubes & Spices,Food,1938,Knorr,24,UNILEVER
44507,KNBEEFCB8G,Knorr Beef Cubes 8g X 40  X 17,117,Seasoning cubes & Spices,Food,1938,Knorr,24,UNILEVER
23744,KNCSP12G,Knorr Chicken Seasoning Powder 12g X 10 X 21,117,Seasoning cubes & Spices,Food,1938,Knorr,24,UNILEVER
22386,KNBC12G,Knorr Beef Seasoning 12g X 21 X 10,117,Seasoning cubes & Spices,Food,1938,Knorr,24,UNILEVER
21917,KNBC008,Knorr Beef Cubes 8g X 50 X 17,117,Seasoning cubes & Spices,Food,1938,Knorr,24,UNILEVER
21918,KNCC008,Knorr Chicken Cubes 8g X 50 X 17,117,Seasoning cubes & Spices,Food,1938,Knorr,24,UNILEVER
24946,KNBSEA400G,Knorr Seasoning Beef Cube 400g X 16,117,Seasoning cubes & Spices,Food,1938,Knorr,24,UNILEVER
24947,KNCHSEA400G,Knorr Seasoning Chicken Cube 400g X 16,117,Seasoning cubes & Spices,Food,1938,Knorr,24,UNILEVER
24988,KNCC008x8,Knorr Chicken Cubes 8g X 50 X,117,Seasoning cubes & Spices,Food,1938,Knorr,24,UNILEVER
25004,KNBC008x8,Knorr Beef Cubes 8g X 50 X,117,Seasoning cubes & Spices,Food,1938,Knorr,24,UNILEVER
25416,KNOCHP8G,Knorr Chicken Chappel  Sachet 8g X40x12,117,Seasoning cubes & Spices,Food,1938,Knorr,24,UNILEVER
30460,KNCHKNAT20X25X8G,Knorr Chicken Natural 8g X 20 X 25,117,Seasoning cubes & Spices,Food,1938,Knorr,24,UNILEVER
30461,KNBEFNAT20X25X8G,Knorr Beef Natural 8g X 20 X 25,117,Seasoning cubes & Spices,Food,1938,Knorr,24,UNILEVER
30462,KNCHKFORT16X40X8G,Knorr Chicken Forti Cubes 8g X 16 X 40,117,Seasoning cubes & Spices,Food,1938,Knorr,24,UNILEVER
30463,KNBEFFORTCUB16X40X8G,Knorr Beef Forti Cubes 8g X 16 X 40,117,Seasoning cubes & Spices,Food,1938,Knorr,24,UNILEVER
30464,KNBEFFOR40X12X8G,Knorr Beef Forti 8g X 40 X 12,117,Seasoning cubes & Spices,Food,1938,Knorr,24,UNILEVER
30465,KNCHKFORTI40X12X8G,Knorr Chicken Forti 8g X 40 X 12,117,Seasoning cubes & Spices,Food,1938,Knorr,24,UNILEVER
30466,KNCHKSLE40X25X4G,Knorr Chicken Sle 4g X 40 X 25,117,Seasoning cubes & Spices,Food,1938,Knorr,24,UNILEVER
30467,KNCHIFORTI6X800G,Knorr Chicken Powder Forti 800g X,117,Seasoning cubes & Spices,Food,1938,Knorr,24,UNILEVER
30468,KNORR BEEF BULK PACK,Knorr Beef Bulk Pack 2kg X,117,Seasoning cubes & Spices,Food,1938,Knorr,24,UNILEVER
30469,KNCHKFORTI12X400G,Knorr Chicken Powder Forti 400g X 12,117,Seasoning cubes & Spices,Food,1938,Knorr,24,UNILEVER
30470,KNCHKSEAS21X10X12G,Knorr Chicken Seasoning 12g X 21 X 10,117,Seasoning cubes & Spices,Food,1938,Knorr,24,UNILEVER
30471,KNCHKBULPA3X2KG,Knorr Chicken Bulk Pack 2kg X,117,Seasoning cubes & Spices,Food,1938,Knorr,24,UNILEVER
30472,KNCHKSLE3X500X4G,Knorr Chicken Sle 4g X 3 X 500,117,Seasoning cubes & Spices,Food,1938,Knorr,24,UNILEVER
30309,KNCC008G,Knorr Chicken Cubes 8g X 45 X 17,117,Seasoning cubes & Spices,Food,1938,Knorr,24,UNILEVER
30310,Knorr Beef Cubes 8g,Knorr Beef Cubes 8g X 45 X 17,117,Seasoning cubes & Spices,Food,1938,Knorr,24,UNILEVER
30325,KNBC008G,Knorr Beef Cubes 8g X 45 X 17,117,Seasoning cubes & Spices,Food,1938,Knorr,24,UNILEVER
31126,KNBEEFCUB20X20X8GPRO,Knorr Beef Cubes 8g X 20 X 20 Promo,117,Seasoning cubes & Spices,Food,1938,Knorr,24,UNILEVER
31264,KNCHKCUB20X20X8GPROM,Knorr Chicken Cubes 8g X 20 X 20 Promo,117,Seasoning cubes & Spices,Food,1938,Knorr,24,UNILEVER
37790,KNCC008GPROMO,Knorr Chicken Cubes 8g X 45 X 17 + 2 Free Annapurna,117,Seasoning cubes & Spices,Food,1938,Knorr,24,UNILEVER
31170,KNCHICB20X20X8GPROMO,Knorr Chicken Cubes 8g X 20 X 20,117,Seasoning cubes & Spices,Food,1938,Knorr,24,UNILEVER
30822,PBMC065GX36,Pure Bliss Milk Cookies 65g X 36,101,Biscuits & Sweets,Food,1939,Pure Bliss,7,OK FOODS
37807,PBMC050G,Pure Bliss Milk Cookies 50g  X 72,101,Biscuits & Sweets,Food,1939,Pure Bliss,7,OK FOODS
37808,PBMW030G,Pure Bliss Milk Cream Wafer 30g  X 72,101,Biscuits & Sweets,Food,1939,Pure Bliss,7,OK FOODS
37809,CHKDECHOCO32G,Chak De Choco Wafer 32g   X 48,101,Biscuits & Sweets,Food,1939,Pure Bliss,7,OK FOODS
37810,CHKDETIGAPP32G,Chak De Tigernuts Apple Wafer 32g  X 48,101,Biscuits & Sweets,Food,1939,Pure Bliss,7,OK FOODS
42530,PBMC27G,Pure Bliss Mini Cookies 27g X 48,101,Biscuits & Sweets,Food,1939,Pure Bliss,7,OK FOODS
42532,PBCHCOO27G,Pure Bliss Choco Cookies 27g X 48,101,Biscuits & Sweets,Food,1939,Pure Bliss,7,OK FOODS
25798,PBMCOO35G,Pure Bliss Milk Cookies 35g X 36,101,Biscuits & Sweets,Food,1939,Pure Bliss,7,OK FOODS
25799,PBMCOO70G,Pure Bliss Milk Cookies 70g X 36,101,Biscuits & Sweets,Food,1939,Pure Bliss,7,OK FOODS
25858,PBMC060G,Pure Bliss Milk Cookies 60g X 72,101,Biscuits & Sweets,Food,1939,Pure Bliss,7,OK FOODS
26193,PBW24G,Pure Bliss Wafers 24g  X 48,101,Biscuits & Sweets,Food,1939,Pure Bliss,7,OK FOODS
26194,PBC35G,Pure Bliss Cookies 35g  X 48,101,Biscuits & Sweets,Food,1939,Pure Bliss,7,OK FOODS
23570,PBMW24G,Pure Bliss Mini Wafer 24g X 48,101,Biscuits & Sweets,Food,1939,Pure Bliss,7,OK FOODS
23733,PBSC064G,Pure Bliss Strawberry Cookies 64g X 72,101,Biscuits & Sweets,Food,1939,Pure Bliss,7,OK FOODS
23180,PBMC42G,Pure Bliss Mini Cookies 42g X 24,101,Biscuits & Sweets,Food,1939,Pure Bliss,7,OK FOODS
23385,PBSWW40G,Pure Bliss Strawberry Wafer 40g X 48,101,Biscuits & Sweets,Food,1939,Pure Bliss,7,OK FOODS
23312,PBSTRAW045Gx48,Pure Bliss Strawberry Wafer 45g X 48,101,Biscuits & Sweets,Food,1939,Pure Bliss,7,OK FOODS
23163,PBCW40G,Pure Bliss Chocolate Wafer 40g X 48,101,Biscuits & Sweets,Food,1939,Pure Bliss,7,OK FOODS
23287,PBMC070G,Pure Bliss Milk Cookies 70g X 72,101,Biscuits & Sweets,Food,1939,Pure Bliss,7,OK FOODS
23288,PMBW040G,Pure Bliss Milk Cream Wafer 40g X 72,101,Biscuits & Sweets,Food,1939,Pure Bliss,7,OK FOODS
21919,PBMC075,Pure Bliss Milk Cookies 75g X 72,101,Biscuits & Sweets,Food,1939,Pure Bliss,7,OK FOODS
21920,PBMW045G,Pure Bliss Milk Cream Wafer 45g X 72,101,Biscuits & Sweets,Food,1939,Pure Bliss,7,OK FOODS
21921,PBSC070G,Pure Bliss Strawberry Cookies 70g X 72,101,Biscuits & Sweets,Food,1939,Pure Bliss,7,OK FOODS
23999,PBMC065G,Pure Bliss Milk Cookies 65g X 72,101,Biscuits & Sweets,Food,1939,Pure Bliss,7,OK FOODS
25182,PBSTRAW045Gx72,Pure Bliss Strawberry Cream Wafer 45 X 72,101,Biscuits & Sweets,Food,1939,Pure Bliss,7,OK FOODS
25183,PBC36G,Pure Bliss Cookies 36g X 36,101,Biscuits & Sweets,Food,1939,Pure Bliss,7,OK FOODS
25184,PBMC042,Pure Bliss Milk Cookies 42 X 24,101,Biscuits & Sweets,Food,1939,Pure Bliss,7,OK FOODS
45382,PURMLKWAF17G,Pure Bliss Milk Cream Wafer 17g X 48,101,Biscuits & Sweets,Food,1939,Pure Bliss,7,OK FOODS
45386,PURBMLKCKS11G,Pure Bliss Milk Cookies 11g X 48 ,101,Biscuits & Sweets,Food,1939,Pure Bliss,7,OK FOODS
45388,PURBCHOCCKS11G,Pure Bliss Choco Cookies 11g X 48 ,101,Biscuits & Sweets,Food,1939,Pure Bliss,7,OK FOODS
45390,PURBMLKCRWFS21G,Pure Bliss Milk Cream Wafers 21g X 72 ,101,Biscuits & Sweets,Food,1939,Pure Bliss,7,OK FOODS
45392,PURBMLKCRWFS28,Pure Bliss Milk Cookies 28.5g X 72 ,101,Biscuits & Sweets,Food,1939,Pure Bliss,7,OK FOODS
45897,PBCW30GX48,Pure Bliss Chocolate Wafers 30g X 48,123,"Snacks, Sweets & Wafers",Food,1939,Pure Bliss,7,OK FOODS
44545,GINJUBTO50G,Gino Jumbo Tomato 50g X 50,105,Condiments,Food,1940,Gino,40,GB FOODS
44537,GINTOP55G,Gino Tomato Paste 55g X 50,105,Condiments,Food,1940,Gino,40,GB FOODS
44539,GINPJFTSM50G,Gino Magic Pepper & Onion Tomato Mix Sachet 50g  X 50,105,Condiments,Food,1940,Gino,40,GB FOODS
44541,GINOPRTJF50G,Gino Party Jollof Tomato Seasoning Mix 50g  X 50,105,Condiments,Food,1940,Gino,40,GB FOODS
30300,GNTP060,Gino Tomato Paste 60g  X 50,105,Condiments,Food,1940,Gino,40,GB FOODS
26629,GNPAJO65G,Gino Party Jollof Tomato Seasoning Mix 65g  X 50,105,Condiments,Food,1940,Gino,40,GB FOODS
26695,GNPONP65GX25BB,Gino Magic Pepper & Onion Tomato Mix Sachet 65g X 25,105,Condiments,Food,1940,Gino,40,GB FOODS
26696,GINOCHIC4Gx30BB,Gino Max Chicken Flavour Cube 4g X 30,117,Seasoning cubes & Spices,Food,1940,Gino,40,GB FOODS
25565,GNPONP60G,Gino Magic Pepper & Onion Tomato Mix Sachet 60g X 50,105,Condiments,Food,1940,Gino,40,GB FOODS
25102,GINOBEEF5G,Gino Max Beef  Flavour Cube 5g X 25 X 40,117,Seasoning cubes & Spices,Food,1940,Gino,40,GB FOODS
25103,GINOCHIC4G,Gino Max Chicken  Flavour Cube 4g X 20 X 60,117,Seasoning cubes & Spices,Food,1940,Gino,40,GB FOODS
25227,GINOCHIC4Gx60,Gino Max Chicken Flavour Cube 4g × 60,117,Seasoning cubes & Spices,Food,1940,Gino,40,GB FOODS
25228,GINOBEEF5Gx60,Gino Max Beef Flavour Seasoning Sachet 5g × 60,117,Seasoning cubes & Spices,Food,1940,Gino,40,GB FOODS
23969,GNPONP65G,Gino Magic Pepper & Onion Tomato Mix Sachet 65g X 50,105,Condiments,Food,1940,Gino,40,GB FOODS
23970,GNPTIN2200G,Gino Tomato Paste Tin 2200g X,117,Seasoning cubes & Spices,Food,1940,Gino,40,GB FOODS
23971,GNPTIN400G,Gino Tomato Paste Tin 400g X 24,117,Seasoning cubes & Spices,Food,1940,Gino,40,GB FOODS
23972,GNSTHYMSAC3G,Gino Thyme Sachet 3g X 210,117,Seasoning cubes & Spices,Food,1940,Gino,40,GB FOODS
23973,GNSCURYSAC4G,Gino Curry Powder Sachet 4g X 200,117,Seasoning cubes & Spices,Food,1940,Gino,40,GB FOODS
22686,GINMABECUB5G,Gino Max Beef + Spice Flavour Cube 5g X 10 X 100,117,Seasoning cubes & Spices,Food,1940,Gino,40,GB FOODS
22687,GINMACHNCUB5G,Gino Max Chicken + Spice Flavour Cube 5g X 10 X 100,117,Seasoning cubes & Spices,Food,1940,Gino,40,GB FOODS
21923,GNTP065,Gino Tomato Paste 65g X 50,105,Condiments,Food,1940,Gino,40,GB FOODS
37800,GNPONP55G,Gino Magic Pepper & Onion Tomato Mix Sachet 55g  X 50,105,Condiments,Food,1940,Gino,40,GB FOODS
24928,GNPTIN210G,Gino Tomato Paste Tin 210g X 48,117,Seasoning cubes & Spices,Food,1940,Gino,40,GB FOODS
26012,COKEPET1LTR,Coca-cola Pet Bottle 1l X 12,106,Drinks,Beverages,1941,Coca Cola,25,NIGERIAN BOTTLING COMPANY
25562,SOLOPB35CL,Solo Pet Bottle 35cl X 24pcs,106,Drinks,Beverages,1941,Coca Cola,25,NIGERIAN BOTTLING COMPANY
23987,COKE35CL,Coca Cola Pet Bottle 35cl X 12,106,Drinks,Beverages,1941,Coca Cola,25,NIGERIAN BOTTLING COMPANY
24097,COKE50CLx6,Coca Cola Pet Bottle 50cl X,106,Drinks,Beverages,1941,Coca Cola,25,NIGERIAN BOTTLING COMPANY
25013,COKECAN33CL,Coke Can 33cl X 24,106,Drinks,Beverages,1941,Coca Cola,25,NIGERIAN BOTTLING COMPANY
25014,COKECANZ33CL,Coke Can Zero 33cl X 24,106,Drinks,Beverages,1941,Coca Cola,25,NIGERIAN BOTTLING COMPANY
25015,FANCAN33CL,Fanta Can 33cl X 24,106,Drinks,Beverages,1941,Coca Cola,25,NIGERIAN BOTTLING COMPANY
25016,SPRICAN33CL,Sprite Can 33cl X 24,106,Drinks,Beverages,1941,Coca Cola,25,NIGERIAN BOTTLING COMPANY
24992,COKE35CLx6,Coca Cola Pet Bottle 35cl X,106,Drinks,Beverages,1941,Coca Cola,25,NIGERIAN BOTTLING COMPANY
21924,COKE50CL,Coca Cola Pet Bottle 50cl X 12,106,Drinks,Beverages,1941,Coca Cola,25,NIGERIAN BOTTLING COMPANY
22441,CCPB1L,Coca-cola Pet Bottle 1l X 12,106,Drinks,Beverages,1941,Coca Cola,25,NIGERIAN BOTTLING COMPANY
22445,CCZPB60CL,Coca-cola Zero Pet Bottle 60cl X 12,106,Drinks,Beverages,1941,Coca Cola,25,NIGERIAN BOTTLING COMPANY
23058,CCOKE60CL,Coca Cola Pet Bottle 60cl X 12,106,Drinks,Beverages,1941,Coca Cola,25,NIGERIAN BOTTLING COMPANY
44733,CCCAN33CL,Zero Coke Can 33cl X 24,106,Drinks,Beverages,1941,Coca Cola,25,NIGERIAN BOTTLING COMPANY
44735,ZERCOK33CL,Zero Can Coke 33cl X 24,106,Drinks,Beverages,1941,Coca Cola,25,NIGERIAN BOTTLING COMPANY
54340,COCACOLA1L,Coca Cola Pet Bottle 1ltr X 12,106,Drinks,Beverages,1941,Coca Cola,25,NIGERIAN BOTTLING COMPANY
44543,TASTOMT50G,Tasty Tom Tomato 50g  X 50,117,Seasoning cubes & Spices,Food,1942,Tasty Tom,35,OLAM INTERNATIONAL
44723,TATOM55G,Tasty Tom Tomato Mix 55g  X 50,117,Seasoning cubes & Spices,Food,1942,Tasty Tom,35,OLAM INTERNATIONAL
45773,TTTJFMIX210,Tasty Tom Jollof Mix  210g X 24,117,Seasoning cubes & Spices,Food,1942,Tasty Tom,35,OLAM INTERNATIONAL
45717,TITOMIX210,Tasty Tom Tomato Mix 210g X 24,117,Seasoning cubes & Spices,Food,1942,Tasty Tom,35,OLAM INTERNATIONAL
45566,TSTYTOMJLLF55G,Tasty Tom Jollof Mix 55g X 50 ,117,Seasoning cubes & Spices,Food,1942,Tasty Tom,35,OLAM INTERNATIONAL
26600,TSTYTOMJLLF60G,Tasty Tom Jollof Mix 60g  X 50,105,Condiments,Food,1942,Tasty Tom,35,OLAM INTERNATIONAL
26513,TTTP071.5G,Tasty Tom Tomato Mix 71.5g X 50,117,Seasoning cubes & Spices,Food,1942,Tasty Tom,35,OLAM INTERNATIONAL
26554,TTTP060G,Tasty Tom Tomato Mix 60g  X 50,105,Condiments,Food,1942,Tasty Tom,35,OLAM INTERNATIONAL
26721,TSTYTOMJLLF60GX25BB,Tasty Tom Jollof Mix 60g  X 25,117,Seasoning cubes & Spices,Food,1942,Tasty Tom,35,OLAM INTERNATIONAL
26722,TTTP065GX25BB,Tasty Tom Tomato Mix 65g X 25,117,Seasoning cubes & Spices,Food,1942,Tasty Tom,35,OLAM INTERNATIONAL
24436,TTCHPEPPERS120G,Tasty Tom Cherie Chicken Peppersoup Noodles 120g X 40,129,Noodles,Food,1942,Tasty Tom,35,OLAM INTERNATIONAL
24437,TTSUCHIC100G,Tasty Tom Supa Chicken Noodles 100g X 40,129,Noodles,Food,1942,Tasty Tom,35,OLAM INTERNATIONAL
24438,TTSUCHIC70G,Tasty Tom Supa Chicken Noodles 70g X 40,129,Noodles,Food,1942,Tasty Tom,35,OLAM INTERNATIONAL
24289,TTJFCHKNO120G,Tasty Tom Jollof Noodles 120g X 40,129,Noodles,Food,1942,Tasty Tom,35,OLAM INTERNATIONAL
24290,TTJFCHKNO100G,Tasty Tom Jollof Noodles 100g X 40 ,129,Noodles,Food,1942,Tasty Tom,35,OLAM INTERNATIONAL
23139,TTTO MIX 210g,Tasty Tom Tomato Mix 210g X 24,117,Seasoning cubes & Spices,Food,1942,Tasty Tom,35,OLAM INTERNATIONAL
23140,TTTJF MIX 210g,Tasty Tom Jollof Mix  210g,105,Condiments,Food,1942,Tasty Tom,35,OLAM INTERNATIONAL
23715,TTTP065G,Tasty Tom Tomato Mix 65g X 50,117,Seasoning cubes & Spices,Food,1942,Tasty Tom,35,OLAM INTERNATIONAL
22294,TSTYTOMJLLF70G,Tasty Tom Jollof Mix 70g X 50,105,Condiments,Food,1942,Tasty Tom,35,OLAM INTERNATIONAL
21922,TTTP070,Tasty Tom Tomato Mix 70g X 50,105,Condiments,Food,1942,Tasty Tom,35,OLAM INTERNATIONAL
25191,TTJFCHKNO70G,Tasty Tom Jollof Noodles 70g X40,129,Noodles,Food,1942,Tasty Tom,218,CARAWAY AFRICA NIG LTD
25163,TTTP0400G,Tasty Tom (tomato Paste Mix ) 400g X 24,105,Condiments,Food,1942,Tasty Tom,218,CARAWAY AFRICA NIG LTD
22971,MAGD180G,Magik Detergent 180g X 26,108,Home Care and Laundry,HC+PC,5001,Magik Detergent,51,NOURDM GLOBAL
22972,MAGD80G,Magik Detergent 80g X 48 + 3 Free (51),108,Home Care and Laundry,HC+PC,5001,Magik Detergent,51,NOURDM GLOBAL
22498,MAGD190G,Magik Detergent 190g X 26,108,Home Care and Laundry,HC+PC,5001,Magik Detergent,51,NOURDM GLOBAL
22499,MAGD90G,Magik Detergent 90g X 48 + 3 Free (51),108,Home Care and Laundry,HC+PC,5001,Magik Detergent,51,NOURDM GLOBAL
45864,MAGDET850GX7,Magik Detergent 850g X 7,108,Home Care and Laundry,HC+PC,5001,Magik Detergent,51,NOURDM GLOBAL
45836,MAGDET900GX7,Magik Detergent 900g X 7,108,Home Care and Laundry,HC+PC,5001,Magik Detergent,51,NOURDM GLOBAL
44251,MAGD170G,Magik Detergent 170g  X 26,108,Home Care and Laundry,HC+PC,5001,Magik Detergent,51,NOURDM GLOBAL
44253,MAGD350G,Magik Detergent 350g  X 13,108,Home Care and Laundry,HC+PC,5001,Magik Detergent,51,NOURDM GLOBAL
23676,MW1LTR,Magik Watermelon 1ltr X 10,106,Drinks,Beverages,5002,Magik Juice,180,TNBL
25607,MW215,Magik Watermelon 215ml X 40,106,Drinks,Beverages,5002,Magik Juice,180,TNBL
25026,MO215ML,Magik Orange 215ml X 40,106,Drinks,Beverages,5002,Magik Juice,180,TNBL
25207,MW100ML,Magik (water Melon Drink) 100ml X 24,106,Drinks,Beverages,5002,Magik Juice,180,TNBL
22035,MW100,Magik Watermelon 100ml X 24,106,Drinks,Beverages,5002,Magik Juice,180,TNBL
21652,MM125,Magik Mango 125ml X 24,106,Drinks,Beverages,5002,Magik Juice,180,TNBL
21653,MO125,Magik Orange 125ml X 24,106,Drinks,Beverages,5002,Magik Juice,180,TNBL
21654,MW125,Magik Watermelon 125ml X 24,106,Drinks,Beverages,5002,Magik Juice,180,TNBL
21655,MW225,Magik Watermelon 225ml X 12,106,Drinks,Beverages,5002,Magik Juice,180,TNBL
21656,MO225,Magik Orange 225ml X 12,106,Drinks,Beverages,5002,Magik Juice,180,TNBL
21657,MM225,Magik Mango 225ml X 12,106,Drinks,Beverages,5002,Magik Juice,180,TNBL
21930,MM125-S,Magik Mango With Straw,106,Drinks,Beverages,5002,Magik Juice,180,TNBL
21931,MW125-S,Magik Watermelon With Straw,106,Drinks,Beverages,5002,Magik Juice,180,TNBL
21932,MO125-S,Magik Orange With Straw,106,Drinks,Beverages,5002,Magik Juice,180,TNBL
22032,MM100,Magik Mango 100ml X 24,106,Drinks,Beverages,5002,Magik Juice,180,TNBL
22033,MO100,Magik Orange 100ml X 24,106,Drinks,Beverages,5002,Magik Juice,180,TNBL
23688,HDC2BN,Huggies Drycomfort Diaper Sz2 P52x4,99,Baby Care,HC+PC,5003,Huggies,169,KIMBERLEY CLARK
23689,HDC3BN,Huggies Drycomfort Diaper Sz3 P48x4 ,99,Baby Care,HC+PC,5003,Huggies,169,KIMBERLEY CLARK
23823,HDC3JN,Huggies Drycomfort Diaper Sz3 48x2x1 ,99,Baby Care,HC+PC,5003,Huggies,169,KIMBERLEY CLARK
23824,HDC4JN,Huggies Drycomfort Diaper Sz4 P88x2 ,99,Baby Care,HC+PC,5003,Huggies,169,KIMBERLEY CLARK
23825,HDC5BN,Huggies Drycomfort Diaper Sz5 P40x4 ,99,Baby Care,HC+PC,5003,Huggies,169,KIMBERLEY CLARK
23826,HDC5JN,Huggies Drycomfort Diaper Sz5 P84x2 ,99,Baby Care,HC+PC,5003,Huggies,169,KIMBERLEY CLARK
21040,HDC5SC,Huggies Dry Comfort Size 5 8 X,99,Baby Care,HC+PC,5003,Huggies,169,KIMBERLEY CLARK
21041,HBE3J,Huggies Baby Essentials T2 Size 3 Jumbo Weca (48x2) X,99,Baby Care,HC+PC,5003,Huggies,169,KIMBERLEY CLARK
21042,HNP5B,Huggies Nappy Pants Size 5 (12-17)kg 28 X,99,Baby Care,HC+PC,5003,Huggies,169,KIMBERLEY CLARK
21062,HBE4B,Huggies Baby Essentials Size 4 4 X 40,99,Baby Care,HC+PC,5003,Huggies,169,KIMBERLEY CLARK
21044,HDC3SC,Huggies Dry Comfort Size 3 8 X,99,Baby Care,HC+PC,5003,Huggies,169,KIMBERLEY CLARK
21045,HDC2B,Huggies Dry Comfort Size 2 3 X 38,99,Baby Care,HC+PC,5003,Huggies,169,KIMBERLEY CLARK
21046,HDC4B,Huggies Dry Comfort Size 4 3 X 34,99,Baby Care,HC+PC,5003,Huggies,169,KIMBERLEY CLARK
21047,HBE3B,Huggies Baby Essentials Size 3 4 X 44,99,Baby Care,HC+PC,5003,Huggies,169,KIMBERLEY CLARK
21048,HWUNS56,Huggies Wipes Unscented (56sheets X 12),99,Baby Care,HC+PC,5003,Huggies,169,KIMBERLEY CLARK
21050,HDC4SC,Huggies Dry Comfort Size 4 8 X,99,Baby Care,HC+PC,5003,Huggies,169,KIMBERLEY CLARK
21051,HDC3B,Huggies Dry Comfort Size 3 3 X 36,99,Baby Care,HC+PC,5003,Huggies,169,KIMBERLEY CLARK
21052,HDC5B,Huggies Dry Comfort Size 5 3 X 32,99,Baby Care,HC+PC,5003,Huggies,169,KIMBERLEY CLARK
21053,HBE2J,Huggies Baby Essentials T2 Size 2 Jumbo Weca (50x2) X,99,Baby Care,HC+PC,5003,Huggies,169,KIMBERLEY CLARK
21054,HBE2SC,Huggies Baby Essentials Size 2 10 X 15,99,Baby Care,HC+PC,5003,Huggies,169,KIMBERLEY CLARK
21055,HBE3SC,Huggies Baby Essentials Size 3 10 X 14,99,Baby Care,HC+PC,5003,Huggies,169,KIMBERLEY CLARK
21056,HNP4B,Huggies Nappy Pants S4 (9-14)kg 32 X,99,Baby Care,HC+PC,5003,Huggies,169,KIMBERLEY CLARK
21057,HNP6B,Huggies Nappy Pants S6 (15-25)kg 26 X,99,Baby Care,HC+PC,5003,Huggies,169,KIMBERLEY CLARK
21058,HWAL56,Huggies Wipes Aloe (56sheets X 12),99,Baby Care,HC+PC,5003,Huggies,169,KIMBERLEY CLARK
21065,HDC5J,Huggies Dry Comfort Size 5 2 X 56,99,Baby Care,HC+PC,5003,Huggies,169,KIMBERLEY CLARK
21066,HNP3B,Huggies  Nappy Pants S3 (7-12)kg 36 X,99,Baby Care,HC+PC,5003,Huggies,169,KIMBERLEY CLARK
21068,HDC3J,Huggies Dry Comfort Size 3 2 X 64,99,Baby Care,HC+PC,5003,Huggies,169,KIMBERLEY CLARK
21069,HDC2SC,Huggies Dry Comfort Size 2 8 X 10,99,Baby Care,HC+PC,5003,Huggies,169,KIMBERLEY CLARK
21070,HDC4J,Huggies Dry Comfort Size 4 2 X 60,99,Baby Care,HC+PC,5003,Huggies,169,KIMBERLEY CLARK
21071,HBE2B,Huggies Baby Essentials Size 2 4 X 48,99,Baby Care,HC+PC,5003,Huggies,169,KIMBERLEY CLARK
21074,HDC2J,Huggies Dry Comfort Size 2 2 X 68,99,Baby Care,HC+PC,5003,Huggies,169,KIMBERLEY CLARK
21075,HBE4J,Huggies Baby Essentials Diaper Size 4 88 X,99,Baby Care,HC+PC,5003,Huggies,169,KIMBERLEY CLARK
21076,HBE4SC,Huggies Baby Essentials Size 4 10 X13,99,Baby Care,HC+PC,5003,Huggies,169,KIMBERLEY CLARK
22991,HDC2JN,Huggies Drycomfort Diaper Sz2 50 X 2 X,99,Baby Care,HC+PC,5003,Huggies,169,KIMBERLEY CLARK
22992,HDC4BN,Huggies Drycomfort Diaper Sz4 P44x4,99,Baby Care,HC+PC,5003,Huggies,169,KIMBERLEY CLARK
43398,HBE2BL,Huggies Baby Essentials 2 By 50 X 4,99,Baby Care,HC+PC,5003,Huggies,169,KIMBERLEY CLARK
43400,HBE2JL,Huggies Baby Essentials  2 By 100 X 3,99,Baby Care,HC+PC,5003,Huggies,169,KIMBERLEY CLARK
43402,HDC2JLP_N,Huggies Ultra Comfort 2 By 10 X 10,99,Baby Care,HC+PC,5003,Huggies,169,KIMBERLEY CLARK
43404,HNP2BL_N,Huggies Nappy Pant 2 By 36 X 4,99,Baby Care,HC+PC,5003,Huggies,169,KIMBERLEY CLARK
43406,HNP2JL_N,Huggies Nappy Pant 2 By 68 X 2,99,Baby Care,HC+PC,5003,Huggies,169,KIMBERLEY CLARK
43408,HDC3JLP_N,Huggies Ultra Comfort 2 By 96 X 3,99,Baby Care,HC+PC,5003,Huggies,169,KIMBERLEY CLARK
43410,HDC2JL,Huggies Dry Comfort 2 By 96 X 3,99,Baby Care,HC+PC,5003,Huggies,169,KIMBERLEY CLARK
30673,HNP2SC_10,Huggies Nappy Pants Size  2 Ext 10,99,Baby Care,HC+PC,5003,Huggies,169,KIMBERLEY CLARK
30674,HNP3SC_10,Huggies Nappy Pants Size  3 Ext 10,99,Baby Care,HC+PC,5003,Huggies,169,KIMBERLEY CLARK
30675,HNP4SC_10,Huggies Baby Pants Size 4 Ext 10,99,Baby Care,HC+PC,5003,Huggies,169,KIMBERLEY CLARK
30676,HNP5SC_10,Huggies Baby Pants Size  5 Ext 10,99,Baby Care,HC+PC,5003,Huggies,169,KIMBERLEY CLARK
30677,HNP6SC_10,Huggies Baby Pants Size 6 Ext 10,99,Baby Care,HC+PC,5003,Huggies,169,KIMBERLEY CLARK
30678,HDC2SC_10,Huggies Dry Comfort Size 2  10,99,Baby Care,HC+PC,5003,Huggies,169,KIMBERLEY CLARK
30679,HDC3SC_10,Huggies Dry Comfort Size 3 10,99,Baby Care,HC+PC,5003,Huggies,169,KIMBERLEY CLARK
30680,HDC4SC_10,Huggies Dry Comfort Size 4 10,99,Baby Care,HC+PC,5003,Huggies,169,KIMBERLEY CLARK
30681,HDC5SC_10,Huggies Dry Comfort Size 5  10,99,Baby Care,HC+PC,5003,Huggies,169,KIMBERLEY CLARK
26458,HNP4BL,Huggies Nappy Pants Size 4 B 28  X,99,Baby Care,HC+PC,5003,Huggies,169,KIMBERLEY CLARK
26459,HNP3JL,Huggies Nappy Pants Size 3 J 62 X,99,Baby Care,HC+PC,5003,Huggies,169,KIMBERLEY CLARK
42443,HBE2BL_N,Huggies Baby Essentials Diaper Size 2 B 50  X 4,99,Baby Care,HC+PC,5003,Huggies,169,KIMBERLEY CLARK
42444,HBE3BL_N,Huggies Baby Essentials Diaper Size 3 B 44  X 4,99,Baby Care,HC+PC,5003,Huggies,169,KIMBERLEY CLARK
42445,HDC3JL_N,Huggies Ultra Comfort S3 J Promo 90  X 3,99,Baby Care,HC+PC,5003,Huggies,169,KIMBERLEY CLARK
42446,HDC4JL_N,Huggies Ultra Comfort S4 J Promo 80  X 3,99,Baby Care,HC+PC,5003,Huggies,169,KIMBERLEY CLARK
42447,HDC5JL_N,Huggies Dry Comfort Size 5 J 68  X 3,99,Baby Care,HC+PC,5003,Huggies,169,KIMBERLEY CLARK
42448,HNP3BL_N,Huggies Nappy Pants Size 3 B 33  X 4,99,Baby Care,HC+PC,5003,Huggies,169,KIMBERLEY CLARK
42449,HNP3JL_N,Huggies Nappy Pants Size 3 J 62 X 2,99,Baby Care,HC+PC,5003,Huggies,169,KIMBERLEY CLARK
24134,HBE3BL,Huggies Baby Essentials Size 3 B 44 X,99,Baby Care,HC+PC,5003,Huggies,169,KIMBERLEY CLARK
24135,HBE3JL,Huggies Baby Essentials Size 3 J 90 X,99,Baby Care,HC+PC,5003,Huggies,169,KIMBERLEY CLARK
24136,HDC2BL,Huggies Dry Comfort Size 2 B 40 X,99,Baby Care,HC+PC,5003,Huggies,169,KIMBERLEY CLARK
24137,HDC3BL,Huggies Dry Comfort Size 3 B 36 X,99,Baby Care,HC+PC,5003,Huggies,169,KIMBERLEY CLARK
24138,HDC3JL,Huggies Dry Comfort Size 3 J 88 X,99,Baby Care,HC+PC,5003,Huggies,169,KIMBERLEY CLARK
24139,HDC4JL,Huggies Dry Comfort Size 4 J 78 X,99,Baby Care,HC+PC,5003,Huggies,169,KIMBERLEY CLARK
24140,HNP3BL,Huggies Nappy Pants Size 3 B 33 X,99,Baby Care,HC+PC,5003,Huggies,169,KIMBERLEY CLARK
24141,HNP3SC,Huggies Nappy Pants Size 3 Ext 9 X,99,Baby Care,HC+PC,5003,Huggies,169,KIMBERLEY CLARK
24142,HNP4JL,Huggies Nappy Pants Size 4 J 54 X,99,Baby Care,HC+PC,5003,Huggies,169,KIMBERLEY CLARK
24143,HNP5JL,Huggies Nappy Pants Size 5 J 46 X,99,Baby Care,HC+PC,5003,Huggies,169,KIMBERLEY CLARK
25448,HDC3SC9KG,Huggies Dry Comfort 3  5-9kg × 36,99,Baby Care,HC+PC,5003,Huggies,169,KIMBERLEY CLARK
25449,HBE4N,Huggies Baby Essentials Size 4   8-14kg×76,99,Baby Care,HC+PC,5003,Huggies,169,KIMBERLEY CLARK
25450,HNP4BS,Huggies Nappy Pants 4   9-14kg×28,99,Baby Care,HC+PC,5003,Huggies,169,KIMBERLEY CLARK
25451,HP12KG,Huggies Pants 62×2  3   7-12kg,99,Baby Care,HC+PC,5003,Huggies,169,KIMBERLEY CLARK
22428,GRNDMLTCAN330ML,Grand Malt Can 330ml X 24,106,Drinks,Beverages,5004,Grand Malt,12,INTERNATIONAL BREWERIES PLC
45328,GRNDMLTCAN330ML12,Grand Malt Can 330ml X 12,106,Drinks,Beverages,5004,Grand Malt,12,INTERNATIONAL BREWERIES PLC
45326,BETAMLTCAN330ML12,Beta Malt Can 330ml X 12,106,Drinks,Beverages,5006,Beta Malt,12,INTERNATIONAL BREWERIES PLC
22427,BETAMLTCAN330ML,Beta Malt Can 330ml X 24,106,Drinks,Beverages,5006,Beta Malt,12,INTERNATIONAL BREWERIES PLC
25126,GPSOIL75MLx60,Golden Penny Soya Oil 75ml X 60,135,Oil,Food,5007,Golden Penny,9,FLOUR MILLS OF NIGERIA PLC
25127,GPSOIL1L,Golden Penny Soya Oil 1l X 12,135,Oil,Food,5007,Golden Penny,9,FLOUR MILLS OF NIGERIA PLC
30373,GPSPAG200G,Golden Penny Spaghetti 200g X 20,130,Pasta,Food,5007,Golden Penny,9,FLOUR MILLS OF NIGERIA PLC
42867,GPBBUT10KG,Gp Bulk Butter 15kg X 1,134,Margarine,Commodities,5007,Golden Penny,9,FLOUR MILLS OF NIGERIA PLC
42869,GPBBUT15KG,Gp Bulk Butter 15kg X 1,134,Margarine,Commodities,5007,Golden Penny,9,FLOUR MILLS OF NIGERIA PLC
37700,GPADBCRL45G,Golden Penny Amazing Day Breakfast Cereal 45g X10 X10,103,Cereal & Breakfast,Food,5007,Golden Penny,9,FLOUR MILLS OF NIGERIA PLC
33204,GPCHOE-O15G,Golden Penny Choco Spread 15g  X 200,105,Condiments,Food,5007,Golden Penny,9,FLOUR MILLS OF NIGERIA PLC
33205,GPGARRI100G,Golden Penny Garri 100g X 50,142,garri,Commodities,5007,Golden Penny,9,FLOUR MILLS OF NIGERIA PLC
23331,GPPVEGOIL1LTR,Golden Penny Pure Vegetable  Oil 1ltr X 12,135,Oil,Food,5007,Golden Penny,9,FLOUR MILLS OF NIGERIA PLC
23029,GPNODGMP70G,Golden Penny Noodles Goat Meat Pepper Soup 70g X 40,129,Noodles,Food,5007,Golden Penny,9,FLOUR MILLS OF NIGERIA PLC
23748,GPPVEGOIL2.75LTR,Golden Penny Pure Vegetable  Oil 2.75ltr X 6,135,Oil,Food,5007,Golden Penny,9,FLOUR MILLS OF NIGERIA PLC
23722,GPSPAGTINI500Gx10,Golden Penny Spaghettini (slim) 500g X 10,130,Pasta,Food,5007,Golden Penny,9,FLOUR MILLS OF NIGERIA PLC
23723,GPSPAG500Gx10,Golden Penny Spaghetti 500g X 10,130,Pasta,Food,5007,Golden Penny,9,FLOUR MILLS OF NIGERIA PLC
23717,GPSGR250G20,Golden Penny Sugar 250g X 20,132,Sugar,Commodities,5007,Golden Penny,9,FLOUR MILLS OF NIGERIA PLC
23654,GPCOUS500G,Golden Penny Couscous 500g X 20,130,Pasta,Food,5007,Golden Penny,9,FLOUR MILLS OF NIGERIA PLC
23655,MKSPAG500G,Maikwabo Spaghetti 500g X 20,130,Pasta,Food,5007,Golden Penny,9,FLOUR MILLS OF NIGERIA PLC
22974,GPNOOD100G,Golden Penny Noodles 100g X 40,129,Noodles,Food,5007,Golden Penny,9,FLOUR MILLS OF NIGERIA PLC
22865,GPADBCRL50G,Golden Penny Amazing Day Breakfast Cereal 50g 10 X 10,103,Cereal & Breakfast,Food,5007,Golden Penny,9,FLOUR MILLS OF NIGERIA PLC
22408,GPELBWMAC500G,Golden Penny Elbow Macaroni 500g X 20,130,Pasta,Food,5007,Golden Penny,9,FLOUR MILLS OF NIGERIA PLC
22456,GPSEMO2KG,Golden Penny Semovita 2kg X,153,Swallow,Commodities,5007,Golden Penny,9,FLOUR MILLS OF NIGERIA PLC
22457,GPSEMO5KG,Golden Penny Semovita 5kg X,153,Swallow,Commodities,5007,Golden Penny,9,FLOUR MILLS OF NIGERIA PLC
22458,GPSEMO10KG,Golden Penny Semovita 10kg X,153,Swallow,Commodities,5007,Golden Penny,9,FLOUR MILLS OF NIGERIA PLC
22459,GPGVITA1KG,Golden Penny Goldenvita 1kg X 10,153,Swallow,Commodities,5007,Golden Penny,9,FLOUR MILLS OF NIGERIA PLC
22460,GPGVITA5KG,Golden Penny Goldenvita 5kg X,153,Swallow,Commodities,5007,Golden Penny,9,FLOUR MILLS OF NIGERIA PLC
22461,GPTWST200G,Golden Penny Twist 200g X 20,130,Pasta,Food,5007,Golden Penny,9,FLOUR MILLS OF NIGERIA PLC
22462,GPJCNOOD70G,Golden Penny Jollof Chicken Noodles 70g X 40,129,Noodles,Food,5007,Golden Penny,9,FLOUR MILLS OF NIGERIA PLC
22463,GPSGR250G,Golden Penny Sugar 250g X 40,132,Sugar,Commodities,5007,Golden Penny,9,FLOUR MILLS OF NIGERIA PLC
22464,GPSGR500G,Golden Penny Sugar 500g X 20,132,Sugar,Commodities,5007,Golden Penny,9,FLOUR MILLS OF NIGERIA PLC
22465,GPSGR1KG,Golden Penny Sugar 1kg X 10,132,Sugar,Commodities,5007,Golden Penny,9,FLOUR MILLS OF NIGERIA PLC
22466,GPSPRD15G,Golden Penny Spread 15g X 200,105,Condiments,Food,5007,Golden Penny,9,FLOUR MILLS OF NIGERIA PLC
22467,GPSPRD250G,Golden Penny Spread 250g X 24,105,Condiments,Food,5007,Golden Penny,9,FLOUR MILLS OF NIGERIA PLC
22468,GPSPRD450G,Golden Penny Spread 450g X 24,105,Condiments,Food,5007,Golden Penny,9,FLOUR MILLS OF NIGERIA PLC
22470,GPGRR1KG,Golden Penny Garri 1kg X 10,142,garri,Commodities,5007,Golden Penny,9,FLOUR MILLS OF NIGERIA PLC
22471,GPGRR5KG,Golden Penny Garri 5kg X,142,garri,Commodities,5007,Golden Penny,9,FLOUR MILLS OF NIGERIA PLC
22472,GPGRR150G,Golden Penny Garri 150g X 50,142,garri,Commodities,5007,Golden Penny,9,FLOUR MILLS OF NIGERIA PLC
25739,GPADBCRL50Gx10,1 Roll Golden Penny Amazing Day Breakfast Cereal 50g X 10,103,Cereal & Breakfast,Food,5007,Golden Penny,9,FLOUR MILLS OF NIGERIA PLC
25835,GPMRG250Gx12,Golden Penny Margarine 250g X 12,134,Margarine,Commodities,5007,Golden Penny,9,FLOUR MILLS OF NIGERIA PLC
25836,GPMRG250Gx24,Golden Penny Margarine 250g X 24,134,Margarine,Commodities,5007,Golden Penny,9,FLOUR MILLS OF NIGERIA PLC
25819,GPMRG250Gx6,Golden Penny Margarine 250g X,134,Margarine,Commodities,5007,Golden Penny,9,FLOUR MILLS OF NIGERIA PLC
25820,GPMRG450Gx12,Golden Penny Margarine 450g X 12,134,Margarine,Commodities,5007,Golden Penny,9,FLOUR MILLS OF NIGERIA PLC
25801,MKSPAGSLM500G,Maikwabo Spaghetti Slim 500g X 20,130,Pasta,Food,5007,Golden Penny,9,FLOUR MILLS OF NIGERIA PLC
30644,GPGDVITAW2KG,Golden Penny Goldenvita Wheat 2kg X,153,Swallow,Commodities,5007,Golden Penny,9,FLOUR MILLS OF NIGERIA PLC
30645,GPWH5KG,Golden Penny Wheat 5kg X,153,Swallow,Commodities,5007,Golden Penny,9,FLOUR MILLS OF NIGERIA PLC
30646,GPWH10KG,Golden Penny Wheat 10kg X,153,Swallow,Commodities,5007,Golden Penny,9,FLOUR MILLS OF NIGERIA PLC
30647,GPVEGOIL4LX6,Golden Penny Vegetable Oil 4ltr X6,135,Oil,Food,5007,Golden Penny,9,FLOUR MILLS OF NIGERIA PLC
30648,GPJNOO120G,Golden Penny Jollof Noodles 120g X 20,129,Noodles,Food,5007,Golden Penny,9,FLOUR MILLS OF NIGERIA PLC
22298,GPNOOD70G,Golden Penny Chicken Noodles 70g X 40,129,Noodles,Food,5007,Golden Penny,9,FLOUR MILLS OF NIGERIA PLC
22299,GPSEMO500G,Golden Penny Semovita 500g X 20,153,Swallow,Commodities,5007,Golden Penny,9,FLOUR MILLS OF NIGERIA PLC
22300,GPSEMO1KG,Golden Penny Semovita 1kg X 10,153,Swallow,Commodities,5007,Golden Penny,9,FLOUR MILLS OF NIGERIA PLC
22065,GPSPAGTINI500G,Golden Penny Spaghettini (slim) 500g X 20,130,Pasta,Food,5007,Golden Penny,9,FLOUR MILLS OF NIGERIA PLC
22274,GPSGR50KG,Golden Penny Sugar 50kg X,132,Sugar,Commodities,5007,Golden Penny,9,FLOUR MILLS OF NIGERIA PLC
22277,GPFLOUR50KG,Golden Penny Flour 50kg X,124,Flour,Commodities,5007,Golden Penny,9,FLOUR MILLS OF NIGERIA PLC
22018,GPSPAG500G,Golden Penny Spaghetti 500g X 20,130,Pasta,Food,5007,Golden Penny,9,FLOUR MILLS OF NIGERIA PLC
22019,GPTWST500G,Golden Penny Twist 500g X 20,130,Pasta,Food,5007,Golden Penny,9,FLOUR MILLS OF NIGERIA PLC
25161,GPGARRI150G,Golden Penny Garri 150gx36,142,garri,Commodities,5007,Golden Penny,9,FLOUR MILLS OF NIGERIA PLC
25237,GPBBUTTER10KG,Golden Penny Bulk Butter 10kg X1,134,Margarine,Commodities,5007,Golden Penny,9,FLOUR MILLS OF NIGERIA PLC
25119,GPVOIL5LG,Golden Penny Vegetable Oil 5lx4,135,Oil,Food,5007,Golden Penny,9,FLOUR MILLS OF NIGERIA PLC
25120,GPVOIL1LG,Golden Penny Vegetable Oil 1lx 12,135,Oil,Food,5007,Golden Penny,9,FLOUR MILLS OF NIGERIA PLC
25121,GPVOIL750ML,Golden Penny Vegitable Oil 750ml X 12,135,Oil,Food,5007,Golden Penny,9,FLOUR MILLS OF NIGERIA PLC
25147,GPSGR500Gx50,Golden Penny Sugar 500gx50 {cube},132,Sugar,Commodities,5007,Golden Penny,9,FLOUR MILLS OF NIGERIA PLC
25058,GPELBWMAC500Gx10,Golden Penny Elbow Macaroni 500g X 10,130,Pasta,Food,5007,Golden Penny,9,FLOUR MILLS OF NIGERIA PLC
25379,GPGVITA2KG,Golden Penny Goldenvita 2kg X,153,Swallow,Commodities,5007,Golden Penny,9,FLOUR MILLS OF NIGERIA PLC
25372,GPADBCRL600G,Golden Penny Amazing Day Breakfast Cereal 600g  X 12,103,Cereal & Breakfast,Food,5007,Golden Penny,9,FLOUR MILLS OF NIGERIA PLC
25373,GPADBCRL600Gx6,Golden Penny Amazing Day Breakfast Cereal 600g  X,103,Cereal & Breakfast,Food,5007,Golden Penny,9,FLOUR MILLS OF NIGERIA PLC
25689,GPSPAG400G,Golden Penny Spaghetti 400g,130,Pasta,Food,5007,Golden Penny,9,FLOUR MILLS OF NIGERIA PLC
25690,GPSPAGTINI400G,Golden Penny Spaghettini (slim) 400g,130,Pasta,Food,5007,Golden Penny,9,FLOUR MILLS OF NIGERIA PLC
25678,GPADBCRL50Gx50,Golden Penny Amazing Day Breakfast Cereal 50g X 50,103,Cereal & Breakfast,Food,5007,Golden Penny,9,FLOUR MILLS OF NIGERIA PLC
23990,GPSPRD900Gx12,Golden Penny Spread 900g X 12,105,Condiments,Food,5007,Golden Penny,9,FLOUR MILLS OF NIGERIA PLC
23991,GPSPRD450Gx12,Golden Penny Spread 450g X 12,105,Condiments,Food,5007,Golden Penny,9,FLOUR MILLS OF NIGERIA PLC
46259,GOLBITEC40Gx10,Golden Bite Chinchin 40g  X 10 Roll Sweet Cinamon Flavour,118,Snacks and Chin Chin,Food,5007,Golden Penny,9,FLOUR MILLS OF NIGERIA PLC
46273,GPSEMO25kGX4,Golden Penny Semovita 2.5kg X 4,153,Swallow,Commodities,5007,Golden Penny,9,FLOUR MILLS OF NIGERIA PLC
46319,GPTOMAJOS55G,Golden Penny Tomato Jos 55g X 50,105,Condiments,Food,5007,Golden Penny,9,FLOUR MILLS OF NIGERIA PLC
52540,GPADBCRL45GPCHIN40GX,Golden Penny Amazing Day Breakfast Cereal 45g X10 X10 +chin,103,Cereal & Breakfast,Food,5007,Golden Penny,9,FLOUR MILLS OF NIGERIA PLC
52542,GPADBCRL45GPYV45gX4S,Golden Penny Amazing Day Breakfast Cereal 45g X10 X10 +yumbo,103,Cereal & Breakfast,Food,5007,Golden Penny,9,FLOUR MILLS OF NIGERIA PLC
52544,GPADBCRL45GPYS45GX4S,Golden Penny Amazing Day Breakfast Cereal 45g X10 X10 + Strw,103,Cereal & Breakfast,Food,5007,Golden Penny,9,FLOUR MILLS OF NIGERIA PLC
52546,GPADBCRL45GPHWNC70GX,Golden Penny Amazing Day Breakfast Cereal 45g X10 X10 + Hw N,103,Cereal & Breakfast,Food,5007,Golden Penny,9,FLOUR MILLS OF NIGERIA PLC
52548,GPADCRL45GPGPS250GX2,Golden Penny Amazing Cereal 45g X 10 X10 + Honeywell Cavato ,103,Cereal & Breakfast,Food,5007,Golden Penny,9,FLOUR MILLS OF NIGERIA PLC
52550,GPADCRL600GPYV45GX2S,Golden Penny Amazing Cereal 600g X 6 + Yumbowl 45g Vanilla X,103,Cereal & Breakfast,Food,5007,Golden Penny,9,FLOUR MILLS OF NIGERIA PLC
52552,GPADCRL600GPYB45GX2S,Golden Penny Amazing Cereal 600g X 6 +yumbowl Banana X 2 Sac,103,Cereal & Breakfast,Food,5007,Golden Penny,9,FLOUR MILLS OF NIGERIA PLC
52554,GPADCRL600GPYSX2SACH,Golden Penny Amazing Day 600g X 6 +yumbowl 45g Strawberry X ,103,Cereal & Breakfast,Food,5007,Golden Penny,9,FLOUR MILLS OF NIGERIA PLC
52556,GPADCRL600GPHWNC70GX,Golden Penny Amazing Cereal 600g X 6 + Hw Noodles Chkn 70g X,103,Cereal & Breakfast,Food,5007,Golden Penny,9,FLOUR MILLS OF NIGERIA PLC
52558,GPADCRL600GHWNC70GX,Golden Penny Amazing Cereal 600g X 6 + Gp Choco Spread 15g X,103,Cereal & Breakfast,Food,5007,Golden Penny,9,FLOUR MILLS OF NIGERIA PLC
52560,GPADCRL600GPGPS250GX,Golden Penny Amazing Day Cereal 600g X 6 + Gp Sugar 250g X 1,103,Cereal & Breakfast,Food,5007,Golden Penny,9,FLOUR MILLS OF NIGERIA PLC
52562,GPADBCRL45GPYB45gX4S,Golden Penny Amazing Day Breakfast Cereal 45g X10 X10 +yumbo,103,Cereal & Breakfast,Food,5007,Golden Penny,9,FLOUR MILLS OF NIGERIA PLC
52564,GPADCRL600GPGPCS15GX,Golden Penny Amazing Cereal 600g X 6 + Gp Choco Spread 15g X,103,Cereal & Breakfast,Food,5007,Golden Penny,9,FLOUR MILLS OF NIGERIA PLC
52576,GPADBCRL45GPGPCS15GX,Golden Penny Amazing Day Breakfast Cereal 45g X10 X10 +gp Ch,103,Cereal & Breakfast,Food,5007,Golden Penny,9,FLOUR MILLS OF NIGERIA PLC
52594,GPADBCRL45GPGPS250GX,Golden Penny Amazing Day Break Fast Cereal 45gx10x10+gp Suga,103,Cereal & Breakfast,Food,5007,Golden Penny,9,FLOUR MILLS OF NIGERIA PLC
52656,GPADBCR600GPGPCS15GX,Golden Penny Amazing Cereal 600g X 6 + Gp Choco Spread 15g X,103,Cereal & Breakfast,Food,5007,Golden Penny,9,FLOUR MILLS OF NIGERIA PLC
55079,GPSPRD250GPFO,Golden Penny Spread 250g X 24+free Oil,105,Condiments,Food,5007,Golden Penny,9,FLOUR MILLS OF NIGERIA PLC
54906,GPNOOD70GP2P,Golden Penny Noodles 70g X 40+2packs Free Inside,129,Noodles,Food,5007,Golden Penny,9,FLOUR MILLS OF NIGERIA PLC
54912,GPJCNOOD70GP2P,Golden Penny Jollof Chicken Noodles 70g X 40 +2packs Free,129,Noodles,Food,5007,Golden Penny,9,FLOUR MILLS OF NIGERIA PLC
54346,GPJCNOOD70GPFO,Golden Penny Jollof Chicken Noodles 70g X 40 + Free Oil ,129,Noodles,Food,5007,Golden Penny,9,FLOUR MILLS OF NIGERIA PLC
54349,GPNODGMP70GPFO,Golden Penny Noodles Goat Meat Pepper Soup 70g X 40 + Free,129,Noodles,Food,5007,Golden Penny,9,FLOUR MILLS OF NIGERIA PLC
54458,GPEFLO50KGX1,Golden Penny Eagle Flour 50kg X 1,124,Flour,Commodities,5007,Golden Penny,9,FLOUR MILLS OF NIGERIA PLC
54471,GPNOOD70GPFO,Golden Penny Noodles 70g X 40+2 Free Oil -45ml,129,Noodles,Food,5007,Golden Penny,9,FLOUR MILLS OF NIGERIA PLC
53720,GPADCRL600GHWNC70GX2,Golden Penny Amazing Cereal 600g X 6 + Hw Noodles Chkn 70g X ,103,Cereal & Breakfast,Food,5007,Golden Penny,9,FLOUR MILLS OF NIGERIA PLC
53762,GPPVEGOIL45ML,Golden Penny Pure Vegetable Oil 45ml X 60,135,Oil,Food,5007,Golden Penny,9,FLOUR MILLS OF NIGERIA PLC
53765,GPSOIL45ML,Golden Penny Soya Oil 45ml X 60,135,Oil,Food,5007,Golden Penny,9,FLOUR MILLS OF NIGERIA PLC
44443,GPCHOSPR585G,Golden Penny Choc-oh Chocolate Spread 585g X 12,145,spread,Food,5007,Golden Penny,9,FLOUR MILLS OF NIGERIA PLC
44447,GPCHOSPR325G,Golden Penny Choc-oh Chocolate Spread 325 X 24,145,spread,Food,5007,Golden Penny,9,FLOUR MILLS OF NIGERIA PLC
44449,GPVEGOILX6,Golden Penny Pure Vegetable Oil 2.75ltr X 6,135,Oil,Food,5007,Golden Penny,9,FLOUR MILLS OF NIGERIA PLC
44527,GOLBITEC45G,Golden Bite Chinchin 45g X 100 Sweet Cinamon Flavour,118,Snacks and Chin Chin,Food,5007,Golden Penny,9,FLOUR MILLS OF NIGERIA PLC
44547,GPJCNOOD70GP1A,Golden Penny Jollof Chicken 70g X40 + 1free Gift,129,Noodles,Food,5007,Golden Penny,9,FLOUR MILLS OF NIGERIA PLC
44549,GPNOOD70GP1A,Golden Penny Chicken Noodles 70gx40 + 1free Gift,129,Noodles,Food,5007,Golden Penny,9,FLOUR MILLS OF NIGERIA PLC
44717,GPSCU500GX10,Golden Penny White Cube Sugar 500g X 10,132,Sugar,Commodities,5007,Golden Penny,9,FLOUR MILLS OF NIGERIA PLC
44751,GPNODGMP70G1A,Golden Penny Goat Meat Pepper Soup 70gx 40 + 1free Gift,129,Noodles,Food,5007,Golden Penny,9,FLOUR MILLS OF NIGERIA PLC
44768,GPPVEGOIL5LTR,Golden Penny Pure Vegetable Oil 5ltr   X 4,135,Oil,Food,5007,Golden Penny,9,FLOUR MILLS OF NIGERIA PLC
44772,GPVEGOIL750ML,Golden Penny Vegetable Oil 750ml X 12,135,Oil,Food,5007,Golden Penny,9,FLOUR MILLS OF NIGERIA PLC
44800,GPWHEATFLOR1KG,Golden Penny Multi-purpose Wheat Flour 1kg X 10,124,Flour,Commodities,5007,Golden Penny,9,FLOUR MILLS OF NIGERIA PLC
44870,GOLBITEC40G,Golden Bite Chinchin 40g  X 100 Sweet Cinamon Flavour,118,Snacks and Chin Chin,Food,5007,Golden Penny,9,FLOUR MILLS OF NIGERIA PLC
44838,GPTOMAJOS60G,Golden Penny Tomato Jos 60g  X 50,105,Condiments,Food,5007,Golden Penny,9,FLOUR MILLS OF NIGERIA PLC
43346,GPMARGA15KG,Golden Penny Margarine Orignal 15kg X 1,134,Margarine,Commodities,5007,Golden Penny,9,FLOUR MILLS OF NIGERIA PLC
43348,GPMARG10KG,Golden Penny Margarine Orignal 10kg X 1,134,Margarine,Commodities,5007,Golden Penny,9,FLOUR MILLS OF NIGERIA PLC
45371,DHWFLOUR50KG,Diamond Flour 50kg X 1,124,Flour,Commodities,5007,Golden Penny,9,FLOUR MILLS OF NIGERIA PLC
45036,GPu940030,Golden Penny Hot Jollof 70g X 40,129,Noodles,Food,5007,Golden Penny,9,FLOUR MILLS OF NIGERIA PLC
45661,GPSEMO25kG,Golden Penny Semovita 2.5kg X 2,153,Swallow,Commodities,5007,Golden Penny,9,FLOUR MILLS OF NIGERIA PLC
24091,GPTWST500Gx10,Golden Penny Twist 500g X 10,130,Pasta,Food,5007,Golden Penny,9,FLOUR MILLS OF NIGERIA PLC
24093,GPNODGMP70Gx20,Golden Penny Noodles Goat Meat Pepper Soup 70g X 20,129,Noodles,Food,5007,Golden Penny,9,FLOUR MILLS OF NIGERIA PLC
24110,GPJCNOOD70Gx20,Golden Penny Jollof Chicken Noodles 70g X 20,129,Noodles,Food,5007,Golden Penny,9,FLOUR MILLS OF NIGERIA PLC
24111,GPNOOD70Gx20,Golden Penny Noodles 70g X 20,129,Noodles,Food,5007,Golden Penny,9,FLOUR MILLS OF NIGERIA PLC
25011,GPNOODJO120G,Golden Penny Noodles Jollof 120g X 40,129,Noodles,Food,5007,Golden Penny,9,FLOUR MILLS OF NIGERIA PLC
25012,GPNOOD120G,Golden Penny Noodles Chicken 120g X 40,129,Noodles,Food,5007,Golden Penny,9,FLOUR MILLS OF NIGERIA PLC
24959,GPSOIL5LTR,Golden Penny Soya Oil 5ltr X,135,Oil,Food,5007,Golden Penny,9,FLOUR MILLS OF NIGERIA PLC
24931,GPGVITA10KG,Golden Penny Goldenvita 10kg X,153,Swallow,Commodities,5007,Golden Penny,9,FLOUR MILLS OF NIGERIA PLC
24932,GPSOIL2.75LTRS,Golden Penny Soya Oil 2.75ltrs X,135,Oil,Food,5007,Golden Penny,9,FLOUR MILLS OF NIGERIA PLC
24933,GPSOIL750ML,Golden Penny Soya Oil 750ml X 12,135,Oil,Food,5007,Golden Penny,9,FLOUR MILLS OF NIGERIA PLC
24934,GPSOIL75ML,Golden Penny Soya Oil 75ml X 100,135,Oil,Food,5007,Golden Penny,9,FLOUR MILLS OF NIGERIA PLC
24368,GPSCU500G,Golden Penny White Cube Sugar 500g X 50,132,Sugar,Commodities,5007,Golden Penny,9,FLOUR MILLS OF NIGERIA PLC
24369,GPPVEGOIL4LTR,Golden Penny Pure Vegetable Oil 4ltr X 6,135,Oil,Food,5007,Golden Penny,9,FLOUR MILLS OF NIGERIA PLC
24370,GPSOIL4LTR,Golden Penny Soya Oil 4ltr X,135,Oil,Food,5007,Golden Penny,9,FLOUR MILLS OF NIGERIA PLC
25201,GPSPRD250Gx6,Golden Penny Spread 250g X,105,Condiments,Food,5007,Golden Penny,219,PREMIUM EDIBLE OIL LTD 
25202,GPSPRD250Gx12,Golden Penny Spread 250g X 12,105,Condiments,Food,5007,Golden Penny,219,PREMIUM EDIBLE OIL LTD 
22469,GPSPRD900Gx6,Golden Penny Spread 900g X,105,Condiments,Food,5007,Golden Penny,219,PREMIUM EDIBLE OIL LTD 
45056,GMORNRF900G50FREE,Golden Morn Refill 900g X 6 (+ 50g Free),103,Cereal & Breakfast,Food,5008,Golden Morn,42,NESTLÉ NIGERIA PLC
45777,GMC30GX10X10,Golden Morn Cereal Sachet 30g X 10 X 10,103,Cereal & Breakfast,Food,5008,Golden Morn,42,NESTLÉ NIGERIA PLC
44633,GMORN30G1,Golden Morn Sachet 30g X 10x( 10+1)promo,103,Cereal & Breakfast,Food,5008,Golden Morn,42,NESTLÉ NIGERIA PLC
43264,GMORN30G,Golden Morn Sachet 30g X 10 X 10,103,Cereal & Breakfast,Food,5008,Golden Morn,42,NESTLÉ NIGERIA PLC
23359,GMORN900G,Golden Morn 900g X 6,103,Cereal & Breakfast,Food,5008,Golden Morn,42,NESTLÉ NIGERIA PLC
22017,GMORN50G,Golden Morn Sachet 50g X 10 X 10,103,Cereal & Breakfast,Food,5008,Golden Morn,42,NESTLÉ NIGERIA PLC
22577,GMORNRF900G,Golden Morn Refill 900g X 6 (+ 100g Free),103,Cereal & Breakfast,Food,5008,Golden Morn,42,NESTLÉ NIGERIA PLC
22330,GMORN1KG,Golden Morn Refill 1kg X,103,Cereal & Breakfast,Food,5008,Golden Morn,42,NESTLÉ NIGERIA PLC
22289,GMORN450G,Golden Morn Refill 450g X 12,103,Cereal & Breakfast,Food,5008,Golden Morn,42,NESTLÉ NIGERIA PLC
25514,GMORN800G,Golden Morn 800g X,103,Cereal & Breakfast,Food,5008,Golden Morn,42,NESTLÉ NIGERIA PLC
25332,GMORN35G,Golden Morn 35g X 10 X 10,103,Cereal & Breakfast,Food,5008,Golden Morn,42,NESTLÉ NIGERIA PLC
26697,GMORN900GX3BB,Golden Morn 900g X,103,Cereal & Breakfast,Food,5008,Golden Morn,42,NESTLÉ NIGERIA PLC
26625,GMORN45Gx90,Golden Morn Sachet 45g  X 9 X 10,103,Cereal & Breakfast,Food,5008,Golden Morn,42,NESTLÉ NIGERIA PLC
30326,GMORN45Gx90PROMO,Golden Morn Sachet 45g  X 9 X10 +(9+1)promo,103,Cereal & Breakfast,Food,5008,Golden Morn,42,NESTLÉ NIGERIA PLC
30455,GMORNRF880G,Golden Morn Refill 800g + 80g Free X,103,Cereal & Breakfast,Food,5008,Golden Morn,42,NESTLÉ NIGERIA PLC
25855,GMORN400G,Golden Morn Refill 400g X 10,103,Cereal & Breakfast,Food,5008,Golden Morn,42,NESTLÉ NIGERIA PLC
26159,GMORN450GX6,Golden Morn Refill 450g X,103,Cereal & Breakfast,Food,5008,Golden Morn,42,NESTLÉ NIGERIA PLC
33061,GMORNRF600G,Golden Morn Refill 600g X 10,103,Cereal & Breakfast,Food,5008,Golden Morn,42,NESTLÉ NIGERIA PLC
31265,GMORNRF300G,Golden Morn Refill 300g X 12,103,Cereal & Breakfast,Food,5008,Golden Morn,42,NESTLÉ NIGERIA PLC
31158,GMORNRF650G,Golden Morn Refill 600g + 50g Free X 10,103,Cereal & Breakfast,Food,5008,Golden Morn,42,NESTLÉ NIGERIA PLC
32545,GMORN45GX100PROMO,Golden Morn Sachet 45g  X 10 X 10 + 1 Free Roll,103,Cereal & Breakfast,Food,5008,Golden Morn,42,NESTLÉ NIGERIA PLC
54343,GMORN3IN145G,Golden Morn 3in1 45g X 100 ,103,Cereal & Breakfast,Food,5008,Golden Morn,42,NESTLÉ NIGERIA PLC
45074,GMORNRF950G,Golden Morn Refill 950g X 6 (+ 50g Free) ,103,Cereal & Breakfast,Food,5008,Golden Morn,666,NESTLE
26568,MIRIF40CL,Mirinda Free Pet Bottle 40cl  X 12,106,Drinks,Beverages,5009,Mirinda,1,SEVEN-UP BOTTLING COMPANY
23673,MIRI40CL,Mirinda 40cl Pet Bottle X 12,106,Drinks,Beverages,5009,Mirinda,1,SEVEN-UP BOTTLING COMPANY
21947,MIRI50CL,Mirinda Pet Bottle 50cl X 12,106,Drinks,Beverages,5009,Mirinda,1,SEVEN-UP BOTTLING COMPANY
22302,MIRGRAPP50CL,Mirinda Apple Pet Bottle 50cl X 12,106,Drinks,Beverages,5009,Mirinda,1,SEVEN-UP BOTTLING COMPANY
24214,MIRI50CLx6,Mirinda Pet Bottle 50cl X,106,Drinks,Beverages,5009,Mirinda,1,SEVEN-UP BOTTLING COMPANY
25009,MIRI40CLx6,Mirinda 40cl Pet Bottle X,106,Drinks,Beverages,5009,Mirinda,1,SEVEN-UP BOTTLING COMPANY
25124,MIRRDAPP50CL,Mirinda Red Apple Pet Bottle 50cl X 12,106,Drinks,Beverages,5009,Mirinda,1,SEVEN-UP BOTTLING COMPANY
25371,MIRPINAP50CL,Mirinda Pineapple Pet Bottle 50cl X 12,106,Drinks,Beverages,5009,Mirinda,1,SEVEN-UP BOTTLING COMPANY
45683,MIRINDARGB35CL,Mirinda Rgb 35cl X 24,106,Drinks,Beverages,5009,Mirinda,1,SEVEN-UP BOTTLING COMPANY
45685,MIRINDARGB50CL,Mirinda Rgb 50cl X 24 ,106,Drinks,Beverages,5009,Mirinda,1,SEVEN-UP BOTTLING COMPANY
45968,MIRINDA60CL,Mirinda 60cl X 12,106,Drinks,Beverages,5009,Mirinda,1,SEVEN-UP BOTTLING COMPANY
54646,FIZZDET80G,Fizz Detergent 80g X 50,108,Home Care and Laundry,HC+PC,5010,Viva,119,ASPIRA NIG LTD
54649,FIZZDET180G,Fizz Detergent 180g X 26,108,Home Care and Laundry,HC+PC,5010,Viva,119,ASPIRA NIG LTD
44961,VIVA22GX162,Viva Plus Detergent 22g X 162,108,Home Care and Laundry,HC+PC,5010,Viva,119,ASPIRA NIG LTD
45889,VIVAGARBAGEX20,Viva Garbage Bag 700mm X 860mm X 20,108,Home Care and Laundry,HC+PC,5010,Viva,119,ASPIRA NIG LTD
26430,VIVAPDTGLEM250G,Viva Plus Detergent 180gx26 2ctn + Lemon Soap 250gx24 1ctn  X,108,Home Care and Laundry,HC+PC,5010,Viva,66,ASPIRA NIGERIA LIMITED
26431,VIVAPDTGWHS250,Viva Plus Detergent 180gx26 2ctn + White Soap 250gx24 1ctn  X,108,Home Care and Laundry,HC+PC,5010,Viva,66,ASPIRA NIGERIA LIMITED
22709,VIVADET190G,Viva Detergent 190g X 24 + 2 Free (26),108,Home Care and Laundry,HC+PC,5010,Viva,66,ASPIRA NIGERIA LIMITED
22528,VIVADET25G,Viva Detergent 25g X 156 + 6 Free (162),108,Home Care and Laundry,HC+PC,5010,Viva,66,ASPIRA NIGERIA LIMITED
22529,VIVADET90G,Viva Detergent 90g X 48 + 2 Free (50),108,Home Care and Laundry,HC+PC,5010,Viva,66,ASPIRA NIGERIA LIMITED
22530,VIVADET200G,Viva Detergent 200g X 24 + 2 Free (26),108,Home Care and Laundry,HC+PC,5010,Viva,66,ASPIRA NIGERIA LIMITED
23054,VIVADET900G,Viva Detergent 900g X 6 +1 Free,108,Home Care and Laundry,HC+PC,5010,Viva,66,ASPIRA NIGERIA LIMITED
25390,VIVPMLEMS250G,Viva Plus Multipurpose Lemon Soap 250g X 24,108,Home Care and Laundry,HC+PC,5010,Viva,66,ASPIRA NIGERIA LIMITED
24425,VIVPGDETPW85G,Viva Plus Gold Detergent Powder 85g X 50,108,Home Care and Laundry,HC+PC,5010,Viva,66,ASPIRA NIGERIA LIMITED
24426,VIVPGDETPW350G,Viva Plus Gold Detergent Powder 350g X 13,108,Home Care and Laundry,HC+PC,5010,Viva,66,ASPIRA NIGERIA LIMITED
24427,VIVPLSDETPW170G,Viva Plus Laundry Sanitizer  Detergent Powder 170g X 27,108,Home Care and Laundry,HC+PC,5010,Viva,66,ASPIRA NIGERIA LIMITED
24428,VIVPLSDETPW350G,Viva Plus Laundry Sanitizer  Detergent Powder 350g X 13,108,Home Care and Laundry,HC+PC,5010,Viva,66,ASPIRA NIGERIA LIMITED
24429,VIVPLSDETPW850G,Viva Plus Laundry Sanitizer Detergent Powder 850g X,108,Home Care and Laundry,HC+PC,5010,Viva,66,ASPIRA NIGERIA LIMITED
24430,VIVPLSDETPW80G,Viva Plus Laundry Sanitizer Detergent Powder 80g X 51,108,Home Care and Laundry,HC+PC,5010,Viva,66,ASPIRA NIGERIA LIMITED
24431,VIVPGDETPW850G,Viva Plus Gold Detergent Powder 850g X,108,Home Care and Laundry,HC+PC,5010,Viva,66,ASPIRA NIGERIA LIMITED
24432,VIVADET850G,Viva Plus Detergent Powder 850g X,108,Home Care and Laundry,HC+PC,5010,Viva,66,ASPIRA NIGERIA LIMITED
24964,VIVPMULS250G,Viva Plus Multipurpose White Soap 250g X 24,108,Home Care and Laundry,HC+PC,5010,Viva,66,ASPIRA NIGERIA LIMITED
25759,VIVPMULS250GMXWHLEM,Viva Plus Multipurpose Soap 250g X 24 Mixed (white And Lemon,108,Home Care and Laundry,HC+PC,5010,Viva,66,ASPIRA NIGERIA LIMITED
24969,VIVPGS130G,Viva Plus Gold Soap 130g X 48,108,Home Care and Laundry,HC+PC,5010,Viva,66,ASPIRA NIGERIA LIMITED
24328,VIVPDETPW22G,Viva Plus Detergent Powder 22g X 162,108,Home Care and Laundry,HC+PC,5010,Viva,66,ASPIRA NIGERIA LIMITED
24329,VIVPLUSDEPWS22G,Viva Plus Laundry Sanitizer Detergent Powder 22g X 162,108,Home Care and Laundry,HC+PC,5010,Viva,66,ASPIRA NIGERIA LIMITED
24043,VIVPDETPW180G,Viva Plus Detergent Powder 180g X 26,108,Home Care and Laundry,HC+PC,5010,Viva,66,ASPIRA NIGERIA LIMITED
24044,VIVPDETPW350G,Viva Plus Detergent Powder 350g X 13,108,Home Care and Laundry,HC+PC,5010,Viva,66,ASPIRA NIGERIA LIMITED
24045,VIVPDETPW85G,Viva Plus Detergent Powder 85g X 50,108,Home Care and Laundry,HC+PC,5010,Viva,66,ASPIRA NIGERIA LIMITED
24046,VIVPGDETPW180G,Viva Plus Gold Detergent Powder 180g X 26,108,Home Care and Laundry,HC+PC,5010,Viva,66,ASPIRA NIGERIA LIMITED
24047,VIVPGDETPW380G,Viva Plus Gold Detergent Powder 380g X 13,108,Home Care and Laundry,HC+PC,5010,Viva,66,ASPIRA NIGERIA LIMITED
24048,VIVPGDETPW900G,Viva Plus Gold Detergent Powder 900g X,108,Home Care and Laundry,HC+PC,5010,Viva,66,ASPIRA NIGERIA LIMITED
24049,VIVPLUSDEPWS180G,Viva Plus Laundry Sanitizer Detergent Powder 180g X 26,108,Home Care and Laundry,HC+PC,5010,Viva,66,ASPIRA NIGERIA LIMITED
24050,VIVPLUSDEPWS380G,Viva Plus Laundry Sanitizer Detergent Powder 380g X 13,108,Home Care and Laundry,HC+PC,5010,Viva,66,ASPIRA NIGERIA LIMITED
24051,VIVPLUSDEPWS85G,Viva Plus Laundry Sanitizer Detergent Powder 85g X 50,108,Home Care and Laundry,HC+PC,5010,Viva,66,ASPIRA NIGERIA LIMITED
24052,VIVPLUSDEPWS900G,Viva Plus Laundry Sanitizer Detergent Powder 900g X,108,Home Care and Laundry,HC+PC,5010,Viva,66,ASPIRA NIGERIA LIMITED
44249,VIVPLUDET350G,Viva Plus Detergent 350g  X 13,108,Home Care and Laundry,HC+PC,5010,Viva,66,ASPIRA NIGERIA LIMITED
44384,VIVPDETPW170G,Viva Plus Detergent Powder 170g  X 26,108,Home Care and Laundry,HC+PC,5010,Viva,66,ASPIRA NIGERIA LIMITED
44386,VIVPDETPW80G,Viva Plus Detergent Powder 80g X 50,108,Home Care and Laundry,HC+PC,5010,Viva,66,ASPIRA NIGERIA LIMITED
44388,VIVADET800G,Viva Plus Detergent Powder 800g  X 7,108,Home Care and Laundry,HC+PC,5010,Viva,66,ASPIRA NIGERIA LIMITED
25383,VIVAEXS280G,Viva Extra Soap 280g X 24,108,Home Care and Laundry,HC+PC,5010,Viva,66,ASPIRA NIGERIA LIMITED
46245,VPTPO50G,Vitapepe Tomato Pepper Paste With Onion 50g X 50,117,Seasoning cubes & Spices,Food,5011,Vitali,65,VITALI
45513,VITLGR50KG,Vitali Long Grain Rice (foreign) 50kg X 1,152,Rice,Commodity,5011,Vitali,65,VITALI
43390,VITBUKT8LFR,Vitali Bucket 8ltr X 1free,138,oil and seasoning,Food,5011,Vitali,65,VITALI
43337,VTBRDSPR900G1BUK,Vitali Bread Spread 900g X 6 + 1 Bucket X 1,134,Margarine,Commodities,5011,Vitali,65,VITALI
53408,VTPTP50G,Vitapepe Tomato Paste 50g X 50,117,Seasoning cubes & Spices,Food,5011,Vitali,65,VITALI
23132,VPTPO70G,Vitapepe Tomato Pepper Paste With Onion 70g X 50,117,Seasoning cubes & Spices,Food,5011,Vitali,65,VITALI
22328,VTP70G,Vitali Tomato Paste 70g X 50,105,Condiments,Food,5011,Vitali,65,VITALI
37772,VTBRDSPR450G,Vitali Bread Spread 450g  X 12,134,Margarine,Commodities,5011,Vitali,65,VITALI
42959,VTBRDSPR900G+1BCK,Vitali Bread Spread 900g  X 6 + 1 Bucket X 1,138,oil and seasoning,Food,5011,Vitali,65,VITALI
42591,VTCHCKTP55G,Vitali Chicken Tomato Seasoning Paste Mix 55g X 50,105,Condiments,Food,5011,Vitali,192,Vital Products PLC
42529,VTKETCP1LTR,Vitali Ketchup 1ltr X 12,105,Condiments,Food,5011,Vitali,192,Vital Products PLC
42809,VGTPMX400G,Vitali Gold Tomato Paste Mix 400g X 24,117,Seasoning cubes & Spices,Food,5011,Vitali,192,Vital Products PLC
42810,VTGINGAPD5G,Vitali Ginger Lemon Drink 5g X 200 ,104,Coffee & Tea,Food,5011,Vitali,192,Vital Products PLC
42782,VTTPMX55G,Vitali Gold Tomato Paste Mix 55g  X 50,105,Condiments,Food,5011,Vitali,192,Vital Products PLC
33041,VTTPMX65G,Vitali Gold Tomato Paste Mix 65g X 50,105,Condiments,Food,5011,Vitali,192,Vital Products PLC
33042,VTHOTPETP65G,Vitali Gold Hotpepe Tomato Paste Mix 65g X 50,105,Condiments,Food,5011,Vitali,192,Vital Products PLC
33043,VTCHCKTP65G,Vitali Chicken Tomato Seasoning Paste Mix 65g  X 50,105,Condiments,Food,5011,Vitali,192,Vital Products PLC
33044,VTFSHTP70G,Vitali Fish Tomato Seasoning Paste Mix 70g  X 50,105,Condiments,Food,5011,Vitali,192,Vital Products PLC
33045,VTKETCP250G,Vitali Ketchup 250g X 24,105,Condiments,Food,5011,Vitali,192,Vital Products PLC
33046,VTKETCP1KG,Vitali Ketchup 1ltr  X 12,105,Condiments,Food,5011,Vitali,192,Vital Products PLC
33047,VTGGLCP10G,Vitali Ginger Garlic Powder 10g  X 180,117,Seasoning cubes & Spices,Food,5011,Vitali,192,Vital Products PLC
33048,VTNUTMP5G,Vitali Nut Meg Powder 5g  X 200,117,Seasoning cubes & Spices,Food,5011,Vitali,192,Vital Products PLC
33049,VTNONDARY12G,Vitali Non-dairy Powder 12g X 200,111,Milk & Dairy,Food,5011,Vitali,192,Vital Products PLC
33050,VTMAG250G,Vitali Margarine 250g  X 30,134,Margarine,Commodities,5011,Vitali,192,Vital Products PLC
33051,VTMAGB15KG,Vitali Local Margarine 15kg  X 1,134,Margarine,Commodities,5011,Vitali,192,Vital Products PLC
33219,VTFSHTP65G,Vitali Fish Tomato Seasoning Paste Mix 65g X 50,105,Condiments,Food,5011,Vitali,192,Vital Products PLC
33220,VTP65G,Vitali Tomato Paste Mix  Chain 65g X 50,105,Condiments,Food,5011,Vitali,192,Vital Products PLC
33202,VTMARG15KG,Vitali Margarine Hydrogenated 15kg  X 1,134,Margarine,Commodities,5011,Vitali,192,Vital Products PLC
33203,VTMARG10KG,Vitali Local Margarine 10kg  X 1,134,Margarine,Commodities,5011,Vitali,192,Vital Products PLC
33174,VTHOTPETP70G,Vitali Gold Hotpepe Tomato Paste Mix 70g X 50,105,Condiments,Food,5011,Vitali,192,Vital Products PLC
33175,VTSPREW70G,Vitali Stew Paste Ready To Eat 70g X 50,117,Seasoning cubes & Spices,Food,5011,Vitali,192,Vital Products PLC
46047,VGGP5G,Vitali Ginger Garlic Powder 5 X 180,117,Seasoning cubes & Spices,Food,5011,Vitali,192,Vital Products PLC
46049,VK380G,Vitali Ketchup 380 X 12,105,Condiments,Food,5011,Vitali,192,Vital Products PLC
46051,VK600G,Vitali Ketchup 600 X 12,105,Condiments,Food,5011,Vitali,192,Vital Products PLC
46053,VCTSPM55G,Vitali Crayfish Tomato Seasoning Paste Mix 55g X 50,117,Seasoning cubes & Spices,Food,5011,Vitali,192,Vital Products PLC
46233,VNDYPD12GX150,Vitali Non-dairy Powder 12g X 150 + 20 Free ,111,Milk & Dairy,Food,5011,Vitali,192,Vital Products PLC
46237,VITOMIX50G,Vitali Tomato Paste Mix 50g X 50,117,Seasoning cubes & Spices,Food,5011,Vitali,192,Vital Products PLC
46241,VGGP20G,Vitals Ginger Garlic Paste 20g X 120,117,Seasoning cubes & Spices,Food,5011,Vitali,192,Vital Products PLC
44659,VTCHCKTP50G,Vitali Chicken Tomato Seasoning Paste Mix 50g X 50,105,Condiments,Food,5011,Vitali,192,Vital Products PLC
44402,VTGGLCP10GX220,Vitali Ginger Garlic Powder 10g  X 220,117,Seasoning cubes & Spices,Food,5011,Vitali,192,Vital Products PLC
44382,VTKETCP5LTR,Vitali Ketchup 5ltr X 4,105,Condiments,Food,5011,Vitali,192,Vital Products PLC
44351,VTNONDARY12Gx10,Vitali Non-dairy Powder 12g X 10,111,Milk & Dairy,Food,5011,Vitali,192,Vital Products PLC
44521,VTTPMX50G,Vitali Gold Tomato Paste Mix 50g X 50,105,Condiments,Food,5011,Vitali,192,Vital Products PLC
24942,VITOMIX70G,Vitali Tomato Paste Mix 70g X 50,105,Condiments,Food,5011,Vitali,192,Vital Products PLC
24943,VIPMIX70G,Vitali Peppe Mix Sachet 70g X 50,117,Seasoning cubes & Spices,Food,5011,Vitali,192,Vital Products PLC
24944,VICHSEAP70G,Vitali Chicken Seasoning Paste 70g X 50,105,Condiments,Food,5011,Vitali,192,Vital Products PLC
24945,VICRASEAP70G,Vitali Crayfish Seasoning Paste 70g X 50,117,Seasoning cubes & Spices,Food,5011,Vitali,192,Vital Products PLC
37872,VTBRDSPR900G,Vitali Bread Spread 900g  X 6,134,Margarine,Commodities,5011,Vitali,192,Vital Products PLC
42495,ZICOFLDRNAPPL200ML,Zico Flavored Drink Apple   200ml  X 40,106,Drinks,Beverages,5011,Vitali,192,Vital Products PLC
43370,VGINGAR120X20G,Vitals Ginger Garlic Paste 20g X 120,117,Seasoning cubes & Spices,Food,5011,Vitali,192,Vital Products PLC
43421,VTNONDARY150,Vitali Non-dairy Powder 12g X 150,111,Milk & Dairy,Food,5011,Vitali,192,Vital Products PLC
43394,VTTPMX55GBKT,Vitali Gold T Paste Mix 55g X50+vitali Bucket 8ltr X 1free ,117,Seasoning cubes & Spices,Food,5011,Vitali,192,Vital Products PLC
43396,VTCHCKTP55GBKT,Vitali Chk Seasoning  Mix 55gx50+vitali Bucket 8ltr X 1 Free,117,Seasoning cubes & Spices,Food,5011,Vitali,192,Vital Products PLC
43111,VTTPMX2.2KG,Vitali Gold Tomato Paste Mix 2.2kg X 6,117,Seasoning cubes & Spices,Food,5011,Vitali,192,Vital Products PLC
53405,VCTSPM50G,Vitali Crayfish Tomato Seasoning Paste Mix 50g X 50,117,Seasoning cubes & Spices,Food,5011,Vitali,192,Vital Products PLC
25765,NC3IN125GX45X4,Nescafe 3 In 1 Sachet 25g X 45 X,104,Coffee & Tea,Food,5012,Nescafe,42,NESTLÉ NIGERIA PLC
30330,NC3IN125GX20PROMO,Nescafe Original 3 In 1 25g X 20 X (10+1)promo,104,Coffee & Tea,Food,5012,Nescafe,42,NESTLÉ NIGERIA PLC
26755,NCRTD200ML,Nescafe Rtd 200ml X 12,104,Coffee & Tea,Food,5012,Nescafe,42,NESTLÉ NIGERIA PLC
26756,NCMAL25GX45X8,Nescafe Malty 3 In 1 25g X 45 X,104,Coffee & Tea,Food,5012,Nescafe,42,NESTLÉ NIGERIA PLC
26550,NC3IN125GPK48,Nescafe 3 In 1 Sachet 25g X 10 X 48 X,104,Coffee & Tea,Food,5012,Nescafe,42,NESTLÉ NIGERIA PLC
22401,NC3IN125.6G,Nescafe 3 In 1 Sachet 25.6g X 8 X45,104,Coffee & Tea,Food,5012,Nescafe,42,NESTLÉ NIGERIA PLC
24421,NC3IN125Gx10,Nescafe 3 In 1 Sachet 25g X 10 X 48,104,Coffee & Tea,Food,5012,Nescafe,42,NESTLÉ NIGERIA PLC
24192,NC3IN125G,Nescafe 3 In 1 Sachet 25g X 45 X,104,Coffee & Tea,Food,5012,Nescafe,42,NESTLÉ NIGERIA PLC
24193,NCCLA1.5G,Nescafe Classic 1.5g X 150 X,104,Coffee & Tea,Food,5012,Nescafe,42,NESTLÉ NIGERIA PLC
25255,NCCLATIN50G,Nescafe Classic Tin 50g X 48,104,Coffee & Tea,Food,5012,Nescafe,42,NESTLÉ NIGERIA PLC
25346,NCMAL25G,Nescafe Malty 3 In 1 25g X 80,104,Coffee & Tea,Food,5012,Nescafe,42,NESTLÉ NIGERIA PLC
44517,NESDEC95G,Nescafe Gold Blend Decaf 95g  X 6,104,Coffee & Tea,Food,5012,Nescafe,42,NESTLÉ NIGERIA PLC
44473,NESGDBLORI95G,Nescafe Gold Blend Original 95g X 6,104,Coffee & Tea,Food,5012,Nescafe,42,NESTLÉ NIGERIA PLC
23108,NBBANC50G,Nibit Banana Cookies 50g X 72,101,Biscuits & Sweets,Food,5013,Nitbit,38,FASTIZERS FOOD AND CONFECTIONERY LTD
23675,NBMILK40G,Nibit Milky Cookies 40g X 72,101,Biscuits & Sweets,Food,5013,Nitbit,38,FASTIZERS FOOD AND CONFECTIONERY LTD
22029,NBCHOC50G,Nibit Chocolate Cookies 50g X 72,101,Biscuits & Sweets,Food,5013,Nitbit,38,FASTIZERS FOOD AND CONFECTIONERY LTD
22031,NBMILK50G,Nibit Milky Cookies 50g X 72,101,Biscuits & Sweets,Food,5013,Nitbit,38,FASTIZERS FOOD AND CONFECTIONERY LTD
23948,NBBANC40G,Nibit Banana Cookies 40g X 72,101,Biscuits & Sweets,Food,5013,Nitbit,38,FASTIZERS FOOD AND CONFECTIONERY LTD
23949,NBCHOC40G,Nibit Chocolate Cookies 40g X 72,101,Biscuits & Sweets,Food,5013,Nitbit,38,FASTIZERS FOOD AND CONFECTIONERY LTD
24433,NBJUMMILK80G,Nibit Milk Jumbo Cookies 80g X 40,101,Biscuits & Sweets,Food,5013,Nitbit,38,FASTIZERS FOOD AND CONFECTIONERY LTD
46055,ONBEEF4Gx1000,Onga Beef Cubes 4g X (48+2) X 20,117,Seasoning cubes & Spices,Food,5014,Onga,26,PROMASIDOR HOLDINGS
46057,ONGACHICUB4Gx1000,Onga Chicken Cube 4g X (48+2) X 20,117,Seasoning cubes & Spices,Food,5014,Onga,26,PROMASIDOR HOLDINGS
46059,ONSTEW8GX240,Onga Stew 8g X 24 X 10 ,117,Seasoning cubes & Spices,Food,5014,Onga,26,PROMASIDOR HOLDINGS
23403,ONGACHKN50G,Onga Chicken Sachet 50g X 5 X 10,117,Seasoning cubes & Spices,Food,5014,Onga,26,PROMASIDOR HOLDINGS
22693,ONGACHICUB4G,Onga Chicken Cube 4g X 50 X 24,117,Seasoning cubes & Spices,Food,5014,Onga,26,PROMASIDOR HOLDINGS
22282,ONBEEF4G,Onga Beef Cubes 4g X 50 X 24,117,Seasoning cubes & Spices,Food,5014,Onga,26,PROMASIDOR HOLDINGS
22283,ONSTEW6G,Onga Stew 6g X 350,117,Seasoning cubes & Spices,Food,5014,Onga,26,PROMASIDOR HOLDINGS
22397,ONGCLSC6G,Onga Clssic 6g X 350,117,Seasoning cubes & Spices,Food,5014,Onga,26,PROMASIDOR HOLDINGS
24276,ONGOGSPW11G,"Onga Ginger, Onion & Garlic  Seasoning Powder 11g X 200",117,Seasoning cubes & Spices,Food,5014,Onga,26,PROMASIDOR HOLDINGS
24333,ONGCLSC4G,Onga Classic Cube 4g X 50 X 24,117,Seasoning cubes & Spices,Food,5014,Onga,26,PROMASIDOR HOLDINGS
23947,ONGCPS4G,Onga Curry Powder Sachet 4g X 200,117,Seasoning cubes & Spices,Food,5014,Onga,26,PROMASIDOR HOLDINGS
24067,ONGCHIPW6G,Onga Chicken Powder 6g X 350,117,Seasoning cubes & Spices,Food,5014,Onga,26,PROMASIDOR HOLDINGS
24071,ONGCLSC10G,Onga Classic 10g X 10 X 25,117,Seasoning cubes & Spices,Food,5014,Onga,26,PROMASIDOR HOLDINGS
24072,ONGCLSC60G,Onga Classic 60g X 50,117,Seasoning cubes & Spices,Food,5014,Onga,26,PROMASIDOR HOLDINGS
24073,ONSTEW10G,Onga Stew 10g X 10 X 25,117,Seasoning cubes & Spices,Food,5014,Onga,26,PROMASIDOR HOLDINGS
24074,ONSTEW60G,Onga Stew 60g X 50,117,Seasoning cubes & Spices,Food,5014,Onga,26,PROMASIDOR HOLDINGS
24075,TWDPSAC500G,Twisco Chocolate Drink Powder Sachet 500g X 12,110,Hot Chocolate Drinks,Food,5014,Onga,26,PROMASIDOR HOLDINGS
25488,ONSTEW55G,Onga Stew 55g X 50,117,Seasoning cubes & Spices,Food,5014,Onga,26,PROMASIDOR HOLDINGS
26170,ONGAJLFSAC8G,Onga Jollof Sachet 8g  X 250,117,Seasoning cubes & Spices,Food,5014,Onga,26,PROMASIDOR HOLDINGS
26715,ONSTEW10GX125BB,Onga Stew 10g X 125,117,Seasoning cubes & Spices,Food,5014,Onga,26,PROMASIDOR HOLDINGS
30436,ONBEEF4GX960,Onga Beef Cubes 4g X 40 X 24,117,Seasoning cubes & Spices,Food,5014,Onga,26,PROMASIDOR HOLDINGS
30437,ONCHICB4GX960,Onga Chicken Cube 4g X 40 X 24,117,Seasoning cubes & Spices,Food,5014,Onga,26,PROMASIDOR HOLDINGS
30820,ONSTEW6GX175,Onga Stew 6g X 175,117,Seasoning cubes & Spices,Food,5014,Onga,26,PROMASIDOR HOLDINGS
22303,PREDENGY40CL,Predator Gold Energy Drink 40cl X 12,106,Drinks,Beverages,5015,Predator,25,NIGERIAN BOTTLING COMPANY
24109,PREDENGY40CLx6,Predator Gold Energy Drink 40cl X,106,Drinks,Beverages,5015,Predator,25,NIGERIAN BOTTLING COMPANY
30808,ROYBEEF4GX10,Royco Beef Cubes 4g X 100 X 10,117,Seasoning cubes & Spices,Food,5016,Royco,24,UNILEVER
30473,ROYBEFMAN20X100X4G,Royco Beef Mandara 4g X 20 X 100,117,Seasoning cubes & Spices,Food,5016,Royco,24,UNILEVER
30474,ROYBUK3X500X4G,Royco Bulk 4g X 3 X 500,117,Seasoning cubes & Spices,Food,5016,Royco,24,UNILEVER
22280,ROYBEEF4G,Royco Beef Cubes 4g X 100 X 20,117,Seasoning cubes & Spices,Food,5016,Royco,24,UNILEVER
22423,SMOOVCHAP50CL,Smoov Chapman Pet Bottle 50cl X 12,106,Drinks,Beverages,5017,Smoov,18,THE LA CASERA COMPANY PLC
23819,SMOOVCHAP60CL,Smoov Chapman Pet Bottle 60cl X 12,106,Drinks,Beverages,5017,Smoov,18,THE LA CASERA COMPANY PLC
24995,SMOOVCHAP35CLx6,Smoov Chapman Pet Bottle 35cl X,106,Drinks,Beverages,5017,Smoov,18,THE LA CASERA COMPANY PLC
24996,SMOOVCHAP50CLx6,Smoov Chapman Pet Bottle 50cl X,106,Drinks,Beverages,5017,Smoov,18,THE LA CASERA COMPANY PLC
23986,SMOOVCHAP35CL,Smoov Chapman Pet Bottle 35cl X 12,106,Drinks,Beverages,5017,Smoov,18,THE LA CASERA COMPANY PLC
25407,PROMSMOOVCHAP60CLx6,Promo Smoov Chapman Pet Bottle 60cl X,115,Promo,Promo,5017,Smoov,18,THE LA CASERA COMPANY PLC
23339,SOKLINP160G,So Klin Protect 160g X 24,108,Home Care and Laundry,HC+PC,5018,So Klin,44,EKO SUPREME RESOURCES NIGERIA LIMITED
23340,SOKLINP60G,So Klin Protect 60g X 48,108,Home Care and Laundry,HC+PC,5018,So Klin,44,EKO SUPREME RESOURCES NIGERIA LIMITED
23341,SOKLINU400G,So Klin Ultra 400g X 12,108,Home Care and Laundry,HC+PC,5018,So Klin,44,EKO SUPREME RESOURCES NIGERIA LIMITED
23342,SOKLINU160G,So Klin Ultra 160g X 24,108,Home Care and Laundry,HC+PC,5018,So Klin,44,EKO SUPREME RESOURCES NIGERIA LIMITED
23343,SOKLINU60G,So Klin Ultra 60g X 48,108,Home Care and Laundry,HC+PC,5018,So Klin,44,EKO SUPREME RESOURCES NIGERIA LIMITED
23344,SOKLINU25G,So Klin Ultra 25g X 150,108,Home Care and Laundry,HC+PC,5018,So Klin,44,EKO SUPREME RESOURCES NIGERIA LIMITED
23345,SOKLIN450G,So Klin Detergent 450g X 12,108,Home Care and Laundry,HC+PC,5018,So Klin,44,EKO SUPREME RESOURCES NIGERIA LIMITED
23346,SOKLIN170G,So Klin Detergent 170g X 24 + 2 Free(26),108,Home Care and Laundry,HC+PC,5018,So Klin,44,EKO SUPREME RESOURCES NIGERIA LIMITED
23347,SOKLIN90G,So Klin Detergent 90g X 48,108,Home Care and Laundry,HC+PC,5018,So Klin,44,EKO SUPREME RESOURCES NIGERIA LIMITED
23348,SOKLIN65G,So Klin Detergent 65g X 48,108,Home Care and Laundry,HC+PC,5018,So Klin,44,EKO SUPREME RESOURCES NIGERIA LIMITED
23349,SOKLIN22G,So Klin Detergent 22g X 150,108,Home Care and Laundry,HC+PC,5018,So Klin,44,EKO SUPREME RESOURCES NIGERIA LIMITED
22409,SOKLIN190G,So Klin 190g X 24 + 2 Free (26),108,Home Care and Laundry,HC+PC,5018,So Klin,44,EKO SUPREME RESOURCES NIGERIA LIMITED
22087,SKULT80G,So Klin Ultra 80g X 48 + 3 Free (51),108,Home Care and Laundry,HC+PC,5018,So Klin,44,EKO SUPREME RESOURCES NIGERIA LIMITED
22088,SKULT180G,So Klin Ultra 180g X 24 + 2 Free (26),108,Home Care and Laundry,HC+PC,5018,So Klin,44,EKO SUPREME RESOURCES NIGERIA LIMITED
22291,SOKLIN25G,So Klin Detergent 25g X 150,108,Home Care and Laundry,HC+PC,5018,So Klin,44,EKO SUPREME RESOURCES NIGERIA LIMITED
22292,SOKLIN185G,So Klin Detergent 185g X 24 + 2 Free ,108,Home Care and Laundry,HC+PC,5018,So Klin,44,EKO SUPREME RESOURCES NIGERIA LIMITED
24889,SOKLIN1KG,So Klin Detergent 1kg X 26,108,Home Care and Laundry,HC+PC,5018,So Klin,44,EKO SUPREME RESOURCES NIGERIA LIMITED
24890,SOKLIN15G,So Klin Detergent 15g X 180,108,Home Care and Laundry,HC+PC,5018,So Klin,44,EKO SUPREME RESOURCES NIGERIA LIMITED
24891,SOKLIN200G,So Klin Detergent 200g X 26,108,Home Care and Laundry,HC+PC,5018,So Klin,44,EKO SUPREME RESOURCES NIGERIA LIMITED
24377,SOKLINU160Gx13,So Klin Ultra 160g X 13 ,108,Home Care and Laundry,HC+PC,5018,So Klin,44,EKO SUPREME RESOURCES NIGERIA LIMITED
24383,SOKLINP60Gx25,So Klin Protect 60g X 25 ,108,Home Care and Laundry,HC+PC,5018,So Klin,44,EKO SUPREME RESOURCES NIGERIA LIMITED
24386,SOKLIN65Gx25,So Klin Detergent 65g X 25 ,108,Home Care and Laundry,HC+PC,5018,So Klin,44,EKO SUPREME RESOURCES NIGERIA LIMITED
25053,SOKLIN850G,So Klin Detergent 850g X,108,Home Care and Laundry,HC+PC,5018,So Klin,44,EKO SUPREME RESOURCES NIGERIA LIMITED
30265,SOKLIN22G+18FREE,So Klin Detergent 22g X 150+18free,108,Home Care and Laundry,HC+PC,5018,So Klin,44,EKO SUPREME RESOURCES NIGERIA LIMITED
22384,SOKLIN160G,So Klin 160g X 24 + 2 Free (26),108,Home Care and Laundry,HC+PC,5018,So Klin,44,EKO SUPREME RESOURCES NIGERIA LIMITED
45874,SOKLIN170GP3,So Klin Detergent 170g X 24 + 3 Free(26),108,Home Care and Laundry,HC+PC,5018,So Klin,44,EKO SUPREME RESOURCES NIGERIA LIMITED
32034,SOKLIN22G+12FREE,So Klin Detergent 22g X 150 + 12 Free,108,Home Care and Laundry,HC+PC,5018,So Klin,44,EKO SUPREME RESOURCES NIGERIA LIMITED
32035,SOKLIN65G+2FREE,So Klin Detergent 65g X 48 + 2 Free,108,Home Care and Laundry,HC+PC,5018,So Klin,44,EKO SUPREME RESOURCES NIGERIA LIMITED
45862,SOKLIN20G12FREE,So Klin Detergent 20gr X 150 + Snow Free 12pcs,108,Home Care and Laundry,HC+PC,5018,So Klin,44,EKO SUPREME RESOURCES NIGERIA LIMITED
42918,SOKLINP170G,So Klin Protect 170g  X 24 + 2(26),108,Home Care and Laundry,HC+PC,5018,So Klin,659,EUROMEGA
44621,SOKLINP160G2,So Klin Protect 160g X 24 + 2 Free,108,Home Care and Laundry,HC+PC,5018,So Klin,659,EUROMEGA
44305,SOKLDET80G,So Klin Concentrated Detergent Ultra 80g X 48 + 2 Free ,108,Home Care and Laundry,HC+PC,5018,So Klin,659,EUROMEGA
45687,SKKOS33CL,Supa Komando Can 33cl X 24,106,Drinks,Beverages,5019,Supa Komando,1,SEVEN-UP BOTTLING COMPANY
45697,SUPAKOM5OCL,Supa Komando 50cl Pet Bottle ,106,Drinks,Beverages,5019,Supa Komando,1,SEVEN-UP BOTTLING COMPANY
45665,SRGBKOK25CL,Supa Kommando Rgb 25cl X 24 ,106,Drinks,Beverages,5019,Supa Komando,1,SEVEN-UP BOTTLING COMPANY
24257,SUPKMDO33CLx12,Supa Komando Can 33cl X 12,106,Drinks,Beverages,5019,Supa Komando,1,SEVEN-UP BOTTLING COMPANY
25001,SUPKOMDOPET30CLx6,Supa Komando Pet Bottle 30cl X,106,Drinks,Beverages,5019,Supa Komando,1,SEVEN-UP BOTTLING COMPANY
54664,SUPAKOM5OCL30P1,Supa Komando 50cl Pet Bottle 30+1,106,Drinks,Beverages,5019,Supa Komando,1,SEVEN-UP BOTTLING COMPANY
22541,SUPKOMDOPET30CL,Supa Komando Pet Bottle 30cl X 12,106,Drinks,Beverages,5019,Supa Komando,1,SEVEN-UP BOTTLING COMPANY
22036,SUPKMDO33CL,Supa Komando Can 33cl X 24,106,Drinks,Beverages,5019,Supa Komando,1,SEVEN-UP BOTTLING COMPANY
22293,SUNLGHTYLLW25G,Sunlight Detergent Yellow 25g X 180,108,Home Care and Laundry,HC+PC,5020,Sunlight,24,UNILEVER
22080,SUNLGHTPNK200G,Sunlight Detergent 200g X 24,108,Home Care and Laundry,HC+PC,5020,Sunlight,24,UNILEVER
22081,SUNLGHTYLW200G,Sunlight Detergent Yellow 200g X 24,108,Home Care and Laundry,HC+PC,5020,Sunlight,24,UNILEVER
21941,SUNLPINK900G,Sunlight Detergent Pink 900g X,108,Home Care and Laundry,HC+PC,5020,Sunlight,24,UNILEVER
21942,SUNLYLW900G,Sunlight Detergent Yellow 900g X,108,Home Care and Laundry,HC+PC,5020,Sunlight,24,UNILEVER
21943,SUNLYLW70G,Sunlight Destiny Powder Yellow 70g X 72,108,Home Care and Laundry,HC+PC,5020,Sunlight,24,UNILEVER
23662,SUNLGHTYLW190GX25,Sunlight Detergent Yellow 190g X 25,108,Home Care and Laundry,HC+PC,5020,Sunlight,24,UNILEVER
22744,SUNLGHTYLW190G,Sunlight Detergent Yellow 190g X 24,108,Home Care and Laundry,HC+PC,5020,Sunlight,24,UNILEVER
22745,SUNLGHTPNK190G,Sunlight Detergent Pink 190g X 24,108,Home Care and Laundry,HC+PC,5020,Sunlight,24,UNILEVER
22842,SUNLYLW80G,Sunlight Destiny Powder Yellow 80g X 72,108,Home Care and Laundry,HC+PC,5020,Sunlight,24,UNILEVER
22843,SUNLGHTYOUD200G,Sunlight Powder Oud 24 X 200g,108,Home Care and Laundry,HC+PC,5020,Sunlight,24,UNILEVER
23743,SUNPNK80G,Sunlight Detergent Pink 80g X 72,108,Home Care and Laundry,HC+PC,5020,Sunlight,24,UNILEVER
30475,SUNRELAN5X2KG,Sunlight Relaunch Yellow 2kg X,108,Home Care and Laundry,HC+PC,5020,Sunlight,24,UNILEVER
30476,SUNLPWDESYEL180GX25G,Sunlight Powder Destiny Yellow 25g X 180,108,Home Care and Laundry,HC+PC,5020,Sunlight,24,UNILEVER
30477,SUNRELANPNK5X2KG,Sunlight Relaunch Pink 2kg X,108,Home Care and Laundry,HC+PC,5020,Sunlight,24,UNILEVER
30478,SUNLPWDESPNK72X80G,Sunlight Destiny Powder Pink 80g X 72,108,Home Care and Laundry,HC+PC,5020,Sunlight,24,UNILEVER
30479,SUNLPWDESYEL3X3.5KG,Sunlight Destiny Powder Yellow 3.5kg X,108,Home Care and Laundry,HC+PC,5020,Sunlight,24,UNILEVER
30480,SUNOUD24X200G,Sunlight Oud 200g X 24,108,Home Care and Laundry,HC+PC,5020,Sunlight,24,UNILEVER
30481,SUNLPWDESPNK3X3.5KG,Sunlight Destiny Powder Pink 3.5kg X,108,Home Care and Laundry,HC+PC,5020,Sunlight,24,UNILEVER
30482,SUNOUD180X25G,Sunlight Oud 25g X 180,108,Home Care and Laundry,HC+PC,5020,Sunlight,24,UNILEVER
31266,SUNLPWDESYEL3X3KG,Sunlight Destiny Powder Yellow 3kg X,108,Home Care and Laundry,HC+PC,5020,Sunlight,24,UNILEVER
42484,SUNLYLW160G,Sunlight Detergent Yellow 160g X 24,108,Home Care and Laundry,HC+PC,5020,Sunlight,24,UNILEVER
25590,SUNLYLW900G+70g,Sunlight Detergent Yellow 900g X 8 + 6 X 70g,108,Home Care and Laundry,HC+PC,5020,Sunlight,24,UNILEVER
24003,SUNLYLW170G,Sunlight Detergent Yellow 170g X 24,108,Home Care and Laundry,HC+PC,5020,Sunlight,24,UNILEVER
24004,SUNLPNK170G,Sunlight Detergent Pink 170g X 24,108,Home Care and Laundry,HC+PC,5020,Sunlight,24,UNILEVER
24005,SUNLYLW2KG,Sunlight Detergent Yellow 2kg X,108,Home Care and Laundry,HC+PC,5020,Sunlight,24,UNILEVER
24006,SUNLPNK2KG,Sunlight Detergent Pink 2kg X,108,Home Care and Laundry,HC+PC,5020,Sunlight,24,UNILEVER
24018,SUNLGHTYOUD900G,Sunlight Powder Oud 900g X,108,Home Care and Laundry,HC+PC,5020,Sunlight,24,UNILEVER
30494,SUNDWLORG12X750ML,Sunlight Dwl Original 750ml X 12,108,Home Care and Laundry,HC+PC,5020,Sunlight,24,UNILEVER
30495,SUNDWLGRN3X4L,Sunlight Dwl Green Ngr 4l X,108,Home Care and Laundry,HC+PC,5020,Sunlight,24,UNILEVER
30496,SUNDWLGRN12X750ML,Sunlight Dwl Green 750ml X 12,108,Home Care and Laundry,HC+PC,5020,Sunlight,24,UNILEVER
30497,SUNDWLORG12X400ML,Sunlight Dwl Original 400ml X 12,108,Home Care and Laundry,HC+PC,5020,Sunlight,24,UNILEVER
30498,SUNDWLGRN12X400ML,Sunlight Dwl Green 400ml X 12,108,Home Care and Laundry,HC+PC,5020,Sunlight,24,UNILEVER
30499,SUNMULTLEM12X1L,Sunlight Multipurpose Lemon 1l X 12,108,Home Care and Laundry,HC+PC,5020,Sunlight,24,UNILEVER
30500,SUNMULTLEM3X4L,Sunlight Multipurpose Lemon 4l X,108,Home Care and Laundry,HC+PC,5020,Sunlight,24,UNILEVER
30501,SUNMULTLAVE12X1L,Sunlight Multipurpose Lavender 1l X 12,108,Home Care and Laundry,HC+PC,5020,Sunlight,24,UNILEVER
30502,SUNMULTLAVE3X4L,Sunlight Multipurpose Lavender 4l X,108,Home Care and Laundry,HC+PC,5020,Sunlight,24,UNILEVER
21948,TEEM50CL,Teem Bitter Lemon Pet Bottle 50cl X 12,106,Drinks,Beverages,5021,Teem,1,SEVEN-UP BOTTLING COMPANY
22013,TEEMSODA50CL,Teem Soda Water Pet Bottle 50cl X 12,106,Drinks,Beverages,5021,Teem,1,SEVEN-UP BOTTLING COMPANY
54661,TEEM50CL30P1,Teem Bitter Lemon Pet Bottle 50cl X 12 (30+1),106,Drinks,Beverages,5021,Teem,1,SEVEN-UP BOTTLING COMPANY
24209,TEEM50CLx6,Teem Bitter Lemon Pet Bottle 50cl X,106,Drinks,Beverages,5021,Teem,1,SEVEN-UP BOTTLING COMPANY
24998,TEEMSODA50CLx6,Teem Soda Water Pet Bottle 50cl X,106,Drinks,Beverages,5021,Teem,1,SEVEN-UP BOTTLING COMPANY
22290,TTEA2SCHT,Top Tea Sachet 2g X 200,104,Coffee & Tea,Food,5022,Top Tea,26,PROMASIDOR HOLDINGS
25856,TTEASCHT2G,Top Tea Sachet 2g X 100,104,Coffee & Tea,Food,5022,Top Tea,26,PROMASIDOR HOLDINGS
24278,TTEAGTB1.9G,Top Tea Ginger Tea Bag 1.9g X 25 X 24,104,Coffee & Tea,Food,5022,Top Tea,26,PROMASIDOR HOLDINGS
23998,TTEA1.9SCHT,Top Tea Sachet 1.9g X 200,104,Coffee & Tea,Food,5022,Top Tea,26,PROMASIDOR HOLDINGS
22436,TTPP1.9G,Top Tea Pillow Pack 1.9g X 12 X 100,110,Hot Chocolate Drinks,Food,5022,Top Tea,26,PROMASIDOR HOLDINGS
22396,TTEA40SCHT,Top Tea Box 40 X 25,104,Coffee & Tea,Food,5022,Top Tea,26,PROMASIDOR HOLDINGS
24213,PEPS50CLx6,Pepsi Pet Bottle 50cl X,106,Drinks,Beverages,5024,Pepsi,1,SEVEN-UP BOTTLING COMPANY
45679,PEPSIRGB35CL,Pepsi Rgb 35cl X 24 ,106,Drinks,Beverages,5024,Pepsi,1,SEVEN-UP BOTTLING COMPANY
45681,PEPSIRGB50CL,Pepsi Rgb 50cl X 24 ,106,Drinks,Beverages,5024,Pepsi,1,SEVEN-UP BOTTLING COMPANY
45699,PEPPET60CL,Pepsi Pet Bottle 60cl X 12,106,Drinks,Beverages,5024,Pepsi,1,SEVEN-UP BOTTLING COMPANY
53881,PEP60CL,Pepsi Bottle 60cl X 12,106,Drinks,Beverages,5024,Pepsi,1,SEVEN-UP BOTTLING COMPANY
54673,PEPPET60CLPROMO,Pepsi Pet Bottle 60cl X 12 Promo,106,Drinks,Beverages,5024,Pepsi,1,SEVEN-UP BOTTLING COMPANY
54658,PEPPET60CL30P1,Pepsi Pet Bottle 60cl X 12 (30+1),106,Drinks,Beverages,5024,Pepsi,1,SEVEN-UP BOTTLING COMPANY
22014,PEPSIMAX40CL,Pepsi Max Pet Bottle 40cl X 12,106,Drinks,Beverages,5024,Pepsi,1,SEVEN-UP BOTTLING COMPANY
21945,PEPS50CL,Pepsi Pet Bottle 50cl X 12,106,Drinks,Beverages,5024,Pepsi,1,SEVEN-UP BOTTLING COMPANY
22535,PEPSLHT50CL,Pepsi Light Pet Bottle 50cl X 12,106,Drinks,Beverages,5024,Pepsi,1,SEVEN-UP BOTTLING COMPANY
24081,PEPS40CL,Pepsi 40cl Pet Bottle X 12,106,Drinks,Beverages,5024,Pepsi,1,SEVEN-UP BOTTLING COMPANY
22406,PEPSIMAX50CL,Pepsi Max Pet Bottle 50cl X 12,106,Drinks,Beverages,5024,Pepsi,1,SEVEN-UP BOTTLING COMPANY
26439,PEPS40CLx6,Pepsi 40cl Pet Bottle X,106,Drinks,Beverages,5024,Pepsi,1,SEVEN-UP BOTTLING COMPANY
26567,PEPSLHT40CL,Pepsi Light Pet Bottle 40cl  X 12,106,Drinks,Beverages,5024,Pepsi,1,SEVEN-UP BOTTLING COMPANY
26273,BLXSPBS40G,Beloxxi  Snap Biscuit 40g X 48,101,Biscuits & Sweets,Food,5025,Beloxxi,11,BELOXXI INDUSTRIES LTD
26564,BELMC40G,Beloxxi Mini Crackers 40g X 48,101,Biscuits & Sweets,Food,5025,Beloxxi,11,BELOXXI INDUSTRIES LTD
26565,BELCC40G,Beloxxi Cream Crackers 40g X 48,101,Biscuits & Sweets,Food,5025,Beloxxi,11,BELOXXI INDUSTRIES LTD
42858,BELMC30G,Beloxxi Mini Crackers 30g  X 48,101,Biscuits & Sweets,Food,5025,Beloxxi,11,BELOXXI INDUSTRIES LTD
42859,BELCC30G,Beloxxi Cream Crackers 30g X 48,101,Biscuits & Sweets,Food,5025,Beloxxi,11,BELOXXI INDUSTRIES LTD
23734,BELMKYCOK21G,Beloxxi Melky Cookie 21g X 96,101,Biscuits & Sweets,Food,5025,Beloxxi,11,BELOXXI INDUSTRIES LTD
22481,BELMC21G,Beloxxi mini Crackers 21g X 72,101,Biscuits & Sweets,Food,5025,Beloxxi,11,BELOXXI INDUSTRIES LTD
22482,BELMC15G,Beloxxi Mini Crackers 15g X 96,101,Biscuits & Sweets,Food,5025,Beloxxi,11,BELOXXI INDUSTRIES LTD
53249,JEHEU2,Fumnise Test X 22,117,Seasoning cubes & Spices,Food,5025,Beloxxi,11,BELOXXI INDUSTRIES LTD
45004,BELCC36G,Beloxxi Cream Crackers 40g X 36,101,Biscuits & Sweets,Food,5025,Beloxxi,11,BELOXXI INDUSTRIES LTD
45006,BELMC36G,Beloxxi Mini Crackers 40g X 36,101,Biscuits & Sweets,Food,5025,Beloxxi,11,BELOXXI INDUSTRIES LTD
45364,BELOCC20G,Beloxxi Cream Crackers 20g X 48 ,101,Biscuits & Sweets,Food,5025,Beloxxi,11,BELOXXI INDUSTRIES LTD
44245,BELMCC25G,Beloxxi Mini Cream Crackers 25g X 60,101,Biscuits & Sweets,Food,5025,Beloxxi,11,BELOXXI INDUSTRIES LTD
43516,test267,Fumnise Test X 24,117,Seasoning cubes & Spices,Food,5025,Beloxxi,11,BELOXXI INDUSTRIES LTD
44392,BELCC20G,Beloxxi Cream Crackers 20g X 48,101,Biscuits & Sweets,Food,5025,Beloxxi,11,BELOXXI INDUSTRIES LTD
44394,BELMC20G,Beloxxi Mini Crackers 20g X 48,101,Biscuits & Sweets,Food,5025,Beloxxi,11,BELOXXI INDUSTRIES LTD
30510,LUSOFCA3PFLOB96X65,Lux Soft Caress 3p Flowerbliss 65g X 96,114,Personal Care & Beauty,HC+PC,5026,Lux,24,UNILEVER
30512,LUXSOFCAR48X125G,Lux Soft Caress 125g X 48,114,Personal Care & Beauty,HC+PC,5026,Lux,24,UNILEVER
30513,LUXEVCP3PMFMS48X125G,Lux Even Complexion 3pm Fsm 125g X 48,114,Personal Care & Beauty,HC+PC,5026,Lux,24,UNILEVER
24285,LXSCBSP65G,Lux Soft Caress Beauty Soap 65g X 96,114,Personal Care & Beauty,HC+PC,5026,Lux,24,UNILEVER
22079,LUXEVNCMPLX125G,Lux Even Complexion 125g X 48,114,Personal Care & Beauty,HC+PC,5026,Lux,24,UNILEVER
23131,LUXECPX125GPCK8,Lux Even Complexion 125g X,114,Personal Care & Beauty,HC+PC,5026,Lux,24,UNILEVER
23302,LXSCBSP65GPK16,Lux Soft Caress Beauty Soap 65g X,114,Personal Care & Beauty,HC+PC,5026,Lux,24,UNILEVER
46357,LUXGLOW100G,Lux Fresh Glow Soap 100g X 4,114,Personal Care & Beauty,HC+PC,5026,Lux,24,UNILEVER
46361,LUXFSHGLW100G,Lux Freshglow Soap 100g X 4,114,Personal Care & Beauty,HC+PC,5026,Lux,24,UNILEVER
45755,MAGCUBE40,Maggi Cube 4g X 21 X 105,117,Seasoning cubes & Spices,Food,5027,Maggi,42,NESTLÉ NIGERIA PLC
25248,MAGCC4Gx25,Maggi Chicken Cube 4g X 24 X 25,117,Seasoning cubes & Spices,Food,5027,Maggi,42,NESTLÉ NIGERIA PLC
25249,MAGCUBE4g x 21 x 105,Maggi Cube 4g X 21 X 105,117,Seasoning cubes & Spices,Food,5027,Maggi,42,NESTLÉ NIGERIA PLC
25250,MAGNAP4Gx24x25,Maggi Naija Pot 4g X 24 X 25,117,Seasoning cubes & Spices,Food,5027,Maggi,42,NESTLÉ NIGERIA PLC
25251,MAGNAP4Gx24x50,Maggi Naija Pot 4g X 24 X 50,117,Seasoning cubes & Spices,Food,5027,Maggi,42,NESTLÉ NIGERIA PLC
25252,MAGSCH10G,Maggi Signature Chicken 10g X 10 X 30,117,Seasoning cubes & Spices,Food,5027,Maggi,42,NESTLÉ NIGERIA PLC
25253,MAGMGB6G,Maggi Mixpy Golden Beef 6g X 10 X 65,117,Seasoning cubes & Spices,Food,5027,Maggi,42,NESTLÉ NIGERIA PLC
25288,MAGCPWD8G,Maggi Chicken Powder 8g X 10x100,117,Seasoning cubes & Spices,Food,5027,Maggi,42,NESTLÉ NIGERIA PLC
25289,MAGCUBE4Gx22x100,Maggi Cube 4g X 22 X 100,117,Seasoning cubes & Spices,Food,5027,Maggi,42,NESTLÉ NIGERIA PLC
25290,MAGCSEAP450G,Maggi Chicken Seasoning Powder 450g X 18,117,Seasoning cubes & Spices,Food,5027,Maggi,42,NESTLÉ NIGERIA PLC
25078,MAGCC4Gx16,Maggi Chicken Cube 4g X 100 X 16,117,Seasoning cubes & Spices,Food,5027,Maggi,42,NESTLÉ NIGERIA PLC
25563,MAGCUBE2300,Maggi Cube 2300 X 4g,117,Seasoning cubes & Spices,Food,5027,Maggi,42,NESTLÉ NIGERIA PLC
24388,MAGBSPWD450G,Maggi Beef Stock Powder 450g X 18,117,Seasoning cubes & Spices,Food,5027,Maggi,42,NESTLÉ NIGERIA PLC
24389,MAGCC4G,Maggi Chicken Cube 4g X 60 X 20,117,Seasoning cubes & Spices,Food,5027,Maggi,42,NESTLÉ NIGERIA PLC
24390,MAGSCH8G,Maggi Signature Chicken 8g X 10 X 30,117,Seasoning cubes & Spices,Food,5027,Maggi,42,NESTLÉ NIGERIA PLC
24391,MAGJO8G,Maggi Signature Jollof 8g X 10 X 30,117,Seasoning cubes & Spices,Food,5027,Maggi,42,NESTLÉ NIGERIA PLC
24392,MAGNAP4Gx24,Maggi Naija Pot 4g X 20 X 24,117,Seasoning cubes & Spices,Food,5027,Maggi,42,NESTLÉ NIGERIA PLC
24058,MAGCHIT10G,Maggi Chicken Tab 24packs X 10g X 60,117,Seasoning cubes & Spices,Food,5027,Maggi,42,NESTLÉ NIGERIA PLC
24059,MAGCRAP450G,Maggi Crayfish Seasoning Powder 450g X 18,117,Seasoning cubes & Spices,Food,5027,Maggi,42,NESTLÉ NIGERIA PLC
24060,MAGSEAP450G,Maggi Seasoning Powder 450g X 18,117,Seasoning cubes & Spices,Food,5027,Maggi,42,NESTLÉ NIGERIA PLC
24330,MAGCUBE4Gx24x50,Maggi Cube 4g X 24 X 50,117,Seasoning cubes & Spices,Food,5027,Maggi,42,NESTLÉ NIGERIA PLC
24331,MAGCUBE4Gx20x60,Maggi  Star Seasoning Cube  4g X 20 X 60,117,Seasoning cubes & Spices,Food,5027,Maggi,42,NESTLÉ NIGERIA PLC
22278,MAGCUBE,Maggi Cubes 4g X 100 X 21,117,Seasoning cubes & Spices,Food,5027,Maggi,42,NESTLÉ NIGERIA PLC
22279,MAGCUBE2500,Maggi Cubes 4g X 2500,117,Seasoning cubes & Spices,Food,5027,Maggi,42,NESTLÉ NIGERIA PLC
22407,MAGCUBE4G,Maggi Cube 4g X 20 X 100,117,Seasoning cubes & Spices,Food,5027,Maggi,42,NESTLÉ NIGERIA PLC
22581,MSTRSEACUB4G,Maggi Star Seasoning Cube 4g X 20 X 100,117,Seasoning cubes & Spices,Food,5027,Maggi,42,NESTLÉ NIGERIA PLC
22936,MAGCUBE2400,Maggi Cube 2400 X 4g,117,Seasoning cubes & Spices,Food,5027,Maggi,42,NESTLÉ NIGERIA PLC
26546,MAGCUBE4G105,Maggi Cube 4g X 20 X 105,117,Seasoning cubes & Spices,Food,5027,Maggi,42,NESTLÉ NIGERIA PLC
30253,MAGSEAP450GPROMO,Maggi Seasoning Powder 450g X 18 + 200g Promo,117,Seasoning cubes & Spices,Food,5027,Maggi,42,NESTLÉ NIGERIA PLC
24188,MAGCRT10G,Maggi Crayfish Tab 10g X 24 X 60,117,Seasoning cubes & Spices,Food,5027,Maggi,42,NESTLÉ NIGERIA PLC
24189,MAGNAP4G,Maggi Naija Pot 4g X 24 X 40,117,Seasoning cubes & Spices,Food,5027,Maggi,42,NESTLÉ NIGERIA PLC
26710,MAGCUBE4Gx10BB,Maggi Cube 4g  X 100 X 10,117,Seasoning cubes & Spices,Food,5027,Maggi,42,NESTLÉ NIGERIA PLC
30331,MAGCPWD100G,Maggi Chicken Powder 100g  X 8 X 10,117,Seasoning cubes & Spices,Food,5027,Maggi,42,NESTLÉ NIGERIA PLC
30327,MAGCSEAP450GPROMO,Maggi Chicken Seasoning Powder 450g X 18 + 200g  Promo,117,Seasoning cubes & Spices,Food,5027,Maggi,42,NESTLÉ NIGERIA PLC
42843,MAGSEAP400G,Maggi Seasoning Powder 400g  X 18,117,Seasoning cubes & Spices,Food,5027,Maggi,42,NESTLÉ NIGERIA PLC
37828,MAGCUBE4GBB,Maggi Cube 4g X 20 X 1,117,Seasoning cubes & Spices,Food,5027,Maggi,42,NESTLÉ NIGERIA PLC
37832,MAGCUBE4GX100X1,Maggi Cube 4g X 1 Pack X 100,117,Seasoning cubes & Spices,Food,5027,Maggi,42,NESTLÉ NIGERIA PLC
30597,MAGJO8GPROMO,Maggi Signature Jollof 8g X 10 X 30+2 Free Rolls,117,Seasoning cubes & Spices,Food,5027,Maggi,42,NESTLÉ NIGERIA PLC
53840,MAGGAROSS250ML,Maggi Arome Seasoning Sauce 250ml X 24,117,Seasoning cubes & Spices,Food,5027,Maggi,666,NESTLE
22307,LMCA60CL,Limca Pet Bottle 60cl X 12,106,Drinks,Beverages,5028,Limca,25,NIGERIAN BOTTLING COMPANY
22382,LIP2IN12G,Lipton 2 In 1 Sachet 2g X 200,104,Coffee & Tea,Food,5029,Lipton,24,UNILEVER
44581,LIPAMBTEAX312,Lipton America Black Tea 2.5g X 312,104,Coffee & Tea,Food,5029,Lipton,24,UNILEVER
26113,LIPEXSTEA2.3gx20,Lipton Extra Strong Tea 2.3g X 20 X 25,104,Coffee & Tea,Food,5029,Lipton,264,EKATERRA TEA
25244,LIPEXSTEA2.3g,Lipton Extra Strong Tea 2.3g X 40 X25,104,Coffee & Tea,Food,5029,Lipton,264,EKATERRA TEA
22332,LIPTEA2G,Lipton Yellow Label Tea Box 2g X 25 X 80,104,Coffee & Tea,Food,5029,Lipton,264,EKATERRA TEA
23301,LIPTEA2GPK4,Lipton Yellow Label Tea Box 2g (25bags) X 20,104,Coffee & Tea,Food,5029,Lipton,264,EKATERRA TEA
23292,LYA14GPCK2,Loya Milk Sachet 14g X 100,111,Milk & Dairy,Food,5030,Loya,26,PROMASIDOR HOLDINGS
23332,LYA14GPROMO,Loya Milk Sachet 14g X 200 + Twisco Choco 25g Sachet X 50,111,Milk & Dairy,Food,5030,Loya,26,PROMASIDOR HOLDINGS
22432,LYA14G,Loya Milk Sachet 14g X 200,111,Milk & Dairy,Food,5030,Loya,26,PROMASIDOR HOLDINGS
23996,LYA320G,Loya Milk Refill 320g X 12,111,Milk & Dairy,Food,5030,Loya,26,PROMASIDOR HOLDINGS
24066,LYA350G,Loya Hi-cal Sachet 350g X 12,111,Milk & Dairy,Food,5030,Loya,26,PROMASIDOR HOLDINGS
26143,LYA320GX12,Loya Milk Sachet 320g X,111,Milk & Dairy,Food,5030,Loya,26,PROMASIDOR HOLDINGS
25333,LYTMK380G,Loya Milk Tin 380g X 12,111,Milk & Dairy,Food,5030,Loya,26,PROMASIDOR HOLDINGS
25540,LYAFCPM800G,Loya Instant Full Cream Powder Milk 800g X 12,111,Milk & Dairy,Food,5030,Loya,26,PROMASIDOR HOLDINGS
25541,LYAP400G,Loya Powder 400g Tin X 12,111,Milk & Dairy,Food,5030,Loya,26,PROMASIDOR HOLDINGS
25577,LYA14x10,Loya Milk Sachet 14g X 10,111,Milk & Dairy,Food,5030,Loya,26,PROMASIDOR HOLDINGS
30608,LYA14G+10FREE,Loya Milk Sachet 14g X 200 + 10 Free Sachets,111,Milk & Dairy,Food,5030,Loya,26,PROMASIDOR HOLDINGS
33201,LYA14G+20FREE,Loya Milk Sachet 14g X 200 + 20 Free,111,Milk & Dairy,Food,5030,Loya,26,PROMASIDOR HOLDINGS
31732,LYA25KG,Loya Plain Milk Bag 25kg X,111,Milk & Dairy,Food,5030,Loya,26,PROMASIDOR HOLDINGS
26163,LYA320GX6,Loya Milk Sachet 320g X,111,Milk & Dairy,Food,5030,Loya,26,PROMASIDOR HOLDINGS
23818,LACAPPL60CL,La Casera Apple Pet Bottle 60cl X 12,106,Drinks,Beverages,5031,La Casera,18,THE LA CASERA COMPANY PLC
24106,LACAPPL60CLx6,La Casera Apple Pet Bottle 60cl X,106,Drinks,Beverages,5031,La Casera,18,THE LA CASERA COMPANY PLC
22422,LACAPPL50CL,La Casera Apple Pet Bottle 50cl X 12,106,Drinks,Beverages,5031,La Casera,252,La Casera
45094,CCRPEANTB15G,Checkers Crunchy Peanut Burger Snacks 15g X 6 Rolls X 12 ,118,Snacks and Chin Chin,Food,5033,Checkers,22,CHECKERS AFRICA LIMITED
45311,CCRPEANTB30G65,Checkers Crunchy Peanut Burger Snacks 30g X 5 X 13,103,Cereal & Breakfast,Food,5033,Checkers,22,CHECKERS AFRICA LIMITED
25198,CHECUS45G,Checkers Custard 45gx80(3 In 1),103,Cereal & Breakfast,Food,5033,Checkers,22,CHECKERS AFRICA LIMITED
25199,CHECUS700G,Checkers Custard 700g {3 In 1} Refil X,103,Cereal & Breakfast,Food,5033,Checkers,22,CHECKERS AFRICA LIMITED
25056,CCV400Gx6,Checkers Custard Vanilla 400g X,103,Cereal & Breakfast,Food,5033,Checkers,22,CHECKERS AFRICA LIMITED
25057,CCVR1KGx4,Checkers Custard Vanilla Refill 1kg X,103,Cereal & Breakfast,Food,5033,Checkers,22,CHECKERS AFRICA LIMITED
25593,CCV50GPROMO,Checkers Custard Vanilla 50g X 10 X 12 + 1roll Free Promo,103,Cereal & Breakfast,Food,5033,Checkers,22,CHECKERS AFRICA LIMITED
24340,CCM3I12KG,Checkers Custard Milk 3 In 1 2kg X,103,Cereal & Breakfast,Food,5033,Checkers,22,CHECKERS AFRICA LIMITED
22100,CCV2KG,Checkers Custard Vanilla 2kg X,103,Cereal & Breakfast,Food,5033,Checkers,22,CHECKERS AFRICA LIMITED
22101,CCV400G,Checkers Custard Vanilla 400g X 12,103,Cereal & Breakfast,Food,5033,Checkers,22,CHECKERS AFRICA LIMITED
22102,CCV50G,Checkers Custard Vanilla 50g X 10 X 12,103,Cereal & Breakfast,Food,5033,Checkers,22,CHECKERS AFRICA LIMITED
22103,CCVR400G,Checkers Custard Vanilla Refill 400g X 16,103,Cereal & Breakfast,Food,5033,Checkers,22,CHECKERS AFRICA LIMITED
22104,CCVR1KG,Checkers Custard Vanilla Refill 1kg X,103,Cereal & Breakfast,Food,5033,Checkers,22,CHECKERS AFRICA LIMITED
22105,CCB2KG,Checkers Custard Banana 2kg X,103,Cereal & Breakfast,Food,5033,Checkers,22,CHECKERS AFRICA LIMITED
22106,CCB400G,Checkers Custard Banana 400g X 12,103,Cereal & Breakfast,Food,5033,Checkers,22,CHECKERS AFRICA LIMITED
22107,CCB50G,Checkers Custard Banana 50g X 10 X 12,103,Cereal & Breakfast,Food,5033,Checkers,22,CHECKERS AFRICA LIMITED
22108,CC3I11.5KG,Checkers Custard 3 In 1 1.5kg X,103,Cereal & Breakfast,Food,5033,Checkers,22,CHECKERS AFRICA LIMITED
22109,CC3I145G,Checkers Custard 3 In 1 45g X 10 X,103,Cereal & Breakfast,Food,5033,Checkers,22,CHECKERS AFRICA LIMITED
22110,CC3I1400G,Checkers Custard 3 In 1 400g X,103,Cereal & Breakfast,Food,5033,Checkers,22,CHECKERS AFRICA LIMITED
22111,CC3I1R700G,Checkers Custard 3 In 1 Refill 700g X,103,Cereal & Breakfast,Food,5033,Checkers,22,CHECKERS AFRICA LIMITED
30525,CCV45GPx96P,Checkers Custard Vanilla 45g X 96 + 1 Roll Free,103,Cereal & Breakfast,Food,5033,Checkers,22,CHECKERS AFRICA LIMITED
26685,CC3I1700GX3BB,Checkers Custard 3 In 1 Refill 700g X,103,Cereal & Breakfast,Food,5033,Checkers,22,CHECKERS AFRICA LIMITED
26686,CCB45GPx48BB,Checkers Custard Banana 45g X 48,103,Cereal & Breakfast,Food,5033,Checkers,22,CHECKERS AFRICA LIMITED
26687,CCB50GX60BB,Checkers Custard Banana 50g X 60,103,Cereal & Breakfast,Food,5033,Checkers,22,CHECKERS AFRICA LIMITED
26688,CCV45GPx48BB,Checkers Custard Vanilla 45g X 48,103,Cereal & Breakfast,Food,5033,Checkers,22,CHECKERS AFRICA LIMITED
26689,CCV50GX60BB,Checkers Custard Vanilla 50g X 60,103,Cereal & Breakfast,Food,5033,Checkers,22,CHECKERS AFRICA LIMITED
26115,CCV45GPx96,Checkers Custard Vanilla 45g X 96,103,Cereal & Breakfast,Food,5033,Checkers,22,CHECKERS AFRICA LIMITED
26116,CCB45GPx96,Checkers Custard Banana 45g X 96,103,Cereal & Breakfast,Food,5033,Checkers,22,CHECKERS AFRICA LIMITED
25724,CCB45GP,Checkers Custard Banana 45g X 10 X 12 +10 Free,103,Cereal & Breakfast,Food,5033,Checkers,22,CHECKERS AFRICA LIMITED
25725,CCV45GP,Checkers Custard Vanilla 45g X 10 X 12 +10 Free,103,Cereal & Breakfast,Food,5033,Checkers,22,CHECKERS AFRICA LIMITED
25831,CCB50GPROMO,Checkers Custard Banana 50g X 10 X 12 + 1 Roll Free Promo,103,Cereal & Breakfast,Food,5033,Checkers,22,CHECKERS AFRICA LIMITED
33159,CCRPEANTB25G,Checkers Crunchy Peanut Burger Snacks 25g  X 6 Rolls X 12,118,Snacks and Chin Chin,Food,5033,Checkers,22,CHECKERS AFRICA LIMITED
42880,CC3I1JAR1KG,Checkers Custard 3 In 1 Jar 1kg X 3,103,Cereal & Breakfast,Food,5033,Checkers,22,CHECKERS AFRICA LIMITED
42881,CCVRJ1KG,Checkers Custard Vanilla Jar 1kg  X 4,103,Cereal & Breakfast,Food,5033,Checkers,22,CHECKERS AFRICA LIMITED
42882,CCBJ1KG,Checkers Custard Banana Jar 1kg  X 4,103,Cereal & Breakfast,Food,5033,Checkers,22,CHECKERS AFRICA LIMITED
42883,CCCHOCOJ1KG,Checkers Custard Chocolate 4 In 1 Jar 1kg  X 3,103,Cereal & Breakfast,Food,5033,Checkers,22,CHECKERS AFRICA LIMITED
42884,CCCHOCOJ400G,Checkers Custard Chocolate 4 In 1 Jar 400g  X 6,103,Cereal & Breakfast,Food,5033,Checkers,22,CHECKERS AFRICA LIMITED
42885,CCCHOCO40G,Checkers Custard Chocolate 4 In 1 Sachet 40g  X 8 X 10,103,Cereal & Breakfast,Food,5033,Checkers,22,CHECKERS AFRICA LIMITED
42888,COAT375G,Checkers Oats Refill 375g X 12,103,Cereal & Breakfast,Food,5033,Checkers,22,CHECKERS AFRICA LIMITED
42889,COATJ375G,Checkers Oats Jar 375g  X 12,103,Cereal & Breakfast,Food,5033,Checkers,22,CHECKERS AFRICA LIMITED
42890,CCRNFJ400G,Checkers Corn Flour Jar 400g  X 12,103,Cereal & Breakfast,Food,5033,Checkers,22,CHECKERS AFRICA LIMITED
42891,CCRNFJ1KG,Checkers Corn Flour Jar 1kg X 4,103,Cereal & Breakfast,Food,5033,Checkers,22,CHECKERS AFRICA LIMITED
42892,CCRPEANTB30G,Checkers Crunchy Peanut Burger Snacks 30g  X 6 X 12,103,Cereal & Breakfast,Food,5033,Checkers,22,CHECKERS AFRICA LIMITED
25055,BLDGNG60CLx6,Bold Ginger Pet Bottle 60cl X,106,Drinks,Beverages,5034,Bold,18,THE LA CASERA COMPANY PLC
25745,BLDBTLMN35CL,Bold Bitter Lemon Pet Bottle 35cl X 12,106,Drinks,Beverages,5034,Bold,18,THE LA CASERA COMPANY PLC
24105,BLDTRP60CLx6,Bold Tropical Pet Bottle 60cl X,106,Drinks,Beverages,5034,Bold,18,THE LA CASERA COMPANY PLC
22424,BLDGNG50CL,Bold Ginger Pet Bottle 50cl X 12,106,Drinks,Beverages,5034,Bold,18,THE LA CASERA COMPANY PLC
22425,BLDTRP50CL,Bold Tropical Pet Bottle 50cl X 12,106,Drinks,Beverages,5034,Bold,18,THE LA CASERA COMPANY PLC
23820,BLDGNG60CL,Bold Ginger Pet Bottle 60cl X 12,106,Drinks,Beverages,5034,Bold,18,THE LA CASERA COMPANY PLC
23821,BLDTRP60CL,Bold Tropical Pet Bottle 60cl X 12,106,Drinks,Beverages,5034,Bold,18,THE LA CASERA COMPANY PLC
25501,BLDGNG35CL,Bold Ginger Pet Bottle 35cl X 12,106,Drinks,Beverages,5034,Bold,18,THE LA CASERA COMPANY PLC
25502,BLDTRP35CL,Bold Tropical Pet Bottle 35cl X 12,106,Drinks,Beverages,5034,Bold,18,THE LA CASERA COMPANY PLC
25491,BLDOGPB35CL,Bold Orange Pet Bottle 35cl X 12,106,Drinks,Beverages,5034,Bold,18,THE LA CASERA COMPANY PLC
26677,BLDTRP35CLX6BB,Bold Tropical Pet Bottle 35cl X,106,Drinks,Beverages,5034,Bold,18,THE LA CASERA COMPANY PLC
26599,BOURN20GX200,Bournvita Sachet 20g X 200,110,Hot Chocolate Drinks,Food,5035,Bournvita,19,CADBURY
26146,BOURN20GX12,Bournvita Sachet 20g X 12,110,Hot Chocolate Drinks,Food,5035,Bournvita,19,CADBURY
26142,BOURNRFL500GX6,Bournvita Refill 500g X,110,Hot Chocolate Drinks,Food,5035,Bournvita,19,CADBURY
30342,testing345,Testing X 345,110,Hot Chocolate Drinks,Food,5035,Bournvita,19,CADBURY
30347,testing450,Testing X 450,110,Hot Chocolate Drinks,Food,5035,Bournvita,19,CADBURY
30352,testing500,Testing X 500,110,Hot Chocolate Drinks,Food,5035,Bournvita,19,CADBURY
26678,BOURN20GX120BB,Bournvita Sachet 20g X 120,110,Hot Chocolate Drinks,Food,5035,Bournvita,19,CADBURY
37793,BOURN20GX210,Bournvita Sachet 20g X 210,110,Hot Chocolate Drinks,Food,5035,Bournvita,19,CADBURY
37794,BOURNBSCT40G,Bournvita Sachet 40g  X 12,104,Coffee & Tea,Food,5035,Bournvita,19,CADBURY
37795,BOURN20GX220,Bournvita Sachet 20g X 220,110,Hot Chocolate Drinks,Food,5035,Bournvita,19,CADBURY
37796,BOURNBSCT24G,Bournvita Biscuit 24g  X 12,104,Coffee & Tea,Food,5035,Bournvita,19,CADBURY
25583,BOURN20Gx10,Bournvita Sachet 20g X 10,110,Hot Chocolate Drinks,Food,5035,Bournvita,19,CADBURY
23967,BOURNJAR500G,Bournvita Jar 500g X 12,110,Hot Chocolate Drinks,Food,5035,Bournvita,19,CADBURY
23968,BOURNRFL450G,Bournvita Refill 450g X 12,110,Hot Chocolate Drinks,Food,5035,Bournvita,19,CADBURY
24892,BOURNJAR900G,Bournvita Jar 900g X,110,Hot Chocolate Drinks,Food,5035,Bournvita,19,CADBURY
24893,BOURNRFL500G,Bournvita Refill 500g X 12,110,Hot Chocolate Drinks,Food,5035,Bournvita,19,CADBURY
24894,CADHC450G,Cadbury Hot Chocolate 3 In 1 450g X,110,Hot Chocolate Drinks,Food,5035,Bournvita,19,CADBURY
26471,BOURNPROMO20G+20FREE,Bournvita Sachet 20g X 10 X 24 + 20 Free (promo),110,Hot Chocolate Drinks,Food,5035,Bournvita,19,CADBURY
22090,BOURNPROMO20G,Bournvita Sachet 20g X 10 X 26 (promo),110,Hot Chocolate Drinks,Food,5035,Bournvita,19,CADBURY
22082,BOURN20G,Bournvita Sachet 20g X 10 X 24,110,Hot Chocolate Drinks,Food,5035,Bournvita,19,CADBURY
22383,THRCRWNEVP160G,Three Crowns Filled Evaporated Milk 160g X 24,111,Milk & Dairy,Food,5036,Three Crowns,36,FRIESLANDCAMPINA WAMCO NIGERIA
22385,THRCRWNRFL350G,Three Crowns Milk Refill 350g X 12,111,Milk & Dairy,Food,5036,Three Crowns,36,FRIESLANDCAMPINA WAMCO NIGERIA
23702,THRCRWNEVP150G,Three Crowns Filled Evaporated Milk 150g X 24,111,Milk & Dairy,Food,5036,Three Crowns,36,FRIESLANDCAMPINA WAMCO NIGERIA
26723,THRCRWSAC12GX125BB,Three Crown Sachet 12g X 105,111,Milk & Dairy,Food,5036,Three Crowns,36,FRIESLANDCAMPINA WAMCO NIGERIA
24260,THRCRWNEVP150Gx48,Three Crowns Filled Evaporated Milk 150g X 48,111,Milk & Dairy,Food,5036,Three Crowns,36,FRIESLANDCAMPINA WAMCO NIGERIA
23063,THRCRWSAC12G,Three Crown Sachet 12g X 210,111,Milk & Dairy,Food,5036,Three Crowns,36,FRIESLANDCAMPINA WAMCO NIGERIA
25041,THRCRWNFL350G,Three Crowns Instant Filled Milk Powder 770g X 12,111,Milk & Dairy,Food,5036,Three Crowns,36,FRIESLANDCAMPINA WAMCO NIGERIA
24124,THRCRWNEVP150Gx12,Three Crowns Filled Evaporated Milk 150g X 12,111,Milk & Dairy,Food,5036,Three Crowns,36,FRIESLANDCAMPINA WAMCO NIGERIA
25586,THRCRWSAC12Gx10,Three Crown Sachet 12g X 10,111,Milk & Dairy,Food,5036,Three Crowns,36,FRIESLANDCAMPINA WAMCO NIGERIA
25587,THRCRWNEVP150Gx6,Three Crowns Filled Evaporated Milk 150g X,111,Milk & Dairy,Food,5036,Three Crowns,36,FRIESLANDCAMPINA WAMCO NIGERIA
43435,THRCRWN320G,Three Crowns Refill Milk 320 X 12,111,Milk & Dairy,Food,5036,Three Crowns,36,FRIESLANDCAMPINA WAMCO NIGERIA
44836,THREECROWN59X48,Three Crown Evaporated Milk 59g  X 48,111,Milk & Dairy,Food,5036,Three Crowns,788,FrieslandCampina Nigeria
44627,PKFCMFL350G,Peak Full Cream Milk Refill 350g X 12,111,Milk & Dairy,Food,5037,Peak,772,GPPO
44834,PEAKEVAP59GX48,Peak Evaporated Filled Milk 59g  X 48,111,Milk & Dairy,Food,5037,Peak,788,FrieslandCampina Nigeria
26150,PPWDRRFL360GX6,Peak Milk Powder Refill 360g X,111,Milk & Dairy,Food,5037,Peak,36,FRIESLANDCAMPINA WAMCO NIGERIA
26151,PKRFL800GX3,Peak Milk Powder Refill 800g X,111,Milk & Dairy,Food,5037,Peak,36,FRIESLANDCAMPINA WAMCO NIGERIA
24125,PFILLEVAP150Gx12,Peak Filled Evaporated Milk 150g X 12 ,111,Milk & Dairy,Food,5037,Peak,36,FRIESLANDCAMPINA WAMCO NIGERIA
25040,PPWDRCRFL3I1S400G,Peak Chocolate Milk Powder Refill 3 In 1 Sachet 400g X 12,110,Hot Chocolate Drinks,Food,5037,Peak,36,FRIESLANDCAMPINA WAMCO NIGERIA
25074,COEVTIN150G,Coast Evap Tin 150g X 24,111,Milk & Dairy,Food,5037,Peak,36,FRIESLANDCAMPINA WAMCO NIGERIA
25075,PERFPOUCH750G,Peak 123 Refill Pouch 750g X,99,Baby Care,HC+PC,5037,Peak,36,FRIESLANDCAMPINA WAMCO NIGERIA
25575,PPWDR14Gx10,1 Roll Peak Full Cream Powder Sachet 14g X 10,102,Bundle & Rolls,Bundles,5037,Peak,36,FRIESLANDCAMPINA WAMCO NIGERIA
25070,PECHRF380G,Peak Choco Refill 380g X 12,110,Hot Chocolate Drinks,Food,5037,Peak,36,FRIESLANDCAMPINA WAMCO NIGERIA
25071,PEFCTIN2.5KG,Peak Full Cream Tin 2.5kg X,111,Milk & Dairy,Food,5037,Peak,36,FRIESLANDCAMPINA WAMCO NIGERIA
23153,PEVAP160G48,Peak Filled Evaporated Milk 160g X 48,111,Milk & Dairy,Food,5037,Peak,36,FRIESLANDCAMPINA WAMCO NIGERIA
23290,PPWDR14GPCK2,Peak Full Cream Powder Sachet 14g X 105,111,Milk & Dairy,Food,5037,Peak,36,FRIESLANDCAMPINA WAMCO NIGERIA
24281,PKCHPS18G,Peak Chocolate Powder Sachet 18g X 210 ,111,Milk & Dairy,Food,5037,Peak,36,FRIESLANDCAMPINA WAMCO NIGERIA
24256,PKFCEVM150Gx12,Peak Full Cream Evaporated Milk 150g X 12,111,Milk & Dairy,Food,5037,Peak,36,FRIESLANDCAMPINA WAMCO NIGERIA
24394,PYGHDSW90ML,Peak Yoghurt Drink Plain Sweetened 90ml X 24,111,Milk & Dairy,Food,5037,Peak,36,FRIESLANDCAMPINA WAMCO NIGERIA
24395,PYGHDSRA90ML,Peak Yoghurt Drink Strawberry 90ml X 24,111,Milk & Dairy,Food,5037,Peak,36,FRIESLANDCAMPINA WAMCO NIGERIA
24396,PYGHDORG90ML,Peak Yoghurt Drink Orange 90ml X 24,111,Milk & Dairy,Food,5037,Peak,36,FRIESLANDCAMPINA WAMCO NIGERIA
24397,PYGHDSW318ML,Peak Yoghurt Drink Plain Sweetened 318ml X 12,111,Milk & Dairy,Food,5037,Peak,36,FRIESLANDCAMPINA WAMCO NIGERIA
24398,PYGHDSRA318ML,Peak Yoghurt Drink Strawberry 318ml X 12,111,Milk & Dairy,Food,5037,Peak,36,FRIESLANDCAMPINA WAMCO NIGERIA
24399,PYGHDORG318ML,Peak Yoghurt Drink Orange 318ml X 12,111,Milk & Dairy,Food,5037,Peak,36,FRIESLANDCAMPINA WAMCO NIGERIA
23976,PPWTIN400G,Peak Milk Powder Tin 400g X 12,111,Milk & Dairy,Food,5037,Peak,36,FRIESLANDCAMPINA WAMCO NIGERIA
23954,PFILLSAC12G,Peak Filled Sachet 12g X 210,111,Milk & Dairy,Food,5037,Peak,36,FRIESLANDCAMPINA WAMCO NIGERIA
23979,PKFCMFL360G,Peak Full Cream Milk Refill 360g X 12 ,111,Milk & Dairy,Food,5037,Peak,36,FRIESLANDCAMPINA WAMCO NIGERIA
26717,PKFCMFL360GX6BB,Peak Full Cream Milk Refill 360g X,111,Milk & Dairy,Food,5037,Peak,36,FRIESLANDCAMPINA WAMCO NIGERIA
23703,PFILLEVAP150G,Peak Filled Evaporated Milk 150g X 24,111,Milk & Dairy,Food,5037,Peak,36,FRIESLANDCAMPINA WAMCO NIGERIA
22701,PKRFL800G,Peak Milk Powder Refill 800g X,111,Milk & Dairy,Food,5037,Peak,36,FRIESLANDCAMPINA WAMCO NIGERIA
23813,PKFCEVM150G,Peak Full Cream Evaporated Milk 150g X 24,111,Milk & Dairy,Food,5037,Peak,36,FRIESLANDCAMPINA WAMCO NIGERIA
22451,PK123RFL360G,Peak 123 Powder Refill 360g X 12,99,Baby Care,HC+PC,5037,Peak,36,FRIESLANDCAMPINA WAMCO NIGERIA
22452,PK123TIN400G,Peak 123 Powder Tin 400g X 12,99,Baby Care,HC+PC,5037,Peak,36,FRIESLANDCAMPINA WAMCO NIGERIA
22453,PKFCEVM160G,Peak Full Cream Evaporated Milk 160g X 24,111,Milk & Dairy,Food,5037,Peak,36,FRIESLANDCAMPINA WAMCO NIGERIA
22331,PPWDRTIN380G,Peak Milk Powder Tin 380g X 12,111,Milk & Dairy,Food,5037,Peak,36,FRIESLANDCAMPINA WAMCO NIGERIA
22497,PPWDR14G,Peak Full Cream Powder Sachet 14g X 210,111,Milk & Dairy,Food,5037,Peak,36,FRIESLANDCAMPINA WAMCO NIGERIA
22284,PEVAP160G,Peak Filled Evaporated Milk 160g X 24,111,Milk & Dairy,Food,5037,Peak,36,FRIESLANDCAMPINA WAMCO NIGERIA
22285,PPWDR16G,Peak Full Cream Powder Sachet 16g X 210,111,Milk & Dairy,Food,5037,Peak,36,FRIESLANDCAMPINA WAMCO NIGERIA
22286,PPWDRTIN900G,Peak Milk Powder Tin 900g X 12,111,Milk & Dairy,Food,5037,Peak,36,FRIESLANDCAMPINA WAMCO NIGERIA
22287,PPWDRRFL360G,Peak Milk Powder Refill 360g X 12,111,Milk & Dairy,Food,5037,Peak,36,FRIESLANDCAMPINA WAMCO NIGERIA
22304,PKFCMLK16G,Peak Full Cream Milk Sachet 16g X 210,111,Milk & Dairy,Food,5037,Peak,36,FRIESLANDCAMPINA WAMCO NIGERIA
25452,KTWMSPSW,Kotex White Maxi Sanitary Pads Support Wings 8x4x4,114,Personal Care & Beauty,HC+PC,5038,Kotex,169,KIMBERLEY CLARK
21077,KTLNRD40,Kotex Liners 40 (deodorised) 40 X 16,114,Personal Care & Beauty,HC+PC,5038,Kotex,169,KIMBERLEY CLARK
21072,KTMXSUP,Ktx Mxi Wh Sup+wngs 8x4x4 Weca,114,Personal Care & Beauty,HC+PC,5038,Kotex,169,KIMBERLEY CLARK
21073,KTAPS16,Kotex Super 16 Count (applicator),114,Personal Care & Beauty,HC+PC,5038,Kotex,169,KIMBERLEY CLARK
21067,KTLNRN40,Kotex Liners 40 (normal),114,Personal Care & Beauty,HC+PC,5038,Kotex,169,KIMBERLEY CLARK
21059,KTMXNM,Ktx Mxi Wh Nml+wings 10x4x4 Weca,114,Personal Care & Beauty,HC+PC,5038,Kotex,169,KIMBERLEY CLARK
21060,KTULTSUP,Ktx Wht Ult Sup Weca 8x16,114,Personal Care & Beauty,HC+PC,5038,Kotex,169,KIMBERLEY CLARK
21061,KTNGT,Ktx Wht Night Weca 7x16,114,Personal Care & Beauty,HC+PC,5038,Kotex,169,KIMBERLEY CLARK
21049,KTAPR16,Kotex Regular 16 Count (applicator),114,Personal Care & Beauty,HC+PC,5038,Kotex,169,KIMBERLEY CLARK
21063,KTULTN,Ktx Wht Ult Nor+wing 8x16 Weca,114,Personal Care & Beauty,HC+PC,5038,Kotex,169,KIMBERLEY CLARK
21064,KTLNRD20,Kotex Liners 20 (deodorised) 20 X 16,114,Personal Care & Beauty,HC+PC,5038,Kotex,169,KIMBERLEY CLARK
21043,KTLNRN20,Kotex Liners 20 (normal),114,Personal Care & Beauty,HC+PC,5038,Kotex,169,KIMBERLEY CLARK
23144,SPRITE60CL,Sprite Pet Bottle 60cl X 12,106,Drinks,Beverages,5039,Sprite,25,NIGERIAN BOTTLING COMPANY
24210,SPRI50CLx6,Sprite Pet Bottle 50cl X,106,Drinks,Beverages,5039,Sprite,25,NIGERIAN BOTTLING COMPANY
23989,SPRITE35CL,Sprite Pet Bottle 35cl X 12,106,Drinks,Beverages,5039,Sprite,25,NIGERIAN BOTTLING COMPANY
22442,SPB1L,Sprite Pet Bottle 1l X 12,106,Drinks,Beverages,5039,Sprite,25,NIGERIAN BOTTLING COMPANY
21935,SPRI50CL,Sprite Pet Bottle 50cl X 12,106,Drinks,Beverages,5039,Sprite,25,NIGERIAN BOTTLING COMPANY
23395,SPRIZPB60CL,Sprite Zero Pet Bottle 60cl X 12,106,Drinks,Beverages,5039,Sprite,25,NIGERIAN BOTTLING COMPANY
44289,CASTLELB660ML,Castle Lite Beer Bottle 660ml  X 12,106,Drinks,Beverages,5040,Trophy,12,INTERNATIONAL BREWERIES PLC
44291,TROPHEXTST60CL,Trophy Extra Stout Bottle 60cl X 12,106,Drinks,Beverages,5040,Trophy,12,INTERNATIONAL BREWERIES PLC
22426,TRPHYCAN500ML,Trophy Can 500ml X 24,106,Drinks,Beverages,5040,Trophy,12,INTERNATIONAL BREWERIES PLC
23419,TBLIQCNT60CL,Trophy Beer Liquid Content 60cl X 12,106,Drinks,Beverages,5040,Trophy,12,INTERNATIONAL BREWERIES PLC
23966,TB60CLBTC,Trophy Beer 60cl X 12 (bottle + Crate),106,Drinks,Beverages,5040,Trophy,12,INTERNATIONAL BREWERIES PLC
37763,TRPHYBTL600ML,Trophy Bottle 600ml  X 24,106,Drinks,Beverages,5040,Trophy,12,INTERNATIONAL BREWERIES PLC
31167,TRPHYSTCAN440ML,Trophy Stout Can 440ml X 24,106,Drinks,Beverages,5040,Trophy,12,INTERNATIONAL BREWERIES PLC
25859,TRPHYCAN500MLX6,Trophy Can 500ml X,106,Drinks,Beverages,5040,Trophy,12,INTERNATIONAL BREWERIES PLC
22449,MEDC44CL,Monster Energy Drink Can 44cl X 24,106,Drinks,Beverages,5041,Monster,25,NIGERIAN BOTTLING COMPANY
24255,MEDC44CLx12,Monster Energy Drink Can 44cl X 12,106,Drinks,Beverages,5041,Monster,25,NIGERIAN BOTTLING COMPANY
42677,MEDCU440ML,Monster Energy Drink (ultra) Can 440ml  X 24,106,Drinks,Beverages,5041,Monster,25,NIGERIAN BOTTLING COMPANY
22281,MCBEEF4G,Mr Chef Beef Cubes 4g X 100 X 20,117,Seasoning cubes & Spices,Food,5042,Mr Chef,54,SWEET NUTRITION LIMITED
25735,MCCHICB4G,Mr Chef Chicken Cubes 4g X 20 X 100,117,Seasoning cubes & Spices,Food,5042,Mr Chef,54,SWEET NUTRITION LIMITED
25679,MCHEF250Gx40,Mr Chef Salt 250g X 40,131,Salt,Commodities,5042,Mr Chef,115,ROYAL SALT LTD 
25680,MCHEF500Gx20,Mr Chef Salt 500g X 20,131,Salt,Commodities,5042,Mr Chef,115,ROYAL SALT LTD 
22067,MCHEF500G,Mr Chef Salt 500g X 40,131,Salt,Commodities,5042,Mr Chef,115,ROYAL SALT LTD 
22068,MCHEF1KG,Mr Chef Salt 1kg X 20,131,Salt,Commodities,5042,Mr Chef,115,ROYAL SALT LTD 
22415,MCHEF250G,Mr Chef Salt 250g X 80,131,Salt,Commodities,5042,Mr Chef,115,ROYAL SALT LTD 
44469,MCHEF250Gx20,Mr Chef Salt 250g X 20,131,Salt,Commodities,5042,Mr Chef,115,ROYAL SALT LTD 
44471,MCHEF500Gx10,Mr Chef Salt 500g X 10,131,Salt,Commodities,5042,Mr Chef,115,ROYAL SALT LTD 
44719,MCHEF1KGX5,Mr Chef Salt 1kg X 5,131,Salt,Commodities,5042,Mr Chef,115,ROYAL SALT LTD 
25570,NASC30Gx6,1 Roll Nasco Cornflakes Sachet 30g X,102,Bundle & Rolls,Bundles,5043,NASCO,56,NASCO GROUP
25564,NASC55G,Nasco Cornflakes Sachet 55g X 36.,103,Cereal & Breakfast,Food,5043,NASCO,56,NASCO GROUP
25108,NASC30G36,Nasco Cornflakes Sachet 30g X 36,103,Cereal & Breakfast,Food,5043,NASCO,56,NASCO GROUP
25076,NFBIS30G,Nasco Fancy Biscuits 30g  X 72,101,Biscuits & Sweets,Food,5043,NASCO,56,NASCO GROUP
25077,NASKOPOP32gx36,Nasco Koko  Pops  32g X 36,103,Cereal & Breakfast,Food,5043,NASCO,56,NASCO GROUP
22295,NASC30G,Nasco Cornflakes Sachet 30g X 48,103,Cereal & Breakfast,Food,5043,NASCO,56,NASCO GROUP
22296,NASC350G,Nasco Cornflakes Box 350g X 10,103,Cereal & Breakfast,Food,5043,NASCO,56,NASCO GROUP
22297,NASC500G,Nasco Cornflakes 500g X,103,Cereal & Breakfast,Food,5043,NASCO,56,NASCO GROUP
23420,NASKOPOP32G,Nasco Koko Pops 32g X 36,103,Cereal & Breakfast,Food,5043,NASCO,56,NASCO GROUP
23678,NASC30G72,Nasco Cornflakes Sachet 30g X 72,103,Cereal & Breakfast,Food,5043,NASCO,56,NASCO GROUP
23069,NFBIS55G,Nasco Fancy Biscuit 55g X 72,101,Biscuits & Sweets,Food,5043,NASCO,56,NASCO GROUP
25741,CFL045Gx8,1 Roll Kellogg's Corns Flakes Sachet 45g X,102,Bundle & Rolls,Bundles,5043,NASCO,56,NASCO GROUP
26054,NASC50G,Nasco Cornflakes Sachet 50g  X 36,103,Cereal & Breakfast,Food,5043,NASCO,56,NASCO GROUP
26055,NASKOPOP350G,Nasco Koko Pops 350g X 10,103,Cereal & Breakfast,Food,5043,NASCO,56,NASCO GROUP
26237,NASKOPOP28G,Nasco Koko Pops 28g  X 48,103,Cereal & Breakfast,Food,5043,NASCO,56,NASCO GROUP
26238,NASSHOTCK120G,Nasco Shortcake 120g X 36,101,Biscuits & Sweets,Food,5043,NASCO,56,NASCO GROUP
32570,NASC35G120,Nasco Cornflakes Sachet 35g X 120,103,Cereal & Breakfast,Food,5043,NASCO,56,NASCO GROUP
42988,NASC30G120,Nasco Cornflakes Sachet 30g X 120,103,Cereal & Breakfast,Food,5043,NASCO,56,NASCO GROUP
42842,NASC35G120PROMO,Nasco Cornflakes Sachet 35g X 120 + 6free Nasco Cornflake28g,103,Cereal & Breakfast,Food,5043,NASCO,56,NASCO GROUP
54433,NASCBAN30G,Nasco Cornflakes Banana Flavour Sachet 30g X 136 ,103,Cereal & Breakfast,Food,5043,NASCO,56,NASCO GROUP
54436,NASCSTRW30G,Nasco Cornflakes Strawberry Flavour Sachet 30g X 136 ,103,Cereal & Breakfast,Food,5043,NASCO,56,NASCO GROUP
44169,NASC30G120PROMO,Nasco Cornflakes Sachet 30g X 120 +3free Nasco Cornflkes Pck X 1,103,Cereal & Breakfast,Food,5043,NASCO,56,NASCO GROUP
43455,NASFCC25G,Nasco Fancy Kornish 25g X 88,118,Snacks and Chin Chin,Food,5043,NASCO,56,NASCO GROUP
43297,CWBLCHOC22GX200,Cowbell Chocolate  Sachet 22g X 10 X 20,110,Hot Chocolate Drinks,Food,5044,Cowbell,26,PROMASIDOR HOLDINGS
44171,CWBLCFF25G220,Cowbell Coffee Milk Sachet 25g X 200 +20 Free,104,Coffee & Tea,Food,5044,Cowbell,26,PROMASIDOR HOLDINGS
44173,CWBLCHOC22GX220,Cowbell Chocolate  Sachet 22g X 10 X 20 + 20 Free,110,Hot Chocolate Drinks,Food,5044,Cowbell,26,PROMASIDOR HOLDINGS
23705,CWBLSTRAWB15G,Cowbell Strawberry Sachet 15g X 150,111,Milk & Dairy,Food,5044,Cowbell,26,PROMASIDOR HOLDINGS
23397,CWBL320G,Cowbell Milk Sachet 320g X 12,111,Milk & Dairy,Food,5044,Cowbell,26,PROMASIDOR HOLDINGS
23399,CWBLEVAP160G,Cowbell Evaporated 160g Tin X 24,111,Milk & Dairy,Food,5044,Cowbell,26,PROMASIDOR HOLDINGS
22743,CWBLCFF20G,Cowbell Coffee Milk Sachet 20g X 250,104,Coffee & Tea,Food,5044,Cowbell,26,PROMASIDOR HOLDINGS
22430,CWBL12G,Cowbell Milk Sachet 12g X 250,111,Milk & Dairy,Food,5044,Cowbell,26,PROMASIDOR HOLDINGS
22431,CWBLCFF25G,Cowbell Coffee Milk Sachet 25g X 250,104,Coffee & Tea,Food,5044,Cowbell,26,PROMASIDOR HOLDINGS
26690,CWBLCFF25G100BB,Cowbell Coffee Milk Sachet 25g X 100,104,Coffee & Tea,Food,5044,Cowbell,26,PROMASIDOR HOLDINGS
30432,CWBL12GX200,Cowbell Milk Sachet 12g X 200,111,Milk & Dairy,Food,5044,Cowbell,26,PROMASIDOR HOLDINGS
26760,CWBLCHOC450G,Cowbell Chocolate Sachet 450g  X 12,110,Hot Chocolate Drinks,Food,5044,Cowbell,26,PROMASIDOR HOLDINGS
30299,CWBLCHOC22.5GX200,Cowbell Chocolate  Sachet 22.5g X 10 X  20,110,Hot Chocolate Drinks,Food,5044,Cowbell,26,PROMASIDOR HOLDINGS
42877,CWBL12GX200PROMO,Cowbell Milk Sachet 12g X 200 + 20 Free,111,Milk & Dairy,Food,5044,Cowbell,26,PROMASIDOR HOLDINGS
25578,CWBL12Gx10,Cowbell Milk Sachet 12g X 10,111,Milk & Dairy,Food,5044,Cowbell,26,PROMASIDOR HOLDINGS
25579,CWBLEVAP160Gx6,Cowbell Evaporated 160g Tin X,111,Milk & Dairy,Food,5044,Cowbell,26,PROMASIDOR HOLDINGS
25538,CWBL800G,Cowbell 800g Pouch X 12,111,Milk & Dairy,Food,5044,Cowbell,26,PROMASIDOR HOLDINGS
26152,CWBL320GX6,Cowbell Milk Sachet 320g X,111,Milk & Dairy,Food,5044,Cowbell,26,PROMASIDOR HOLDINGS
26153,CWBLCHOC550GX6,Cowbell Chocolate Sachet 550g X,110,Hot Chocolate Drinks,Food,5044,Cowbell,26,PROMASIDOR HOLDINGS
26169,CWBLCHOC450G+50g,Cowbell Chocolate Sachet 450g  X 12 + 50g Free,110,Hot Chocolate Drinks,Food,5044,Cowbell,26,PROMASIDOR HOLDINGS
26275,CWBREFILL800GX6,Cowbell Refill 800g X,111,Milk & Dairy,Food,5044,Cowbell,26,PROMASIDOR HOLDINGS
26161,CWBLEVAP150G,Cowbell Evaporated 150g Tin  X 24,111,Milk & Dairy,Food,5044,Cowbell,26,PROMASIDOR HOLDINGS
24069,CWBLEVAP380G,Cowbell Evaporated 380g Tin X 12,111,Milk & Dairy,Food,5044,Cowbell,26,PROMASIDOR HOLDINGS
24070,CWBLEVAP400G,Cowbell Powdered 400g Tin X 12,111,Milk & Dairy,Food,5044,Cowbell,26,PROMASIDOR HOLDINGS
25571,CWBLCHOC22.5Gx10,1 Roll Cowbell Chocolate  Sachet 22.5g X 10,102,Bundle & Rolls,Bundles,5044,Cowbell,26,PROMASIDOR HOLDINGS
25572,CWBLSTRAWB15Gx10,1 Roll Cowbell Strawberry Sachet 15g X 10,102,Bundle & Rolls,Bundles,5044,Cowbell,26,PROMASIDOR HOLDINGS
22437,CWBLCHOC22.5G,Cowbell Chocolate  Sachet 22.5g X 250,110,Hot Chocolate Drinks,Food,5044,Cowbell,26,PROMASIDOR HOLDINGS
25000,CWBLSTRAWB15Gx75,Cowbell Strawberry Sachet 15g X 75,111,Milk & Dairy,Food,5044,Cowbell,26,PROMASIDOR HOLDINGS
24130,CWBLCFF25G200,Cowbell Coffee Milk Sachet 25g X 200,104,Coffee & Tea,Food,5044,Cowbell,26,PROMASIDOR HOLDINGS
24131,CWBLCHOC22.5GSTP,Cowbell Chocolate Sachet 22.5g X 200 + 1 Stp 30g,110,Hot Chocolate Drinks,Food,5044,Cowbell,26,PROMASIDOR HOLDINGS
24226,CWBLCHOC22.5Gx125,Cowbell Chocolate Sachet 22.5g X 125,110,Hot Chocolate Drinks,Food,5044,Cowbell,26,PROMASIDOR HOLDINGS
24228,CWBLCFF25Gx125,Cowbell Coffee Milk Sachet 25g X 125,104,Coffee & Tea,Food,5044,Cowbell,26,PROMASIDOR HOLDINGS
24229,CWBLEVAP160Gx12,Cowbell Evaporated 160g Tin X 12,111,Milk & Dairy,Food,5044,Cowbell,26,PROMASIDOR HOLDINGS
24230,CWBL12Gx125,Cowbell Milk Sachet 12g X 125,111,Milk & Dairy,Food,5044,Cowbell,26,PROMASIDOR HOLDINGS
23995,CWBLCHOC550G,Cowbell Chocolate Sachet 550g X 12,110,Hot Chocolate Drinks,Food,5044,Cowbell,26,PROMASIDOR HOLDINGS
44933,BUAMAIZE50KG,Bua Maize 50kg  X 1,124,Flour,Commodities,5045,BUA,20,BUA GROUP
22271,BUASLIMSPAG500G,Bua Slim Spaghetti 500 X 20,130,Pasta,Food,5045,BUA,20,BUA GROUP
22272,BUATWSTCVTTO500G,Bua Twist Cavatto 500g X 20,130,Pasta,Food,5045,BUA,20,BUA GROUP
22273,BUASGR50KG,Bua Sugar 50kg X,132,Sugar,Commodities,5045,BUA,20,BUA GROUP
42483,BUAFLOUR50KG,Bua Flour 50kg  X 1,124,Flour,Commodities,5045,BUA,20,BUA GROUP
54204,SKITFRU45GX36,Skittles Fruits 45g X 36,101,Biscuits & Sweets,Food,5046,cadbury,19,CADBURY
54207,CEO130GX12,Cadbury Eclairs Original 130g X 12,101,Biscuits & Sweets,Food,5046,cadbury,19,CADBURY
54210,CDMC180GX17,Cadbury Dairy Milk Chocolate Bar 180g X 17,101,Biscuits & Sweets,Food,5046,cadbury,19,CADBURY
54213,CDMFNCB45GX48,Cadbury Dairy Milk Fruit & Nuts Chocolate Bar 45g X 48,101,Biscuits & Sweets,Food,5046,cadbury,19,CADBURY
54216,CDMWNCB45GX48,Cadbury Dairy Milk Wholenut Chocolate Bar 45g X 48,101,Biscuits & Sweets,Food,5046,cadbury,19,CADBURY
42459,HOLFULCREM14GX10,Hollandia Full Cream Milk Powder 14g  X 1 Roll,111,Milk & Dairy,Food,5047,Hollandia,21,CHI LIMITED
32492,UHTHOLLANDMILK1LTR,Hollandia Uht Full Cream Milk 3.5% 1 Ltr X 10,111,Milk & Dairy,Food,5047,Hollandia,21,CHI LIMITED
30824,CHYPSW1LTRX5,Hollandia Yoghurt Plain Sweetened 1l X,111,Milk & Dairy,Food,5047,Hollandia,21,CHI LIMITED
22866,HYPSWSAC90ML,Hollandia Yoghurt Plain Sweetened Sachet 90ml X 24,111,Milk & Dairy,Food,5047,Hollandia,21,CHI LIMITED
22867,HYSTRAW90ML,Hollandia Yoghurt Strawberry Sachet 90ml X 24,111,Milk & Dairy,Food,5047,Hollandia,21,CHI LIMITED
22494,HOLMKEVAP60G,Hollandia Full Cream Evaporated Milk 60g X 48,111,Milk & Dairy,Food,5047,Hollandia,21,CHI LIMITED
22495,HOLMKEVAP190G,Hollandia Full Cream Evaporated Milk 190g X 24,111,Milk & Dairy,Food,5047,Hollandia,21,CHI LIMITED
22496,HOLMKEVAP120G,Hollandia Full Cream Evaporated Milk 120g X 24,111,Milk & Dairy,Food,5047,Hollandia,21,CHI LIMITED
23326,HOLMKEVAP50G,Hollandia Full Cream Evaporated Milk 50g X 48,111,Milk & Dairy,Food,5047,Hollandia,21,CHI LIMITED
31144,HOLFULCREM14G,Hollandia Full Cream Milk Powder 14g  X 210,111,Milk & Dairy,Food,5047,Hollandia,21,CHI LIMITED
26698,HOLMKEVAP50GX24BB,Hollandia Full Cream Evaporated Milk 50g X 24,111,Milk & Dairy,Food,5047,Hollandia,21,CHI LIMITED
23061,HYGSBY500ML,Hollandia Yoghurt Strawberry 500ml X 10,111,Milk & Dairy,Food,5047,Hollandia,21,CHI LIMITED
23062,HYGSBY315ML,Hollandia Yoghurt Strawberry 315ml X 12,111,Milk & Dairy,Food,5047,Hollandia,21,CHI LIMITED
23079,CHYPSW100ML,Hollandia Yoghurt Plain Sweetened 100ml X 24pcs,111,Milk & Dairy,Food,5047,Hollandia,21,CHI LIMITED
23080,CHYST100ML,Yoghurt Strawberry 100ml X 24pcs,111,Milk & Dairy,Food,5047,Hollandia,21,CHI LIMITED
23081,CHYPSW315ML,Hollandia Yoghurt Plain Sweetened 315ml X 12pcs,111,Milk & Dairy,Food,5047,Hollandia,21,CHI LIMITED
23091,CHHZ1LTR,Hollandia Zero 1ltr X 10pcs,111,Milk & Dairy,Food,5047,Hollandia,21,CHI LIMITED
23087,CHYPSW500ML,Hollandia Yoghurt Plain Sweetened 500ml X 10pcs,111,Milk & Dairy,Food,5047,Hollandia,21,CHI LIMITED
23088,CHYST1LTR,Yoghurt Strawberry 1ltr X 10pcs,111,Milk & Dairy,Food,5047,Hollandia,21,CHI LIMITED
23089,CHYPSW1LTR,Hollandia Yoghurt Plain Sweetened 1ltr X 10pcs,111,Milk & Dairy,Food,5047,Hollandia,21,CHI LIMITED
23084,CHYST180ML,Yoghurt Strawberry 180ml X 24pcs,111,Milk & Dairy,Food,5047,Hollandia,21,CHI LIMITED
23085,CHYPSW180ML,Hollandia Yoghurt Plain Sweetened 180ml X 24pcs,111,Milk & Dairy,Food,5047,Hollandia,21,CHI LIMITED
23984,HYGSBY180ML,Hollandia Yoghurt Strawberry 180ml X 24,111,Milk & Dairy,Food,5047,Hollandia,21,CHI LIMITED
23985,HYGSBY1LTR,Hollandia Yoghurt Strawberry 1ltr X 10,111,Milk & Dairy,Food,5047,Hollandia,21,CHI LIMITED
24242,HOLMKEVAP120Gx12,Hollandia Full Cream Evaporated Milk 120g X 12,111,Milk & Dairy,Food,5047,Hollandia,21,CHI LIMITED
24243,HOLMKEVAP190Gx20,Hollandia Full Cream Evaporated Milk 190g X 12,111,Milk & Dairy,Food,5047,Hollandia,21,CHI LIMITED
25400,PRHFEV50G,Promo Hf Evap Milk 50g X48,115,Promo,Promo,5047,Hollandia,21,CHI LIMITED
25154,HOLMS60KG,Hollandia Milk Slim 60gx48,111,Milk & Dairy,Food,5047,Hollandia,21,CHI LIMITED
25155,HOLMS120KG,Hollandia Milk Slim 120gx24,111,Milk & Dairy,Food,5047,Hollandia,21,CHI LIMITED
25156,HOLMS190KG,Hollandia Milk Slim 190gx24,111,Milk & Dairy,Food,5047,Hollandia,21,CHI LIMITED
45647,HOLLASWT90ML,Hollandia Yoghurt Plain Sweetened 90ml  X 24,106,Drinks,Beverages,5047,Hollandia,21,CHI LIMITED
25375,DANSEMO10KG,Dangote Semolina 10kg X,153,Swallow,Commodities,5048,Dangote,27,CROWN FLOUR MILL LIMITED
25376,DANSEMO5KG,Dangote Semolina 5kg X,153,Swallow,Commodities,5048,Dangote,27,CROWN FLOUR MILL LIMITED
26158,DANG1KGX5,Dangote Sugar 1kg X,132,Sugar,Commodities,5048,Dangote,29,DANGOTE INDUSTRIES LIMITED
25261,DANSCUBE4G,Dangote Seasoning Cube 4g X 100 X 20,117,Seasoning cubes & Spices,Food,5048,Dangote,29,DANGOTE INDUSTRIES LIMITED
24161,DANGSLT500G,Dangote Salt 500g X 40,131,Salt,Commodities,5048,Dangote,29,DANGOTE INDUSTRIES LIMITED
24162,DANGSLT250G,Dangote Salt 250g X 80,131,Salt,Commodities,5048,Dangote,29,DANGOTE INDUSTRIES LIMITED
24163,DANGSLT1KG,Dangote Salt 1kg X 20 ,131,Salt,Commodities,5048,Dangote,29,DANGOTE INDUSTRIES LIMITED
24014,DANGSLT50KG,Dangote Salt 50kg X,131,Salt,Commodities,5048,Dangote,29,DANGOTE INDUSTRIES LIMITED
23410,DANG1KG,Dangote Sugar 1kg X 10,132,Sugar,Commodities,5048,Dangote,29,DANGOTE INDUSTRIES LIMITED
22016,DANG250G,Dangote Sugar 250g X 40,132,Sugar,Commodities,5048,Dangote,29,DANGOTE INDUSTRIES LIMITED
30682,SONCHKFLT60G,Sonia Chicken Flavoured Tomato 60g X 50,105,Condiments,Food,5049,Sonia,62,SONIA FOODS INDUSTRIES LIMITED
25742,SONTOPASAC210Gx24,Sonia Tomato Paste Sachet 210g X 24,105,Condiments,Food,5049,Sonia,62,SONIA FOODS INDUSTRIES LIMITED
25743,SONTOPASAC400Gx24,Sonia Tomato Paste Sachet 400g X 24,105,Condiments,Food,5049,Sonia,62,SONIA FOODS INDUSTRIES LIMITED
25700,SONTYM3G,Sonia Thyme Sachet 3g X 200,117,Seasoning cubes & Spices,Food,5049,Sonia,62,SONIA FOODS INDUSTRIES LIMITED
25701,SONRDCHIL5G,Sonia Red Chilli Powder Sachet 5g X 200,117,Seasoning cubes & Spices,Food,5049,Sonia,62,SONIA FOODS INDUSTRIES LIMITED
25842,SONCURYP10G,Sonia Curry Powder 10g X 220,117,Seasoning cubes & Spices,Food,5049,Sonia,62,SONIA FOODS INDUSTRIES LIMITED
25800,SONCHKFLT65G,Sonia Chicken Flavoured Tomato  65g X 50,105,Condiments,Food,5049,Sonia,62,SONIA FOODS INDUSTRIES LIMITED
30771,SONTOMSAC60G,Sonia Tomato Mix 60g X 50,105,Condiments,Food,5049,Sonia,62,SONIA FOODS INDUSTRIES LIMITED
37680,SONTOPASAC21.1KG,Sonia Tomato Paste Sachet 1.1kg X 12,105,Condiments,Food,5049,Sonia,62,SONIA FOODS INDUSTRIES LIMITED
33189,SONTOPASTN210GX48,Sonia Tomato Paste Tin 210g X 48,105,Condiments,Food,5049,Sonia,62,SONIA FOODS INDUSTRIES LIMITED
22680,SONTOPASAC70G,Sonia Tomato Paste Sachet 70g X 50,117,Seasoning cubes & Spices,Food,5049,Sonia,62,SONIA FOODS INDUSTRIES LIMITED
22681,SONTOPASTN210G,Sonia Tomato Paste Tin 210g X 24,117,Seasoning cubes & Spices,Food,5049,Sonia,62,SONIA FOODS INDUSTRIES LIMITED
22682,SONTOPASTN400G,Sonia Tomato Paste Tin 400g X 24,117,Seasoning cubes & Spices,Food,5049,Sonia,62,SONIA FOODS INDUSTRIES LIMITED
24916,SONTOPASTN2200G,Sonia Tomato Paste Tin 2200g X,117,Seasoning cubes & Spices,Food,5049,Sonia,62,SONIA FOODS INDUSTRIES LIMITED
25691,SONCHK65G,Sonia Chicken Mix Sachet 65g,117,Seasoning cubes & Spices,Food,5049,Sonia,62,SONIA FOODS INDUSTRIES LIMITED
25692,SONCURY4G,Sonia Curry Powder Sachet 4g,117,Seasoning cubes & Spices,Food,5049,Sonia,62,SONIA FOODS INDUSTRIES LIMITED
25213,SONTOMSAC65G,Sonia Tomato Mix 65g × 50,105,Condiments,Food,5049,Sonia,62,SONIA FOODS INDUSTRIES LIMITED
25214,SONPOS65G,Sonia Peppe & Onion 65g × 50,105,Condiments,Food,5049,Sonia,62,SONIA FOODS INDUSTRIES LIMITED
26639,SONPOS60G,Sonia Peppe & Onions 60g X 50,105,Condiments,Food,5049,Sonia,269,BLUME
45249,SONCHK50G,Sonia Chicken Flavour Mix Sachet 50g X 50 ,117,Seasoning cubes & Spices,Food,5049,Sonia,269,BLUME
45193,SONPOS60G50,Sonia Peppe & Onions 60g X 50 ,117,Seasoning cubes & Spices,Food,5049,Sonia,269,BLUME
45195,SONTOMSAC60,Sonia Tomato Mix 60g X 50 ,117,Seasoning cubes & Spices,Food,5049,Sonia,269,BLUME
44796,SONCHK60G,Sonia Chicken Flavour Mix Sachet 60g X 50,105,Condiments,Food,5049,Sonia,269,BLUME
44755,SONTOMSAC50G,Sonia Tomato Mix 50g  X 50,105,Condiments,Food,5049,Sonia,269,BLUME
44757,SONPOS50G,Sonia Peppe & Onions 50g  X 50,105,Condiments,Food,5049,Sonia,269,BLUME
44709,SONPOS55G,Sonia Peppe & Onions 55g X 50,105,Condiments,Food,5049,Sonia,269,BLUME
44711,SONTOMSAC55G,Sonia Tomato Mix 55g X 50,105,Condiments,Food,5049,Sonia,269,BLUME
23372,ALWUND16S,Always Ultra Normal Duo (pink) 16s X,114,Personal Care & Beauty,HC+PC,5050,Always,8,PROCTER & GAMBLE
45483,A3IN1MTD8X14,Always 3 In 1 Maxi Thick Long Double Regular 8 X 14,114,Personal Care & Beauty,HC+PC,5050,Always,8,PROCTER & GAMBLE
22663,ALWULNORSNG8S,Always Ultra Normal Single (pink) 8s X 16,114,Personal Care & Beauty,HC+PC,5050,Always,8,PROCTER & GAMBLE
22664,ALWULNORDUO16S,Always Ultra Normal Duo (pink) 16s X 16,114,Personal Care & Beauty,HC+PC,5050,Always,8,PROCTER & GAMBLE
22665,ALWULSUPSGL7S,Always Ultra Super Single (blue) 7s X 16,114,Personal Care & Beauty,HC+PC,5050,Always,8,PROCTER & GAMBLE
22666,ALWULSUPDUO14S,Always Ultra Super Duo (blue) 14s X,114,Personal Care & Beauty,HC+PC,5050,Always,8,PROCTER & GAMBLE
45182,AMSTCA33cl,Amstel Malt Can 24 * 33cl ,106,Drinks,Beverages,5051,Amstel Malta,2,NIGERIAN BREWERIES PLC
45330,AMSTELMACAN33CL12,Amstel Malta 12 X 1 33cl Full Can Tray,106,Drinks,Beverages,5051,Amstel Malta,2,NIGERIAN BREWERIES PLC
24123,AMSTMAULTC33clx12,Amstel Malta Ultra Can 33cl X 12,106,Drinks,Beverages,5051,Amstel Malta,2,NIGERIAN BREWERIES PLC
23012,AMSTELMACAN33CL,Amstel Malta  24 X 1 33cl Full Can Tray,106,Drinks,Beverages,5051,Amstel Malta,2,NIGERIAN BREWERIES PLC
23013,AMSTELMAPET33CL,Amstel Malta 12 X 33cl Pet,106,Drinks,Beverages,5051,Amstel Malta,2,NIGERIAN BREWERIES PLC
22671,AMSTMAULTC33CL,Amstel Malta Ultra Can 33cl X 24,106,Drinks,Beverages,5051,Amstel Malta,2,NIGERIAN BREWERIES PLC
22836,ABSPAG500G,Auntie B Spaghetti 500g X 20,130,Pasta,Food,5052,Auntie B,9,FLOUR MILLS OF NIGERIA PLC
22837,ABSLMSPAG500G,Auntie B Slim Spaghetti 500g X 20,130,Pasta,Food,5052,Auntie B,9,FLOUR MILLS OF NIGERIA PLC
24374,ABSPAG500Gx10,Auntie B Spaghetti 500g X 10,130,Pasta,Food,5052,Auntie B,9,FLOUR MILLS OF NIGERIA PLC
46251,ABSEMO2B5X2,Auntie B Semolina 2.5kg X 2,116,"Rice, Swallow, and Flour",Commodities,5052,Auntie B,9,FLOUR MILLS OF NIGERIA PLC
24082,ABSEMO1KG,Auntie B Semolina 1kg X 10,153,Swallow,Commodities,5052,Auntie B,9,FLOUR MILLS OF NIGERIA PLC
24083,ABSEMO5KG,Auntie B Semolina 5kg X,153,Swallow,Commodities,5052,Auntie B,9,FLOUR MILLS OF NIGERIA PLC
24084,ABSEMO10KG,Auntie B Semolina 10kg X,153,Swallow,Commodities,5052,Auntie B,9,FLOUR MILLS OF NIGERIA PLC
24089,ABSLMSPAG500Gx10,Auntie B Slim Spaghetti 500g X 10,130,Pasta,Food,5052,Auntie B,9,FLOUR MILLS OF NIGERIA PLC
30372,ABSEMO2.5KG,Auntie B Semolina 2.5kg X,153,Swallow,Commodities,5052,Auntie B,9,FLOUR MILLS OF NIGERIA PLC
22840,BBMDMINI36KG,Bebem Small Diaper Mini 3-6kg X,99,Baby Care,HC+PC,5053,Bebem,10,HAYAT KIMYA NIGERIA LTD
22841,BBMDMAX718KG,Bebem Small Diaper Max 7-18kg X,99,Baby Care,HC+PC,5053,Bebem,10,HAYAT KIMYA NIGERIA LTD
23696,BBMDTWMI36KG,Bebem Twin Diaper Mini 3 -6kg X,99,Baby Care,HC+PC,5053,Bebem,10,HAYAT KIMYA NIGERIA LTD
23697,BBMDTWMD49KG,Bebem Twin Diaper Midi 4-9kg X,99,Baby Care,HC+PC,5053,Bebem,10,HAYAT KIMYA NIGERIA LTD
23698,BBMDJDMI36KG,Bebem Jumbo Diaper Mini 3 -6kg X,99,Baby Care,HC+PC,5053,Bebem,10,HAYAT KIMYA NIGERIA LTD
23699,BBMDJMD49KG,Bebem Jumbo Diaper Midi 4 -9kg X,99,Baby Care,HC+PC,5053,Bebem,10,HAYAT KIMYA NIGERIA LTD
23700,BBMDJMAX718KG,Bebem Jumbo Diaper Maxi 7 -18kg X,99,Baby Care,HC+PC,5053,Bebem,10,HAYAT KIMYA NIGERIA LTD
23701,BBMDTWMX718KG,Bebem Twin Diaper Maxi 7-18kg X,99,Baby Care,HC+PC,5053,Bebem,10,HAYAT KIMYA NIGERIA LTD
23154,BBMDMidi4-9KG10,Bebem Small Diaper Midi 4-9kg X 10,99,Baby Care,HC+PC,5053,Bebem,10,HAYAT KIMYA NIGERIA LTD
23155,BBMDMINI36KG10,Bebem Small Diaper Mini 3-6kg X 10,99,Baby Care,HC+PC,5053,Bebem,10,HAYAT KIMYA NIGERIA LTD
23156,BBMDMAX718KG10,Bebem Small Diaper Max 7-18kg X 10,99,Baby Care,HC+PC,5053,Bebem,10,HAYAT KIMYA NIGERIA LTD
23141,BBMDMidi4-9KG,Bebem Small Diaper Midi 4-9kg,99,Baby Care,HC+PC,5053,Bebem,10,HAYAT KIMYA NIGERIA LTD
26623,BLUESPD450G,Blue Band Margarine Spread 450g  X 24,105,Condiments,Food,5055,Blue Band,17,UPFIELD OR SIQALO FOODS
26624,10.8kg,Blue Band Original 450g X 24,105,Condiments,Food,5055,Blue Band,17,UPFIELD OR SIQALO FOODS
24300,BLUESPD250G,Blue Band Margarine Spread 250g X 24,105,Condiments,Food,5055,Blue Band,17,UPFIELD OR SIQALO FOODS
22683,BBSPSAC12G,Blue Band Spread Sachet 12g X 250,134,Margarine,Commodities,5055,Blue Band,17,UPFIELD OR SIQALO FOODS
22685,BBDMGORG250G,Blue Band Margarine Original 250g X 24,105,Condiments,Food,5055,Blue Band,17,UPFIELD OR SIQALO FOODS
25200,BBSP900G,Blue Band Spread 900g X 12,105,Condiments,Food,5055,Blue Band,24,UNILEVER
25688,CHINSCHNOD100Gx20,Chikki Instant Chicken Noodles 100g X 20,129,Noodles,Food,5056,Chikki,23,CHIKKI FOOD INDUSTRIES LIMITED
26240,CHINSCHPSNOD100G,Chikki Instant Chicken Pepper Soup Noodles 100g X 40,129,Noodles,Food,5056,Chikki,23,CHIKKI FOOD INDUSTRIES LIMITED
22688,CHINSCHNOD70G,Chikki Instant Chicken Noodles 70g X 40,129,Noodles,Food,5056,Chikki,23,CHIKKI FOOD INDUSTRIES LIMITED
22689,CHINSCHNOD100G,Chikki Instant Chicken Noodles 100g X 40,129,Noodles,Food,5056,Chikki,23,CHIKKI FOOD INDUSTRIES LIMITED
23064,CHINSCHNODPPS70G,Chikki Instant Chicken Noodles Pepper Soup 70g X 40,129,Noodles,Food,5056,Chikki,23,CHIKKI FOOD INDUSTRIES LIMITED
23719,CHINSCHNOD70Gx20,Chikki Instant Chicken Noodles 70g X 20,129,Noodles,Food,5056,Chikki,23,CHIKKI FOOD INDUSTRIES LIMITED
54125,CHINSCHNOD120G,Chikki Instant Chicken Noodles 120g X 40 ,129,Noodles,Food,5056,Chikki,23,CHIKKI FOOD INDUSTRIES LIMITED
24999,VES002x6,Emperor Oil 1l X,135,Oil,Food,5059,Emperor Oil,173,RAFFLES OIL
25005,VES001x10,Emperor Oil 500ml X 10,135,Oil,Food,5059,Emperor Oil,173,RAFFLES OIL
23416,VES004,Emperor Oil Bottle 3l X,135,Oil,Food,5059,Emperor Oil,173,RAFFLES OIL
23417,VES005,Emperor Oil Keg 5l X,135,Oil,Food,5059,Emperor Oil,173,RAFFLES OIL
23786,VES003,Emperor Oil Bottle  70cl  X 16 ,134,Margarine,Commodities,5059,Emperor Oil,173,RAFFLES OIL
23787,VES006,Emperor Oil 75cl,135,Oil,Food,5059,Emperor Oil,173,RAFFLES OIL
33188,VES010,Emperor Oil Keg 10ltr X 1,135,Oil,Food,5059,Emperor Oil,173,RAFFLES OIL
23706,VES025,Emperor Oil Keg 25ltr X,149,Large Oil,Commodities,5059,Emperor Oil,173,RAFFLES OIL
22989,VES002,Emperor Oil 1l X 12,135,Oil,Food,5059,Emperor Oil,173,RAFFLES OIL
22990,VES001,Emperor Oil 500ml X 20,135,Oil,Food,5059,Emperor Oil,173,RAFFLES OIL
23754,EVAWINE75CL,Eva Non-alcoholic Sparkling Red Grape Drink 75cl X,106,Drinks,Beverages,5060,Eva,92,Charles E. Ramson Ltd
23396,EVA50CL,Eva Water 50cl X 12,106,Drinks,Beverages,5060,Eva,92,Charles E. Ramson Ltd
25297,EVAMGNPKT12,Eva Moringa Soap 150g X,114,Personal Care & Beauty,HC+PC,5060,Eva,234,EVANS INDUSTRIES
25298,EVANFPKT12,Eva Natural Fairness Soap 150g X,114,Personal Care & Beauty,HC+PC,5060,Eva,234,EVANS INDUSTRIES
25299,EVAPEAPKT12,Eva Pearl Soap 150g X,114,Personal Care & Beauty,HC+PC,5060,Eva,234,EVANS INDUSTRIES
25300,EVAROMPKT12,Eva Romantic Soap 150g X,114,Personal Care & Beauty,HC+PC,5060,Eva,234,EVANS INDUSTRIES
25287,EVABBYPKT12,Eva Baby Soap 100g X,99,Baby Care,HC+PC,5060,Eva,234,EVANS INDUSTRIES
42592,EVAWHTGRWN750ML,Eva White Grape Wine 750ml  X 6,106,Drinks,Beverages,5060,Eva,199,Ekulo Group of Companies
42593,EVAJVRSWN750ML,Eva Joven Rose Wine 750ml  X 6,106,Drinks,Beverages,5060,Eva,199,Ekulo Group of Companies
42594,EVATONWN750ML,Eva Tonic Wine 750ml X 12,106,Drinks,Beverages,5060,Eva,199,Ekulo Group of Companies
42595,EVASWAPWN750ML,Eva Sweet Apple Wine 750ml  X 6,106,Drinks,Beverages,5060,Eva,199,Ekulo Group of Companies
42585,EVACAN330ML,Eva Can 330ml X 24,106,Drinks,Beverages,5060,Eva,199,Ekulo Group of Companies
42586,EVAENGDRK250ML,Eva Energy Drink 250ml X 24,106,Drinks,Beverages,5060,Eva,199,Ekulo Group of Companies
42587,EVABLUCOCK750ML,Eva Blue Cocktail 750ml X 6,106,Drinks,Beverages,5060,Eva,199,Ekulo Group of Companies
42588,EVACRBRRY750,Eva Cranberry 750ml  X 6,106,Drinks,Beverages,5060,Eva,199,Ekulo Group of Companies
42589,EVAPNKMOS750ML,Eva Pink Moscato 750ml  X 6,106,Drinks,Beverages,5060,Eva,199,Ekulo Group of Companies
42590,EVAPCHWIN750ML,Eva Peach Wine 750ml  X 6,106,Drinks,Beverages,5060,Eva,199,Ekulo Group of Companies
37825,EVAWIN75CL,Eva Red Wine 75cl X 6,106,Drinks,Beverages,5060,Eva,199,Ekulo Group of Companies
45804,ESCW750MLX6,Eva Sparkling Cranberry Wine 750ml X 6,106,Drinks,Beverages,5060,Eva,199,Ekulo Group of Companies
45948,EVACLYPKT48,Eva Classic Soap 150g X 48,114,Personal Care & Beauty,HC+PC,5060,Eva,234,EVANS INDUSTRIES
45950,EVAGODPKT48,Eva Gold Soap 150g X 48,114,Personal Care & Beauty,HC+PC,5060,Eva,234,EVANS INDUSTRIES
25291,EVACLYPKT12,Eva Classic Soap 150g X,114,Personal Care & Beauty,HC+PC,5060,Eva,234,EVANS INDUSTRIES
25292,EVAFORPKT12,Eva Forever Soap 150g X,114,Personal Care & Beauty,HC+PC,5060,Eva,234,EVANS INDUSTRIES
25293,EVAFRSPKT12,Eva Fresh Soap 150g X,114,Personal Care & Beauty,HC+PC,5060,Eva,234,EVANS INDUSTRIES
25294,EVAGODPKT12,Eva Gold Soap 150g X,114,Personal Care & Beauty,HC+PC,5060,Eva,234,EVANS INDUSTRIES
25295,EVAHBLPKT12,Eva Herbal Soap 150g X,114,Personal Care & Beauty,HC+PC,5060,Eva,234,EVANS INDUSTRIES
44639,FANTA33CLX24,Fanta 33cl Can X 24,106,Drinks,Beverages,5061,Fanta,25,NIGERIAN BOTTLING COMPANY
21934,FANT50CL,Fanta Pet Bottle 50cl X 12,106,Drinks,Beverages,5061,Fanta,25,NIGERIAN BOTTLING COMPANY
24100,FANT50CLx6,Fanta Pet Bottle (re-pack) 50cl X,106,Drinks,Beverages,5061,Fanta,25,NIGERIAN BOTTLING COMPANY
23367,FANT1L,Fanta Pet Bottle 1lt X 12,106,Drinks,Beverages,5061,Fanta,25,NIGERIAN BOTTLING COMPANY
23393,FANZPB60CL,Fanta Zero Pet Bottle 60cl X 12,106,Drinks,Beverages,5061,Fanta,25,NIGERIAN BOTTLING COMPANY
23143,FANT60CL,Fanta Pet Bottle 60cl X 12,106,Drinks,Beverages,5061,Fanta,25,NIGERIAN BOTTLING COMPANY
23026,FATROPB35CL,Five Alive Tropical Juice Pet Bottle 35cl X 12,106,Drinks,Beverages,5062,Five Alive,25,NIGERIAN BOTTLING COMPANY
44907,FABBPB75CL,Five Alive Berry Blast Pet Bottle 75cl  X 6,106,Drinks,Beverages,5062,Five Alive,25,NIGERIAN BOTTLING COMPANY
22930,FAPOJPB30CL,Five Alive Pulpy Orange Juice Pet Bottle 30cl X 12,106,Drinks,Beverages,5062,Five Alive,25,NIGERIAN BOTTLING COMPANY
22446,FATJPB90CL,Five Alive Tropical Juice Pet Bottle 90cl X,106,Drinks,Beverages,5062,Five Alive,25,NIGERIAN BOTTLING COMPANY
22447,FAPOJPB85CL,Five Alive Pulpy Orange Juice Pet Bottle 85cl X,106,Drinks,Beverages,5062,Five Alive,25,NIGERIAN BOTTLING COMPANY
22448,FAPPJPB78CL,Five Alive Berry Blast Juice Pet Bottle 78cl X,106,Drinks,Beverages,5062,Five Alive,25,NIGERIAN BOTTLING COMPANY
24238,FAPOJPB30CLx6,Five Alive Pulpy Orange Juice Pet Bottle 30cl X,106,Drinks,Beverages,5062,Five Alive,25,NIGERIAN BOTTLING COMPANY
24239,FAPOJPB85CLx3,Five Alive Pulpy Orange Juice Pet Bottle 85cl X,106,Drinks,Beverages,5062,Five Alive,25,NIGERIAN BOTTLING COMPANY
44911,FAPOJPB75CL,Five Alive Pulpy Orange Juice Pet Bottle 75cl  X 6,106,Drinks,Beverages,5062,Five Alive,25,NIGERIAN BOTTLING COMPANY
26435,FATJPB90CLx3,Five Alive Tropical Juice Pet Bottle 90cl X,106,Drinks,Beverages,5062,Five Alive,25,NIGERIAN BOTTLING COMPANY
25544,FAPOJPB30CLx24,Five Alive Pulpy Orange Juice Pet Bottle 30cl X 24,106,Drinks,Beverages,5062,Five Alive,25,NIGERIAN BOTTLING COMPANY
23388,FRIGR300G,Friso Gold Rice 300g X 12,99,Baby Care,HC+PC,5063,Frisco Gold,181,WAMCO
25405,PROMFCF95G,Promo Fun Cookies Fruity Shortcake 95g X 26,115,Promo,Promo,5064,Fun Cookies,38,FASTIZERS FOOD AND CONFECTIONERY LTD
22536,FCF90G,Fun Cookies Fruity Shortcake 90g X 26,101,Biscuits & Sweets,Food,5064,Fun Cookies,38,FASTIZERS FOOD AND CONFECTIONERY LTD
22741,FCC95G,Fun Cookies Classic 95g X 26,101,Biscuits & Sweets,Food,5064,Fun Cookies,38,FASTIZERS FOOD AND CONFECTIONERY LTD
22742,FCF95G,Fun Cookies Fruity Shortcake 95g X 26,101,Biscuits & Sweets,Food,5064,Fun Cookies,38,FASTIZERS FOOD AND CONFECTIONERY LTD
22306,FCC90G,Fun Cookies Classic 90g X 26,101,Biscuits & Sweets,Food,5064,Fun Cookies,38,FASTIZERS FOOD AND CONFECTIONERY LTD
24905,FSCHOMAL27G,Fun Snax Choco Malt Sachet 27g X 30,103,Cereal & Breakfast,Food,5065,Fun Snax,39,SUNLIGHT RESOURCES LIMITED
24906,FUSCOFL27G,Fun Snax Corn Flakes Cereal 27g X 30,103,Cereal & Breakfast,Food,5065,Fun Snax,39,SUNLIGHT RESOURCES LIMITED
24907,CHOCHA27G,Fun Snax Choco Champs Cereal 27g X 30,103,Cereal & Breakfast,Food,5065,Fun Snax,39,SUNLIGHT RESOURCES LIMITED
24280,FSCHOMAL33G,Fun Snax Choco Malt Sachet 33g X 30 ,103,Cereal & Breakfast,Food,5065,Fun Snax,39,SUNLIGHT RESOURCES LIMITED
24274,YASCHF30G,Fun Snax Yakata Squares Chocolate Flavour 30g X 30,118,Snacks and Chin Chin,Food,5065,Fun Snax,39,SUNLIGHT RESOURCES LIMITED
24275,COBAMIF10G,Fun Snax Corn Balls Milk Flavour 10g X 60,103,Cereal & Breakfast,Food,5065,Fun Snax,39,SUNLIGHT RESOURCES LIMITED
24264,CHOCHA350G,Choco Champs Cereal 350g X 10,103,Cereal & Breakfast,Food,5065,Fun Snax,39,SUNLIGHT RESOURCES LIMITED
23950,FSPOPCNSW25GX30,Fun Snax Pop Corn Sweet 25g,118,Snacks and Chin Chin,Food,5065,Fun Snax,39,SUNLIGHT RESOURCES LIMITED
42833,FSCHBALJB13Gx50,Fun Snax Cheese Balls Jumbo 13g  X 50,118,Snacks and Chin Chin,Food,5065,Fun Snax,39,SUNLIGHT RESOURCES LIMITED
44485,FSCHBALJB15GX24,Fun Snax Cheese Balls Jumbo 15g X 24,118,Snacks and Chin Chin,Food,5065,Fun Snax,39,SUNLIGHT RESOURCES LIMITED
30346,FSCHBALJB15Gx31,Fun Snax Cheese Balls Jumbo 15g X 30 + 1 Free,118,Snacks and Chin Chin,Food,5065,Fun Snax,39,SUNLIGHT RESOURCES LIMITED
24221,FUSCOFL30G,Fun Snax Corn Flakes Cereal 30g X 36,103,Cereal & Breakfast,Food,5065,Fun Snax,39,SUNLIGHT RESOURCES LIMITED
24222,CHOCHA30G,Fun Snax Choco Champs Cereal 30g X 36,103,Cereal & Breakfast,Food,5065,Fun Snax,39,SUNLIGHT RESOURCES LIMITED
24223,CORICH35G,Fun Snax Corn Ring Chocolate 35g X 30,103,Cereal & Breakfast,Food,5065,Fun Snax,39,SUNLIGHT RESOURCES LIMITED
25391,FSCHBALJB20G,Fun Snax Cheese Balls Jumbo 20g X 30 + 2 Free,118,Snacks and Chin Chin,Food,5065,Fun Snax,39,SUNLIGHT RESOURCES LIMITED
24415,FSPOPCNSW20GX30,Fun Snax Pop Corn Sweet 20g X 30,118,Snacks and Chin Chin,Food,5065,Fun Snax,39,SUNLIGHT RESOURCES LIMITED
25589,FSCHBALJB15G,Fun Snax Cheese Balls Jumbo 15g X 30 + 2 Free,118,Snacks and Chin Chin,Food,5065,Fun Snax,39,SUNLIGHT RESOURCES LIMITED
22982,FSPOPCNSW25G,Fun Snax Pop Corn Sweet 25g X 24,118,Snacks and Chin Chin,Food,5065,Fun Snax,39,SUNLIGHT RESOURCES LIMITED
23526,FSWAFSTMLK16G,Fun Snax Wafer Sticks Milk 16g X 96,101,Biscuits & Sweets,Food,5065,Fun Snax,39,SUNLIGHT RESOURCES LIMITED
23527,FSCHOMAL36G,Fun Snax Choco Malt Sachet 36g X 30,103,Cereal & Breakfast,Food,5065,Fun Snax,39,SUNLIGHT RESOURCES LIMITED
23528,FSWAFSTCHO16G,Fun Snax Wafer Sticks Chocolate 16g X 96,101,Biscuits & Sweets,Food,5065,Fun Snax,39,SUNLIGHT RESOURCES LIMITED
23659,FSCHBALJB25G,Fun Snax Cheese Balls Jumbo 25g X 30,118,Snacks and Chin Chin,Food,5065,Fun Snax,39,SUNLIGHT RESOURCES LIMITED
23808,FUNCORN500G,Fun Snax Cornflakes Pouch 500g X,103,Cereal & Breakfast,Food,5065,Fun Snax,39,SUNLIGHT RESOURCES LIMITED
23864,FUNCORNB500G,Fun Snax Cornflakes Box 500g X 6 + 100g  Free,103,Cereal & Breakfast,Food,5065,Fun Snax,39,SUNLIGHT RESOURCES LIMITED
23376,FSCBJ5GM,Fun Snax Cheese Balls Junior 5g X 75,118,Snacks and Chin Chin,Food,5065,Fun Snax,39,SUNLIGHT RESOURCES LIMITED
26694,FYPLNYOG115MLX17BB,Fun Snax Corn Flakes Cereal 30g X 18,103,Cereal & Breakfast,Food,5065,Fun Snax,39,SUNLIGHT RESOURCES LIMITED
25708,FSPOPCNSW12GX30,Fun Snax Pop Corn Sweet 12g X 30,118,Snacks and Chin Chin,Food,5065,Fun Snax,39,SUNLIGHT RESOURCES LIMITED
33158,FSCHBALJB13Gx31,Fun Snax Cheese Balls Jumbo 13g  X 30 + 1 Free,118,Snacks and Chin Chin,Food,5065,Fun Snax,39,SUNLIGHT RESOURCES LIMITED
37789,FSCHBALJB13Gx32,Fun Snax Cheese Balls Jumbo 13g  X 30 + 2 Free,118,Snacks and Chin Chin,Food,5065,Fun Snax,39,SUNLIGHT RESOURCES LIMITED
23243,GMFLO170G,Good Mama Floral 170g X 24 + 2 Free (26),108,Home Care and Laundry,HC+PC,5066,Good Mama,44,EKO SUPREME RESOURCES NIGERIA LIMITED
23244,GMLMN170G,Good Mama Lemon 170g X 24 + 2 Free (26),108,Home Care and Laundry,HC+PC,5066,Good Mama,44,EKO SUPREME RESOURCES NIGERIA LIMITED
23245,GMFLO80G,Good Mama Floral 80g X 48 + 3 Free (51),108,Home Care and Laundry,HC+PC,5066,Good Mama,44,EKO SUPREME RESOURCES NIGERIA LIMITED
23246,GMFLO22G,Good Mama Floral 22g X 156 + 12 Free (168),108,Home Care and Laundry,HC+PC,5066,Good Mama,44,EKO SUPREME RESOURCES NIGERIA LIMITED
23247,GMLEM22G,Good Mama Lemon 22g X 156 + 12 Free (168),108,Home Care and Laundry,HC+PC,5066,Good Mama,44,EKO SUPREME RESOURCES NIGERIA LIMITED
23248,GMLMN80G,Good Mama Lemon 80g X 48 + 3 Free (51),108,Home Care and Laundry,HC+PC,5066,Good Mama,44,EKO SUPREME RESOURCES NIGERIA LIMITED
23337,GMLEM850G,Good Mama Lemon 850g X,108,Home Care and Laundry,HC+PC,5066,Good Mama,44,EKO SUPREME RESOURCES NIGERIA LIMITED
23338,GMFLO850G,Good Mama Floral 850g X,108,Home Care and Laundry,HC+PC,5066,Good Mama,44,EKO SUPREME RESOURCES NIGERIA LIMITED
23661,sku124,Sku Test Item 23g X 12,142,garri,Commodities,5066,Good Mama,44,EKO SUPREME RESOURCES NIGERIA LIMITED
23758,GMLEM900G,Good Mama Lemon 900g X 6 ,108,Home Care and Laundry,HC+PC,5066,Good Mama,44,EKO SUPREME RESOURCES NIGERIA LIMITED
24989,GMLEM22Gx84,Good Mama Lemon 22g X 84,108,Home Care and Laundry,HC+PC,5066,Good Mama,44,EKO SUPREME RESOURCES NIGERIA LIMITED
24990,GMANK90Gx25,Good Mama Ankara 90g X 25,108,Home Care and Laundry,HC+PC,5066,Good Mama,44,EKO SUPREME RESOURCES NIGERIA LIMITED
42857,GMFLO185GX24F, Good Mama Floral 185g X 24 + 3 Free(27),108,Home Care and Laundry,HC+PC,5066,Good Mama,44,EKO SUPREME RESOURCES NIGERIA LIMITED
42562,GMFLO170G+15G,Good Mama Floral 170g + 15g X 24 + 3 Free(27),108,Home Care and Laundry,HC+PC,5066,Good Mama,44,EKO SUPREME RESOURCES NIGERIA LIMITED
30266,GMANK170G,Good Mama Ankara 170g X 24 + 2 Free(26),108,Home Care and Laundry,HC+PC,5066,Good Mama,44,EKO SUPREME RESOURCES NIGERIA LIMITED
25865,GMANK850G,Good Mama Ankara 850g X,108,Home Care and Laundry,HC+PC,5066,Good Mama,44,EKO SUPREME RESOURCES NIGERIA LIMITED
42673,GMFLO185G,Good Mama Floral 185g X 24 +3 Free,108,Home Care and Laundry,HC+PC,5066,Good Mama,44,EKO SUPREME RESOURCES NIGERIA LIMITED
25682,GMFLO22Gx84,Good Mama Floral 22g X 84,108,Home Care and Laundry,HC+PC,5066,Good Mama,44,EKO SUPREME RESOURCES NIGERIA LIMITED
25683,GMANK190Gx13,Good Mama Ankara 190g X 13,108,Home Care and Laundry,HC+PC,5066,Good Mama,44,EKO SUPREME RESOURCES NIGERIA LIMITED
25684,GMLMN80Gx25,Good Mama Lemon 80g X 25,108,Home Care and Laundry,HC+PC,5066,Good Mama,44,EKO SUPREME RESOURCES NIGERIA LIMITED
25685,GMLEM900Gx3,Good Mama Lemon 900g X,108,Home Care and Laundry,HC+PC,5066,Good Mama,44,EKO SUPREME RESOURCES NIGERIA LIMITED
24116,GMANK90G,Good Mama Ankara 90g X 48 + 2 Free (50),108,Home Care and Laundry,HC+PC,5066,Good Mama,44,EKO SUPREME RESOURCES NIGERIA LIMITED
24117,GMANK190G,Good Mama Ankara 190g X 24 + 2 Free (26),108,Home Care and Laundry,HC+PC,5066,Good Mama,44,EKO SUPREME RESOURCES NIGERIA LIMITED
24118,GMANK900G,Good Mama Ankara 900g X,108,Home Care and Laundry,HC+PC,5066,Good Mama,44,EKO SUPREME RESOURCES NIGERIA LIMITED
24063,GMFLO80GP2,Good Mama Floral 80g X 48 + 2 Free,108,Home Care and Laundry,HC+PC,5066,Good Mama,44,EKO SUPREME RESOURCES NIGERIA LIMITED
24064,GMLMN80GP2,Good Mama Lemon 80g X 48 + 2 Free,108,Home Care and Laundry,HC+PC,5066,Good Mama,44,EKO SUPREME RESOURCES NIGERIA LIMITED
24378,GMFLO80Gx25,Good Mama Floral 80g X 25,108,Home Care and Laundry,HC+PC,5066,Good Mama,44,EKO SUPREME RESOURCES NIGERIA LIMITED
24379,GMANK900Gx3,Good Mama Ankara 900g X,108,Home Care and Laundry,HC+PC,5066,Good Mama,44,EKO SUPREME RESOURCES NIGERIA LIMITED
24380,GMFLO850Gx3,Good Mama Floral 850g X,108,Home Care and Laundry,HC+PC,5066,Good Mama,44,EKO SUPREME RESOURCES NIGERIA LIMITED
24381,GMLMN170Gx13,Good Mama Lemon 170g X 13 ,108,Home Care and Laundry,HC+PC,5066,Good Mama,44,EKO SUPREME RESOURCES NIGERIA LIMITED
24382,GMFLO170Gx13,Good Mama Floral 170g X 13,108,Home Care and Laundry,HC+PC,5066,Good Mama,44,EKO SUPREME RESOURCES NIGERIA LIMITED
22308,GMLEM25G,Good Mama Lemon 25g X 156 + 12 Free (168),108,Home Care and Laundry,HC+PC,5066,Good Mama,44,EKO SUPREME RESOURCES NIGERIA LIMITED
22089,GMFLO25G,Good Mama Floral 25g X 156 + 12 Free (168),108,Home Care and Laundry,HC+PC,5066,Good Mama,44,EKO SUPREME RESOURCES NIGERIA LIMITED
22083,GMFLO190G,Good Mama Floral 190g X 24 + 2 Free (26),108,Home Care and Laundry,HC+PC,5066,Good Mama,44,EKO SUPREME RESOURCES NIGERIA LIMITED
22084,GMLMN190G,Good Mama Lemon 190g X 24 + 2 Free (26),108,Home Care and Laundry,HC+PC,5066,Good Mama,44,EKO SUPREME RESOURCES NIGERIA LIMITED
22085,GMFLO90G,Good Mama Floral 90g X 48 + 3 Free (51),108,Home Care and Laundry,HC+PC,5066,Good Mama,44,EKO SUPREME RESOURCES NIGERIA LIMITED
22086,GMLMN90G,Good Mama Lemon 90g X 48 + 3 Free (51),108,Home Care and Laundry,HC+PC,5066,Good Mama,44,EKO SUPREME RESOURCES NIGERIA LIMITED
46313,GML45GX84,Good Mama Lemon 45g X 84,108,Home Care and Laundry,HC+PC,5066,Good Mama,44,EKO SUPREME RESOURCES NIGERIA LIMITED
22398,GMFLO900G,Good Mama Floral 900g X,108,Home Care and Laundry,HC+PC,5066,Good Mama,44,EKO SUPREME RESOURCES NIGERIA LIMITED
30733,GMLEM850GXTRA85G,Good Mama Lemon 850g X 6 + Extra 85g,108,Home Care and Laundry,HC+PC,5066,Good Mama,44,EKO SUPREME RESOURCES NIGERIA LIMITED
53792,GML800GX7,Good Mama Lemon 800g X 7,108,Home Care and Laundry,HC+PC,5066,Good Mama,44,EKO SUPREME RESOURCES NIGERIA LIMITED
53795,GML17KGX4,Good Mama Lemon 1.7kg X 4,108,Home Care and Laundry,HC+PC,5066,Good Mama,44,EKO SUPREME RESOURCES NIGERIA LIMITED
42919,GMLMN185G,Good Mama Lemon 185g  X 24 + 2 (26),108,Home Care and Laundry,HC+PC,5066,Good Mama,659,EUROMEGA
43171,GMLMN185GX24F,Good Mama Lemon 185g  X 24+ 3 Free(27),108,Home Care and Laundry,HC+PC,5066,Good Mama,659,EUROMEGA
43392,GMB11LFR,Goodmama Bucket X 1free ,108,Home Care and Laundry,HC+PC,5066,Good Mama,659,EUROMEGA
43376,GMLMN185GX24F2,Good Mama Lemon 185g X 24 + 2(26),108,Home Care and Laundry,HC+PC,5066,Good Mama,659,EUROMEGA
43378,GMFLO185Gx24F2,Good Mama Floral 185g X 24 +2free (26) ,108,Home Care and Laundry,HC+PC,5066,Good Mama,659,EUROMEGA
22659,GUISTOCAN33CL,Guinness Stout Can 33cl X 24,106,Drinks,Beverages,5067,Guinness,32,GUINNESS NIGERIA PLC
22778,GSSTOUCAN33CL,Guinness Smooth Stout Can 33cl X 24,106,Drinks,Beverages,5067,Guinness,32,GUINNESS NIGERIA PLC
23712,GUILIQCNT60CL,Guinness Stout Liquid Content 60cl X 12,106,Drinks,Beverages,5067,Guinness,32,GUINNESS NIGERIA PLC
23713,GUILIQCNT32.5CL,Guinness Stout Liquid Content 32.5cl X 24,106,Drinks,Beverages,5067,Guinness,32,GUINNESS NIGERIA PLC
23714,MALGUINLIQCNT33CL,Malta Guinness Liquid Content 33cl X 24,106,Drinks,Beverages,5067,Guinness,32,GUINNESS NIGERIA PLC
24126,GUISTOCAN33CLx12,Guinness Stout Can 33cl X 12,106,Drinks,Beverages,5067,Guinness,32,GUINNESS NIGERIA PLC
24122,GSSTOUCAN33CLx12,Guinness Smooth Stout Can 33cl X 12 ,106,Drinks,Beverages,5067,Guinness,32,GUINNESS NIGERIA PLC
37765,GUIFESRET330ML,Guinness Fes Ret + Crate 330ml  X 24,106,Drinks,Beverages,5067,Guinness,32,GUINNESS NIGERIA PLC
37843,GUIFESCAN330ML,Guinness Fes Can 330ml  X 24,106,Drinks,Beverages,5067,Guinness,32,GUINNESS NIGERIA PLC
44645,GUINMEDST45CL,Guinness Stout Medium 45cl X 18,106,Drinks,Beverages,5067,Guinness,32,GUINNESS NIGERIA PLC
44332,GUINSMST60CL,Guinness Smooth Stout Bottle 60cl  X 12,106,Drinks,Beverages,5067,Guinness,32,GUINNESS NIGERIA PLC
44349,SMIRNICEB600ML,Smirnoff Ice Bottle 600ml X 12,106,Drinks,Beverages,5067,Guinness,32,GUINNESS NIGERIA PLC
43357,GUIFES600MLRET+CRATE,Guinness Fes 600ml Ret + Crate  X 12,106,Drinks,Beverages,5067,Guinness,32,GUINNESS NIGERIA PLC
43358,GUIFES425MLRET+CRATE,Guinness Fes 450ml Ret + Crate   X 18,106,Drinks,Beverages,5067,Guinness,32,GUINNESS NIGERIA PLC
43359,GUIFES325MLRET+CRATE,Guinness Fes 325ml Ret + Crate  X 24,106,Drinks,Beverages,5067,Guinness,32,GUINNESS NIGERIA PLC
53453,GUIFES325MLRET,Guinness Fes 325ml Ret 24x01,106,Drinks,Beverages,5067,Guinness,32,GUINNESS NIGERIA PLC
53132,GUISMTBTL45CL,Guinness Smooth Bottle 45cl X 18,106,Drinks,Beverages,5067,Guinness,32,GUINNESS NIGERIA PLC
53135,GUINSMTCAN33CL,Guinness Smooth Can 33cl  1 X 24,106,Drinks,Beverages,5067,Guinness,32,GUINNESS NIGERIA PLC
53087,GUINLAR1X12,Guinness Large 1x12 X 12,106,Drinks,Beverages,5067,Guinness,32,GUINNESS NIGERIA PLC
53090,GUIMED500ML1X18,Guinness Medium 500ml 1x18,106,Drinks,Beverages,5067,Guinness,32,GUINNESS NIGERIA PLC
53093,GUISMALLBOT33CL,Guinness Small Bottle 33cl 1x24,106,Drinks,Beverages,5067,Guinness,32,GUINNESS NIGERIA PLC
53096,FESDRAUGHTCAN330ML,Foreign Extra Stout Draught Can 1x24,106,Drinks,Beverages,5067,Guinness,32,GUINNESS NIGERIA PLC
53099,FESCANBY6330ML,Foreign Extra Stout Can (6pack) 1x24,106,Drinks,Beverages,5067,Guinness,32,GUINNESS NIGERIA PLC
23704,HBLIQCNT60CL,Heineken Beer Liquid Content 60cl X 12,106,Drinks,Beverages,5068,Heineken,2,NIGERIAN BREWERIES PLC
22668,HEISLECAN33CL,Heineken Sleek Can 33cl X 24,106,Drinks,Beverages,5068,Heineken,2,NIGERIAN BREWERIES PLC
23963,HB60CLBTC,Heineken Beer 60cl X 12 (bottle + Crate),106,Drinks,Beverages,5068,Heineken,2,NIGERIAN BREWERIES PLC
25128,HWFL50KG,Honeywell Flour 50kg X,124,Flour,Commodities,5069,Honeywell,9,FLOUR MILLS OF NIGERIA PLC
53280,HYWHEAT95KG,Honeywell Wheat 9.5kg  X 1,153,Swallow,Commodities,5069,Honeywell,45,HONEYWELL FLOUR MILLS PLC
55073,HWWM2KGX5,Honeywell Whole Wheat Meal 2kg X 5,116,"Rice, Swallow, and Flour",Commodities,5069,Honeywell,45,HONEYWELL FLOUR MILLS PLC
52574,HWLWWH1KG,Honeywell Whole Wheat Meal 1kg X 10,153,Swallow,Commodities,5069,Honeywell,45,HONEYWELL FLOUR MILLS PLC
30731,HWSEMO900G,Honeywell Semolina 900g  X 10,153,Swallow,Commodities,5069,Honeywell,45,HONEYWELL FLOUR MILLS PLC
42855,HWSEMO4.75KG,Honeywell Semolina 4.75kg  X 1,153,Swallow,Commodities,5069,Honeywell,45,HONEYWELL FLOUR MILLS PLC
26160,HWSEMO9.5KG,Honeywell Semolina 9.5kg X,153,Swallow,Commodities,5069,Honeywell,45,HONEYWELL FLOUR MILLS PLC
26605,HWWHT4.75KG,Honeywell Wheat 4.75kg X,153,Swallow,Commodities,5069,Honeywell,45,HONEYWELL FLOUR MILLS PLC
25402,PRHWSEM1KG,Promo Hw Wheat 1kg X 10,115,Promo,Promo,5069,Honeywell,45,HONEYWELL FLOUR MILLS PLC
25466,HWWHT1.8KG,Honeywell Wheat 1.8kg X,153,Swallow,Commodities,5069,Honeywell,45,HONEYWELL FLOUR MILLS PLC
25462,HWSEMO0.9KG,Honeywell Semolina 0.9kg X 10,153,Swallow,Commodities,5069,Honeywell,45,HONEYWELL FLOUR MILLS PLC
25463,HWSEMO1.8KG,Honeywell Semolina 1.8kg X,153,Swallow,Commodities,5069,Honeywell,45,HONEYWELL FLOUR MILLS PLC
25464,HWWHT0.9KG,Honeywell Wheat 0.9kg X 10,153,Swallow,Commodities,5069,Honeywell,45,HONEYWELL FLOUR MILLS PLC
25100,HWSPAGMI190Gx12,Honeywell Spaghetti Mini 190g X 12,130,Pasta,Food,5069,Honeywell,45,HONEYWELL FLOUR MILLS PLC
25064,HWCAV500Gx10,Honeywell Macaroni Cavato 500g X 10,130,Pasta,Food,5069,Honeywell,45,HONEYWELL FLOUR MILLS PLC
25065,HWNOOD100Gx20,Honeywell Noodles 100g X 20,129,Noodles,Food,5069,Honeywell,45,HONEYWELL FLOUR MILLS PLC
25226,HONWMACTW500G,Honeywell Macaroni Twist 500g × 20,130,Pasta,Food,5069,Honeywell,45,HONEYWELL FLOUR MILLS PLC
24092,HWCAV500Gx4,Honeywell Macaroni Cavato 500g X,130,Pasta,Food,5069,Honeywell,45,HONEYWELL FLOUR MILLS PLC
24244,HWNOOD70Gx20,Honeywell Noodles 70g X 20,129,Noodles,Food,5069,Honeywell,45,HONEYWELL FLOUR MILLS PLC
22473,HWSEMO1KG,Honeywell Semolina 1kg X 10,153,Swallow,Commodities,5069,Honeywell,45,HONEYWELL FLOUR MILLS PLC
22474,HWSEMO2KG,Honeywell Semolina 2kg X,153,Swallow,Commodities,5069,Honeywell,45,HONEYWELL FLOUR MILLS PLC
22475,HWSEMO5KG,Honeywell Semolina 5kg X,153,Swallow,Commodities,5069,Honeywell,45,HONEYWELL FLOUR MILLS PLC
22476,HWSEMO10KG,Honeywell Semolina 10kg X,153,Swallow,Commodities,5069,Honeywell,45,HONEYWELL FLOUR MILLS PLC
22477,HWWHT1KG,Honeywell Wheat 1kg X 10,153,Swallow,Commodities,5069,Honeywell,45,HONEYWELL FLOUR MILLS PLC
22478,HWWHT2KG,Honeywell Wheat 2kg X,153,Swallow,Commodities,5069,Honeywell,45,HONEYWELL FLOUR MILLS PLC
22479,HWWHT5KG,Honeywell Wheat 5kg X,153,Swallow,Commodities,5069,Honeywell,45,HONEYWELL FLOUR MILLS PLC
22480,HWWHT10KG,Honeywell Wheat 9.5kg X,153,Swallow,Commodities,5069,Honeywell,45,HONEYWELL FLOUR MILLS PLC
22926,HWNOOD100G,Honeywell Noodles 100g X 40,129,Noodles,Food,5069,Honeywell,45,HONEYWELL FLOUR MILLS PLC
22927,HWNOOD120G,Honeywell Noodles 120g X 40,129,Noodles,Food,5069,Honeywell,45,HONEYWELL FLOUR MILLS PLC
22928,HWCAV500G,Honeywell Macaroni Cavato 500g X 20,130,Pasta,Food,5069,Honeywell,45,HONEYWELL FLOUR MILLS PLC
22929,HWSPAGMI190G,Honeywell Spaghetti Mini 190g X 24,130,Pasta,Food,5069,Honeywell,45,HONEYWELL FLOUR MILLS PLC
22655,HWNOOD70G,Honeywell Noodles 70g X 40,129,Noodles,Food,5069,Honeywell,45,HONEYWELL FLOUR MILLS PLC
22737,HONWSPAGSLIM500G,Honeywell Spaghetti Slim 500g X 20,130,Pasta,Food,5069,Honeywell,45,HONEYWELL FLOUR MILLS PLC
22738,HONWSPAG500G,Honeywell Spaghetti 500g X 20,130,Pasta,Food,5069,Honeywell,45,HONEYWELL FLOUR MILLS PLC
23724,HONWSPAGSLIM500Gx10,Honeywell Spaghetti Slim 500g X 10,130,Pasta,Food,5069,Honeywell,45,HONEYWELL FLOUR MILLS PLC
23725,HONWSPAG500Gx10,Honeywell Spaghetti 500g X 10,130,Pasta,Food,5069,Honeywell,45,HONEYWELL FLOUR MILLS PLC
23679,BUNDHWSEMO1KGSPAGMI190G,Honeywell Semolina 1kg X 10 + Honeywell Spag Mini 190g X 48,153,Swallow,Commodities,5069,Honeywell,45,HONEYWELL FLOUR MILLS PLC
23680,BUNDHWWHT1KGSPAGMI190G,Honeywell Wheat 1kg X 10 +honeywell Spag Mini 190g X 24,116,"Rice, Swallow, and Flour",Commodities,5069,Honeywell,45,HONEYWELL FLOUR MILLS PLC
53429,MALGUIN330MLX24P1,Malta Guinness 330ml Can 25x0,106,Drinks,Beverages,5071,Malta Guinness,32,GUINNESS NIGERIA PLC
53147,MALGUICLLOWSUBTL33CL,Malta Guinness Classic & Low Sugar Bottle 1x24,106,Drinks,Beverages,5071,Malta Guinness,32,GUINNESS NIGERIA PLC
53153,MALTAGUINBTL33CL,Malta Guinness Bottle 33cl 1x24,106,Drinks,Beverages,5071,Malta Guinness,32,GUINNESS NIGERIA PLC
53155,MALTGUINCAN33CL,Malta Guinness Can (pack Of 6) 1x24,106,Drinks,Beverages,5071,Malta Guinness,32,GUINNESS NIGERIA PLC
24215,MALGUICAN33CLx12,Malta Guinness Can 33cl X 12,106,Drinks,Beverages,5071,Malta Guinness,32,GUINNESS NIGERIA PLC
22838,MGPETB33CL,Malta Guinness Pet Bottle 33cl X 12,106,Drinks,Beverages,5071,Malta Guinness,32,GUINNESS NIGERIA PLC
22657,MALGUICAN33CL,Malta Guinness Can 33cl X 24,106,Drinks,Beverages,5071,Malta Guinness,32,GUINNESS NIGERIA PLC
24129,MALTICAN33CLx12,Maltina Can 33cl X 12,106,Drinks,Beverages,5072,Maltina,2,NIGERIAN BREWERIES PLC
24104,MALPT33CLx6,Maltina Pet Bottle 33cl X,106,Drinks,Beverages,5072,Maltina,2,NIGERIAN BREWERIES PLC
44307,MALTPINEPET33CL,Maltina Pineapple Pet 33cl X 12,106,Drinks,Beverages,5072,Maltina,2,NIGERIAN BREWERIES PLC
23364,MALVAN33CL,Maltina Vanilla Can 33cl x 24,106,Drinks,Beverages,5072,Maltina,2,NIGERIAN BREWERIES PLC
22973,MALPT33CL,Maltina Pet Bottle 33cl X12,106,Drinks,Beverages,5072,Maltina,2,NIGERIAN BREWERIES PLC
22670,MALTICAN33CL,Maltina Can 33cl X 24,106,Drinks,Beverages,5072,Maltina,2,NIGERIAN BREWERIES PLC
23350,MALPLECAN33CL,Maltina Pineapple can 33cl X 24,106,Drinks,Beverages,5072,Maltina,2,NIGERIAN BREWERIES PLC
46239,MILOSAC20GX10X1,Milo Sachet 20g X 10 X 1,104,Coffee & Tea,Food,5073,Milo,42,NESTLÉ NIGERIA PLC
45715,MILSAC20GX200X10,Milo Sachet 20g X 10 X 20 + 10 Extra Sachet,110,Hot Chocolate Drinks,Food,5073,Milo,42,NESTLÉ NIGERIA PLC
44935,MILO3IN1MCS30G14,Milo 3 In 1 Sachet 30g  X 11 X (13+1),110,Hot Chocolate Drinks,Food,5073,Milo,42,NESTLÉ NIGERIA PLC
44780,MILO3IN1MCS30G13,Milo 3 In 1 Sachet 30g X 10 X (13+1),110,Hot Chocolate Drinks,Food,5073,Milo,42,NESTLÉ NIGERIA PLC
44631,MILO3IN130G8,Milo 3 In 1 Sachet 30g  X 10 X 8,110,Hot Chocolate Drinks,Food,5073,Milo,42,NESTLÉ NIGERIA PLC
25771,MILORFL800GX3,Milo Refill 800g X,110,Hot Chocolate Drinks,Food,5073,Milo,42,NESTLÉ NIGERIA PLC
26164,MILORFL900GX3,Milo Refill 900g X,110,Hot Chocolate Drinks,Food,5073,Milo,42,NESTLÉ NIGERIA PLC
26144,MILORFL900GX6,Milo Refill 900g X,110,Hot Chocolate Drinks,Food,5073,Milo,42,NESTLÉ NIGERIA PLC
26145,MILRF450GX6,Milo Refill 450g X,110,Hot Chocolate Drinks,Food,5073,Milo,42,NESTLÉ NIGERIA PLC
33222,MILRF400G+40gX10,Milo Refill 400g + 40g X 10,110,Hot Chocolate Drinks,Food,5073,Milo,42,NESTLÉ NIGERIA PLC
31450,MILO3IN1MCS30G,Milo 3in1 Milky Creamy Sachet 30g X 80,104,Coffee & Tea,Food,5073,Milo,42,NESTLÉ NIGERIA PLC
32503,PROMOMILO3IN1,Milo 3 In 1 Sachet+ 5 Extra + 1 Hanger,104,Coffee & Tea,Food,5073,Milo,42,NESTLÉ NIGERIA PLC
32384,MILO3IN1HANGRERS,Milo 3in1 Hangers  X 1000,115,Promo,Promo,5073,Milo,42,NESTLÉ NIGERIA PLC
32440,PROMOMILO3IN1+5ES+1H,(promo)milo 3 In 1 Sachet+ 5 Extra Sachets+ 1hanger X,115,Promo,Promo,5073,Milo,42,NESTLÉ NIGERIA PLC
32444,PROMOMILSAC20GX200,(promo)milo Sachet 20g X 10 X 20 + 10 Extra Sachet X,115,Promo,Promo,5073,Milo,42,NESTLÉ NIGERIA PLC
32361,MILSAC20GX200+(10 EF,Milo Sachet 20g X 10 X 20 + 10 Extra Sachet,110,Hot Chocolate Drinks,Food,5073,Milo,42,NESTLÉ NIGERIA PLC
42455,MILORFL800G+80G,Milo Refill 800g + 80g X 6,110,Hot Chocolate Drinks,Food,5073,Milo,42,NESTLÉ NIGERIA PLC
42618,MILSAC20GX20020EF,Milo Sachet 20g X 10 X 20 + 20 Extra Sachet,110,Hot Chocolate Drinks,Food,5073,Milo,42,NESTLÉ NIGERIA PLC
42537,MILSAC20GX1ROLL,Milo Sachet 20g X 10 X1,110,Hot Chocolate Drinks,Food,5073,Milo,42,NESTLÉ NIGERIA PLC
33097,MILSAC20GX220,Milo Sachet 20g X 11 X 20,110,Hot Chocolate Drinks,Food,5073,Milo,42,NESTLÉ NIGERIA PLC
31894,MILORFL800G+100GPROM,Milo Refill 800g X 100g X,110,Hot Chocolate Drinks,Food,5073,Milo,42,NESTLÉ NIGERIA PLC
31898,MILRF400G+10free,Milo Refill 400g X 10+free Sachet Roll,110,Hot Chocolate Drinks,Food,5073,Milo,42,NESTLÉ NIGERIA PLC
30734,MILRF450R1KGPROMO,Milo Refill 450g X 10 + Amitouch Rice 1kg Free,110,Hot Chocolate Drinks,Food,5073,Milo,42,NESTLÉ NIGERIA PLC
30735,MILORFL800GPROMO,Milo Refill 800g X 6 + Amitouch Rice 1kg Free,110,Hot Chocolate Drinks,Food,5073,Milo,42,NESTLÉ NIGERIA PLC
31068,MILO3IN130G,Milo 3 In 1 Sachet 30g  X 10 X,110,Hot Chocolate Drinks,Food,5073,Milo,42,NESTLÉ NIGERIA PLC
30793,MILOTWLPROMO,Milo Towel Promo X 295,115,Promo,Promo,5073,Milo,42,NESTLÉ NIGERIA PLC
30569,MILRFL450GX10,Milo Refill 450g X 10,110,Hot Chocolate Drinks,Food,5073,Milo,42,NESTLÉ NIGERIA PLC
25709,MILOTIN400G,Milo Tin 400g X 12,110,Hot Chocolate Drinks,Food,5073,Milo,42,NESTLÉ NIGERIA PLC
24191,MILRDR180ML,Milo Ready To Drink 12 X 180ml,110,Hot Chocolate Drinks,Food,5073,Milo,42,NESTLÉ NIGERIA PLC
26712,MILSACH20GX100BB,Milo Sachet 20g X 100,110,Hot Chocolate Drinks,Food,5073,Milo,42,NESTLÉ NIGERIA PLC
26713,MILSACH20GX120BB,Milo Sachet 20g X 120,110,Hot Chocolate Drinks,Food,5073,Milo,42,NESTLÉ NIGERIA PLC
26667,MILRF450GX10,Milo Refill 400g  + 50g Promo  X 10,110,Hot Chocolate Drinks,Food,5073,Milo,42,NESTLÉ NIGERIA PLC
26543,MILSAC20GX210PROMO,Milo Sachet 20g X 10 X 20 + Extra Free Roll,110,Hot Chocolate Drinks,Food,5073,Milo,42,NESTLÉ NIGERIA PLC
22585,MILSACHRP20G,Milo Sachet Ramadan Pack 20g X 60,110,Hot Chocolate Drinks,Food,5073,Milo,42,NESTLÉ NIGERIA PLC
22587,MILRF400G,Milo Refill 400g X 12,110,Hot Chocolate Drinks,Food,5073,Milo,42,NESTLÉ NIGERIA PLC
22717,MILRF450G,Milo Refill 450g X 12,110,Hot Chocolate Drinks,Food,5073,Milo,42,NESTLÉ NIGERIA PLC
22020,MILRF1KG,Milo Refill 1kg X,110,Hot Chocolate Drinks,Food,5073,Milo,42,NESTLÉ NIGERIA PLC
22021,MILRF500G,Milo Refill 500g X 12,110,Hot Chocolate Drinks,Food,5073,Milo,42,NESTLÉ NIGERIA PLC
22022,MILSACH20G,Milo Sachet 20g X 10 X 24,110,Hot Chocolate Drinks,Food,5073,Milo,42,NESTLÉ NIGERIA PLC
22672,MILORFL900G,Milo Refill 900g X,110,Hot Chocolate Drinks,Food,5073,Milo,42,NESTLÉ NIGERIA PLC
23293,MILORFL900Gx12,Milo Refill 900g X 12,110,Hot Chocolate Drinks,Food,5073,Milo,42,NESTLÉ NIGERIA PLC
23291,MILRF450GPCK2,Milo Refill 450g X,110,Hot Chocolate Drinks,Food,5073,Milo,42,NESTLÉ NIGERIA PLC
23656,MILSACH20GX264,Milo Sachet 20g X 11 X 24,110,Hot Chocolate Drinks,Food,5073,Milo,42,NESTLÉ NIGERIA PLC
22288,MILOTIN500G,Milo Tin 500g X 12,110,Hot Chocolate Drinks,Food,5073,Milo,42,NESTLÉ NIGERIA PLC
23672,MILRF450GPROMO,Milo Refill 450g X 12 + 50g Free,110,Hot Chocolate Drinks,Food,5073,Milo,42,NESTLÉ NIGERIA PLC
24414,MILOTIN450G,Milo Tin 450g X 12,110,Hot Chocolate Drinks,Food,5073,Milo,42,NESTLÉ NIGERIA PLC
24387,MILOCH320G,Milo Crunchy 320g X 14,103,Cereal & Breakfast,Food,5073,Milo,42,NESTLÉ NIGERIA PLC
24252,MILSACH20Gx120,Milo Sachet 20g X 10 X 12,110,Hot Chocolate Drinks,Food,5073,Milo,42,NESTLÉ NIGERIA PLC
24287,MILRF200G,Milo Refill 200g X 24,110,Hot Chocolate Drinks,Food,5073,Milo,42,NESTLÉ NIGERIA PLC
24376,MILRF450GPROMOx6,Milo Refill 450g X 6 + 50g Free ,110,Hot Chocolate Drinks,Food,5073,Milo,42,NESTLÉ NIGERIA PLC
23975,MILOTIN1KG,Milo Tin 1kg X,110,Hot Chocolate Drinks,Food,5073,Milo,42,NESTLÉ NIGERIA PLC
24194,MILCUB2.75G,Choco Milo Cube 2.75g X 100 X 24,101,Biscuits & Sweets,Food,5073,Milo,42,NESTLÉ NIGERIA PLC
25574,MILSACH20Gx10,1 Roll Milo Sachet 20g X 10,102,Bundle & Rolls,Bundles,5073,Milo,42,NESTLÉ NIGERIA PLC
25457,MILSACH20GX200,Milo Sachet 20g X 10 X 20,110,Hot Chocolate Drinks,Food,5073,Milo,42,NESTLÉ NIGERIA PLC
25459,MILRF400GX10,Milo Refill 400g X 10,110,Hot Chocolate Drinks,Food,5073,Milo,42,NESTLÉ NIGERIA PLC
25460,MILORFL800G,Milo Refill 800g X,110,Hot Chocolate Drinks,Food,5073,Milo,42,NESTLÉ NIGERIA PLC
22740,MOLSDMX7-18kg,Molfix Small Diaper Max (7-18kg) 10 X,99,Baby Care,HC+PC,5074,Molfix,10,HAYAT KIMYA NIGERIA LTD
22696,MOLSDMI36KG,Molfix Small Diaper Mini (3 - 6 Kg) X 10 X 10,99,Baby Care,HC+PC,5074,Molfix,10,HAYAT KIMYA NIGERIA LTD
22697,MOLSDMD49KG,Molfix Small Diaper Midi (4 - 9 Kg) X 10 X,99,Baby Care,HC+PC,5074,Molfix,10,HAYAT KIMYA NIGERIA LTD
22698,MOLSDMX512KG,Molfix Small Diaper Max (5 - 12 Kg) 10 X,99,Baby Care,HC+PC,5074,Molfix,10,HAYAT KIMYA NIGERIA LTD
23690,MOLTDMI36KG,Molfix Twin Diaper Mini 3 -6kg X,99,Baby Care,HC+PC,5074,Molfix,10,HAYAT KIMYA NIGERIA LTD
23691,MOLTDMD49KG,Molfix Twin Diaper Midi 4 -9kg X,99,Baby Care,HC+PC,5074,Molfix,10,HAYAT KIMYA NIGERIA LTD
23692,MOLTDMX718KG,Molfix Twin Diaper Maxi 7 -18kg X,99,Baby Care,HC+PC,5074,Molfix,10,HAYAT KIMYA NIGERIA LTD
23693,MOLJDMI36KG,Molfix Jumbo Diaper Mini 3 -6kg X,99,Baby Care,HC+PC,5074,Molfix,10,HAYAT KIMYA NIGERIA LTD
23694,MOLJDMD49KG,Molfix Jumbo Diaper Midi 4 -9kg X,99,Baby Care,HC+PC,5074,Molfix,10,HAYAT KIMYA NIGERIA LTD
23695,MOLJDMX718KG,Molfix Jumbo Diaper Maxi 7- 18kg X,99,Baby Care,HC+PC,5074,Molfix,10,HAYAT KIMYA NIGERIA LTD
25497,MOLX236KG,Molfix X2 3-6kg X 10,99,Baby Care,HC+PC,5074,Molfix,10,HAYAT KIMYA NIGERIA LTD
25498,MOLX349KG,Molfix X3 4-9kg X 10,99,Baby Care,HC+PC,5074,Molfix,10,HAYAT KIMYA NIGERIA LTD
24311,MORFPA450G,Morning Fresh Scouring Powder 450g X 20,108,Home Care and Laundry,HC+PC,5075,Morning Fresh,53,PZ CUSSONS
23959,MFLQSOPZLM450ML,Morning Fresh Dishwash Liquid (zesty Lemon) 450ml X 18 ,108,Home Care and Laundry,HC+PC,5075,Morning Fresh,53,PZ CUSSONS
23960,MFLQSOPZLM200Ml,Morning Fresh Dishwash Liquild (zesty Lemon) 200ml X 24 ,108,Home Care and Laundry,HC+PC,5075,Morning Fresh,53,PZ CUSSONS
22694,MFLIQSOP450ML,Morning Fresh Dishwashing Liquid 450ml X 18,108,Home Care and Laundry,HC+PC,5075,Morning Fresh,53,PZ CUSSONS
22695,MFLIQSOP200ML,Morning Fresh Dishwashing Liquid 200ml X 24,108,Home Care and Laundry,HC+PC,5075,Morning Fresh,53,PZ CUSSONS
23910,MFLIQSOP1LTR,Morning Fresh Diswashing Liquild Original 1ltr X 12,108,Home Care and Laundry,HC+PC,5075,Morning Fresh,53,PZ CUSSONS
22673,MBOY400G,My Boy Eldorin Infancy Formula 400g X 12,99,Baby Care,HC+PC,5076,My Boy Eldorin,42,NESTLÉ NIGERIA PLC
25734,NITBARSP200G,Nittol Bar Soap 200g X 24,108,Home Care and Laundry,HC+PC,5077,Nittol,57,HENKEL INDUSTRIES LIMITED
26496,NITTOLAOPWD60G,Nittol Antiodour Detergent 60g  X 54,108,Home Care and Laundry,HC+PC,5077,Nittol,57,HENKEL INDUSTRIES LIMITED
37862,NITTOLANPWDET40G,Nittol Antibacterial Powder Detergent 40g X 72,108,Home Care and Laundry,HC+PC,5077,Nittol,57,HENKEL INDUSTRIES LIMITED
37863,NITTOLANPWDET120G,Nittol Antibacterial Powder Detergent 120g  X 28,108,Home Care and Laundry,HC+PC,5077,Nittol,57,HENKEL INDUSTRIES LIMITED
37864,NITTOLANPWDET160G,Nittol Antibacterial Powder Detergent 160g  X 26,108,Home Care and Laundry,HC+PC,5077,Nittol,57,HENKEL INDUSTRIES LIMITED
37865,NITTOLANPWDET800G,Nittol Antibacterial Powder Detergent 800g  X 7,108,Home Care and Laundry,HC+PC,5077,Nittol,57,HENKEL INDUSTRIES LIMITED
37866,NITTOLANODT160G,Nittol Antiodour Powder Detergent 160g   X 27,108,Home Care and Laundry,HC+PC,5077,Nittol,57,HENKEL INDUSTRIES LIMITED
37867,NITTOLANODT90G,Nittol Antiodour Detergent 90g  X 51,108,Home Care and Laundry,HC+PC,5077,Nittol,57,HENKEL INDUSTRIES LIMITED
37868,NITTOLANODT200G,Nittol Antiodour Detergent 200g  X 26,108,Home Care and Laundry,HC+PC,5077,Nittol,57,HENKEL INDUSTRIES LIMITED
37869,NITTOLANODT800G,Nittol Antiodour Detergent 800g  X 7,108,Home Care and Laundry,HC+PC,5077,Nittol,57,HENKEL INDUSTRIES LIMITED
45988,NITTOL230G,Nittol Detergent 230g X 24,108,Home Care and Laundry,HC+PC,5077,Nittol,57,HENKEL INDUSTRIES LIMITED
45944,NITTOLANPWDET120GX24,Nittol Antibacterial Powder Detergent 120g  X 24,108,Home Care and Laundry,HC+PC,5077,Nittol,57,HENKEL INDUSTRIES LIMITED
26251,NITOLABDT160G,Nittol Anti-bacterial Powder Detergent 160g  X 27,108,Home Care and Laundry,HC+PC,5077,Nittol,57,HENKEL INDUSTRIES LIMITED
25746,NITTOLDET160G,Nittol Antiodour Detergent 160g X 27,108,Home Care and Laundry,HC+PC,5077,Nittol,57,HENKEL INDUSTRIES LIMITED
23313,NITTOLDET23G,Nittol Detergent 23g X 156,108,Home Care and Laundry,HC+PC,5077,Nittol,57,HENKEL INDUSTRIES LIMITED
23314,NITTOLDET850G,Nittol Detergent 850g X,108,Home Care and Laundry,HC+PC,5077,Nittol,57,HENKEL INDUSTRIES LIMITED
23315,NITTOLLAU130G,Nittol Laundry Soap 130g X 50,108,Home Care and Laundry,HC+PC,5077,Nittol,57,HENKEL INDUSTRIES LIMITED
23867,NITTOLDET60G,Nittol Antibacterial Detergent 60g X 54,108,Home Care and Laundry,HC+PC,5077,Nittol,57,HENKEL INDUSTRIES LIMITED
22710,NITTOLDET80G,Nittol Detergent 80g X 48 + 3 Free (51),108,Home Care and Laundry,HC+PC,5077,Nittol,57,HENKEL INDUSTRIES LIMITED
22711,NITTOLDET180G,Nittol Detergent 180g X 24 + 2 Free (26),108,Home Care and Laundry,HC+PC,5077,Nittol,57,HENKEL INDUSTRIES LIMITED
22531,NITTOLDET90G,Nittol Detergent 90g X 48,108,Home Care and Laundry,HC+PC,5077,Nittol,57,HENKEL INDUSTRIES LIMITED
22532,NITTOLDET190G,Nittol Detergent 190g X 26,108,Home Care and Laundry,HC+PC,5077,Nittol,57,HENKEL INDUSTRIES LIMITED
22667,ORALBSTMITPT140G,Oral B Strong Mint Toothpaste 140g X 36,114,Personal Care & Beauty,HC+PC,5078,Oral B,8,PROCTER & GAMBLE
25247,ORALBSTMITPT130G,Oral B Strong Mint Toothpaste 130g X 36,114,Personal Care & Beauty,HC+PC,5078,Oral B,8,PROCTER & GAMBLE
22939,ORALBSTMITPT140GPKS6,Oral B Strong Mint Toothpaste 140g Pack Size X,114,Personal Care & Beauty,HC+PC,5078,Oral B,8,PROCTER & GAMBLE
45442,OBSFGT130GX36,Oral B Strong Fresh Gel Toothpaste 130g X 36,114,Personal Care & Beauty,HC+PC,5078,Oral B,8,PROCTER & GAMBLE
26276,ORALBSTMITPT130GPKS6,Oral B Strong Mint Toothpaste 130g Pack Size,114,Personal Care & Beauty,HC+PC,5078,Oral B,8,PROCTER & GAMBLE
25164,PFMSEMO10KGx1,Pure Semolina 10kg X,153,Swallow,Commodities,5079,Pure Semolina,127,Pure Flour Mills
22405,PFMSEMO5KG,Pure Semolina 5kg X,153,Swallow,Commodities,5079,Pure Semolina,127,Pure Flour Mills
23151,PFMSEMO10KG,Pure Flour Semolina 10kg,153,Swallow,Commodities,5079,Pure Semolina,127,Pure Flour Mills
46227,RBC250MLX12,Ribena Black Currant 250 Ml  X 12,106,Drinks,Beverages,5080,Ribena,50,SUNTORY
42480,RIBENBC250ML,Ribena Black Currant 250ml  X 12,106,Drinks,Beverages,5080,Ribena,50,SUNTORY
42481,RIBENBCPET450ML,Ribena Black Currant pet 450ml  X 12,106,Drinks,Beverages,5080,Ribena,50,SUNTORY
42482,RIBENBCC1LTR,Ribena Black Currant concentrate 1ltr  X 6,106,Drinks,Beverages,5080,Ribena,50,SUNTORY
22692,RIBENBC125ML,Ribena Black Currant 125ml X 16,106,Drinks,Beverages,5080,Ribena,50,SUNTORY
22976,ROSEPLTIS,Rose Plus Tissue 6 X,108,Home Care and Laundry,HC+PC,5081,Rose,60,BEL IMPEX LIMITED
22977,ROSEBELSEV,Rose Belle Servitte X 36,108,Home Care and Laundry,HC+PC,5081,Rose,60,BEL IMPEX LIMITED
22978,ROSCARLTIS,Rose Carla Tissue 6 X,108,Home Care and Laundry,HC+PC,5081,Rose,60,BEL IMPEX LIMITED
22402,RBTX48,Rose Belle Tissue X 48,108,Home Care and Laundry,HC+PC,5081,Rose,60,BEL IMPEX LIMITED
22403,RPTX48,Rose Plus Tissue X 48,108,Home Care and Laundry,HC+PC,5081,Rose,60,BEL IMPEX LIMITED
46329,RCARLATX48,Rose Carla Tissue X 48,108,Home Care and Laundry,HC+PC,5081,Rose,60,BEL IMPEX LIMITED
43439,ROPKITSX12,Rose Plus Kitchen Towel  X 12,108,Home Care and Laundry,HC+PC,5081,Rose,60,BEL IMPEX LIMITED
53804,RBFT150X24,Rose Belle Facial Tissue 150 Sheets X 24,108,Home Care and Laundry,HC+PC,5081,Rose,60,BEL IMPEX LIMITED
54784,BELKTX12,Belle Kitchen Towel  X 12,108,Home Care and Laundry,HC+PC,5081,Rose,60,BEL IMPEX LIMITED
24925,STATOPASTE210G,Star Tomato Paste 210g X 48,117,Seasoning cubes & Spices,Food,5082,Star,188,Star Tomato Paste Manufacturers
24926,STATOPASTE400G,Star Tomato Paste 400g X 24,117,Seasoning cubes & Spices,Food,5082,Star,188,Star Tomato Paste Manufacturers
24927,STATOPASTE2200G,Star Tomato Paste 800g X 12,117,Seasoning cubes & Spices,Food,5082,Star,188,Star Tomato Paste Manufacturers
22669,STARCAN33CL,Star Can 33cl X 24,106,Drinks,Beverages,5082,Star,2,NIGERIAN BREWERIES PLC
23017,STARADRF33CL,Star Radler Red Fruit 24 X 33cl Can,106,Drinks,Beverages,5082,Star,2,NIGERIAN BREWERIES PLC
23018,STARADCIT33CL,Star Radler Citrus  24 X 33cl Can,106,Drinks,Beverages,5082,Star,2,NIGERIAN BREWERIES PLC
44167,STAVEGOIL25LTR,Star Vegetable Oil 25ltr X 1,135,Oil,Food,5082,Star,715,Star Refined Oil
24042,TITUS125G,Titus Sardine 125g X 50,105,Condiments,Food,5083,Titus Sardine,121,ISRAEL ICE RESOURCES
45197,TITUS125G5,Titus Sardine 125g X 5,105,Condiments,Food,5083,Titus Sardine,121,ISRAEL ICE RESOURCES
44798,TITUS125X10,Titus Sardine 125g X 10,105,Condiments,Food,5083,Titus Sardine,121,ISRAEL ICE RESOURCES
42662,MKS3GPSUG1,3 Maikwobo Spaghetti And 1 Gp Sugar 500 Grams X 1,130,Pasta,Food,5085,Mai Kwabo,9,FLOUR MILLS OF NIGERIA PLC
22487,MKSLIMSPAG500G,Mai Kwabo Spaghetti (slim) 500g X 20,130,Pasta,Food,5085,Mai Kwabo,9,FLOUR MILLS OF NIGERIA PLC
25262,MAIPM500G,Maikwabo Pasta Macaroni 500g X 20,130,Pasta,Food,5085,Mai Kwabo,9,FLOUR MILLS OF NIGERIA PLC
22533,DELFIN200G,Delfin 200g X 36,108,Home Care and Laundry,HC+PC,5087,Delfin,31,SASO INDUSTRIES LIMITED
45954,DUDCLAFR150GPKT48,Dudu Osun Black Soap Classic Fragrance 150g X 48,114,Personal Care & Beauty,HC+PC,5089,Dudu Osun,33,TROPICAL NATURALS LIMITED
45956,DUDFRESFR150GPKT48,Dudu Osun Black Soap Fragrance Free 150g X 48,114,Personal Care & Beauty,HC+PC,5089,Dudu Osun,33,TROPICAL NATURALS LIMITED
23354,DUDCLAFR150GPKT8,Dudu Osun Black Soap Classic Fragrance 150g X,114,Personal Care & Beauty,HC+PC,5089,Dudu Osun,33,TROPICAL NATURALS LIMITED
23299,DUDFRESFR150GPKT8,Dudu Osun Black Soap Fresh Fragrance 150g X,114,Personal Care & Beauty,HC+PC,5089,Dudu Osun,33,TROPICAL NATURALS LIMITED
23300,DUDFRAFR150GPKT8,Dudu Osun Black Soap Fragrance Free 150g x,114,Personal Care & Beauty,HC+PC,5089,Dudu Osun,33,TROPICAL NATURALS LIMITED
23021,DUDOSBLKS150GPK8,Dudu Osun Black Soap 150g Pack Size X,114,Personal Care & Beauty,HC+PC,5089,Dudu Osun,33,TROPICAL NATURALS LIMITED
22679,DUDOSBLKS150G,Dudu Osun Black Soap 150g X 48,114,Personal Care & Beauty,HC+PC,5089,Dudu Osun,33,TROPICAL NATURALS LIMITED
44427,ARIEORIDT18KG,Ariel Original Detergent 1.8kg X 4,108,Home Care and Laundry,HC+PC,5090,Ariel,8,PROCTER & GAMBLE
25245,ARIORIDTG400G,Ariel Original Laundry Detergent Powder 400g X 12,108,Home Care and Laundry,HC+PC,5090,Ariel,8,PROCTER & GAMBLE
25246,ARIANKDTG800G,Ariel Ankara Detergent 800g X,108,Home Care and Laundry,HC+PC,5090,Ariel,8,PROCTER & GAMBLE
22660,ARIANKDTG150G,Ariel Ankara Detergent 150g X 24,108,Home Care and Laundry,HC+PC,5090,Ariel,8,PROCTER & GAMBLE
22661,ARIORIDTG55G,Ariel Original Detergent 55g X 72,108,Home Care and Laundry,HC+PC,5090,Ariel,8,PROCTER & GAMBLE
22662,ARIORIDTG75G,Ariel Original Detergent 75g X 48,108,Home Care and Laundry,HC+PC,5090,Ariel,8,PROCTER & GAMBLE
25802,ARIANKCLRDTG60G,Ariel Ankara &colour Detergent 60g X 72,108,Home Care and Laundry,HC+PC,5090,Ariel,86,P&G
25606,YBRSCK,Yale Bakers Rich Shortcake,101,Biscuits & Sweets,Food,5092,Yale,68,YALE FOODS LTD.
30548,YABRX20,Yale Bread  X 20,118,Snacks and Chin Chin,Food,5092,Yale,68,YALE FOODS LTD.
24216,OHCRUBIS50G,Ohh Crunchy Delight Biscuit 50g X 48,101,Biscuits & Sweets,Food,5092,Yale,126,SUMAL FOOD
24217,SHABIS60G,Shapes Biscuit 60g X 48,101,Biscuits & Sweets,Food,5092,Yale,126,SUMAL FOOD
24218,SPECOO10G,Speedy Cookies 10g X 72,101,Biscuits & Sweets,Food,5092,Yale,126,SUMAL FOOD
24219,SPIFISCA50G,Spicy Fish Cake Biscuit 50g X 48,101,Biscuits & Sweets,Food,5092,Yale,126,SUMAL FOOD
24220,DIGPLU50G,Digestive Plus 50g X 48,101,Biscuits & Sweets,Food,5092,Yale,126,SUMAL FOOD
24970,YCALB40,Yale Cabin Luky Biscuit 40,101,Biscuits & Sweets,Food,5092,Yale,126,SUMAL FOOD
24971,YLCASB12,Yale Large Cabin Sweetened Biscuit X 12,101,Biscuits & Sweets,Food,5092,Yale,126,SUMAL FOOD
24972,YSFFLACAM50G12,Yale Spicey - Fish - Flavoured Cake Meal 50g X 48,101,Biscuits & Sweets,Food,5092,Yale,126,SUMAL FOOD
24973,YLAUPB48,Yale Lunch Pack Biscuit 48,101,Biscuits & Sweets,Food,5092,Yale,126,SUMAL FOOD
24974,YSPMC72,Speedy Mini Cookies X 72,101,Biscuits & Sweets,Food,5092,Yale,126,SUMAL FOOD
24975,YLIC72,Yale Lite Crackers 72,101,Biscuits & Sweets,Food,5092,Yale,126,SUMAL FOOD
24976,YWCUCHO36,Yale Wafer Cubes Chocolate X 36,101,Biscuits & Sweets,Food,5092,Yale,126,SUMAL FOOD
24977,YDIGP48,Yale Digestive Plus X 48,101,Biscuits & Sweets,Food,5092,Yale,126,SUMAL FOOD
24978,YDIVGBIS24,Yale Digestive Gold Biscuit 24,101,Biscuits & Sweets,Food,5092,Yale,126,SUMAL FOOD
24979,YRSHOBREA120,Yale Rich Short Bread 120,101,Biscuits & Sweets,Food,5092,Yale,126,SUMAL FOOD
24980,YWCUBISCU72,Yale World Cup Biscuit X 72,101,Biscuits & Sweets,Food,5092,Yale,126,SUMAL FOOD
24981,YOBCRD48,Yale Ohh Biscuit Crunchy Delight X 48,101,Biscuits & Sweets,Food,5092,Yale,126,SUMAL FOOD
24982,YKSHO72,Yale Kent Shortcake Biscuit X 72,101,Biscuits & Sweets,Food,5092,Yale,126,SUMAL FOOD
24983,YAMOBISC48,Yale Amore Biscuit 48,101,Biscuits & Sweets,Food,5092,Yale,126,SUMAL FOOD
25369,YCALBIS48,Yale Cabin Lucky Biscuit 48,101,Biscuits & Sweets,Food,5092,Yale,126,SUMAL FOOD
25310,FIRADI48,Fibre Active Digestive  X 48 Packets,101,Biscuits & Sweets,Food,5092,Yale,126,SUMAL FOOD
25311,FANTASIA72,Fantasia X 72 Packets,101,Biscuits & Sweets,Food,5092,Yale,126,SUMAL FOOD
25312,YMGC72,Yale Mini Digestive Cookies 72packets,101,Biscuits & Sweets,Food,5092,Yale,126,SUMAL FOOD
25313,YBBAKE72,Yale Butter Bake 72packets,101,Biscuits & Sweets,Food,5092,Yale,126,SUMAL FOOD
25314,WACSTRW36,Wafer Cubes Strawberry 36packets,101,Biscuits & Sweets,Food,5092,Yale,126,SUMAL FOOD
25315,ROBBGUM340G,Robot Banana Bubble Gum 340g X 10,101,Biscuits & Sweets,Food,5092,Yale,126,SUMAL FOOD
25316,ROBGUM340G,Robot Bubble Gum 340g X 10,101,Biscuits & Sweets,Food,5092,Yale,126,SUMAL FOOD
25317,WACHO96,Wafer Chocolate (creamy&crisp) 96packets,101,Biscuits & Sweets,Food,5092,Yale,126,SUMAL FOOD
25318,HFBGUM16,Hulk Fruit Bubble Gum X 16 Packets,101,Biscuits & Sweets,Food,5092,Yale,126,SUMAL FOOD
25393,YOFRBRD180G,Yale Oven Fresh Bread 180g X 10,118,Snacks and Chin Chin,Food,5092,Yale,126,SUMAL FOOD
23027,YOFRBRD195G,Yale Oven Fresh Bread 195g X10,118,Snacks and Chin Chin,Food,5092,Yale,126,SUMAL FOOD
25732,YWCHF,Yale's Wafer Chocolate Flavour,101,Biscuits & Sweets,Food,5092,Yale,126,SUMAL FOOD
26195,YWCUBISCU120G,Yale World Cup Biscuit X 120g X,101,Biscuits & Sweets,Food,5092,Yale,126,SUMAL FOOD
26196,YLCSWBISCU12G,Yale Large Cabin Sweetened Biscuit X 12 X,101,Biscuits & Sweets,Food,5092,Yale,126,SUMAL FOOD
26197,FANTASIA96,Fantasia 96 Packets X,101,Biscuits & Sweets,Food,5092,Yale,126,SUMAL FOOD
26198,FANTASIA180,Fantasia 120 Packets X,101,Biscuits & Sweets,Food,5092,Yale,126,SUMAL FOOD
26274,YBRSCK15G,Yale Baker's Rich Shortcake 15g X 120,101,Biscuits & Sweets,Food,5092,Yale,126,SUMAL FOOD
24017,ROYSALT50KG,Royal Salt 50kg X,131,Salt,Commodities,5093,Royal Salt,55,ROYAL SALT
25130,BBRICE50KG,Big Bull Rice 50kg X1,152,Rice,Commodity,5094,BIG BULL,21,CHI LIMITED
25131,BBRICE25KG,Big Bull Rice 25kg X,152,Rice,Commodity,5094,BIG BULL,21,CHI LIMITED
25132,BBRICE2.25KG,Big Bull Rice 2.25kg X1,152,Rice,Commodity,5094,BIG BULL,21,CHI LIMITED
25133,BBRICE750KG,Big Bull Rice 750g X,152,Rice,Commodity,5094,BIG BULL,21,CHI LIMITED
44884,BBRICE750KGX12,Big Bull Rice 2.25kg X 12,152,Rice,Commodity,5094,BIG BULL,21,CHI LIMITED
44886,BBRICE225KG,Big Bull Rice 2.25kg X 4,152,Rice,Commodity,5094,BIG BULL,21,CHI LIMITED
44888,BBRICE750KGX12,Big Bull Rice 750g X 12,152,Rice,Commodity,5094,BIG BULL,21,CHI LIMITED
23056,BBRICE5KG,Big Bull Rice 5kg X,152,Rice,Commodity,5094,BIG BULL,13,WEST AFRICAN COTTON COMPANY (WACOT)
23057,BBRICE10KG,Big Bull Rice 10kg X,152,Rice,Commodity,5094,BIG BULL,13,WEST AFRICAN COTTON COMPANY (WACOT)
23025,SWMOJCAN33CL,Schweppes Mojito Can 33cl X 24,106,Drinks,Beverages,5095,Schweppes,25,NIGERIAN BOTTLING COMPANY
44909,SCHCHAM40CL,Schweppes Champman 40cl  X 12,106,Drinks,Beverages,5095,Schweppes,25,NIGERIAN BOTTLING COMPANY
23311,SWCHAPCAN33CL,Schweppes Chapman  Can 33cl X 24,106,Drinks,Beverages,5095,Schweppes,25,NIGERIAN BOTTLING COMPANY
46343,SCHWSW33CLX24,Schweppes Soda Water 33cl X 24,106,Drinks,Beverages,5095,Schweppes,25,NIGERIAN BOTTLING COMPANY
53373,SCHWBL33CLX24,Schweppes Bitter Lemon Can 33cl X 24,106,Drinks,Beverages,5095,Schweppes,25,NIGERIAN BOTTLING COMPANY
53798,SSWP50CLX12,Schweppes Soda Water Pet 50cl X 12,106,Drinks,Beverages,5095,Schweppes,25,NIGERIAN BOTTLING COMPANY
53822,SSW50CLX12,Schweppes Soda Water 50cl X 12,106,Drinks,Beverages,5095,Schweppes,25,NIGERIAN BOTTLING COMPANY
25843,TTDT65G,Derica Tomato 65g X 50,117,Seasoning cubes & Spices,Food,5096,Da rica,218,CARAWAY AFRICA NIG LTD
25162,DTPTSAC70G,Derica Tomato Sachet Paste 70g X 50,105,Condiments,Food,5096,Da rica,218,CARAWAY AFRICA NIG LTD
45868,DRTPS400GX24,De Rica Tomato Paste Sachet 400g  X 24,117,Seasoning cubes & Spices,Food,5096,Da rica,218,CARAWAY AFRICA NIG LTD
44713,TTDT55G,Derica Tomato 55g X 50,117,Seasoning cubes & Spices,Food,5096,Da rica,218,CARAWAY AFRICA NIG LTD
44715,DERICTP55G,Derica Tomato Sachet Paste 55g X 50,105,Condiments,Food,5096,Da rica,218,CARAWAY AFRICA NIG LTD
44571,DRICATOMP850G,De Rica Tomato Paste Tin 850g X 12,117,Seasoning cubes & Spices,Food,5096,Da rica,218,CARAWAY AFRICA NIG LTD
44559,DRICATOMP22000G,De Rica Tomato Paste Tin 2.2kg X 6,105,Condiments,Food,5096,Da rica,218,CARAWAY AFRICA NIG LTD
44561,DRICATOMP800G,De Rica Tomato Paste Tin 800g X 12,117,Seasoning cubes & Spices,Food,5096,Da rica,218,CARAWAY AFRICA NIG LTD
44563,DRICATOMP400G,De Rica Tomato Paste Tin 400g X 24,105,Condiments,Food,5096,Da rica,218,CARAWAY AFRICA NIG LTD
44565,DRICATOMP210G,De Rica Tomato Paste Tin 210g X 48,105,Condiments,Food,5096,Da rica,218,CARAWAY AFRICA NIG LTD
25545,CHCSFJ100ML,Capri-sun Fruit Juice 100ml X 40,106,Drinks,Beverages,5097,Capri-Sun,21,CHI LIMITED
25546,CHCSFJ200ML,Capri-sun Fruit Juice 200ml X 40,106,Drinks,Beverages,5097,Capri-Sun,21,CHI LIMITED
25547,CHCSFJ200MLx16,Capri-sun Fruit Juice 200ml X 16,106,Drinks,Beverages,5097,Capri-Sun,21,CHI LIMITED
23086,CHCSO100ML,Capri-sun Orange 100ml X 40pcs,106,Drinks,Beverages,5097,Capri-Sun,21,CHI LIMITED
23982,CHCSA200MLx40,Capri-sun Apple 200ml X 40,106,Drinks,Beverages,5097,Capri-Sun,21,CHI LIMITED
23983,CHCSO200MLx40,Capri-sun Orange 200ml X 40,106,Drinks,Beverages,5097,Capri-Sun,21,CHI LIMITED
23090,CHCSA100ML,Capri-sun Apple 100ml X 40pcs,106,Drinks,Beverages,5097,Capri-Sun,21,CHI LIMITED
23092,CHCSA200ML,Capri-sun Apple 200ml X 16pcs,106,Drinks,Beverages,5097,Capri-Sun,21,CHI LIMITED
23093,CHCSO200ML,Capri-sun Orange 200ml X 16pcs,106,Drinks,Beverages,5097,Capri-Sun,21,CHI LIMITED
26682,CHCSFJ200MLX20BB,Capri-sun Fruit Juice 200ml X 20,106,Drinks,Beverages,5097,Capri-Sun,21,CHI LIMITED
30817,CHCSO200MLX8,Capri-sun Orange 200ml X,106,Drinks,Beverages,5097,Capri-Sun,21,CHI LIMITED
30803,LUCOBOS125MLX8,Lucozade Boost 125ml X 16 X,106,Drinks,Beverages,5099,LUCOZADE,50,SUNTORY
22691,LUCOBOS125ML,Lucozade Boost 125ml X 16,106,Drinks,Beverages,5099,LUCOZADE,50,SUNTORY
46231,LBRD250MLX12,Lucozade Boost Regular Drink 250 ml X 12,106,Drinks,Beverages,5099,LUCOZADE,50,SUNTORY
42476,LUCOBOSREG250ML,Lucozade Boost Regular Drink 250ml  X 12,106,Drinks,Beverages,5099,LUCOZADE,50,SUNTORY
42477,LUCOBOSREGPET450ML,Lucozade Boost Regular Drink Pet 450ml X 12,106,Drinks,Beverages,5099,LUCOZADE,50,SUNTORY
42478,LUCOBOSSPKPET450ML,Lucozade Boost Sparkling Drink Pet 450ml  X 12,106,Drinks,Beverages,5099,LUCOZADE,50,SUNTORY
42479,LUCOBOSSPK1LTR,Lucozade Boost Sparkling Drink Pet 1ltr  X 6,106,Drinks,Beverages,5099,LUCOZADE,50,SUNTORY
23040,RSSPRAY500ML,Renew Spray Starch 500ml X 12,108,Home Care and Laundry,HC+PC,5100,Renew,59,COMART
23041,RSSACH17GM,Renew Starch Sachet 17gm 30 X 10,108,Home Care and Laundry,HC+PC,5100,Renew,59,COMART
25079,EXCBIS75G,Exotic Cream Biscuit 75g X 72,101,Biscuits & Sweets,Food,5102,Exotic,56,NASCO GROUP
23142,SCPEANTSK40GM,Snappy Crispy Peanuts Snack 40gm X 12,118,Snacks and Chin Chin,Food,5103,Snappy,176,SNAPPY
44972,CWAYWAT75CLX12,Cway Table Water 75cl X 12,106,Drinks,Beverages,5104,Cway,28,CWAY FOOD AND BEVERAGES NIGERIA COMPANY LIMITED
45376,WELLCSNACK30G,Wellcome Snacks 30g X 4,101,Biscuits & Sweets,Food,5104,Cway,28,CWAY FOOD AND BEVERAGES NIGERIA COMPANY LIMITED
23726,CWAYNMB400ML,Cway Nutri-milk Banana 400ml X 12,106,Drinks,Beverages,5104,Cway,28,CWAY FOOD AND BEVERAGES NIGERIA COMPANY LIMITED
23727,CWAYNMM400ML,Cway Nutri-milk Mango 400ml X 12,106,Drinks,Beverages,5104,Cway,28,CWAY FOOD AND BEVERAGES NIGERIA COMPANY LIMITED
23728,CWAYNYOST125ML,Cway Nutri-yo Strawberry 125ml X 24,111,Milk & Dairy,Food,5104,Cway,28,CWAY FOOD AND BEVERAGES NIGERIA COMPANY LIMITED
23729,CWAYNYOYOG125ML,Cway Nutri-yo Yoghurt 125ml X 24,111,Milk & Dairy,Food,5104,Cway,28,CWAY FOOD AND BEVERAGES NIGERIA COMPANY LIMITED
23804,Deleted CWAY NUTRI-MILK PINEAPPLE 500ml x 12,Cway Nutri-milk Pineapple 500ml X 12,106,Drinks,Beverages,5104,Cway,28,CWAY FOOD AND BEVERAGES NIGERIA COMPANY LIMITED
23805,CWAYNYY400ML,Cway Nutri-yo Yoghurt 400ml X 12,111,Milk & Dairy,Food,5104,Cway,28,CWAY FOOD AND BEVERAGES NIGERIA COMPANY LIMITED
23871,CWAYSKPPIN210ML,Cway Super Kids Pineapple 210ml X 24,106,Drinks,Beverages,5104,Cway,28,CWAY FOOD AND BEVERAGES NIGERIA COMPANY LIMITED
23384,CWAYNMPE500ML,Cway Nutri Milk Pear 500ml X 12,106,Drinks,Beverages,5104,Cway,28,CWAY FOOD AND BEVERAGES NIGERIA COMPANY LIMITED
23113,CWAYNMP500ML,Cway Nutri Milk Peach 500ml X  12,106,Drinks,Beverages,5104,Cway,28,CWAY FOOD AND BEVERAGES NIGERIA COMPANY LIMITED
23114,CWAYNMA500ML,Cway Nutri Milk Apple 500ml X 12,106,Drinks,Beverages,5104,Cway,28,CWAY FOOD AND BEVERAGES NIGERIA COMPANY LIMITED
23115,CWAYNMO500ML,Cway Nutri Milk Orange 500ml X 12,106,Drinks,Beverages,5104,Cway,28,CWAY FOOD AND BEVERAGES NIGERIA COMPANY LIMITED
23116,CWAYSKA210ML,Cway Super Kids Apple 210ml X 24,106,Drinks,Beverages,5104,Cway,28,CWAY FOOD AND BEVERAGES NIGERIA COMPANY LIMITED
23117,CWAYSKO210ML,Cway Super Kids Orange 210ml X 24,106,Drinks,Beverages,5104,Cway,28,CWAY FOOD AND BEVERAGES NIGERIA COMPANY LIMITED
23118,CWAYSKP210ML,Cway Super Kids Peach 210ml X 24,106,Drinks,Beverages,5104,Cway,28,CWAY FOOD AND BEVERAGES NIGERIA COMPANY LIMITED
23119,CWAYFDP500ML,Cway Fruits Drink Peach 500ml X 12,106,Drinks,Beverages,5104,Cway,28,CWAY FOOD AND BEVERAGES NIGERIA COMPANY LIMITED
23120,CWAYNYS500ML,Cway Nutri Yo Strawberry 500ml X 12,111,Milk & Dairy,Food,5104,Cway,28,CWAY FOOD AND BEVERAGES NIGERIA COMPANY LIMITED
23121,CWAYNYY500ML,Cway Nutri Yo Yogurt 500ml X 12,111,Milk & Dairy,Food,5104,Cway,28,CWAY FOOD AND BEVERAGES NIGERIA COMPANY LIMITED
23122,CWAYMS400ML,Cway Meca Sport 400ml X 12,106,Drinks,Beverages,5104,Cway,28,CWAY FOOD AND BEVERAGES NIGERIA COMPANY LIMITED
23123,CWAYMED400ML,Cway Meca Energy Drink 400ml X 12,106,Drinks,Beverages,5104,Cway,28,CWAY FOOD AND BEVERAGES NIGERIA COMPANY LIMITED
23124,CWAYMPE600ML,Cway Meca Plus Energy 600ml X 12,106,Drinks,Beverages,5104,Cway,28,CWAY FOOD AND BEVERAGES NIGERIA COMPANY LIMITED
23125,CWAYSM400ML,Cway Soya Milk 400ml X 12,106,Drinks,Beverages,5104,Cway,28,CWAY FOOD AND BEVERAGES NIGERIA COMPANY LIMITED
23126,CWAYNC400ML,Cway Nutri Choco 400ml X 12,106,Drinks,Beverages,5104,Cway,28,CWAY FOOD AND BEVERAGES NIGERIA COMPANY LIMITED
24422,CWAYSKPEAR210ML,Cway Super Kids Pear 210ml X 24,106,Drinks,Beverages,5104,Cway,28,CWAY FOOD AND BEVERAGES NIGERIA COMPANY LIMITED
24984,CWAYFDP500MLx6,Cway Fruits Drink Peach 500ml X,106,Drinks,Beverages,5104,Cway,28,CWAY FOOD AND BEVERAGES NIGERIA COMPANY LIMITED
24985,CWAYNC400MLx6,Cway Nutri Choco 400ml X,106,Drinks,Beverages,5104,Cway,28,CWAY FOOD AND BEVERAGES NIGERIA COMPANY LIMITED
24231,CWAYNMA500MLx12,Cway Nutri Milk Apple 500ml X,106,Drinks,Beverages,5104,Cway,28,CWAY FOOD AND BEVERAGES NIGERIA COMPANY LIMITED
24232,CWAYNMPE500MLx6,Cway Nutri Milk Pear 500ml X,106,Drinks,Beverages,5104,Cway,28,CWAY FOOD AND BEVERAGES NIGERIA COMPANY LIMITED
24233,CWAYNYY500MLx6,Cway Nutri Yo Yogurt 500ml X,111,Milk & Dairy,Food,5104,Cway,28,CWAY FOOD AND BEVERAGES NIGERIA COMPANY LIMITED
24234,CWAYSKO210MLx12,Cway Super Kids Orange 210ml X 12,106,Drinks,Beverages,5104,Cway,28,CWAY FOOD AND BEVERAGES NIGERIA COMPANY LIMITED
24235,DANG250Gx20,Dangote Sugar 250g X 20,132,Sugar,Commodities,5104,Cway,28,CWAY FOOD AND BEVERAGES NIGERIA COMPANY LIMITED
24212,CWAYNMP500MLx6,Cway Nutri Milk Peach 500ml X,106,Drinks,Beverages,5104,Cway,28,CWAY FOOD AND BEVERAGES NIGERIA COMPANY LIMITED
24108,CWAYNUMP500MLx6,Cway Nutri-milk Pineapple 500ml X,106,Drinks,Beverages,5104,Cway,28,CWAY FOOD AND BEVERAGES NIGERIA COMPANY LIMITED
25409,PROMCWAYMPE600ML,Promo Cway Meca Plus Energy 600ml X 12,106,Drinks,Beverages,5104,Cway,28,CWAY FOOD AND BEVERAGES NIGERIA COMPANY LIMITED
25411,PROMCWAYFDP500MLx6,Promo Cway Fruits Drink Peach 500ml X,106,Drinks,Beverages,5104,Cway,28,CWAY FOOD AND BEVERAGES NIGERIA COMPANY LIMITED
26691,CWAYNMO500MLX6BB,Cway Nutri Milk Orange 500ml X,106,Drinks,Beverages,5104,Cway,28,CWAY FOOD AND BEVERAGES NIGERIA COMPANY LIMITED
26692,CWAYSKA210MLX12BB,Cway Super Kids Apple 210ml X 12,106,Drinks,Beverages,5104,Cway,28,CWAY FOOD AND BEVERAGES NIGERIA COMPANY LIMITED
26693,CWAYSKPPIN210MLX12BB,Cway Super Kids Pineapple 210ml X 12,106,Drinks,Beverages,5104,Cway,28,CWAY FOOD AND BEVERAGES NIGERIA COMPANY LIMITED
26008,CWAYNUMP500ML,Cway Nutri-milk Pineapple 500ml X 12,106,Drinks,Beverages,5104,Cway,28,CWAY FOOD AND BEVERAGES NIGERIA COMPANY LIMITED
23462,MAOR225ML,Magik Orange 225ml X 24,106,Drinks,Beverages,5105,MAGIK,180,TNBL
23677,MABLKC1LTR,Magik Blackcurrant Tetra Pack 1ltr X 10,106,Drinks,Beverages,5105,MAGIK,180,TNBL
23841,MCHRICE50KG,Mama's Choice Premium Quality Parboiled Rice 50kg X,152,Rice,Commodity,5107,MAMA'S CHOICE,35,OLAM INTERNATIONAL
23109,MCHRICE10KG,Mama's Choice Premium Quality Parboiled Rice 10kg X,152,Rice,Commodity,5107,MAMA'S CHOICE,35,OLAM INTERNATIONAL
23110,MCHRICE5KG,Mama's Choice Premium Quality Parboiled Rice 5kg X,152,Rice,Commodity,5107,MAMA'S CHOICE,35,OLAM INTERNATIONAL
30528,MCHRICE25KG,Mama's Choice Premium Quality Parboiled Rice 25kg  X,152,Rice,Commodity,5107,MAMA'S CHOICE,35,OLAM INTERNATIONAL
53315,SMIROFFCHOCO305ML,Smirnoff Chocolate 305ml X 24,106,Drinks,Beverages,5108,Smirnoff,32,GUINNESS NIGERIA PLC
53111,SMINICEBTL30CL,Smirnoff Ice Bottle 30cl 1x24,106,Drinks,Beverages,5108,Smirnoff,32,GUINNESS NIGERIA PLC
54903,SMIRIDBG440MLX24,Can Smiridb&guarana 440ml 24 X 01,106,Drinks,Beverages,5108,Smirnoff,32,GUINNESS NIGERIA PLC
23134,SMIRCAN33CL,Smirnoff Ice Can 33cl X 24,106,Drinks,Beverages,5108,Smirnoff,32,GUINNESS NIGERIA PLC
31548,SMIX1CHOCO75CLX1,Smirnoff X1 Intense Chocolate Vodka 75cl X,106,Drinks,Beverages,5108,Smirnoff,32,GUINNESS NIGERIA PLC
30491,SMIRRED75CL,Smirnoff Red Vodka 75cl  X 12 (nigerian),106,Drinks,Beverages,5108,Smirnoff,32,GUINNESS NIGERIA PLC
24127,SMIRCAN33CLx12,Smirnoff Ice Can 33cl X 12 ,106,Drinks,Beverages,5108,Smirnoff,32,GUINNESS NIGERIA PLC
23711,SMIX1CHOCO75CL,Smirnoff X1 Intense Chocolate Vodka 75cl X 12,106,Drinks,Beverages,5108,Smirnoff,32,GUINNESS NIGERIA PLC
25038,SMIRDBCAN33CL,Smirnoff Ice Double Black Can 33cl X 12,106,Drinks,Beverages,5108,Smirnoff,32,GUINNESS NIGERIA PLC
53138,SMIICPINPUNCH300ML,Smirnoff Ice Pineapple Punch bottle 300ml 1x24,106,Drinks,Beverages,5108,Smirnoff,32,GUINNESS NIGERIA PLC
53141,SMINICPUNCAN330ML,Smirnoff Ice Pineapple Punch Can 330ml 1x24,106,Drinks,Beverages,5108,Smirnoff,32,GUINNESS NIGERIA PLC
53116,SMINDBLKGUR30CL,Smirnoff Ice Double Black With Guarana Rgb Bottle 30cl X 24,106,Drinks,Beverages,5108,Smirnoff,32,GUINNESS NIGERIA PLC
53119,SMINDBLKGUR33CL,Smirnoff Ice Double Black With Guarana Can 33cl X 24,106,Drinks,Beverages,5108,Smirnoff,32,GUINNESS NIGERIA PLC
53122,SMINDBCAN6X33CL,Smirnoff Ice Double Black (pack Of 6)33cl X 24,106,Drinks,Beverages,5108,Smirnoff,32,GUINNESS NIGERIA PLC
53124,SMINICPINE33CL,Smirnoff Ice White Ice Can 6 X 33cl   X 24,106,Drinks,Beverages,5108,Smirnoff,32,GUINNESS NIGERIA PLC
53126,SMINWHITICE6BY2433CL,Smirnoff White Ice 6 X 33cl   X 24,106,Drinks,Beverages,5108,Smirnoff,32,GUINNESS NIGERIA PLC
53129,SMINICEBTL60CL,Smirnoff Ice Bottle 60cl X 12,106,Drinks,Beverages,5108,Smirnoff,32,GUINNESS NIGERIA PLC
44345,SMOFICE600MLX12,Smirnoff Ice Bottle 600ml X 12,106,Drinks,Beverages,5108,Smirnoff,32,GUINNESS NIGERIA PLC
44293,SMOFICE300ML,Smirnoff Ice Bottle 300ml X 24,106,Drinks,Beverages,5108,Smirnoff,32,GUINNESS NIGERIA PLC
44295,SMOFICE600ML,Smirnoff Ice Bottle 600ml X 24,106,Drinks,Beverages,5108,Smirnoff,32,GUINNESS NIGERIA PLC
44339,SMIRDBCAN33CLX24,Smirnoff Ice Double Black Can 33cl X 24,106,Drinks,Beverages,5108,Smirnoff,32,GUINNESS NIGERIA PLC
30492,SMIREDVO1LTR,Smirnoff Red Vodka 1ltr  X 12,106,Drinks,Beverages,5108,Smirnoff,93,DIAGEO
32279,SMIRNOFFBLUE1LTR,Smirnoff Blue Vodka 1ltr X,106,Drinks,Beverages,5108,Smirnoff,93,DIAGEO
33021,SMIRPPET33CL,Smirnoff Pineapple Ice Pet Bottle 33cl X 12,106,Drinks,Beverages,5108,Smirnoff,93,DIAGEO
32737,SMRED1LTR,Smirnoff Red Vodka 1ltr  X 6 (imported),106,Drinks,Beverages,5108,Smirnoff,93,DIAGEO
32921,SMIRPCAN33CL,Smirnoff Pineapple Ice Can 33cl X 24,106,Drinks,Beverages,5108,Smirnoff,93,DIAGEO
42639,SMOFFX1ICHFVD180ML,Smirnoff X1 Intense Chocolate Flavoured Vodka 180ml X 48,106,Drinks,Beverages,5108,Smirnoff,93,DIAGEO
42640,SMOFFX1IEXSVD750ML,Smirnoff X1 Intense Extra Smooth Vodka 750ml  X 12,106,Drinks,Beverages,5108,Smirnoff,93,DIAGEO
42641,SMOFFX1IEXSVD180ML,Smirnoff X1 Intense Extra Smooth Vodka 180ml X 48,106,Drinks,Beverages,5108,Smirnoff,93,DIAGEO
32166,SMIRBLUE1LTR,Smirnoff Blue Vodka 1ltr X 12,106,Drinks,Beverages,5108,Smirnoff,93,DIAGEO
37766,SMIRVODBTL33CL,Smirnoff Ice Vodka Bottle 33cl  X 24,106,Drinks,Beverages,5108,Smirnoff,93,DIAGEO
53605,SMIX1CHOCO305ML,Smirnoff X1 Intense Chocolate Vodka 305ml X 24,106,Drinks,Beverages,5108,Smirnoff,93,DIAGEO
44406,SMIRBLKCAN33CL,Smirnoff Ice And Gurana Black 33cl Can X 24,106,Drinks,Beverages,5108,Smirnoff,93,DIAGEO
44267,SMIRBLACK330ML,Smirnoff Ice And Gurana Black 330ml Can  X 24,106,Drinks,Beverages,5108,Smirnoff,93,DIAGEO
45570,SRV1LX1,Smirnoff Red Vodka 1ltr X 1 (imported),106,Drinks,Beverages,5108,Smirnoff,93,DIAGEO
45594,SMOFFBLU1LX1,Smirnoff Blue Vodka 1ltr X 1,106,Drinks,Beverages,5108,Smirnoff,93,DIAGEO
45781,SX1IXSV180MLX48,Smirnoff - X1 Intense Xtra Smooth Vodka 180ml X 48,106,Drinks,Beverages,5108,Smirnoff,93,DIAGEO
33074,MGRICE25KG,Mama Gold Rice 25kg  X 1,152,Rice,Commodity,5110,MAMA'S PRIDE,35,OLAM INTERNATIONAL
25134,MPRICE1KG,Mama's Pride Rice 1kg X,152,Rice,Commodity,5110,MAMA'S PRIDE,35,OLAM INTERNATIONAL
26757,MPRICE25KG,Mama's Pride Premium Nigeria Parboiled Rice 25kg X,152,Rice,Commodity,5110,MAMA'S PRIDE,35,OLAM INTERNATIONAL
44850,MPRICE1KGX50,Mama's Pride Rice 1kg X 50,152,Rice,Commodity,5110,MAMA'S PRIDE,35,OLAM INTERNATIONAL
23111,MPRICE10KG,Mama's Pride Premium Nigeria Parboiled Rice 10kg X,152,Rice,Commodity,5110,MAMA'S PRIDE,35,OLAM INTERNATIONAL
23112,MPRICE5KG,Mama's Pride Premium Nigeria Parboiled Rice 5kg X,152,Rice,Commodity,5110,MAMA'S PRIDE,35,OLAM INTERNATIONAL
23842,MPRICE50KG,Mama's Pride Premium Quality Nigeria Parboiled Rice 50kg X,152,Rice,Commodity,5110,MAMA'S PRIDE,35,OLAM INTERNATIONAL
25115,GTSOYOIL5L,Golden Terra Soya Oil  5lx4,135,Oil,Food,5113,Golden Terra,43,TGI
24261,GTERRASOYOIL35ML,Golden Terra Soya Oil Sachet 35ml X 100,135,Oil,Food,5113,Golden Terra,43,TGI
24262,GTERRASOYOIL5LTR,Golden Terra Soya Oil 4.5ltr X,135,Oil,Food,5113,Golden Terra,43,TGI
24263,GTERRASOYOIL25LTR,Golden Terra Soya Oil 25ltr X,149,Large Oil,Commodities,5113,Golden Terra,43,TGI
25010,TCCUBE4G,Terra Chicken Cube 4g X 24 X 40 Pouch,117,Seasoning cubes & Spices,Food,5113,Golden Terra,43,TGI
23242,GTERRASOYOIL5OML,Golden Terra Soya Oil Sachet 50ml X 100,135,Oil,Food,5113,Golden Terra,43,TGI
23042,GTSOYOIL5OML,Golden Terra Soya Oil Sachet 50ml X 60,135,Oil,Food,5113,Golden Terra,43,TGI
54559,CRWNCAVTO200G,Crown Macaroni Twist Cavatto 200g X 20,130,Pasta,Food,5114,CROWN,27,CROWN FLOUR MILL LIMITED
53890,CPMAC500G,Crown Premium Macaroni 500g X 20 ,130,Pasta,Food,5114,CROWN,27,CROWN FLOUR MILL LIMITED
25239,CRWNSELFY500G,Crown Premium Selfy 500g X 20,130,Pasta,Food,5114,CROWN,27,CROWN FLOUR MILL LIMITED
25240,CRWNSLIM500G,Crown Premium Slim 500g X 20,130,Pasta,Food,5114,CROWN,27,CROWN FLOUR MILL LIMITED
22485,CPSPAG500G,Crown Premium Spaghetti 500g X 20,130,Pasta,Food,5114,CROWN,27,CROWN FLOUR MILL LIMITED
22486,CSLIMSPAG500G,Crown Slim Spaghetti 500g X 20,130,Pasta,Food,5114,CROWN,27,CROWN FLOUR MILL LIMITED
22516,CRWNCAVTO500G,Crown Premium Twist Cavatto 500g X 20,130,Pasta,Food,5114,CROWN,27,CROWN FLOUR MILL LIMITED
23720,CPSPAG500Gx10,Crown Premium Spaghetti 500g X 10,130,Pasta,Food,5114,CROWN,27,CROWN FLOUR MILL LIMITED
23721,CSLIMSPAG500Gx10,Crown Slim Spaghetti 500g X 10,130,Pasta,Food,5114,CROWN,27,CROWN FLOUR MILL LIMITED
45822,BAKEFLOUR50KG,Bakewell White Flour 50kg X 1 X 1,124,Flour,Commodities,5114,CROWN,27,CROWN FLOUR MILL LIMITED
22435,CADTOMTOM152G,Cadbury Tom Tom Classic 152g X 24,101,Biscuits & Sweets,Food,5115,Tom tom,19,CADBURY
37792,CADFRSHTOMTM152G,Cadbury Tom Tom Freshlime 152g  X 24,101,Biscuits & Sweets,Food,5115,Tom tom,19,CADBURY
26137,CADTOMTOM152Gx12,Cadbury Tom Tom Classic 152g X 12,101,Biscuits & Sweets,Food,5115,Tom tom,19,CADBURY
26601,CADTOMTOM152GX26,Cadbury Tom Tom Classic 152g X 26,101,Biscuits & Sweets,Food,5115,Tom tom,19,CADBURY
26716,ORIJBITTERS20CLX12BB,Orijin Bitters 20cl X 25,106,Drinks,Beverages,5116,ORIJIN,32,GUINNESS NIGERIA PLC
44637,ORIJINBEER60CL,Orijin Beer 60cl X 12,106,Drinks,Beverages,5116,ORIJIN,32,GUINNESS NIGERIA PLC
53367,ORIHERGIN75CL,Orijin Herbal Gin 75cl X 6,106,Drinks,Beverages,5116,ORIJIN,32,GUINNESS NIGERIA PLC
45806,ORIBL75CLX6,Orijin Bitters Liquor 75cl  X 6,106,Drinks,Beverages,5116,ORIJIN,32,GUINNESS NIGERIA PLC
53754,ORIJIN20CLP2,Orijin Bitters 20cl X 24+2free Promo,106,Drinks,Beverages,5116,ORIJIN,32,GUINNESS NIGERIA PLC
25039,ORIJBITCAN33CL,Orijin Bitters Can 33cl,106,Drinks,Beverages,5116,ORIJIN,32,GUINNESS NIGERIA PLC
23133,ORIJCAN33CL,Orijin Can 33cl X 24,106,Drinks,Beverages,5116,ORIJIN,32,GUINNESS NIGERIA PLC
26140,ORIJCAN33CLX12,Orijin Can 33cl X 12,106,Drinks,Beverages,5116,ORIJIN,32,GUINNESS NIGERIA PLC
23135,ORIJBITTERS20CL,Orijin Bitters 20cl x 24,106,Drinks,Beverages,5116,ORIJIN,32,GUINNESS NIGERIA PLC
23136,ORIJGIN20CL,Orijin Herbal Gin 20cl X 24,106,Drinks,Beverages,5116,ORIJIN,32,GUINNESS NIGERIA PLC
23028,ORJBTSACH50MLPK6,Orijin Bitters Sachet 50ml X 20,106,Drinks,Beverages,5116,ORIJIN,32,GUINNESS NIGERIA PLC
53102,ORIBOT60CL,Orijin Bottle 60cl 1x12,106,Drinks,Beverages,5116,ORIJIN,32,GUINNESS NIGERIA PLC
53105,ORIJINCANBY633CL,Orijin Can(6packs) 1x24,106,Drinks,Beverages,5116,ORIJIN,32,GUINNESS NIGERIA PLC
42678,ORIJBITTERS75CL,Orijin Bitters 75cl  X 6,106,Drinks,Beverages,5116,ORIJIN,93,DIAGEO
42679,ORIJZEROCAN300ML,Orijin Zero Can 330ml  X 24,106,Drinks,Beverages,5116,ORIJIN,93,DIAGEO
42642,ORIJINTGC300ML,Orijin Tigernut Ginger Can 300ml X 24,106,Drinks,Beverages,5116,ORIJIN,93,DIAGEO
25876,ORIBITTSAC5CL,Orijin Bitters Sachet 5cl 20x,106,Drinks,Beverages,5116,ORIJIN,93,DIAGEO
26607,CADBTRMNT152GPROMO,Cadbury Butter Mint 152g X 24 + 2 Free Bags,101,Biscuits & Sweets,Food,5117,Butter Mint,19,CADBURY
26679,CADBTRMNT152GX12BB,Cadbury Butter Mint 152g X 12,101,Biscuits & Sweets,Food,5117,Butter Mint,19,CADBURY
22434,CADBTRMNT152G,Cadbury Butter Mint 152g X 24,101,Biscuits & Sweets,Food,5117,Butter Mint,19,CADBURY
23708,GBLIQCNT60CL,Goldberg Beer Liquid Content 60cl X 12,106,Drinks,Beverages,5118,GOLDBERG,2,NIGERIAN BREWERIES PLC
44299,GOLDBGBLBOT45CL,Goldberg Black Premium Beer 45cl Bottles X 20,106,Drinks,Beverages,5118,GOLDBERG,2,NIGERIAN BREWERIES PLC
23964,GB60CLBTC,Goldberg Beer 60cl X 12 (bottle + Crate),106,Drinks,Beverages,5118,GOLDBERG,2,NIGERIAN BREWERIES PLC
23011,GOLDBG50CL,Goldberg 24 X 1 50cl Can,106,Drinks,Beverages,5118,GOLDBERG,2,NIGERIAN BREWERIES PLC
45178,GOLDBRG44cl,Goldberg Black Can 24 * 44cl ,106,Drinks,Beverages,5118,GOLDBERG,2,NIGERIAN BREWERIES PLC
42467,CHHHOS125ML,Chi Happy Hour Orange Safari 125ml X 24,106,Drinks,Beverages,5119,Happy Hour,21,CHI LIMITED
30818,CHHHOS150MLX12,Chi Happy Hour Orange Safari 150ml X 12,106,Drinks,Beverages,5119,Happy Hour,21,CHI LIMITED
23073,CHHHP150ML,Happy Hour Peach 150ml X 24pcs,106,Drinks,Beverages,5119,Happy Hour,21,CHI LIMITED
23074,CHHHT150ML,Happy Hour Tropical 150ml X 24pcs,106,Drinks,Beverages,5119,Happy Hour,21,CHI LIMITED
23075,CHHHT1LTR,Happy Hour Tropical 1ltr X 10pcs,106,Drinks,Beverages,5119,Happy Hour,21,CHI LIMITED
25549,HAPHAP40G,Happy Happy 40g X 24pcs,101,Biscuits & Sweets,Food,5119,Happy Hour,21,CHI LIMITED
25152,CHHHS90ML,Happy Hour Safari  90ml X24,106,Drinks,Beverages,5119,Happy Hour,21,CHI LIMITED
23106,CHHHOS150ML,Chi Happy Hour Orange Safari 150ml X 24,106,Drinks,Beverages,5119,Happy Hour,21,CHI LIMITED
54152,2SHSG500MLX6,2sure Hand Sanitizer Gel 500ml X 6,114,Personal Care & Beauty,HC+PC,5120,2SURE,1,SEVEN-UP BOTTLING COMPANY
53620,2SUREDWLEF1000MLx12,(repacked) - 2sure Dishwash Lemon Fresh 1000ml X 12,108,Home Care and Laundry,HC+PC,5120,2SURE,1,SEVEN-UP BOTTLING COMPANY
53623,2SUREDWLEF250MLx24,(repacked) - 2sure Dishwash Lemon Fresh 250ml X 24,108,Home Care and Laundry,HC+PC,5120,2SURE,1,SEVEN-UP BOTTLING COMPANY
53626,2SUREDWLEF500MLx18,(repacked) - 2sure Dishwash Lemon Fresh 500ml X 18,108,Home Care and Laundry,HC+PC,5120,2SURE,1,SEVEN-UP BOTTLING COMPANY
53629,2SUREDWORG1000MLx12,(repacked) - 2sure Dishwash Original 1000ml X 12,108,Home Care and Laundry,HC+PC,5120,2SURE,1,SEVEN-UP BOTTLING COMPANY
53632,2SUREDWORG250MLx24,(repacked) - 2sure Dishwash Original 250ml X 24,108,Home Care and Laundry,HC+PC,5120,2SURE,1,SEVEN-UP BOTTLING COMPANY
53635,2SUREDWORG500MLx18,(repacked) - 2sure Dishwash Original 500ml X 18,108,Home Care and Laundry,HC+PC,5120,2SURE,1,SEVEN-UP BOTTLING COMPANY
24272,2SUREDWORG250ML,2sure Dishwash Original 250ml X 24,108,Home Care and Laundry,HC+PC,5120,2SURE,1,SEVEN-UP BOTTLING COMPANY
23806,2SUREHS500ML,2sure Hand & Surface Sanitizer 500ml X 12,114,Personal Care & Beauty,HC+PC,5120,2SURE,1,SEVEN-UP BOTTLING COMPANY
23224,2SUREHSG100MLPCK8,2sure Hand Sanitizer Gel 100ml X,114,Personal Care & Beauty,HC+PC,5120,2SURE,1,SEVEN-UP BOTTLING COMPANY
23225,2SUREHSG250MLPCK4,2sure Hand Sanitizer Gel 250ml X,114,Personal Care & Beauty,HC+PC,5120,2SURE,1,SEVEN-UP BOTTLING COMPANY
25704,2SUREDWORG500MLPKS6,2sure Dishwash Original 500mlx6,108,Home Care and Laundry,HC+PC,5120,2SURE,1,SEVEN-UP BOTTLING COMPANY
25705,2SUREDWLEF250MLPKS6,2sure Dishwash Lemon Fresh 250mlx6,108,Home Care and Laundry,HC+PC,5120,2SURE,1,SEVEN-UP BOTTLING COMPANY
25706,2SUREDWLEF500MLPKS3,2sure Dishwash Lemon Fresh 500mlx3,108,Home Care and Laundry,HC+PC,5120,2SURE,1,SEVEN-UP BOTTLING COMPANY
25707,2SUREDWORG250MLPKS6,2sure Dishwash Original 250mlx,108,Home Care and Laundry,HC+PC,5120,2SURE,1,SEVEN-UP BOTTLING COMPANY
25774,2SUREDWLEF1000MLxPS3,(repacked) - 2sure Dishwash Lemon Fresh 1000ml X,108,Home Care and Laundry,HC+PC,5120,2SURE,1,SEVEN-UP BOTTLING COMPANY
25775,2SUREDWLEF250MLxPS6,(repacked) - 2sure Dishwash Lemon Fresh 250ml X,108,Home Care and Laundry,HC+PC,5120,2SURE,1,SEVEN-UP BOTTLING COMPANY
25776,2SUREDWLEF500MLxPS6,(repacked) - 2sure Dishwash Lemon Fresh 500ml X 6 - 2suredwl,108,Home Care and Laundry,HC+PC,5120,2SURE,1,SEVEN-UP BOTTLING COMPANY
25777,2SUREDWORG1000MLxPS3,(repacked) - 2sure Dishwash Original 1000ml X,108,Home Care and Laundry,HC+PC,5120,2SURE,1,SEVEN-UP BOTTLING COMPANY
25778,2SUREDWORG250MLxPS6,(repacked) - 2sure Dishwash Original 250ml X,108,Home Care and Laundry,HC+PC,5120,2SURE,1,SEVEN-UP BOTTLING COMPANY
25779,2SUREDWORG500MLxPS6,(repacked) - 2sure Dishwash Original 500ml X,108,Home Care and Laundry,HC+PC,5120,2SURE,1,SEVEN-UP BOTTLING COMPANY
32642,2SUCOOL65G,2sure Cool Antibacterial Soap 65g  X 72,114,Personal Care & Beauty,HC+PC,5120,2SURE,1,SEVEN-UP BOTTLING COMPANY
32643,2SUREPINEHW500ML,2sure Pineapple Splash Hand Wash 500ml  X 12,108,Home Care and Laundry,HC+PC,5120,2SURE,1,SEVEN-UP BOTTLING COMPANY
32644,2SUREPINEHW250ML,2sure Pineapple Splash Hand Wash 250ml  X 24,108,Home Care and Laundry,HC+PC,5120,2SURE,1,SEVEN-UP BOTTLING COMPANY
32645,2SURESTMHW250ML,2sure Strawberry Milkshake Hand Wash 250ml X 24,108,Home Care and Laundry,HC+PC,5120,2SURE,1,SEVEN-UP BOTTLING COMPANY
32646,2SUREOMHHWA250ML,2sure Oat Milk & Honey Hand Wash 250ml  X 24,108,Home Care and Laundry,HC+PC,5120,2SURE,1,SEVEN-UP BOTTLING COMPANY
32647,2SUREHSG100ML,2sure Hand Sanitizer Gel 100ml X 48,114,Personal Care & Beauty,HC+PC,5120,2SURE,1,SEVEN-UP BOTTLING COMPANY
32648,2SUREGGMLTLQD1.8LTR,2sure Garden Green Multipurpose Liquid 1.8ltr X,108,Home Care and Laundry,HC+PC,5120,2SURE,1,SEVEN-UP BOTTLING COMPANY
32649,2SURETFMLTLQD1.8LTR,2sure Tropical Fruit Multipurpose Liquid 1.8ltr X,108,Home Care and Laundry,HC+PC,5120,2SURE,1,SEVEN-UP BOTTLING COMPANY
32650,2SUREGGMLTLQD3.6LTR,2sure Garden Green Multipurpose Liquid 3.6ltr X,108,Home Care and Laundry,HC+PC,5120,2SURE,1,SEVEN-UP BOTTLING COMPANY
32651,2SURETFMLTLQD3.6LTR,2sure Tropical Fruit Multipurpose Liquid 3.6ltr  X,108,Home Care and Laundry,HC+PC,5120,2SURE,1,SEVEN-UP BOTTLING COMPANY
37797,2SUHERB65GPK12,2sure Herbal Antibacterial Soap 65g Pack Size  X 6,114,Personal Care & Beauty,HC+PC,5120,2SURE,1,SEVEN-UP BOTTLING COMPANY
37798,2SUCOOL65GPK12,2sure Cool Antibacterial Soap 65g  Pack Size X 6,114,Personal Care & Beauty,HC+PC,5120,2SURE,1,SEVEN-UP BOTTLING COMPANY
37799,2SUORG65GPK12,2sure Original Antibacterial Soap 65g Pack Size X 6,114,Personal Care & Beauty,HC+PC,5120,2SURE,1,SEVEN-UP BOTTLING COMPANY
37874,LWRSOAP130GPKT12,Lewar Beauty Skin Glow Bar Soap 130g X 4,114,Personal Care & Beauty,HC+PC,5120,2SURE,1,SEVEN-UP BOTTLING COMPANY
37877,2SUREDWORG500MLPKT3,2sure Dishwash Original 500ml X 6,108,Home Care and Laundry,HC+PC,5120,2SURE,1,SEVEN-UP BOTTLING COMPANY
37878,2SUREDWORG1000MLPKT4,2sure Dishwash Original 1000ml X 3,108,Home Care and Laundry,HC+PC,5120,2SURE,1,SEVEN-UP BOTTLING COMPANY
37879,2SUREDWLEF500MLPKT3,2sure Dishwash Lemon Fresh 500ml X 6,108,Home Care and Laundry,HC+PC,5120,2SURE,1,SEVEN-UP BOTTLING COMPANY
37880,2SUREDWLEF1000MLPKT4,2sure Dishwash Lemon Fresh 1000ml Pack X 3,108,Home Care and Laundry,HC+PC,5120,2SURE,1,SEVEN-UP BOTTLING COMPANY
23557,2SUREHERBAL70GPK12,2sure Herbal Antibacterial Soap 70g Pack Size X,114,Personal Care & Beauty,HC+PC,5120,2SURE,1,SEVEN-UP BOTTLING COMPANY
23558,2SUREDWORG500ML,2sure Dishwash Original 500ml X 18,108,Home Care and Laundry,HC+PC,5120,2SURE,1,SEVEN-UP BOTTLING COMPANY
23554,2SUCOOL120GPK8,2sure Cool Antibacterial Soap 120g Pack Size X,114,Personal Care & Beauty,HC+PC,5120,2SURE,1,SEVEN-UP BOTTLING COMPANY
23555,2SURECOOL70GPK12,2sure Cool Antibacterial Soap 70g Pack Size X,114,Personal Care & Beauty,HC+PC,5120,2SURE,1,SEVEN-UP BOTTLING COMPANY
24132,2SUREDWLEF500ML,2sure Dishwash Lemon Fresh 500ml X 18,108,Home Care and Laundry,HC+PC,5120,2SURE,1,SEVEN-UP BOTTLING COMPANY
24133,2SUREDWLEF250ML,2sure Dishwash Lemon Fresh 250ml X 24,108,Home Care and Laundry,HC+PC,5120,2SURE,1,SEVEN-UP BOTTLING COMPANY
24172,2SUREOMHHWA500MLx6,2sure Oat Milk & Honey Hand Wash 500ml X,114,Personal Care & Beauty,HC+PC,5120,2SURE,1,SEVEN-UP BOTTLING COMPANY
24173,2SURESTMHW500MLx6,2sure Strawberry Milkshake Hand Wash 500ml X,114,Personal Care & Beauty,HC+PC,5120,2SURE,1,SEVEN-UP BOTTLING COMPANY
24174,2SUREDWLEF1000MLPKS3,2sure Dishwash Lemon Fresh 1000ml Pack Size X,108,Home Care and Laundry,HC+PC,5120,2SURE,1,SEVEN-UP BOTTLING COMPANY
24175,2SUREDWLEF500MLPKS6,2sure Dishwash Lemon Fresh 500ml Pack Size X,108,Home Care and Laundry,HC+PC,5120,2SURE,1,SEVEN-UP BOTTLING COMPANY
24176,2SUREDWLEF250MLPKS4,2sure Dishwash Lemon Fresh 250ml Pack Size X,108,Home Care and Laundry,HC+PC,5120,2SURE,1,SEVEN-UP BOTTLING COMPANY
24177,2SUREDWORG1000MLPKS3,2sure Dishwash Original 1000ml Pack Size X,108,Home Care and Laundry,HC+PC,5120,2SURE,1,SEVEN-UP BOTTLING COMPANY
24178,2SUREDWORG500MLPKS3,2sure Dishwash Original 500ml Pack Size X,108,Home Care and Laundry,HC+PC,5120,2SURE,1,SEVEN-UP BOTTLING COMPANY
24179,2SUREPSAHW500ML,2sure Pineapple Splash Handwash 500ml X,114,Personal Care & Beauty,HC+PC,5120,2SURE,1,SEVEN-UP BOTTLING COMPANY
24180,2SUREPSAHW250ML,2sure Pineapple Handwash 250ml X,114,Personal Care & Beauty,HC+PC,5120,2SURE,1,SEVEN-UP BOTTLING COMPANY
23019,2SUORG120GPK8,2sure Original Antibacterial Soap 120g Pack Size X,114,Personal Care & Beauty,HC+PC,5120,2SURE,1,SEVEN-UP BOTTLING COMPANY
23020,2SUREORG70GPK12,2sure Original Antibacterial Soap 70g Pack Size X,114,Personal Care & Beauty,HC+PC,5120,2SURE,1,SEVEN-UP BOTTLING COMPANY
24032,2SUCOOL120G,2sure Cool Antibacterial Soap 120g X 48,114,Personal Care & Beauty,HC+PC,5120,2SURE,1,SEVEN-UP BOTTLING COMPANY
24033,2SUCOOL70G,2sure Cool Antibacterial Soap 70g X 72,114,Personal Care & Beauty,HC+PC,5120,2SURE,1,SEVEN-UP BOTTLING COMPANY
24034,2SUREDWORG1000ML,2sure Dishwash Original 1000ml X 12,108,Home Care and Laundry,HC+PC,5120,2SURE,1,SEVEN-UP BOTTLING COMPANY
24035,2SUREDWLEF1000ML,2sure Dishwash Lemon Fresh 1000ml X 12,108,Home Care and Laundry,HC+PC,5120,2SURE,1,SEVEN-UP BOTTLING COMPANY
24036,2SUREOMHHWA500ML,2sure Oat Milk & Honey Hand Wash 500ml X 12,114,Personal Care & Beauty,HC+PC,5120,2SURE,1,SEVEN-UP BOTTLING COMPANY
24026,2SUREHS10LTR,2sure Hand & Surface Sanitizer Liquid 10ltr X,114,Personal Care & Beauty,HC+PC,5120,2SURE,1,SEVEN-UP BOTTLING COMPANY
24027,2SUREHSG250ML,2sure Hand Sanitizer Gel 250ml X 24,114,Personal Care & Beauty,HC+PC,5120,2SURE,1,SEVEN-UP BOTTLING COMPANY
24028,2SUREHSG4.5LTR,2sure Hand & Surface Sanitizer Gel 4.5ltr X,114,Personal Care & Beauty,HC+PC,5120,2SURE,1,SEVEN-UP BOTTLING COMPANY
24053,2SUREHSLIQ4.5LTR,2sure Hand & Surface Sanitizer Liquid 4.5ltr X,114,Personal Care & Beauty,HC+PC,5120,2SURE,1,SEVEN-UP BOTTLING COMPANY
24054,2SURESTMHW500ML,2sure Strawberry Milkshake Hand Wash 500ml X 12,114,Personal Care & Beauty,HC+PC,5120,2SURE,1,SEVEN-UP BOTTLING COMPANY
24055,2SUREHSG10LTR,2sure Hand & Surface Sanitizer Gel 10ltr X,114,Personal Care & Beauty,HC+PC,5120,2SURE,1,SEVEN-UP BOTTLING COMPANY
25101,2SUREMULSP250G,2sure Multipurpose Soap 250g X 24,108,Home Care and Laundry,HC+PC,5120,2SURE,208,7UP
25592,2SUDWORG250MLPKS4,2sure Dishwash Orignal 250ml Pack Size X,114,Personal Care & Beauty,HC+PC,5120,2SURE,208,7UP
23556,2SUHERBAL120GPK8,2sure Herbal Antibacterial Soap 120g Pack Size X,114,Personal Care & Beauty,HC+PC,5120,2SURE,208,7UP
45438,2SUREMPS130X48,2sure Multipurpose Soap 130g X 48,108,Home Care and Laundry,HC+PC,5120,2SURE,208,7UP
32382,2SUREMLTSOAP230G,2sure Multipurpose Soap 230g X 24,114,Personal Care & Beauty,HC+PC,5120,2SURE,516,DREAMS COSMETICS
32383,2SUREMLTLQD1.8LTR,2sure Multipurpose Liquid 1.8ltr  X,108,Home Care and Laundry,HC+PC,5120,2SURE,516,DREAMS COSMETICS
31204,ABIB200mL,Action Bitters 200ml X 24 Bottles,106,Drinks,Beverages,5121,ACTION BITTERS,507,Aim Distribution
45655,ABBOL75CLX6,Action Bitters Bottle 75cl X 6,106,Drinks,Beverages,5121,ACTION BITTERS,4,INTERCONTINENTAL DISTILLERS LIMITED (IDL)
31206,ABSAC50MLX20,Action Bitters Sachet 50ml X 20 X 6 Pouches,106,Drinks,Beverages,5121,ACTION BITTERS,4,INTERCONTINENTAL DISTILLERS LIMITED (IDL)
31741,ABIS100mL,Action Bitters Sachet 100ml  X 50,106,Drinks,Beverages,5121,ACTION BITTERS,4,INTERCONTINENTAL DISTILLERS LIMITED (IDL)
24406,ABIMB20CL,Action Bitters Mini Bottle 20cl X 24,106,Drinks,Beverages,5121,ACTION BITTERS,4,INTERCONTINENTAL DISTILLERS LIMITED (IDL)
23036,ABSAC5OMLPK6,Action Bitters Sachet 50ml X 20 ,106,Drinks,Beverages,5121,ACTION BITTERS,4,INTERCONTINENTAL DISTILLERS LIMITED (IDL)
37729,ACTBIT10CL,Action Bitters Pet Bottle 10cl X 50,106,Drinks,Beverages,5121,ACTION BITTERS,4,INTERCONTINENTAL DISTILLERS LIMITED (IDL)
37730,ACTBIT18CL,Action Bitters Pet Bottle 18cl X 30,106,Drinks,Beverages,5121,ACTION BITTERS,4,INTERCONTINENTAL DISTILLERS LIMITED (IDL)
37731,ABSAC75CL,Action Bitters Sachet 75cl  X 12,106,Drinks,Beverages,5121,ACTION BITTERS,4,INTERCONTINENTAL DISTILLERS LIMITED (IDL)
42474,ABB37.5CLLX12,Action Bitters Bottle 37.5 Cl X 12,106,Drinks,Beverages,5121,ACTION BITTERS,4,INTERCONTINENTAL DISTILLERS LIMITED (IDL)
37870,ABIPET100ML,Action Bitters Pet Bottle 100ml X 50,106,Drinks,Beverages,5121,ACTION BITTERS,4,INTERCONTINENTAL DISTILLERS LIMITED (IDL)
37753,ABPET75CL,Action Bitters Pet 75cl X 12,106,Drinks,Beverages,5121,ACTION BITTERS,4,INTERCONTINENTAL DISTILLERS LIMITED (IDL)
22839,DMPETB33CL,Dubic Malt Pet Bottle 33cl X 12,106,Drinks,Beverages,5123,Dubic,32,GUINNESS NIGERIA PLC
22658,DUBMACAN33CL,Dubic Malt Can 33cl X 24,106,Drinks,Beverages,5123,Dubic,32,GUINNESS NIGERIA PLC
26440,DUBMACAN33CLx12,Dubic Malt Can 33cl X 12,106,Drinks,Beverages,5123,Dubic,32,GUINNESS NIGERIA PLC
24095,DMPETB33CLx6,Dubic Malt Pet Bottle 33cl X,106,Drinks,Beverages,5123,Dubic,32,GUINNESS NIGERIA PLC
53610,DUBICMALTCAN33CL,Dubic Malt Can (pack Of 6) 1x24,106,Drinks,Beverages,5123,Dubic,32,GUINNESS NIGERIA PLC
53404,DUBICMALBTL300ML,Dubic Malt Bottle 300ml X 24,106,Drinks,Beverages,5123,Dubic,32,GUINNESS NIGERIA PLC
53158,DUBICMALTCAN33CL,Dubic Malt Can (pack Of 6) 1x24,106,Drinks,Beverages,5123,Dubic,32,GUINNESS NIGERIA PLC
53161,DUBICMALBTL33CL,Dubic Malt Bottle 33cl X 24,106,Drinks,Beverages,5123,Dubic,32,GUINNESS NIGERIA PLC
25153,CHAC1L,Chi Active Citrus 1lx10,106,Drinks,Beverages,5125,CHIVITA,21,CHI LIMITED
25150,CHORAN1L,Chivita 100% Orange 1lx10,106,Drinks,Beverages,5125,CHIVITA,21,CHI LIMITED
25151,CHAC315ML,Chivita Active Citrus 315mlx12,106,Drinks,Beverages,5125,CHIVITA,21,CHI LIMITED
23094,CHPA1LTR,Chivita Premium Apple 1ltr X 10pcs,106,Drinks,Beverages,5125,CHIVITA,21,CHI LIMITED
23095,CHPRG1LTR,Chivita Premium Red Grape 1ltr X 10pcs,106,Drinks,Beverages,5125,CHIVITA,21,CHI LIMITED
23096,CHPO1LTR,Chivita Premium Orange 1ltr X 10pcs,106,Drinks,Beverages,5125,CHIVITA,21,CHI LIMITED
23097,CHPP1LTR,Chivita Premium Pineapple 1ltr X 10pcs,106,Drinks,Beverages,5125,CHIVITA,21,CHI LIMITED
23098,CHL1LTR,Chivita 100% Lychee 1ltr X 10pcs,106,Drinks,Beverages,5125,CHIVITA,21,CHI LIMITED
23076,CHITEAL150ML,Ice Tea Lemon 150ml X 24pcs,106,Drinks,Beverages,5125,CHIVITA,21,CHI LIMITED
23077,CHITEAL315ML,Ice Tea Lemon 315ml X 12pcs,106,Drinks,Beverages,5125,CHIVITA,21,CHI LIMITED
23078,CHITEAL1LTR,Ice Tea Lemon 1ltr X 10pcs,106,Drinks,Beverages,5125,CHIVITA,21,CHI LIMITED
23082,CHA315ML,Chivita Active 315ml X 12pcs,106,Drinks,Beverages,5125,CHIVITA,21,CHI LIMITED
23083,CHAZCN330ML,Chivita Active Zest Can 330ml X 24pcs,106,Drinks,Beverages,5125,CHIVITA,21,CHI LIMITED
30419,CHPREMAN1LTR,Chivita Premium Mango 1ltr  X 10,106,Drinks,Beverages,5125,CHIVITA,21,CHI LIMITED
23071,CHAC1LTR,Chivita Active Citrus 1ltr X 10pcs,106,Drinks,Beverages,5125,CHIVITA,21,CHI LIMITED
23072,CHACO1LTR,Chivita Active Carrot Orange 1ltr X 10pcs,106,Drinks,Beverages,5125,CHIVITA,21,CHI LIMITED
42705,CHAZCN1LTR,Chivita Active Zest 1ltr X 10,106,Drinks,Beverages,5125,CHIVITA,21,CHI LIMITED
33218,KOILSACH50MLX60,Kings Oil Sachet 50ml X 60,135,Oil,Food,5126,KINGS OIL,47,PZ WILMAR
42979,KIMAG15KG,Kings Margarine 15kg X 1,134,Margarine,Commodities,5126,KINGS OIL,47,PZ WILMAR
26704,KOILSACH35MLX50BB,Kings Oil Sachet 35ml X 50,135,Oil,Food,5126,KINGS OIL,47,PZ WILMAR
26705,KOILSACH500MLX10BB,Kings Oil Sachet 500ml X 10,135,Oil,Food,5126,KINGS OIL,47,PZ WILMAR
26706,KOILSACH70MLX30BB,Kings Oil Sachet 70ml X 30,135,Oil,Food,5126,KINGS OIL,47,PZ WILMAR
26548,KOILSACH60ML,Kings Oil Sachet 60ml  X 60,135,Oil,Food,5126,KINGS OIL,47,PZ WILMAR
26436,KOIL1LTRx6,Kings Vegetable Oil 1l X,135,Oil,Food,5126,KINGS OIL,47,PZ WILMAR
26019,KOILSACH30ML,Kings Oil Sachet 30ml X 100,135,Oil,Food,5126,KINGS OIL,47,PZ WILMAR
25384,KOILSACH70ML,Kings Oil Sachet 70ml X 60,135,Oil,Food,5126,KINGS OIL,47,PZ WILMAR
25345,KOILSACH35ML,Kings Oil Sachet 35ml X 100,135,Oil,Food,5126,KINGS OIL,47,PZ WILMAR
25122,KOIL1LTR,Kings Vegetable Oil 1lx12,135,Oil,Food,5126,KINGS OIL,47,PZ WILMAR
23953,KINGS2LTR,Kings Vegetable Oil 2ltr X,135,Oil,Food,5126,KINGS OIL,47,PZ WILMAR
24899,KOILSACH500ML,Kings Oil Sachet 500ml X 20,135,Oil,Food,5126,KINGS OIL,47,PZ WILMAR
24904,KOIL10LTR,Kings Vegetable Oil 10ltr X,149,Large Oil,Commodities,5126,KINGS OIL,47,PZ WILMAR
24955,KOILBOT500ML,Kings Oil Bottle 500ml X 20,135,Oil,Food,5126,KINGS OIL,47,PZ WILMAR
23374,KOILSACH100ML,Kings Oil Sachet 100ml X 60,135,Oil,Food,5126,KINGS OIL,47,PZ WILMAR
23034,KOILSACH50ML,Kings Oil Sachet 50ml X 100 ,135,Oil,Food,5126,KINGS OIL,47,PZ WILMAR
23035,KOILBOT1TR,Kings Oil Bottle 1ltr X 12 ,135,Oil,Food,5126,KINGS OIL,47,PZ WILMAR
45281,KOILBOT750ML,Kings Oil Bottle 750ml X 12,135,Oil,Food,5126,KINGS OIL,47,PZ WILMAR
45283,KOILSACH45ML,Kings Oil Sachet 45ml X 120 ,135,Oil,Food,5126,KINGS OIL,47,PZ WILMAR
23476,KOILSACH40ML,Kings Oil Sachet 40ml X 100,135,Oil,Food,5126,KINGS OIL,47,PZ WILMAR
43253,KNGLBPSPRD450G,Kings Low Fat Spread 450g X 24,134,Margarine,Commodities,5126,KINGS OIL,47,PZ WILMAR
43254,KNGLBPSPRD250G,Kings Low Fat Spread 250g X 24,134,Margarine,Commodities,5126,KINGS OIL,47,PZ WILMAR
24957,KIMAG250G,Kings Margarine 250g X 60,134,Margarine,Commodities,5126,KINGS OIL,47,PZ WILMAR
23663,KING25LTR,Kings Vegetable Oil 25ltr X,149,Large Oil,Commodities,5126,KINGS OIL,47,PZ WILMAR
23664,KINGS5LTR,Kings Vegetable Oil 5ltr X,135,Oil,Food,5126,KINGS OIL,47,PZ WILMAR
23665,KINGS3LTR,Kings Vegetable Oil 3ltr X,135,Oil,Food,5126,KINGS OIL,47,PZ WILMAR
23666,KINGSAC1L,Kings Vegetable Oil Sachet 1ltr X 12,135,Oil,Food,5126,KINGS OIL,47,PZ WILMAR
25413,INFICORN55G,Infinity Cornflakes 55g X 36+3 Free,103,Cereal & Breakfast,Food,5127,INFINITY,46,INFINITY SNACKS AND BEVERAGES LTD
25573,INFICORN55Gx12,1 Roll Infinity Cornflakes 55g X 12,102,Bundle & Rolls,Bundles,5127,INFINITY,46,INFINITY SNACKS AND BEVERAGES LTD
26701,INFICORN55GX19BB,Infinity Cornflakes 55g X 18,103,Cereal & Breakfast,Food,5127,INFINITY,46,INFINITY SNACKS AND BEVERAGES LTD
23127,INCOFLA1KG6,Infinity Cornflakes 1kg X,103,Cereal & Breakfast,Food,5127,INFINITY,13,WEST AFRICAN COTTON COMPANY (WACOT)
23128,INCOFLA500KG8,Infinity Cornflakes 500g X,103,Cereal & Breakfast,Food,5127,INFINITY,13,WEST AFRICAN COTTON COMPANY (WACOT)
23129,INCOFLA350KG10,Infinity Cornflakes 350g X 10,103,Cereal & Breakfast,Food,5127,INFINITY,13,WEST AFRICAN COTTON COMPANY (WACOT)
23022,INFSP30G,Infinity Flakes Small Pack 30g X 36 + 2 Free,103,Cereal & Breakfast,Food,5127,INFINITY,13,WEST AFRICAN COTTON COMPANY (WACOT)
23023,INCOBAL30G,Infinity Coco Balls 30g X 36,103,Cereal & Breakfast,Food,5127,INFINITY,13,WEST AFRICAN COTTON COMPANY (WACOT)
26505,INFPARR1KGx1,Infinity Parboiled Rice 1kg  X,152,Rice,Commodity,5127,INFINITY,328,INFINITY SNACKS AND BEVERAGES LTD
30236,INCOFLA30GX39,Infinity Cornflakes 30g X 39,103,Cereal & Breakfast,Food,5127,INFINITY,328,INFINITY SNACKS AND BEVERAGES LTD
30267,INFICOBA30GX39,Infinity Coco Ball 30g X 39,103,Cereal & Breakfast,Food,5127,INFINITY,328,INFINITY SNACKS AND BEVERAGES LTD
25195,INCOFLA30G,Infinity Cornflakes 30g X 36,103,Cereal & Breakfast,Food,5127,INFINITY,328,INFINITY SNACKS AND BEVERAGES LTD
25209,SUPSEM2KGx5,Supreme Semolina 2kg ×,153,Swallow,Commodities,5130,SUPREME,27,CROWN FLOUR MILL LIMITED
25210,SUPSEM1KGx10,Supreme Semolina 1kg × 10,153,Swallow,Commodities,5130,SUPREME,27,CROWN FLOUR MILL LIMITED
24952,SUPSEM1KG,Supreme Semolina 1kg X,153,Swallow,Commodities,5130,SUPREME,27,CROWN FLOUR MILL LIMITED
24953,SUPSEM2KG,Supreme Semolina 2kg X,153,Swallow,Commodities,5130,SUPREME,27,CROWN FLOUR MILL LIMITED
24954,SUPSEM5KG,Supreme Semolina 5kg X,153,Swallow,Commodities,5130,SUPREME,27,CROWN FLOUR MILL LIMITED
24930,SUPSEM10KG,Supreme Semolina 10kg X,153,Swallow,Commodities,5130,SUPREME,27,CROWN FLOUR MILL LIMITED
44647,HOLYOGVAN1LX10,Hollandia Yoghurt Vanilla 1l X 10,106,Drinks,Beverages,5134,Yoghurt,21,CHI LIMITED
23569,AMB46G,All Milk Biscuits 46g X 24,101,Biscuits & Sweets,Food,5135,Ok Foods,7,OK FOODS
23386,CHCHBB10G,Chic Choc Banana Biscuits 10g X 120,101,Biscuits & Sweets,Food,5135,Ok Foods,7,OK FOODS
23387,CHCHVA10G,Chic Choc Vanilla biscuits 10g X 120,101,Biscuits & Sweets,Food,5135,Ok Foods,7,OK FOODS
23383,ENEEGG50G,Energo Eggrich Biscuits 50g X 24,101,Biscuits & Sweets,Food,5135,Ok Foods,7,OK FOODS
23571,AMB46G,All Milk Biscuits 46g X 24,101,Biscuits & Sweets,Food,5135,Ok Foods,7,OK FOODS
42531,PBCW30G,Pure Bliss Chocolate Wafer 30g X 48,101,Biscuits & Sweets,Food,5135,Ok Foods,7,OK FOODS
23653,DAL+HSAN250MLPKT6,Dettol Antiseptic Liq Dis 250ml X 6 + Hand Sanitizer X,108,Home Care and Laundry,HC+PC,5138,REKITT,6,RECKITT
23266,GCC3GPKT24,Gold Circle Condoms 3g X 24,114,Personal Care & Beauty,HC+PC,5141,Gold Circle,41,SFH NIGERIA
23255,TMLB70GPKT12,Tetmosol Medicated Lemon Burst 70g X,114,Personal Care & Beauty,HC+PC,5142,Tetmosol,64,HELLO PRODUCTS
23256,TMEC120GPKT8,Tetmosol Medicated Extra Cool 120g X,114,Personal Care & Beauty,HC+PC,5142,Tetmosol,64,HELLO PRODUCTS
23257,TMEC70GPKT12,Tetmosol Medicated Extra Cool 70g X,114,Personal Care & Beauty,HC+PC,5142,Tetmosol,64,HELLO PRODUCTS
23258,TBS120GPKT8,Tetmosol Baby Soft 120g X,99,Baby Care,HC+PC,5142,Tetmosol,64,HELLO PRODUCTS
23259,TBS70GPKT12,Tetmosol Baby Soft 75g X,99,Baby Care,HC+PC,5142,Tetmosol,64,HELLO PRODUCTS
23260,TEMDF70GPKT12,Tetmosol Medicated Deo Fresh 70g X,114,Personal Care & Beauty,HC+PC,5142,Tetmosol,64,HELLO PRODUCTS
23261,TEPR70GPKT12,Tetmosol Medicated Protect Plus 75g X,114,Personal Care & Beauty,HC+PC,5142,Tetmosol,64,HELLO PRODUCTS
23262,TMCP70GPKT12,Tetmosol Medicated Cool Power 70g X,114,Personal Care & Beauty,HC+PC,5142,Tetmosol,64,HELLO PRODUCTS
23263,TMCL70GPKT12,Tetmosol Medicated Cool Lemon 70g X,114,Personal Care & Beauty,HC+PC,5142,Tetmosol,64,HELLO PRODUCTS
23264,TMC120GPKT8,Tetmosol Medicated Citronella 120g X,114,Personal Care & Beauty,HC+PC,5142,Tetmosol,64,HELLO PRODUCTS
23265,TMC75GPKT12,Tetmosol Medicated Citronella 75g X,114,Personal Care & Beauty,HC+PC,5142,Tetmosol,64,HELLO PRODUCTS
52536,TMCP70GX12,Tetmosol Medicated Cool Power 70g X 12,114,Personal Care & Beauty,HC+PC,5142,Tetmosol,64,HELLO PRODUCTS
52538,TMCP70GX6,Tetmosol Medicated Cool Power 70g X 6,114,Personal Care & Beauty,HC+PC,5142,Tetmosol,64,HELLO PRODUCTS
23377,BVD250MLPKT6,Bullet Vodka Drink 250ml X,106,Drinks,Beverages,5143,Bullet,178,Sun Mark
23378,BED250MLPKT6,Bullet Energy Drink 250ml X,106,Drinks,Beverages,5143,Bullet,178,Sun Mark
23253,BUENED250MLPKT4,Bullet Energy Drink 250ml Pack Size X,106,Drinks,Beverages,5143,Bullet,178,Sun Mark
23254,BUVOD250MLPKT4,Bullet Vodka Drink 250ml Pack Size X,106,Drinks,Beverages,5143,Bullet,178,Sun Mark
23251,KOALAG200ML,Kolaq Alagbo Bitters 200ml X 24,106,Drinks,Beverages,5145,Kolaq,48,KOLAQ INTERCONTINENTAL HERBS LIMITED
25140,NAPASB250G,Napa Sachet Butter  250g X 60,105,Condiments,Food,5146,Napa,216,NAPA
25141,NAPAMAB10KG,Napa Magarine Bucket 10kg X1,134,Margarine,Commodities,5146,Napa,216,NAPA
26545,NAPAMAG15KG,Napa Valley Cooking Margarine 15kg X,134,Margarine,Commodities,5146,Napa,332,NAPA VALLEY FOODS INC.
52901,TFF145GX48,Tuna Fish Flakes 145g X 48,105,Condiments,Food,5146,Napa,332,NAPA VALLEY FOODS INC.
52909,TFF170GX48,Tuna Fish Flakes 170g X 48,105,Condiments,Food,5146,Napa,332,NAPA VALLEY FOODS INC.
44745,NAPATNA170G,Napa Flake Tuna Fish 170g X 48,105,Condiments,Food,5146,Napa,332,NAPA VALLEY FOODS INC.
23272,FRAPPL500ML,Frutta Pet Bottle Apple 500ml X 12,106,Drinks,Beverages,5148,FRUTTA,37,FRUTTA JUICE & SERVICES LIMITED
23273,FRCOCK500ML,Frutta Pet Bottle Cocktail 500ml X 12,106,Drinks,Beverages,5148,FRUTTA,37,FRUTTA JUICE & SERVICES LIMITED
23274,FRORAN500ML,Frutta Pet Bottle Orange 500ml X 12,106,Drinks,Beverages,5148,FRUTTA,37,FRUTTA JUICE & SERVICES LIMITED
23275,FRPINE500ML,Frutta Pet Bottle Pineapple 500ml X 12,106,Drinks,Beverages,5148,FRUTTA,37,FRUTTA JUICE & SERVICES LIMITED
23276,FRBLAC500ML,Frutta Pet Bottle Blackcurrant 500ml X 12,106,Drinks,Beverages,5148,FRUTTA,37,FRUTTA JUICE & SERVICES LIMITED
23277,FRAPPLE1L,Frutta Natural Juice Apple 1 Ltr X 10,106,Drinks,Beverages,5148,FRUTTA,37,FRUTTA JUICE & SERVICES LIMITED
23278,FRMANGO1L,Frutta Natural Juice Mango 1 Ltr X 10,106,Drinks,Beverages,5148,FRUTTA,37,FRUTTA JUICE & SERVICES LIMITED
23279,FRCOCK1L,Frutta Natural Juice Cocktail 1ltr X 10,106,Drinks,Beverages,5148,FRUTTA,37,FRUTTA JUICE & SERVICES LIMITED
23280,FRORANGE1LTR,Frutta Natural Juice Orange 1ltr X 10,106,Drinks,Beverages,5148,FRUTTA,37,FRUTTA JUICE & SERVICES LIMITED
23281,FRPINE1LTR,Frutta Natural Juice Pineapple 1ltr X 10,106,Drinks,Beverages,5148,FRUTTA,37,FRUTTA JUICE & SERVICES LIMITED
23282,FRAPPLE250ML,Frutta Natural Juice Apple 250ml X 24,106,Drinks,Beverages,5148,FRUTTA,37,FRUTTA JUICE & SERVICES LIMITED
23283,FRMANGO250ML,Frutta Natural Juice Mango 250ml X 24,106,Drinks,Beverages,5148,FRUTTA,37,FRUTTA JUICE & SERVICES LIMITED
23284,FRCOCK250ML,Frutta Natural Juice Cocktail 250ml X 24,106,Drinks,Beverages,5148,FRUTTA,37,FRUTTA JUICE & SERVICES LIMITED
23285,FRORANGE250ML,Frutta Natural Juice Orange 250ml X 24,106,Drinks,Beverages,5148,FRUTTA,37,FRUTTA JUICE & SERVICES LIMITED
23286,FRPINE250ML,Frutta Natural Juice Pineapple 250ml X 24,106,Drinks,Beverages,5148,FRUTTA,37,FRUTTA JUICE & SERVICES LIMITED
43338,FRUPTBLACK350ML,Frutta Pet Bottle Blackcurrant 350ml X 12,106,Drinks,Beverages,5148,FRUTTA,37,FRUTTA JUICE & SERVICES LIMITED
43339,FRUPTCOCKT350ML,Frutta Pet Bottle Cocktail 350ml X 12,106,Drinks,Beverages,5148,FRUTTA,37,FRUTTA JUICE & SERVICES LIMITED
43340,FRUPTORANG350ML,Frutta Pet Bottle Orange 350ml X 12,106,Drinks,Beverages,5148,FRUTTA,37,FRUTTA JUICE & SERVICES LIMITED
43341,FRUPTPINEA350ML,Frutta Pet Bottle Pineapple 350ml X 12,106,Drinks,Beverages,5148,FRUTTA,37,FRUTTA JUICE & SERVICES LIMITED
43342,FRUTROPICAL1LTR,Frutta Juice Nectar Tropical 1ltr X 10,106,Drinks,Beverages,5148,FRUTTA,37,FRUTTA JUICE & SERVICES LIMITED
43343,FRUTAPPLE1LTR,Frutta Juice Nectar Apple 1ltr X 10,106,Drinks,Beverages,5148,FRUTTA,37,FRUTTA JUICE & SERVICES LIMITED
43344,FRUTAORANG1LTR,Frutta Juice Nectar Orange 1ltr X 10,106,Drinks,Beverages,5148,FRUTTA,37,FRUTTA JUICE & SERVICES LIMITED
43345,FRUTAPINEA1LTR,Frutta Juice Nectar Pineapple 1ltr X 10,106,Drinks,Beverages,5148,FRUTTA,37,FRUTTA JUICE & SERVICES LIMITED
23289,TWDPSAC25G,Twisco Chocolate Drink Powder Sachet 25g X 200,110,Hot Chocolate Drinks,Food,5149,TWISCO,26,PROMASIDOR HOLDINGS
24259,TWDPSAC25Gx100,Twisco Chocolate Drink Powder Sachet 25g X 100,110,Hot Chocolate Drinks,Food,5149,TWISCO,26,PROMASIDOR HOLDINGS
24068,TWDPTIN500G,Twisco Chocolate Drink Powder Tin 500g X 12,110,Hot Chocolate Drinks,Food,5149,TWISCO,26,PROMASIDOR HOLDINGS
26724,TWCHDPSAC500GX6BB,Twisco Chocolate Drink Powder Tin 500g X,110,Hot Chocolate Drinks,Food,5149,TWISCO,26,PROMASIDOR HOLDINGS
23577,BIGISOD600ML,Bigi Soda 600ml X 12,106,Drinks,Beverages,5150,BIGI,16,RITE FOODS
23303,BIGICOLA50CL,Bigi Cola 50cl X 12,106,Drinks,Beverages,5150,BIGI,16,RITE FOODS
23304,BIGIORA50CL,Bigi Orange 50cl X 12,106,Drinks,Beverages,5150,BIGI,16,RITE FOODS
23305,BIGIAP50CL,Bigi Apple 50cl X 12,106,Drinks,Beverages,5150,BIGI,16,RITE FOODS
23306,BIGIBIT50CL,Bigi Bitter Lemon 50cl X 12,106,Drinks,Beverages,5150,BIGI,16,RITE FOODS
23307,BIGICHAP50CL,Bigi Chapman 50cl X 12,106,Drinks,Beverages,5150,BIGI,16,RITE FOODS
23308,BIGITROP50CL,Bigi Tropical 50cl X 12,106,Drinks,Beverages,5150,BIGI,16,RITE FOODS
25006,BIGITROP35CLx6,Bigi Tropical 35cl X,106,Drinks,Beverages,5150,BIGI,16,RITE FOODS
25007,BIGIORA35CLx6,Bigi Orange 35cl X,106,Drinks,Beverages,5150,BIGI,16,RITE FOODS
24991,BIGIAP35CLx6,Bigi Apple 35cl X,106,Drinks,Beverages,5150,BIGI,16,RITE FOODS
24986,BIGICOLA35CLx6,Bigi Cola 35cl X,106,Drinks,Beverages,5150,BIGI,16,RITE FOODS
24291,BIGIORA35CL,Bigi Orange 35cl X 12,106,Drinks,Beverages,5150,BIGI,16,RITE FOODS
24292,BIGIAP35CL,Bigi Apple 35cl X 12,106,Drinks,Beverages,5150,BIGI,16,RITE FOODS
24293,BIGITROP35CL,Bigi Tropical 35cl X 12,106,Drinks,Beverages,5150,BIGI,16,RITE FOODS
24144,BIGICHERRY50CL,Bigi Cherry Cola 50cl X 12,106,Drinks,Beverages,5150,BIGI,16,RITE FOODS
24145,BIZECOLA60CL,Bigi Zero Cola 60cl X 12,106,Drinks,Beverages,5150,BIGI,16,RITE FOODS
24098,BIGITROP50CLx6,Bigi Tropical 50cl X,106,Drinks,Beverages,5150,BIGI,16,RITE FOODS
24094,SMOOVCHAP60CLx6,Smoov Chapman Pet Bottle 60cl X,106,Drinks,Beverages,5150,BIGI,16,RITE FOODS
24096,BIGIBIT50CLx6,Bigi Bitter Lemon 50cl X,106,Drinks,Beverages,5150,BIGI,16,RITE FOODS
24102,BIGIAP50CLx6,Bigi Apple 50cl X,106,Drinks,Beverages,5150,BIGI,16,RITE FOODS
23981,BIGICOLA35CL,Bigi Cola 35cl X 12,106,Drinks,Beverages,5150,BIGI,16,RITE FOODS
25412,PROMBIGICOLA50CLx6,Promo Bigi Cola 50cl X,115,Promo,Promo,5150,BIGI,16,RITE FOODS
26676,BIGICHPMN35CLX6BB,Bigi Chapman 35cl X,106,Drinks,Beverages,5150,BIGI,16,RITE FOODS
25944,BIGICHPMN35CL,Bigi Chapman 35cl X 12,106,Drinks,Beverages,5150,BIGI,16,RITE FOODS
43423,BIGICHERRY60CL,Bigi Cherry Cola 60cl X 12,106,Drinks,Beverages,5150,BIGI,16,RITE FOODS
43425,BIGITROP60CL,Bigi Tropical 60cl X 12,106,Drinks,Beverages,5150,BIGI,16,RITE FOODS
43427,BIGIORA60CL,Bigi Orange 60cl  X 12,106,Drinks,Beverages,5150,BIGI,16,RITE FOODS
43429,BIGICOLA60CL,Bigi Cola 60cl X 12,106,Drinks,Beverages,5150,BIGI,16,RITE FOODS
43431,BIGIAP60CL,Bigi Apple 60cl X 12,106,Drinks,Beverages,5150,BIGI,16,RITE FOODS
43433,BIGIBIT60CL,Bigi Bitter Lemon 60cl X 12,106,Drinks,Beverages,5150,BIGI,16,RITE FOODS
24107,BIGICHAP50CLx6,Bigi Chapman 50cl X,106,Drinks,Beverages,5150,BIGI,16,RITE FOODS
24225,BIGIORA50CLx6,Bigi Orange 50cl X,106,Drinks,Beverages,5150,BIGI,16,RITE FOODS
24208,BIGICOLA50CLx6,Bigi Cola 50cl X,106,Drinks,Beverages,5150,BIGI,16,RITE FOODS
25054,BIGICHERRY50CLx6,Bigi Cherry Cola 50cl X,106,Drinks,Beverages,5150,BIGI,16,RITE FOODS
33207,SOSACB1000MLX6,Sosa Cranberry Fruit 1000ml X 6,106,Drinks,Beverages,5150,BIGI,16,RITE FOODS
24211,FEDRED50CLx6,Fearless Energy Drink Redberry 50cl X,106,Drinks,Beverages,5151,FEARLESS,16,RITE FOODS
25403,PROMFEDR50CLx6,Promo Fearless Energy Drink Redberry 50cl X,115,Promo,Promo,5151,FEARLESS,16,RITE FOODS
25404,PROMFEDR50CL,Promo Fearless Energy Drink Redberry 50cl X 12,115,Promo,Promo,5151,FEARLESS,16,RITE FOODS
24103,FEDCL50CLx6,Fearless Energy Drink Classic 50cl X,106,Drinks,Beverages,5151,FEARLESS,16,RITE FOODS
23309,FEDCL50CL,Fearless Energy Drink Classic 50cl X 12,106,Drinks,Beverages,5151,FEARLESS,16,RITE FOODS
23310,FEDRED50CL,Fearless Energy Drink Redberry 50cl X 12,106,Drinks,Beverages,5151,FEARLESS,16,RITE FOODS
42534,ERPTEST001,Erp Test Sku X 2,99,Baby Care,HC+PC,5153,Test Brand,69,TestManufacturer
42535,ERPTEST002,Erp Test Sku X 3,99,Baby Care,HC+PC,5153,Test Brand,69,TestManufacturer
45058,inHouseSKU,In-house Sku X 15,111,Milk & Dairy,Food,5153,Test Brand,69,TestManufacturer
45060,inhouseSKU1,In-house Sku X 14,111,Milk & Dairy,Food,5153,Test Brand,69,TestManufacturer
45072,VijaySKU,Vijay New Sku X 20,111,Milk & Dairy,Food,5153,Test Brand,69,TestManufacturer
44629,testfcas,Testing Forecast X 12,133,Dairy,Food,5153,Test Brand,69,TestManufacturer
44923,mfcomoniyi,Mfc Omoniyi Sku X 20,111,Milk & Dairy,Food,5153,Test Brand,69,TestManufacturer
44915,OmoniyiTestSKU,Lush Omoni Erp Test X 100,111,Milk & Dairy,Food,5153,Test Brand,69,TestManufacturer
33025,bluetestsku,Blue Product Test X 20,108,Home Care and Laundry,HC+PC,5153,Test Brand,74,Test
33026,testdetergent,Booka Test Sku X 5,108,Home Care and Laundry,HC+PC,5153,Test Brand,74,Test
33030,ellatest03,Ellz Test Sku X 6,108,Home Care and Laundry,HC+PC,5153,Test Brand,74,Test
32483,eltestsku,El Test Sku X 12,118,Snacks and Chin Chin,Food,5153,Test Brand,74,Test
30520,DELVFEE001,Delivery Fee X,102,Bundle & Rolls,Bundles,5153,Test Brand,74,Test
30338,Zip900,Zip Detergent X 20,108,Home Care and Laundry,HC+PC,5153,Test Brand,74,Test
30250,WAWCODET140G,Waw Color Detergent 140g  X 28,108,Home Care and Laundry,HC+PC,5155,WAW,57,HENKEL INDUSTRIES LIMITED
25454,WAWCODETE800G,Waw Colour Detergent 800g X,108,Home Care and Laundry,HC+PC,5155,WAW,57,HENKEL INDUSTRIES LIMITED
24384,WAWCLDET850Gx3,Waw Classic Detergent 850g X 3 ,108,Home Care and Laundry,HC+PC,5155,WAW,57,HENKEL INDUSTRIES LIMITED
23316,WAWCLDET23G,Waw Classic Detergent 23g X 156,108,Home Care and Laundry,HC+PC,5155,WAW,57,HENKEL INDUSTRIES LIMITED
23318,WAWCLDET80G,Waw Classic Detergent 80g X 51,108,Home Care and Laundry,HC+PC,5155,WAW,57,HENKEL INDUSTRIES LIMITED
23319,WAWCLDET180G,Waw Classic Detergent 180g X 26,108,Home Care and Laundry,HC+PC,5155,WAW,57,HENKEL INDUSTRIES LIMITED
23320,WAWCLDET850G,Waw Classic Detergent 850g X,108,Home Care and Laundry,HC+PC,5155,WAW,57,HENKEL INDUSTRIES LIMITED
23321,WAWCODETE70G,Waw Colour Detergent 70g X 54,108,Home Care and Laundry,HC+PC,5155,WAW,57,HENKEL INDUSTRIES LIMITED
23322,WAWCODETE170G,Waw Colour Detergent 170g X 26,108,Home Care and Laundry,HC+PC,5155,WAW,57,HENKEL INDUSTRIES LIMITED
23323,WAWCODETE850G,Waw Colour Detergent 850g X 7,108,Home Care and Laundry,HC+PC,5155,WAW,57,HENKEL INDUSTRIES LIMITED
23324,WAWLASOA130G,Waw Laundry Soap 130g X 50,108,Home Care and Laundry,HC+PC,5155,WAW,57,HENKEL INDUSTRIES LIMITED
23865,WAWCODET60G,Waw Color Detergent 60g X 54,108,Home Care and Laundry,HC+PC,5155,WAW,57,HENKEL INDUSTRIES LIMITED
23866,WAWCODET150G,Waw Color Detergent 150g X 27,108,Home Care and Laundry,HC+PC,5155,WAW,57,HENKEL INDUSTRIES LIMITED
25747,WAWCLDET130G,Waw Classic Detergent 130g X 28,108,Home Care and Laundry,HC+PC,5155,WAW,57,HENKEL INDUSTRIES LIMITED
25733,WAWBASP250G,Waw Bar Soap 250gx 20,108,Home Care and Laundry,HC+PC,5155,WAW,57,HENKEL INDUSTRIES LIMITED
42637,WAWHYPOBUNDLE,1 Hypo Italian Sachet75mlx105+1waw Classic Detergent 180gx26,108,Home Care and Laundry,HC+PC,5155,WAW,57,HENKEL INDUSTRIES LIMITED
37861,WAWPOBUCK1.8KG,Waw Powder Detergent Bucket 1.8kg  X 3+3,108,Home Care and Laundry,HC+PC,5155,WAW,57,HENKEL INDUSTRIES LIMITED
45978,WAWDET60G,Waw Classic Detergent 60g  X 48,108,Home Care and Laundry,HC+PC,5155,WAW,57,HENKEL INDUSTRIES LIMITED
45942,WAWCLDET180GX24,Waw Classic Detergent 180g X 24,108,Home Care and Laundry,HC+PC,5155,WAW,57,HENKEL INDUSTRIES LIMITED
30819,WAWBASP250GX10,Waw Bar Soap 250g X 10,108,Home Care and Laundry,HC+PC,5155,WAW,57,HENKEL INDUSTRIES LIMITED
26119,WAWCLDET60G,Waw Classic Detergent 60g  X 54,108,Home Care and Laundry,HC+PC,5155,WAW,57,HENKEL INDUSTRIES LIMITED
26272,WAWCLDET800G,Waw Classic Detergent 800g X 7,108,Home Care and Laundry,HC+PC,5155,WAW,57,HENKEL INDUSTRIES LIMITED
44195,WAWPOBUCK60G,Waw Powder Detergent 60g + 1 Bucket ,108,Home Care and Laundry,HC+PC,5155,WAW,57,HENKEL INDUSTRIES LIMITED
44197,WAWPOBUCK140G,Waw Powder Detergent 140g +  1 Bucket ,108,Home Care and Laundry,HC+PC,5155,WAW,57,HENKEL INDUSTRIES LIMITED
23138,TTPOSAC70G,Tasty Tom Peppe And Onion Tomato Paste Sachet 70g X 50,117,Seasoning cubes & Spices,Food,5156,Tasty  ,35,OLAM INTERNATIONAL
23325,TCFLCUB108G,Tasty Chicken Flavour Cube 108g X 42,117,Seasoning cubes & Spices,Food,5156,Tasty  ,35,OLAM INTERNATIONAL
23333,TCFLCUB108G,Tasty Chicken Flavour Cube 100g X 41,117,Seasoning cubes & Spices,Food,5156,Tasty  ,35,OLAM INTERNATIONAL
23327,TCCUB600G,Tasty Chicken Cube 600gm X 12,117,Seasoning cubes & Spices,Food,5156,Tasty  ,35,OLAM INTERNATIONAL
25844,TSTYTOMJLLF400G,Tasty Tom Jollof Mix 400g X 24,105,Condiments,Food,5156,Tasty  ,35,OLAM INTERNATIONAL
45880,TCFLCUB320G,Tasty Chicken Flavour Cube 320g X 20,117,Seasoning cubes & Spices,Food,5156,Tasty  ,35,OLAM INTERNATIONAL
26719,TCFLCUB100GX20BB,Tasty Chicken Flavour Cube 100g X 20,117,Seasoning cubes & Spices,Food,5156,Tasty  ,35,OLAM INTERNATIONAL
26720,TCFLCUB100GX40BB,Tasty Chicken Flavour Cube 100g X 40,117,Seasoning cubes & Spices,Food,5156,Tasty  ,35,OLAM INTERNATIONAL
45307,TASTYSEAPOWD400G,Tasty Chicken Flavour Seasoning  Powder  400g X 12,117,Seasoning cubes & Spices,Food,5156,Tasty  ,35,OLAM INTERNATIONAL
45309,TCFP400GX20,Tasty Chicken Flavor Powder 400g X 20,117,Seasoning cubes & Spices,Food,5156,Tasty  ,35,OLAM INTERNATIONAL
24948,TCFLCUB600G,Tasty Chicken Flavour Cube 600g X 24,117,Seasoning cubes & Spices,Food,5156,Tasty  ,35,OLAM INTERNATIONAL
37720,TCFLCUB400G,Tasty Chicken Flavour Cube 400g  X 20,117,Seasoning cubes & Spices,Food,5156,Tasty  ,35,OLAM INTERNATIONAL
37721,TCFLCUB80G,Tasty Chicken Flavour Cube 80g  X 20,117,Seasoning cubes & Spices,Food,5156,Tasty  ,35,OLAM INTERNATIONAL
25740,TCFLCUB100G,Tasty Chicken Flavour Cube 100g X 80,117,Seasoning cubes & Spices,Food,5156,Tasty  ,35,OLAM INTERNATIONAL
53173,PTP140GX1,Pepsodent Tripple Protection 123 140g X 1,114,Personal Care & Beauty,HC+PC,5157,Pepsodent,24,UNILEVER
53202,PEPSO140GX1,Pepsodent Toothpaste 140g X 1,114,Personal Care & Beauty,HC+PC,5157,Pepsodent,24,UNILEVER
23736,PEPTP40G,Pepsodent Triple Protection 40g X 48,114,Personal Care & Beauty,HC+PC,5157,Pepsodent,24,UNILEVER
23738,PEPCAVFI10G,Pepsodent Cavity Fighter 10g X 240,114,Personal Care & Beauty,HC+PC,5157,Pepsodent,24,UNILEVER
23330,PEPTP123140GPK5,Pepsodent Tripple Protection 123 140g X 10,114,Personal Care & Beauty,HC+PC,5157,Pepsodent,24,UNILEVER
30511,PEPCAVFIG240X10G,Pepsodent Thpaste Cavity Fighter 10g X 240,114,Personal Care & Beauty,HC+PC,5157,Pepsodent,24,UNILEVER
30507,PEPCAVFIGN50X140G,Pepsodent Cavity Fighter New 140g X 50,114,Personal Care & Beauty,HC+PC,5157,Pepsodent,24,UNILEVER
30508,PEP3PC48X40G,Pepsodent 3 Protection Comp 40g X 48,114,Personal Care & Beauty,HC+PC,5157,Pepsodent,24,UNILEVER
23334,POWHOR250ML,Power Horse 250ml X 24,106,Drinks,Beverages,5158,POWER HORSE,177,Spitz KG 
23375,STLOUIS500GPKT5,St. Louis Sugar 500g X 10,132,Sugar,Commodities,5159,ST. LOUIS,174,Saint Louis Sucre
23336,PUHEA250MLPKT4,Pure Heaven Sparkling Red Grape 250ml X,106,Drinks,Beverages,5160,PURE HEAVEN,178,Sun Mark
46347,PURHEVWINE75CL,Pure Heaven Sparkling Wine 75cl X 12,106,Drinks,Beverages,5160,PURE HEAVEN,178,Sun Mark
25144,FREYO400ML,Freshyo  Yoghurt(mixed Berry) 400mlx12,111,Milk & Dairy,Food,5161,FRESH YO ,218,CARAWAY AFRICA NIG LTD
25145,FRESYO1L,Freshyo  Sweetened Yoghurt 1lx10,111,Milk & Dairy,Food,5161,FRESH YO ,218,CARAWAY AFRICA NIG LTD
25146,FREYO150ML,Freshyo  Yoghurt(strawberry) 150mlx16,111,Milk & Dairy,Food,5161,FRESH YO ,218,CARAWAY AFRICA NIG LTD
25179,FRECAN20G,Freshyo Candy 20g X 50,101,Biscuits & Sweets,Food,5161,FRESH YO ,218,CARAWAY AFRICA NIG LTD
25180,FREPOP12G,Freshyo Pop 12g X 25,101,Biscuits & Sweets,Food,5161,FRESH YO ,218,CARAWAY AFRICA NIG LTD
25834,FYMIBRYOG750MLx6,Freshyo Yoghurt(mixed Berry) 750ml X,111,Milk & Dairy,Food,5161,FRESH YO ,35,OLAM INTERNATIONAL
25264,FRESTRAW1L,Freshyo Strawberry 1l X 10,106,Drinks,Beverages,5161,FRESH YO ,35,OLAM INTERNATIONAL
25265,FRESTRAW1LX10,Freshyo Plain 1l X 10,106,Drinks,Beverages,5161,FRESH YO ,35,OLAM INTERNATIONAL
24240,FRESTRAW400MLx6,Freshyo Strawberry 400ml X,111,Milk & Dairy,Food,5161,FRESH YO ,35,OLAM INTERNATIONAL
24241,FREPLA400MLx6,Freshyo Plain Sweet 400ml X,111,Milk & Dairy,Food,5161,FRESH YO ,35,OLAM INTERNATIONAL
44846,FREPLA375ML,Freshyo Plain Sweet 375ml  X 12,111,Milk & Dairy,Food,5161,FRESH YO ,35,OLAM INTERNATIONAL
44848,FRESTRAW375ML,Freshyo Strawberry 375ml  X 12,111,Milk & Dairy,Food,5161,FRESH YO ,35,OLAM INTERNATIONAL
23356,FYSTWYOG115ML,Freshyo Strawberry Yoghurt 115ml X 16,111,Milk & Dairy,Food,5161,FRESH YO ,35,OLAM INTERNATIONAL
23357,FYPLNYOG115ML,Freshyo Plain Yoghurt 115ml X 16,111,Milk & Dairy,Food,5161,FRESH YO ,35,OLAM INTERNATIONAL
23360,FREPLA400ML,Freshyo Plain Sweet 400ml X 12,111,Milk & Dairy,Food,5161,FRESH YO ,35,OLAM INTERNATIONAL
23361,FRESTRAW400ML,Freshyo Strawberry 400ml X 12,111,Milk & Dairy,Food,5161,FRESH YO ,35,OLAM INTERNATIONAL
23362,FREPLA750ML,Freshyo Plain 750ml X,106,Drinks,Beverages,5161,FRESH YO ,35,OLAM INTERNATIONAL
23363,FRESTRAW750ML,Freshyo Strawberry 750ml X,106,Drinks,Beverages,5161,FRESH YO ,35,OLAM INTERNATIONAL
23358,OLPFEMLK160G,Olympic Filled Evap Milk 160g X 24,111,Milk & Dairy,Food,5162,Olympic,58,NUTRICIMA
23365,FAYPLE33CL,Fayrouz Pineapple Can 33cl X 24,106,Drinks,Beverages,5163,Fayrouz,2,NIGERIAN BREWERIES PLC
26050,FAYPLEPET33CL,Fayrouz Pineapple Pet 33cl  X 24,106,Drinks,Beverages,5163,Fayrouz,2,NIGERIAN BREWERIES PLC
26090,FAYPLEPT33CL,Fayrouz Pineapple Pet 33cl  X 12,106,Drinks,Beverages,5163,Fayrouz,2,NIGERIAN BREWERIES PLC
23400,SUNVITA40G,Sunvita Cereal 40g X 50,103,Cereal & Breakfast,Food,5164,Sunvita,26,PROMASIDOR HOLDINGS
23421,SUNVITA30G,Sunvita Cereal 30g X 50,103,Cereal & Breakfast,Food,5164,Sunvita,26,PROMASIDOR HOLDINGS
23422,SUNVITACHO30G,Sunvita Cereal Choco 30g X 50,103,Cereal & Breakfast,Food,5164,Sunvita,26,PROMASIDOR HOLDINGS
23401,MIKSI12G,Miksi Milk Sachet 12g X 250,111,Milk & Dairy,Food,5165,Miksi,26,PROMASIDOR HOLDINGS
23402,MIKSI320G,Miksi Milk Refill 320g X 12,111,Milk & Dairy,Food,5165,Miksi,26,PROMASIDOR HOLDINGS
26711,MIKSCHOC17GX125BB,Miksi Chocolate Sachet 17g X 125,110,Hot Chocolate Drinks,Food,5165,Miksi,26,PROMASIDOR HOLDINGS
30435,MIKSI12GX200,Miksi Milk Sachet 12g X 200,111,Milk & Dairy,Food,5165,Miksi,26,PROMASIDOR HOLDINGS
25539,MIKSI800G,Miksi 800g Pouch X,111,Milk & Dairy,Food,5165,Miksi,26,PROMASIDOR HOLDINGS
23997,MIKSCHOC17G,Miksi Chocolate Sachet 17g X 250,110,Hot Chocolate Drinks,Food,5165,Miksi,26,PROMASIDOR HOLDINGS
24057,MIKSISA360G,Mikisi Sachet 360g X 12,111,Milk & Dairy,Food,5165,Miksi,26,PROMASIDOR HOLDINGS
24250,MIKSI12Gx125,Miksi Milk Sachet 12g X 125,111,Milk & Dairy,Food,5165,Miksi,26,PROMASIDOR HOLDINGS
24251,MIKSI320Gx6,Miksi Milk Sachet 320g X,111,Milk & Dairy,Food,5165,Miksi,26,PROMASIDOR HOLDINGS
23496,BUNDCW012ACFL28X52,Dano Coolcow 12g + Kellogg's Cornflakes 28g X (48 + 4 Free),102,Bundle & Rolls,Bundles,5166,Bundle,161,BUNDLE
23553,HHS001IR,Hypo Sachet 75mlx77+ Irish Spring (icy+original) 3x100gmx2,102,Bundle & Rolls,Bundles,5166,Bundle,161,BUNDLE
46311,BP001,Test Sku,106,Drinks,Beverages,5166,Bundle,161,BUNDLE
23423,GMORN45G,Golden Morn Sachet 45g X 10 X 10,103,Cereal & Breakfast,Food,5167,Nestle,42,NESTLÉ NIGERIA PLC
25576,GMORN45Gx10,1 Roll Golden Morn Sachet 45g X 10,102,Bundle & Rolls,Bundles,5167,Nestle,42,NESTLÉ NIGERIA PLC
26772,MAGMC6G,Maggi Mixpy Classic 6g  X 10 X 65,117,Seasoning cubes & Spices,Food,5167,Nestle,42,NESTLÉ NIGERIA PLC
30332,MAGSEAPWD100G,Maggi Seasoning Powder 100g  X 8 X 10,117,Seasoning cubes & Spices,Food,5167,Nestle,42,NESTLÉ NIGERIA PLC
26441,GMORN45Gx5,Golden Morn Sachet 45g X 10 X,103,Cereal & Breakfast,Food,5167,Nestle,42,NESTLÉ NIGERIA PLC
54680,MAGJO100G,Maggi Signature Jollof 100g X 60,105,Condiments,Food,5167,Nestle,42,NESTLÉ NIGERIA PLC
32542,NAN2COM400G,Nan 2 L Comfortis Can 400g X 12,103,Cereal & Breakfast,Food,5167,Nestle,42,NESTLÉ NIGERIA PLC
32544,CERMAIZCA1KG,Cerelac Maize Care 1kg  X,103,Cereal & Breakfast,Food,5167,Nestle,42,NESTLÉ NIGERIA PLC
33062,NC3IN125GX200,Nescafe Original 3 In 1 25g X 20 X 10,104,Coffee & Tea,Food,5167,Nestle,42,NESTLÉ NIGERIA PLC
23667,MAMAVEG3.5L,Mamador Vegetable Oil 3.5ltr X,135,Oil,Food,5168,Mamador,47,PZ WILMAR
23669,MAMAVEG1.5L,Mamador Vegetable Oil Pet 1.5ltr X,135,Oil,Food,5168,Mamador,47,PZ WILMAR
23670,MAMAVEG900ML,Mamador Vegetable Oil 900ml X 12,135,Oil,Food,5168,Mamador,47,PZ WILMAR
23671,MAMAVEG500ML,Mamador Vegetable Oil Pet 500ml X 24,135,Oil,Food,5168,Mamador,47,PZ WILMAR
23477,MCOILSACH40ML,Mamador Sachet 40ml X 100,135,Oil,Food,5168,Mamador,47,PZ WILMAR
45285,MCOILSACH45ML,Mamador Sachet 45ml X 120,135,Oil,Food,5168,Mamador,47,PZ WILMAR
24956,MAMAVEG2.5L,Mamador Vegetable Oil 2.5ltr X,135,Oil,Food,5168,Mamador,47,PZ WILMAR
25223,MAMASTUB450G,Mamador Spread Tubs 450g × 24,105,Condiments,Food,5168,Mamador,47,PZ WILMAR
25224,MAMASTUB250G,Mamador Spread Tubs 250g × 24,105,Condiments,Food,5168,Mamador,47,PZ WILMAR
25839,MAMAVEG1000MLX12,Mamador Vegetable Oil Sachet 1000ml X 12,135,Oil,Food,5168,Mamador,47,PZ WILMAR
25821,MAMASLF25GX24,Mamador Spread Light Fat 25g X 24,105,Condiments,Food,5168,Mamador,47,PZ WILMAR
25822,MAMASCCH5GX12,Mamador Seasoning Cube Beef 5g X 12,117,Seasoning cubes & Spices,Food,5168,Mamador,47,PZ WILMAR
25823,MAMASCCL5GX12,Mamador Seasoning Cube Classic 5g X 12,117,Seasoning cubes & Spices,Food,5168,Mamador,47,PZ WILMAR
26549,MCOILSACH30ML,Mamador Sachet 30ml  X 100,135,Oil,Food,5168,Mamador,47,PZ WILMAR
23559,MREKPAPE50G,Mr Ekpa Peanut 50g X 78,118,Snacks and Chin Chin,Food,5171,MR EKPA,170,L&L Foods
23560,MRRKPAPE78G,Mr Ekpa Peanut 78g X 30,118,Snacks and Chin Chin,Food,5171,MR EKPA,170,L&L Foods
23561,MREKPAPE500G,Mr Ekpa Groundnut 500g X,118,Snacks and Chin Chin,Food,5171,MR EKPA,170,L&L Foods
25406,PROMMREKPAPE500G,Promo Mr Ekpa Groundnut 500g X,115,Promo,Promo,5171,MR EKPA,170,L&L Foods
30614,MREKPAPE50GX39,Mr Ekpa Peanut 50g X 39,118,Snacks and Chin Chin,Food,5171,MR EKPA,170,L&L Foods
26147,KDELPEA50GX39,Kings Delight Peanut 50g X 39,118,Snacks and Chin Chin,Food,5173,KINGS DELIGHT,266,KINGS DELIGHT
23015,CLIENDR33CL,Climax Energy Drink Sleek  24 X 33cl Can,106,Drinks,Beverages,5176,Climax,2,NIGERIAN BREWERIES PLC
23016,CLIENDR50CL,Climax Energy Drink Sleek 12 X 50cl Pet,106,Drinks,Beverages,5176,Climax,2,NIGERIAN BREWERIES PLC
25408,PROMCLIENDR50CL,Promo Climax Energy Drink Sleek 12 X 50cl Pet,106,Drinks,Beverages,5176,Climax,2,NIGERIAN BREWERIES PLC
24227,CLIENDR50CLx6,Climax Energy Drink Sleek 6 X 50cl Pet,106,Drinks,Beverages,5176,Climax,2,NIGERIAN BREWERIES PLC
23682,MOUNTDEW50CL,Mountain Dew 50cl Pet Bottle X 12,106,Drinks,Beverages,5177,Mountain Dew,1,SEVEN-UP BOTTLING COMPANY
24079,AQUAWATER50CL,Aquafina Water 50cl X 12,106,Drinks,Beverages,5178,Aquafina ,1,SEVEN-UP BOTTLING COMPANY
23681,AQUAWATER75CL,Aquafina Water 75cl X 12,106,Drinks,Beverages,5178,Aquafina ,1,SEVEN-UP BOTTLING COMPANY
23965,33B60CLBTC,33 Export Beer 60cl X 12 (bottle + Crate),106,Drinks,Beverages,5179,33,2,NIGERIAN BREWERIES PLC
23707,33BLIQCNT60CL,33 Export Beer Liquid Content 60cl X 12,106,Drinks,Beverages,5179,33,2,NIGERIAN BREWERIES PLC
22675,33EXPLABECAN50CL,33 Export Lager Beer Can 50cl X 24,106,Drinks,Beverages,5179,33,2,NIGERIAN BREWERIES PLC
26675,33EXPLABECAN50CLx12B,33 Export Lager Beer Can 50cl X 12,106,Drinks,Beverages,5179,33,2,NIGERIAN BREWERIES PLC
54652,7UPF40CL30P1,7up Pet Bottle 40cl X 12(30+1),106,Drinks,Beverages,5180,7Up,1,SEVEN-UP BOTTLING COMPANY
54655,MIDCAL60CL30P1,Midcal 60cl X 12 Pet Bottle 30+1,106,Drinks,Beverages,5180,7Up,1,SEVEN-UP BOTTLING COMPANY
24101,7UP50CLx6,7up Pet Bottle 50cl X,106,Drinks,Beverages,5180,7Up,1,SEVEN-UP BOTTLING COMPANY
45675,7UPRGB35CL,7up Rgb 35cl X 24,106,Drinks,Beverages,5180,7Up,1,SEVEN-UP BOTTLING COMPANY
45677,7UPRGB5OCL,7up Rgb 50cl X 24 ,106,Drinks,Beverages,5180,7Up,1,SEVEN-UP BOTTLING COMPANY
53884,7UP60CL,7up Pet Bottle 60cl X 12,106,Drinks,Beverages,5180,7Up,1,SEVEN-UP BOTTLING COMPANY
53085,SBTR20GX2,Test Run X 1,106,Drinks,Beverages,5180,7Up,1,SEVEN-UP BOTTLING COMPANY
45876,MIDCAL60CL,Midcal 60cl X 12 Pet Bottle ,106,Drinks,Beverages,5180,7Up,1,SEVEN-UP BOTTLING COMPANY
32380,CHFMLTPET30CL,Chief Malt Pet Bottle 30cl  X 12,106,Drinks,Beverages,5180,7Up,1,SEVEN-UP BOTTLING COMPANY
21946,7UP50CL,7up Pet Bottle 50cl X 12,106,Drinks,Beverages,5180,7Up,1,SEVEN-UP BOTTLING COMPANY
22537,H2050CL,7up H2o Pet Bottle 50cl X 12,106,Drinks,Beverages,5180,7Up,1,SEVEN-UP BOTTLING COMPANY
24076,7UPF40CL,7up Free Pet Bottle 40cl X 12,106,Drinks,Beverages,5180,7Up,1,SEVEN-UP BOTTLING COMPANY
22542,7UPSUGFR50CL,7up Sugar Free Pet Bottle 50cl X 12,106,Drinks,Beverages,5180,7Up,1,SEVEN-UP BOTTLING COMPANY
24362,AOILSAC70ML,Activa Oil Sachet 70ml X 80,135,Oil,Food,5181,Activa,5,GOLDEN OIL INDUSTRIES LIMITED
24363,AOILSAC1LTR,Activa Oil Sachet 1ltr X 12,135,Oil,Food,5181,Activa,5,GOLDEN OIL INDUSTRIES LIMITED
24364,AOILBOT1LTR,Activa Oil Bottle 1ltr X 12,135,Oil,Food,5181,Activa,5,GOLDEN OIL INDUSTRIES LIMITED
24365,AOILBOT2LTR,Activa Oil Bottle 2ltr X,135,Oil,Food,5181,Activa,5,GOLDEN OIL INDUSTRIES LIMITED
24366,AOILBOT3LTR,Activa Oil Bottle 3ltr X,135,Oil,Food,5181,Activa,5,GOLDEN OIL INDUSTRIES LIMITED
24367,AOILBOT5LTR,Activa Oil Bottle 5ltr X,135,Oil,Food,5181,Activa,5,GOLDEN OIL INDUSTRIES LIMITED
25455,AOILSAC40ML,Activa Oil Sachet 40ml X 100,135,Oil,Food,5181,Activa,5,GOLDEN OIL INDUSTRIES LIMITED
25465,AOILSAC450ML,Activa Oil Sachet 450ml X 20,135,Oil,Food,5181,Activa,5,GOLDEN OIL INDUSTRIES LIMITED
25478,ACTOGBOT5LTR,Activa Oil Gold Bottle 5ltr X,135,Oil,Food,5181,Activa,5,GOLDEN OIL INDUSTRIES LIMITED
25591,AOILKEG25LTR,Activa Oil Keg 25ltr,135,Oil,Food,5181,Activa,5,GOLDEN OIL INDUSTRIES LIMITED
25686,AOILSAC40MLx50,Activa Oil Sachet 40ml X 50,135,Oil,Food,5181,Activa,5,GOLDEN OIL INDUSTRIES LIMITED
43245,ACTIPUR5LTR,Activa  Pure Soya Oil 5ltr X 1,135,Oil,Food,5181,Activa,5,GOLDEN OIL INDUSTRIES LIMITED
43246,ACTISACHET40ML,Activa Oil 40ml Sachet  X 100,135,Oil,Food,5181,Activa,5,GOLDEN OIL INDUSTRIES LIMITED
43247,ACTPURSOYA60ML,Activa Pure Oil Soya 60ml X 85,135,Oil,Food,5181,Activa,5,GOLDEN OIL INDUSTRIES LIMITED
26154,AOILSAC1LTRX6,Activa Oil Sachet 1l X,135,Oil,Food,5181,Activa,5,GOLDEN OIL INDUSTRIES LIMITED
26725,AOILSAC450MLX10BB,Activa Oil Sachet 450ml X 10,135,Oil,Food,5181,Activa,5,GOLDEN OIL INDUSTRIES LIMITED
23030,AOILSAC65ML,Activa Oil Sachet 65ml X 80 ,135,Oil,Food,5181,Activa,5,GOLDEN OIL INDUSTRIES LIMITED
23165,AIRGP45GPKT16,Airwick Drummer Air Freshner Green Apple 45g X,108,Home Care and Laundry,HC+PC,5182,Airwick Drummer,6,RECKITT
23166,AIRFF45GPKT16,Airwick Drummer Gel Air Freshener Fresh Waters 45g X,108,Home Care and Laundry,HC+PC,5182,Airwick Drummer,6,RECKITT
23167,AIRLAV45GPKT16,Airwick Drummer Gel Air Freshener Lavender 45g X,108,Home Care and Laundry,HC+PC,5182,Airwick Drummer,6,RECKITT
23168,AIRROS45GPKT16,Airwick Drummer Gel Air Freshener Rose 45g X,108,Home Care and Laundry,HC+PC,5182,Airwick Drummer,6,RECKITT
23169,AIRPJ45GPKT16,Airwick Drummer Gel Air Freshener Peach & Jasmine 45g X,108,Home Care and Laundry,HC+PC,5182,Airwick Drummer,6,RECKITT
25410,PROMBIGORG52.5CL,Promo Big Orange Pet Bottle 52.5cl X 12,115,Promo,Promo,5184,BIG,15,THE BIG BOTTLING COMPANY
23988,FANTA35CL,Fanta Pet Bottle 35cl X 12,106,Drinks,Beverages,5184,BIG,15,THE BIG BOTTLING COMPANY
24099,BIGCOLA52.5CLx6,Big Cola Pet Bottle 52.5cl X,106,Drinks,Beverages,5184,BIG,15,THE BIG BOTTLING COMPANY
24168,BIGCOLA360ML,Big Cola 360ml X 12,106,Drinks,Beverages,5184,BIG,15,THE BIG BOTTLING COMPANY
24169,BIGTROP360ML,Big Tropical 360ml X 12,106,Drinks,Beverages,5184,BIG,15,THE BIG BOTTLING COMPANY
24170,BIGORAN360ML,Big Orange 360ml X 12,106,Drinks,Beverages,5184,BIG,15,THE BIG BOTTLING COMPANY
24171,BIGGRAPP360ML,Big Green Apple 360ml X 12,106,Drinks,Beverages,5184,BIG,15,THE BIG BOTTLING COMPANY
25003,BIGCOLA360MLX6,Big Cola 360ml X,106,Drinks,Beverages,5184,BIG,15,THE BIG BOTTLING COMPANY
25008,FANTA35CLx6,Fanta Pet Bottle 35cl X,106,Drinks,Beverages,5184,BIG,15,THE BIG BOTTLING COMPANY
22750,BIGLEMON52.5CL,Big Lemon Pet Bottle 52.5cl X 12,106,Drinks,Beverages,5184,BIG,15,THE BIG BOTTLING COMPANY
22429,BIGCOLA52.5CL,Big Cola Pet Bottle 52.5cl X 12,106,Drinks,Beverages,5184,BIG,15,THE BIG BOTTLING COMPANY
23149,BIGCOLA60CL,Big Cola 60cl X 12,106,Drinks,Beverages,5184,BIG,15,THE BIG BOTTLING COMPANY
23856,BIGORG52.5CL,Big Orange Pet Bottle  52.5cl X 12,106,Drinks,Beverages,5184,BIG,15,THE BIG BOTTLING COMPANY
23215,BRAVBIS95G,Bravita Biscuits 95g X 48,101,Biscuits & Sweets,Food,5185,Bravita,7,OK FOODS
22329,CADHC30G,Cadbury Hot Chocolate 3 In 1 Sachet 30g X 120,110,Hot Chocolate Drinks,Food,5186,Cadbury Hot Chocolate,19,CADBURY
44227,CADCHDR500G,Cadbury Drink 500g X 6,104,Coffee & Tea,Food,5186,Cadbury Hot Chocolate,19,CADBURY
45211,CADHC30GX132,Cadbury Hot Chocolate 3 In 1 Sachet 30g X 132,110,Hot Chocolate Drinks,Food,5186,Cadbury Hot Chocolate,19,CADBURY
25857,CPSAC40MLPK6x26,Captain Jack Sachet 4cl X 6 X 26,106,Drinks,Beverages,5187,Captain Jack,4,INTERCONTINENTAL DISTILLERS LIMITED (IDL)
23037,CPSAC40MLPK6,Captain Jack Sachet 4cl X 24 ,106,Drinks,Beverages,5187,Captain Jack,4,INTERCONTINENTAL DISTILLERS LIMITED (IDL)
53025,CPSAC30MLPKx30,Captain Jack Sachet 3cl X 30,106,Drinks,Beverages,5187,Captain Jack,4,INTERCONTINENTAL DISTILLERS LIMITED (IDL)
53028,DARRUM12CL,Captain Jack Dark Rum 12cl X 40 ,106,Drinks,Beverages,5187,Captain Jack,4,INTERCONTINENTAL DISTILLERS LIMITED (IDL)
21624,CLB002,Big Celebration Pack,102,Bundle & Rolls,Bundles,5188,Celebration Pack,164,DUFIL
23956,FSCBJ10G,Fun Snax Cheese Balls Senior 10g X 50,118,Snacks and Chin Chin,Food,5189,Cheese Balls,39,SUNLIGHT RESOURCES LIMITED
24061,FSCBJ12GMx50,Fun Snax Cheese Balls Senior 12g X 50,118,Snacks and Chin Chin,Food,5189,Cheese Balls,39,SUNLIGHT RESOURCES LIMITED
24062,FSCHBALJB22G,Fun Snax Cheese Balls Jumbo 22g X 30 + 2 Free,118,Snacks and Chin Chin,Food,5189,Cheese Balls,39,SUNLIGHT RESOURCES LIMITED
24065,FSCBJ10Gx62,Fun Snax Cheese Balls Senior 10g X 62,118,Snacks and Chin Chin,Food,5189,Cheese Balls,39,SUNLIGHT RESOURCES LIMITED
42956,FSCHBALJB10G,Fun Snax Cheese Balls Jumbo 10g  X 50,118,Snacks and Chin Chin,Food,5189,Cheese Balls,39,SUNLIGHT RESOURCES LIMITED
26630,FSCBJ6Gx66,Fun Snax Cheese Balls Senior 6g  X 60 + 6 Sachets,118,Snacks and Chin Chin,Food,5189,Cheese Balls,39,SUNLIGHT RESOURCES LIMITED
23355,FSCBJ9G,Fun Snax Cheese Balls Junior 9g X 75,118,Snacks and Chin Chin,Food,5189,Cheese Balls,39,SUNLIGHT RESOURCES LIMITED
22979,FSCHBALJN9G,Fun Snax Cheese Balls Junior 9g X 60,118,Snacks and Chin Chin,Food,5189,Cheese Balls,39,SUNLIGHT RESOURCES LIMITED
22980,FSCHBALJB27G,Fun Snax Cheese Balls Jumbo 27g X 30,118,Snacks and Chin Chin,Food,5189,Cheese Balls,39,SUNLIGHT RESOURCES LIMITED
25490,FSCBJ8Gx62,Fun Snax Cheese Balls Senior 8g X 60 + 2sachets Free,118,Snacks and Chin Chin,Food,5189,Cheese Balls,39,SUNLIGHT RESOURCES LIMITED
23709,FSCBJ12GM,Fun Snax Cheese Balls Senior 12g X 52,118,Snacks and Chin Chin,Food,5189,Cheese Balls,39,SUNLIGHT RESOURCES LIMITED
26239,FSCBJ6Gx64,Fun Snax Cheese Balls Senior 6g  X 60 + 4 Sachets,118,Snacks and Chin Chin,Food,5189,Cheese Balls,39,SUNLIGHT RESOURCES LIMITED
43444,CHEESFAMPCK18G,Cheese Balls Family Pack 18g  X 50,118,Snacks and Chin Chin,Food,5189,Cheese Balls,39,SUNLIGHT RESOURCES LIMITED
44265,FSCHBALFP15G,Fun Snax Cheese Balls Family Pack 15g  X 50,118,Snacks and Chin Chin,Food,5189,Cheese Balls,39,SUNLIGHT RESOURCES LIMITED
44577,FSCHBALFP15G24,Fun Snax Cheese Balls Family Pack 15g  X 24,118,Snacks and Chin Chin,Food,5189,Cheese Balls,39,SUNLIGHT RESOURCES LIMITED
43255,FSCHBALJB12G, Fun Snax Cheese Balls Jumbo 12g X 50,118,Snacks and Chin Chin,Food,5189,Cheese Balls,39,SUNLIGHT RESOURCES LIMITED
43256,FSCHBALFP25G, Fun Snax Cheese Balls Family Pack 12g X 32,118,Snacks and Chin Chin,Food,5189,Cheese Balls,39,SUNLIGHT RESOURCES LIMITED
54936,CHELDRGN375ML,Chelsea London Dry Gin 375ml X 12,106,Drinks,Beverages,5190,Chelsea Dry Gin,4,INTERCONTINENTAL DISTILLERS LIMITED (IDL)
43366,CHELS336X3CL,Chelsea 336 X 3cl ,106,Drinks,Beverages,5190,Chelsea Dry Gin,4,INTERCONTINENTAL DISTILLERS LIMITED (IDL)
23039,CGSAC30MLPK12,Chelsea Gin Sachet 30ml X 25 ,106,Drinks,Beverages,5190,Chelsea Dry Gin,4,INTERCONTINENTAL DISTILLERS LIMITED (IDL)
31208,CGSAC30ML30MLX25,Chelsea Gin Sachet 30ml X 25 X 12,106,Drinks,Beverages,5190,Chelsea Dry Gin,4,INTERCONTINENTAL DISTILLERS LIMITED (IDL)
37722,CDGSAC20CL,Chelsea Dry Gin Sachet 20cl X 24,106,Drinks,Beverages,5190,Chelsea Dry Gin,4,INTERCONTINENTAL DISTILLERS LIMITED (IDL)
37723,CDGSAC18CL,Chelsea Dry Gin Sachet 18cl X 24,106,Drinks,Beverages,5190,Chelsea Dry Gin,4,INTERCONTINENTAL DISTILLERS LIMITED (IDL)
37724,CDGSAC10CL,Chelsea  Dry Gin Sachet 10cl X 36,106,Drinks,Beverages,5190,Chelsea Dry Gin,4,INTERCONTINENTAL DISTILLERS LIMITED (IDL)
37749,CDGPET20CL,Chelsea  Dry Gin Pet 20cl X 24,106,Drinks,Beverages,5190,Chelsea Dry Gin,4,INTERCONTINENTAL DISTILLERS LIMITED (IDL)
37750,CDGPET18CL,Chelsea  Dry Gin Pet 18cl X 24,106,Drinks,Beverages,5190,Chelsea Dry Gin,4,INTERCONTINENTAL DISTILLERS LIMITED (IDL)
37858,CHEXPICON315MLX12,Chi Exotic Pineapple And Coconut Nectar 315ml  X 12,106,Drinks,Beverages,5191,Chi Exotic,21,CHI LIMITED
42468,CHEPI125ML,Exotic Pinacolada 125ml  X 24pcs,106,Drinks,Beverages,5191,Chi Exotic,21,CHI LIMITED
23059,CHIEXPCN1LTR,Chi Exotic Pineapple And Coconut Nectar 1l X 10,106,Drinks,Beverages,5191,Chi Exotic,21,CHI LIMITED
23060,CHIEXPCN150ML,Chi Exotic Pineapple And Coconut Nectar 150mlx24,106,Drinks,Beverages,5191,Chi Exotic,21,CHI LIMITED
23099,CHEMU1LTR,Exotic Multifruita 1ltr X 10pcs,106,Drinks,Beverages,5191,Chi Exotic,21,CHI LIMITED
23100,CHEPI1LTR,Chi Exotic Pinacolada 1ltr X 10pcs,106,Drinks,Beverages,5191,Chi Exotic,21,CHI LIMITED
23101,CHEMA1LTR,Exotic Mango 1ltr X 10pcs,106,Drinks,Beverages,5191,Chi Exotic,21,CHI LIMITED
23102,CHEPI150ML,Exotic Pinacolada 150ml X 24pcs,106,Drinks,Beverages,5191,Chi Exotic,21,CHI LIMITED
23103,CHEPI315ML,Chi Exotic Pinacolada 315ml X 24pcs,106,Drinks,Beverages,5191,Chi Exotic,21,CHI LIMITED
23104,CHEPICN330ML,Chi Exotic Pinacolada Can 330ml X 24pcs,106,Drinks,Beverages,5191,Chi Exotic,21,CHI LIMITED
23105,CHEPI500ML,Chi Exotic Pinacolada 500ml X 10pcs,106,Drinks,Beverages,5191,Chi Exotic,21,CHI LIMITED
25148,CHIEXPCN315MLx12,Chi Exotic (pinaplecolada) 315mlx12,106,Drinks,Beverages,5191,Chi Exotic,21,CHI LIMITED
25149,CHIEXPCN500MLx6,Chi Exotic (pinaplecolada) 500mlx6,106,Drinks,Beverages,5191,Chi Exotic,21,CHI LIMITED
45633,CHIEXOTIC1LTRS,Chivita Exotic Pineapple & Coconut Nectar – 1litre X 10,106,Drinks,Beverages,5191,Chi Exotic,21,CHI LIMITED
42533,CHCHDOC30G,Chic Choc Double Cream 30g  X 48,101,Biscuits & Sweets,Food,5192,Chic Choc,7,OK FOODS
23219,CHCHVAB15G,Chic Choc Vanilla  Biscuits15g X 120,101,Biscuits & Sweets,Food,5192,Chic Choc,7,OK FOODS
25190,CHCHDOC36,Chic Choc Double Cream 36 X 48,101,Biscuits & Sweets,Food,5192,Chic Choc,7,OK FOODS
22981,FSCHOMAL40G,Fun Snax Choco Malt Sachet 40g X 30,103,Cereal & Breakfast,Food,5193,Choco Malt,39,SUNLIGHT RESOURCES LIMITED
24332,FSCHOMAL30G,Fun Snax Choco Malt Sachet 30g X 40 ,103,Cereal & Breakfast,Food,5193,Choco Malt,39,SUNLIGHT RESOURCES LIMITED
24265,FSCHOMAL350G,Fun Snax Choco Malt Box 350g X 10,103,Cereal & Breakfast,Food,5193,Choco Malt,39,SUNLIGHT RESOURCES LIMITED
24393,FSCHOMAL30Gx30,Fun Snax Choco Malt Sachet 30g X 30 + 1 Free ,103,Cereal & Breakfast,Food,5193,Choco Malt,39,SUNLIGHT RESOURCES LIMITED
22739,DMILCLASPEA50G,De Miller Classic Peanut 40g X 78,118,Snacks and Chin Chin,Food,5194,Classic Peanuts,162,CLASSIC PEANUTS
26165,DMILCLASPEA40GX39,De Miller Classic Peanut 40g X 39,118,Snacks and Chin Chin,Food,5194,Classic Peanuts,162,CLASSIC PEANUTS
26155,DMILCLASPEA50GX39,De Miller Classic Peanut 40g X 39,118,Snacks and Chin Chin,Food,5194,Classic Peanuts,162,CLASSIC PEANUTS
53165,CUTP130GX1,Closeup Toothpaste 130g X 1,114,Personal Care & Beauty,HC+PC,5195,Closeup,24,UNILEVER
23130,CLUPTF140GPCK5,Closeup Triple  Fresh Red Gel 140g X 10,114,Personal Care & Beauty,HC+PC,5195,Closeup,24,UNILEVER
22433,CLSUPEVFRSH40G,Closeup Ever Fresh Red Hot 40g X 48,114,Personal Care & Beauty,HC+PC,5195,Closeup,24,UNILEVER
22454,CLSUPEVFRSH10G,Closeup Ever Fresh Red Hot 10g X 260,114,Personal Care & Beauty,HC+PC,5195,Closeup,24,UNILEVER
22015,CLSUP140G,Closeup Ever Fresh Red Hot 140g X 50,114,Personal Care & Beauty,HC+PC,5195,Closeup,24,UNILEVER
24277,CLSUPHE120G,Closeup Herbal Toothpaste 120g X 50,114,Personal Care & Beauty,HC+PC,5195,Closeup,24,UNILEVER
30503,CLOEVFRRH48X40G,Closeup Everfresh Redhot 40g X 48,114,Personal Care & Beauty,HC+PC,5195,Closeup,24,UNILEVER
30504,CLOCFP48X40G,Closeup Complete Fresh Protect 40g X 48,114,Personal Care & Beauty,HC+PC,5195,Closeup,24,UNILEVER
30505,CLOCFP36X140G,Closeup Complete Fresh Protect 140g X 36,114,Personal Care & Beauty,HC+PC,5195,Closeup,24,UNILEVER
30506,CLOEVFRERH50X90G,Closeup Everfresh Red Hot 90g X 50,114,Personal Care & Beauty,HC+PC,5195,Closeup,24,UNILEVER
23137,DTPTSAC65G,De Rica Tomato Paste Sachet 65g X 50,117,Seasoning cubes & Spices,Food,5196,De Rica,30,DE RICA NIGERIA
25401,PRDRTOM65G,Promo Dr Tomato Paste 65g X 50,115,Promo,Promo,5196,De Rica,30,DE RICA NIGERIA
26602,DTPTSAC60G,De Rica Tomato Paste Sachet 60g X 50,117,Seasoning cubes & Spices,Food,5196,De Rica,30,DE RICA NIGERIA
44727,DERICSACH55G,De Rica Tomato Paste Sachet 55g X 50,105,Condiments,Food,5196,De Rica,30,DE RICA NIGERIA
54146,DERICATINTOP2200G,De Rica Tin Tomato 2200g X 6,105,Condiments,Food,5196,De Rica,137,Hebei Tomato Industry Co LTD
45946,DBSC110GPKT12x72,Dettol Anti Bacterial Soap Cool 110g X 72,114,Personal Care & Beauty,HC+PC,5197,Dettol,6,RECKITT
45994,DSO75G,Dettol Anti Bacterial Soap Original 75g X 144,114,Personal Care & Beauty,HC+PC,5197,Dettol,6,RECKITT
45996,DSABC75G,Dettol Anti Bacterial Soap Cool 75g X 144,114,Personal Care & Beauty,HC+PC,5197,Dettol,6,RECKITT
55076,GSO50GPKT50,Dettol Anti-bacterial Soap Original 50g X 144,114,Personal Care & Beauty,HC+PC,5197,Dettol,6,RECKITT
25350,DSO160GPKT48,Dettol Antibacterial Original Soap 160g X 48,114,Personal Care & Beauty,HC+PC,5197,Dettol,6,RECKITT
25351,DSS160GPKT48,Dettol Antibacterial Skin Care Soap 160g X 48,114,Personal Care & Beauty,HC+PC,5197,Dettol,6,RECKITT
25356,DSC160GPKT48,Dettol Antibacterial Cool Soap 160g X 48,114,Personal Care & Beauty,HC+PC,5197,Dettol,6,RECKITT
25357,DSPG160GPKT48,Dettol Antibacterial Pink Glow Soap 160g X 48,114,Personal Care & Beauty,HC+PC,5197,Dettol,6,RECKITT
25358,DSET160GPKT48,Dettol Antibacterial Eventone Soap 160g X 48,114,Personal Care & Beauty,HC+PC,5197,Dettol,6,RECKITT
25359,DSO160GPKT24,Dettol Antibacterial Original Soap 160g X 24,114,Personal Care & Beauty,HC+PC,5197,Dettol,6,RECKITT
25360,DSS160GPKT24,Dettol Antibacterial Skin Care Soap 160g X 24,114,Personal Care & Beauty,HC+PC,5197,Dettol,6,RECKITT
25361,DSC160GPKT24,Dettol Antibacterial Cool Soap 160g X 24,114,Personal Care & Beauty,HC+PC,5197,Dettol,6,RECKITT
25362,DSPG160GPKT24,Dettol Antibacterial Pink Glow Soap 160g X 24,114,Personal Care & Beauty,HC+PC,5197,Dettol,6,RECKITT
25363,DSET160GPKT24,Dettol Antibacterial Eventone Soap 160g X 24,114,Personal Care & Beauty,HC+PC,5197,Dettol,6,RECKITT
25364,DSS160GPKT4,Dettol Antibacterial Skin Care Soap 160g X,114,Personal Care & Beauty,HC+PC,5197,Dettol,6,RECKITT
25365,DSC160GPKT4,Dettol Antibacterial Cool Soap 160g X,114,Personal Care & Beauty,HC+PC,5197,Dettol,6,RECKITT
25366,DSPG160GPKT4,Dettol Antibacterial Pink Glow Soap 160g X,114,Personal Care & Beauty,HC+PC,5197,Dettol,6,RECKITT
25367,DSET160GPKT4,Dettol Antibacterial Eventone Soap 160g X,114,Personal Care & Beauty,HC+PC,5197,Dettol,6,RECKITT
25368,DSO160GPKT4,Dettol Antibacterial Soap 160g X,114,Personal Care & Beauty,HC+PC,5197,Dettol,6,RECKITT
24266,DSO65G,Dettol Anti Bacterial Soap Original 65g X 144,114,Personal Care & Beauty,HC+PC,5197,Dettol,6,RECKITT
24267,DSO110G,Dettol Anti Bacterial Soap Original 110g X 72,114,Personal Care & Beauty,HC+PC,5197,Dettol,6,RECKITT
24268,DAL250ML,Dettol Antiseptic Liquid Disinfectant 250ml X 36,108,Home Care and Laundry,HC+PC,5197,Dettol,6,RECKITT
24269,DAL750ML,Dettol Antiseptic Liquid Disinfectant 750ml X 12,108,Home Care and Laundry,HC+PC,5197,Dettol,6,RECKITT
24270,DAL1LTR,Dettol Antiseptic Liquid Disinfectant 1ltr X 12,108,Home Care and Laundry,HC+PC,5197,Dettol,6,RECKITT
24271,DAL2LTR,Dettol Antiseptic Liquid Disinfectant 2ltr X,108,Home Care and Laundry,HC+PC,5197,Dettol,6,RECKITT
23170,DAL15MLPKT10,Dettol Antiseptic Liquid Mini  15ml (sachet) X 10,108,Home Care and Laundry,HC+PC,5197,Dettol,6,RECKITT
23171,DAL75MLPKT16,Dettol Antiseptic Liquid 75ml X,108,Home Care and Laundry,HC+PC,5197,Dettol,6,RECKITT
23172,DAL165MLPKT6,Dettol Liquid Disinfectant 165ml X,108,Home Care and Laundry,HC+PC,5197,Dettol,6,RECKITT
23173,DAL250MLPKT6,Dettol Antiseptic Liquid Disinfectant 250ml X,108,Home Care and Laundry,HC+PC,5197,Dettol,6,RECKITT
23174,DAL500MLPKT4,Dettol Antiseptic Liquid Disinfectant 500ml X,108,Home Care and Laundry,HC+PC,5197,Dettol,6,RECKITT
23175,DSJ40GPKT12,Dettol Anti-bacterial Skin Jelly 40g X,114,Personal Care & Beauty,HC+PC,5197,Dettol,6,RECKITT
23176,DSK80GPKT12,Dettol Anti-bacterial Skin Jelly 80g X,114,Personal Care & Beauty,HC+PC,5197,Dettol,6,RECKITT
23177,DSO55GPKT24,Dettol Anti Bacterial Soap Original 55g X,114,Personal Care & Beauty,HC+PC,5197,Dettol,6,RECKITT
23178,DSC55GPKT24,Dettol Anti Bacterial Soap Cool 55g X,114,Personal Care & Beauty,HC+PC,5197,Dettol,6,RECKITT
23179,DSS55GPKT24,Dettol Anti Bacterial Soap Skincare 55g X,114,Personal Care & Beauty,HC+PC,5197,Dettol,6,RECKITT
23181,DSET55GPKT24,Dettol Anti Bacterial Soap Even Tone 55g X 6,114,Personal Care & Beauty,HC+PC,5197,Dettol,6,RECKITT
23182,DSPG55GPKT24,Dettol Anti Bacterial Soap Pink Glow 55g X,114,Personal Care & Beauty,HC+PC,5197,Dettol,6,RECKITT
23183,DSO65GPKT24,Dettol Anti Bacterial Soap Original 65g X,114,Personal Care & Beauty,HC+PC,5197,Dettol,6,RECKITT
23184,DSC65GPKT24,Dettol Anti Bacterial Soap Cool 65g X,114,Personal Care & Beauty,HC+PC,5197,Dettol,6,RECKITT
23185,DSS65GPKT24,Dettol Anti Bacterial Soap Skincare 65g X 6,114,Personal Care & Beauty,HC+PC,5197,Dettol,6,RECKITT
23186,DSET65GPKT24,Dettol Anti Bacterial Soap Even Tone 65g X,114,Personal Care & Beauty,HC+PC,5197,Dettol,6,RECKITT
23187,DSPG65GPKT24,Dettol Anti Bacterial Soap Pink Glow 65g X,114,Personal Care & Beauty,HC+PC,5197,Dettol,6,RECKITT
23188,DSO110GPKT12,Dettol Anti Bacterial Soap Original 110g X,114,Personal Care & Beauty,HC+PC,5197,Dettol,6,RECKITT
23189,DBSC110GPKT12,Dettol Anti Bacterial Soap Cool 110g X,114,Personal Care & Beauty,HC+PC,5197,Dettol,6,RECKITT
23190,DSS110GPKT12,Dettol Anti Bacterial Soap Skincare 110g X,114,Personal Care & Beauty,HC+PC,5197,Dettol,6,RECKITT
23191,DSET110GPKT12,Dettol Anti Bacterial Soap Even Tone 110g X,114,Personal Care & Beauty,HC+PC,5197,Dettol,6,RECKITT
23192,DSPG110GPKT12,Dettol Anti Bacterial Soap Pink Glow 110g X 6,114,Personal Care & Beauty,HC+PC,5197,Dettol,6,RECKITT
23197,DUFE3ML,Durex Feels 3ml X 12,114,Personal Care & Beauty,HC+PC,5198,Durex,6,RECKITT
23198,DUBCL3ML,Durex B-close 3g X 12,114,Personal Care & Beauty,HC+PC,5198,Durex,6,RECKITT
25046,DUFEL3ML,Durex Featherlite 3 By 12,114,Personal Care & Beauty,HC+PC,5198,Durex,6,RECKITT
25047,DUFELE3ML,Durex Featherlite Elite 3 By 12,114,Personal Care & Beauty,HC+PC,5198,Durex,6,RECKITT
25048,DUPER3ML,Durex Perfoma 3 By 12,114,Personal Care & Beauty,HC+PC,5198,Durex,6,RECKITT
25049,DUSEL3ML,Durex Select 3 By 12,114,Personal Care & Beauty,HC+PC,5198,Durex,6,RECKITT
25050,DUPLE3ML,Durex Pleasure 3 By 12,114,Personal Care & Beauty,HC+PC,5198,Durex,6,RECKITT
25051,DUEX3ML,Durex Extra Safe 3 By 12,114,Personal Care & Beauty,HC+PC,5198,Durex,6,RECKITT
25453,ENEEGG38GX48,Energo Eggrich Egg And Milk Biscuits 38g X 48,101,Biscuits & Sweets,Food,5199,Energo,7,OK FOODS
24224,ENEEGG38G,Energo Eggrich Biscuits 38g X 24 ,101,Biscuits & Sweets,Food,5199,Energo,7,OK FOODS
45635,EGGRICH15G,"Eggrich,,egg And Milk Biscuits15g X 48 Pkt ",101,Biscuits & Sweets,Food,5199,Energo,7,OK FOODS
25548,EW150CLx6,Eva Water 150cl X 6pcs,106,Drinks,Beverages,5200,Eva Water,25,NIGERIAN BOTTLING COMPANY
37735,dmstest,Dms Test Sku X 12,106,Drinks,Beverages,5200,Eva Water,25,NIGERIAN BOTTLING COMPANY
22443,EW75CL,Eva Water 75cl X 12,106,Drinks,Beverages,5200,Eva Water,25,NIGERIAN BOTTLING COMPANY
22444,EW150CL,Eva Water 150cl X 12,106,Drinks,Beverages,5200,Eva Water,25,NIGERIAN BOTTLING COMPANY
23226,EXCEL900G,Excel Detergent 900gm X 6 +1,108,Home Care and Laundry,HC+PC,5201,Excel,34,DARAJU
23227,EXCEL90G,Excel Detergent 90gm X 48 +,108,Home Care and Laundry,HC+PC,5201,Excel,34,DARAJU
23228,EXCEL200G,Excel Detergent 200gm X 24 +,108,Home Care and Laundry,HC+PC,5201,Excel,34,DARAJU
23240,FREBWWAV120,Fressia Baby Wet Wipe Aloe Vera 120pc X 12,99,Baby Care,HC+PC,5202,Fressia,34,DARAJU
23241,FREBWWAV72,Fressia Baby Wet Wipe Aloe Vera 72pc X 12,99,Baby Care,HC+PC,5202,Fressia,34,DARAJU
25301,FSG150G,Fressia Skin Glow 150g X 48,114,Personal Care & Beauty,HC+PC,5202,Fressia,34,DARAJU
25302,FCF150G,Fressia Cool Fresh 150g X 48,114,Personal Care & Beauty,HC+PC,5202,Fressia,34,DARAJU
25303,FDF150G,Fressia Deofresh 150g X 48,114,Personal Care & Beauty,HC+PC,5202,Fressia,34,DARAJU
25304,FAL150G,Fressia Natural Skin Glow /aloe Vera  Soap - 150g X 48,114,Personal Care & Beauty,HC+PC,5202,Fressia,34,DARAJU
25305,FCO150G,Fressia Natural Skin Glow / Cocoa Butter Soap 150g X48,114,Personal Care & Beauty,HC+PC,5202,Fressia,34,DARAJU
25306,FCOM175G,Fressia Coolfresh Menthol 175g X 32,114,Personal Care & Beauty,HC+PC,5202,Fressia,34,DARAJU
26262,FDCBS150GPK12,Fressia Deep Cleaning Black Soap 150g  X,114,Personal Care & Beauty,HC+PC,5202,Fressia,34,DARAJU
26265,FHWO300mlx12,Fressia Hand Wash Olive 300ml X 12,114,Personal Care & Beauty,HC+PC,5202,Fressia,34,DARAJU
26267,FCFM100GPK6,Fressia Cool Fresh Menthol 100g  X,114,Personal Care & Beauty,HC+PC,5202,Fressia,34,DARAJU
23232,FCF150GPKT4,Fressia Cool Fresh 150gm X,114,Personal Care & Beauty,HC+PC,5202,Fressia,34,DARAJU
23233,FAL150GPKT4,Fressia Natural Skin Glow Nourishing Aloe Vera Soap 150g X,114,Personal Care & Beauty,HC+PC,5202,Fressia,34,DARAJU
23234,FCO150GPKT4,Fressia Natural Nourishing Cocoa Butter Soap 150g X,114,Personal Care & Beauty,HC+PC,5202,Fressia,34,DARAJU
26247,FCF150GX12,Fressia Cool Fresh 150g X,114,Personal Care & Beauty,HC+PC,5202,Fressia,34,DARAJU
26248,FAL150GX12,Fressia Natural Skin Glow /aloe Vera  Soap - 150g X,114,Personal Care & Beauty,HC+PC,5202,Fressia,34,DARAJU
22674,FRSGLDWHT300G,Frisco Gold Wheat 300g X 12,99,Baby Care,HC+PC,5203,Frisco,36,FRIESLANDCAMPINA WAMCO NIGERIA
25072,FRIGRTIN400G,Friso Gold Rice Tin 400g X 12,99,Baby Care,HC+PC,5203,Frisco,36,FRIESLANDCAMPINA WAMCO NIGERIA
25073,FRIGWTIN400G,Friso Gold Wheat Tin 400g X 12,99,Baby Care,HC+PC,5203,Frisco,36,FRIESLANDCAMPINA WAMCO NIGERIA
30523,HTCL725ML,Harpic Toilet Cleaner 725ml X 12,108,Home Care and Laundry,HC+PC,5205,Harpic ,6,RECKITT
23201,HTCPJ450ML,Harpic Toilet Cleaner Peach & Jasmine 450ml X 12,108,Home Care and Laundry,HC+PC,5205,Harpic ,6,RECKITT
23202,HTCL450ML,Harpic Toilet Cleaner Lavender 450ml X 12,108,Home Care and Laundry,HC+PC,5205,Harpic ,6,RECKITT
23203,HTCMPM450ML,Harpic Toilet Cleaner Mountain Pine 450ml X 12,108,Home Care and Laundry,HC+PC,5205,Harpic ,6,RECKITT
25781,HPFOLD25ML,Harpic Penfold Sachet 25ml X144,108,Home Care and Laundry,HC+PC,5205,Harpic ,6,RECKITT
31120,HTCFPJ725ML,Harpic Toilet Cleaner Fresh Peach/jasmine 725ml  X 12,108,Home Care and Laundry,HC+PC,5205,Harpic ,6,RECKITT
31121,HTCMP725ML,Harpic Toilet Cleaner Mountain Pine 725ml X 12,108,Home Care and Laundry,HC+PC,5205,Harpic ,6,RECKITT
31122,HTCLG725ML,Harpic Toilet Cleaner Lavender Gel 725ml X 12,108,Home Care and Laundry,HC+PC,5205,Harpic ,6,RECKITT
31123,HTCLG725MLX12PROMO,Harpic Toilet Cleaner Lavender Gel 725ml X 12 + Gel(10% Off),108,Home Care and Laundry,HC+PC,5205,Harpic ,6,RECKITT
31091,HSCH25ML,Harpic Sachet 25ml  X 144,108,Home Care and Laundry,HC+PC,5205,Harpic ,6,RECKITT
31093,HTCPP725ML,Harpic Toilet Cleaner Powerplus 725ml  X 12,108,Home Care and Laundry,HC+PC,5205,Harpic ,6,RECKITT
31095,HTCPPC725ML,Harpic Toilet Cleaner Powerplus Citrus 725ml  X 12,108,Home Care and Laundry,HC+PC,5205,Harpic ,6,RECKITT
25059,HTCL450MLx6,Harpic Toilet Cleaner Lavender 450ml X,108,Home Care and Laundry,HC+PC,5205,Harpic ,6,RECKITT
25060,HTCMPM450MLx6,Harpic Toilet Cleaner Mountain Pine 450ml X,108,Home Care and Laundry,HC+PC,5205,Harpic ,6,RECKITT
25061,HTCPP450MLx6,Harpic Toilet Cleaner Power Plus 450ml X,108,Home Care and Laundry,HC+PC,5205,Harpic ,6,RECKITT
25062,HTCPP0200MLx12,Harpic Toilet Cleaner Power Plus 200ml X 12,108,Home Care and Laundry,HC+PC,5205,Harpic ,6,RECKITT
25063,HTCPPC450MLx6,Harpic Toilet Cleaner Power Plus Citrus 450ml X,108,Home Care and Laundry,HC+PC,5205,Harpic ,6,RECKITT
23193,HTCPP0200ML,Harpic Toilet Cleaner Power Plus 200ml X 24,108,Home Care and Laundry,HC+PC,5205,Harpic ,6,RECKITT
23194,HTCPP450ML,Harpic Toilet Cleaner Power Plus 450ml X 12,108,Home Care and Laundry,HC+PC,5205,Harpic ,6,RECKITT
23195,HTCPPC450ML,Harpic Toilet Cleaner Power Plus Citrus 450ml X 12,108,Home Care and Laundry,HC+PC,5205,Harpic ,6,RECKITT
23252,HEDUTY250G,Heavy Duty Refuse Sack 250g X 30,108,Home Care and Laundry,HC+PC,5206,Heavy Duty,171,NULL
30319,HDREFSACKS,Heavy Duty Refuse Sacks  X 30,108,Home Care and Laundry,HC+PC,5206,Heavy Duty,359,GREEN CREST INDUSTRIES LTD.
44774,HDRSACK,Heavy Duty Waste Nylon  X 20,108,Home Care and Laundry,HC+PC,5206,Heavy Duty,779,Royal Market
23014,HIMALT33CL,Hi- Malt 24 X 33cl Can,106,Drinks,Beverages,5207,Hi Malt,2,NIGERIAN BREWERIES PLC
45127,IRSPP500GX20,Irs Pasta Premium Spaghetti 500g X 20 X 1,130,Pasta,Food,5208,IRS,20,BUA GROUP
45172,IRSSEMO5KG,Irs Semolina 5kgx1 X 1,153,Swallow,Commodities,5208,IRS,20,BUA GROUP
45174,IRSWFL50KG,Irs Wheat Flour 50kg X 1,124,Flour,Commodities,5208,IRS,20,BUA GROUP
22515,IRSSLIM500G,Irs Spaghetti Slim 500g X 20,130,Pasta,Food,5208,IRS,20,BUA GROUP
26283,JBPSRAGK1.4L,Jik Bleach Perfumed Stain Remover & Germ Killer 1.4ltrs  X,108,Home Care and Laundry,HC+PC,5209,Jik,6,RECKITT
23196,JBPSRAGK475ML,Jik Bleach Perfumed Stain Remover & Germ Killer 475ml X 24,108,Home Care and Laundry,HC+PC,5209,Jik,6,RECKITT
22534,KIFIGOLD200G,Kifi Gold 200g X 36,108,Home Care and Laundry,HC+PC,5210,Kifi Gold,31,SASO INDUSTRIES LIMITED
26752,LACV40G,Laziz Custard Vanilla Sachet 40g  X 80,103,Cereal & Breakfast,Food,5211,Laziz,49,APPLE & PEARS LTD
25225,LAZOILBOT750ml,Laziz Oil Bottle 750ml × 12,135,Oil,Food,5211,Laziz,49,APPLE & PEARS LTD
25479,LAZOIL3.75LTR,Laziz Oil Bottle 3.75ltr X,135,Oil,Food,5211,Laziz,49,APPLE & PEARS LTD
25480,LAZOIL2.7LTR,Laziz Oil Bottle 2.75l ×,135,Oil,Food,5211,Laziz,49,APPLE & PEARS LTD
25481,LAZOIL5LTRPREM,Laziz Oil Bottle 5ltr X 4 Premium,135,Oil,Food,5211,Laziz,49,APPLE & PEARS LTD
26186,LAZVING500ML,Laziz Natural Vinegar 500ml X 12,105,Condiments,Food,5211,Laziz,49,APPLE & PEARS LTD
26187,LAZSALD285ML,Laziz Salad Cream 285ml  X 12,105,Condiments,Food,5211,Laziz,49,APPLE & PEARS LTD
26188,LAZKETCUP300ML,Laziz Tomato Ketchup 300ml  X 12,105,Condiments,Food,5211,Laziz,49,APPLE & PEARS LTD
26189,LAZIZISLD00ML,Laziz Thousand Island Salad Dressing 300ml  X 12,105,Condiments,Food,5211,Laziz,49,APPLE & PEARS LTD
23031,LAZOILSAC75ML,Laziz Oil Sachet 75ml X 80 ,135,Oil,Food,5211,Laziz,49,APPLE & PEARS LTD
23032,LAZOILBOT75CL,Laziz Oil Bottle 75cl X12 ,135,Oil,Food,5211,Laziz,49,APPLE & PEARS LTD
23033,LAZOILBOT1LTR,Laziz Oil Bottle 1ltr X 12,135,Oil,Food,5211,Laziz,49,APPLE & PEARS LTD
24911,LAC3I11KG,Laziz Custard 3 In 1 1kg X,103,Cereal & Breakfast,Food,5211,Laziz,49,APPLE & PEARS LTD
24356,LACCH400G,Laziz Custard Chocolate 400g X 12,103,Cereal & Breakfast,Food,5211,Laziz,49,APPLE & PEARS LTD
24357,LACCH40G,Laziz Custard Chocolate 40g X 80,103,Cereal & Breakfast,Food,5211,Laziz,49,APPLE & PEARS LTD
24358,LAZOILBOT1.6LTR,Laziz Oil Bottle 1.6ltr X,135,Oil,Food,5211,Laziz,49,APPLE & PEARS LTD
24359,LACCH1KG,Laziz Custard Chocolate 1kg X,103,Cereal & Breakfast,Food,5211,Laziz,49,APPLE & PEARS LTD
24360,LAZOILBOT3LTR,Laziz Oil Bottle 3ltr X,135,Oil,Food,5211,Laziz,49,APPLE & PEARS LTD
24361,LAZOILBOT5LTR,Laziz Oil Bottle 5ltr X,135,Oil,Food,5211,Laziz,49,APPLE & PEARS LTD
24341,LACV2KG,Laziz Custard Vanilla 2kg X,103,Cereal & Breakfast,Food,5211,Laziz,49,APPLE & PEARS LTD
24348,LACV50G,Laziz Custard Vanilla 50g X 10 X 12,103,Cereal & Breakfast,Food,5211,Laziz,49,APPLE & PEARS LTD
24349,LACV400G,Laziz Custard Vanilla Jar 400g X 12,103,Cereal & Breakfast,Food,5211,Laziz,49,APPLE & PEARS LTD
24350,LACV1KG,Laziz Custard Vanilla Jar 1kg X,103,Cereal & Breakfast,Food,5211,Laziz,49,APPLE & PEARS LTD
24351,LAC3I1400G,Laziz Custard 3 In 1 400g X 12,103,Cereal & Breakfast,Food,5211,Laziz,49,APPLE & PEARS LTD
24352,LAC3I140G,Laziz Custard 3 In 1 40g X 80,103,Cereal & Breakfast,Food,5211,Laziz,49,APPLE & PEARS LTD
25125,LAZOIL750ML,Laziz Vegetable Oil 750ml X 12,135,Oil,Food,5211,Laziz,49,APPLE & PEARS LTD
45860,LAZOILSAC45ML,Laziz Oil Sachet 45ml X 80,135,Oil,Food,5211,Laziz,49,APPLE & PEARS LTD
22540,LIPLMN45CL,Lipton Lemon Ice Tea Pet Bottle 45cl X 12,106,Drinks,Beverages,5212,Lipton Ice Tea,1,SEVEN-UP BOTTLING COMPANY
22078,LIPPCH45CL,Lipton Peach Ice Tea Pet Bottle 45cl X 12,106,Drinks,Beverages,5212,Lipton Ice Tea,1,SEVEN-UP BOTTLING COMPANY
24993,LIPPCH45CLx6,Lipton Peach Ice Tea Pet Bottle 45cl X,106,Drinks,Beverages,5212,Lipton Ice Tea,1,SEVEN-UP BOTTLING COMPANY
23267,MAFDCO1L,Maccaw Fruit Drinks Cocktail 1ltr X 10,106,Drinks,Beverages,5213,MacCaw,37,FRUTTA JUICE & SERVICES LIMITED
23268,MAFDCR1L,Maccaw Fruit Drinks Cranberry 1ltr X 10,106,Drinks,Beverages,5213,MacCaw,37,FRUTTA JUICE & SERVICES LIMITED
23269,MAFDOR1L,Maccaw Fruit Drinks Orange 1ltr X 10,106,Drinks,Beverages,5213,MacCaw,37,FRUTTA JUICE & SERVICES LIMITED
23270,MAFDPI1L,Maccaw Fruit Drinks Pineapple 1ltr X 10,106,Drinks,Beverages,5213,MacCaw,37,FRUTTA JUICE & SERVICES LIMITED
23271,MAFDB1L,Maccaw Fruit Drinks Strawb & Banana 1ltr X 10,106,Drinks,Beverages,5213,MacCaw,37,FRUTTA JUICE & SERVICES LIMITED
23250,MILOSARD125GPKT10,Milo Sardine 125g Pack Size X,105,Condiments,Food,5214,Milo Sardines,167,Imported
24112,MIMEE_RC070x20,Mimee Noodles Chicken Flavour 70g X 20,129,Noodles,Food,5215,Mimee,164,DUFIL
22026,MIMEE_RC070,Mimee Noodles Chicken Flavour 70g X 40,129,Noodles,Food,5215,Mimee,164,DUFIL
22027,MIMEE_RC120,Mimee Noodles Chicken Flavour 120g X 40,129,Noodles,Food,5215,Mimee,164,DUFIL
22028,MIMEE_RC100,Mimee Noodles Chicken Flavour 100g X 40,129,Noodles,Food,5215,Mimee,164,DUFIL
25104,MIMEE_RC100x20,Mimee Noodles Chicken Flavour 100g X 20,129,Noodles,Food,5215,Mimee,164,DUFIL
37683,CMCC030,Minimie Chinchin Choco Crunch Packs 30 Gms X 48 X 48,118,Snacks and Chin Chin,Food,5216,Minimie,164,DUFIL
37692,1MPJ01,Minimie Party Jollof 70gms X40,129,Noodles,Food,5216,Minimie,164,DUFIL
25256,CMJ070B,Minimie Chin Chin Jumbo Pack 70g X 80,118,Snacks and Chin Chin,Food,5216,Minimie,164,DUFIL
23899,MICH050,Munch It Cheese Flavour 50g X 60,118,Snacks and Chin Chin,Food,5216,Minimie,164,DUFIL
25342,MICCHFL050,Minimie Chin Chin Chocolate Flavor Sachet 50g X 48,118,Snacks and Chin Chin,Food,5216,Minimie,164,DUFIL
25486,MSS001,Minimie  Spaghetti 500gms X 20,130,Pasta,Food,5216,Minimie,164,DUFIL
25687,CMR900x3,Minimie Chin Chin Snack Jar 900g X,118,Snacks and Chin Chin,Food,5216,Minimie,164,DUFIL
42987,MSS002,Minimie   Semolina Spaghetti  Slim500gms  X 20,130,Pasta,Food,5216,Minimie,164,DUFIL
43028,CMCC040P,Minimie Chin Chin Chocolate Flavor Sachet 40g X 80,118,Snacks and Chin Chin,Food,5216,Minimie,164,DUFIL
37710,CMJ045,Minimie Chin Chin Jumbo Pack 45gms X 100,118,Snacks and Chin Chin,Food,5216,Minimie,164,DUFIL
30772,1MRC01DP,Minimie Regular Chicken 70g Data Bundle Promo,129,Noodles,Food,5216,Minimie,164,DUFIL
30770,CMJ050,Minimie Chin Chin  Jumbo Pack 50gms X 80,118,Snacks and Chin Chin,Food,5216,Minimie,164,DUFIL
26026,CMJ060,Minimie Chin Chin Jumbo Pack 60g  X 80,118,Snacks and Chin Chin,Food,5216,Minimie,164,DUFIL
26024,CHIN CHIN MINIMIE JUMBO PACK 60G X80,Minimie Chin Chin Jumbo Pack 60g X 80,118,Snacks and Chin Chin,Food,5216,Minimie,164,DUFIL
26606,CMJ055,Minimie Chin Chin  Jumbo Pack 55gm X 80,118,Snacks and Chin Chin,Food,5216,Minimie,164,DUFIL
26437,1MRC03x20,Minimie Regular Chicken 100g X 20,129,Noodles,Food,5216,Minimie,164,DUFIL
26438,CMJ060x40,Minimie Chin Chin Jumbo Pack 60g  X 40,118,Snacks and Chin Chin,Food,5216,Minimie,164,DUFIL
22005,CMJ070,Minimie Chin Chin Jumbo Pack 70g X 60,118,Snacks and Chin Chin,Food,5216,Minimie,164,DUFIL
22034,PCMC015,Minimie Chin Chin Classic Flavor Sachet 15g X 100 (not For,118,Snacks and Chin Chin,Food,5216,Minimie,164,DUFIL
24915,CMCHO50G,Minimie Chin Chin Chocolate Flavor Sachet 50g X 80,118,Snacks and Chin Chin,Food,5216,Minimie,164,DUFIL
24423,CMCC050,Minimie Chin Choco Crunch Packs 50g X 48,118,Snacks and Chin Chin,Food,5216,Minimie,164,DUFIL
24424,CMCC100,Minimie Chin Choco Crunch Packs 100g X 40,118,Snacks and Chin Chin,Food,5216,Minimie,164,DUFIL
24253,CMC050x40,Minimie Chin Chin Classic Flavor Sachet 50g X 40,118,Snacks and Chin Chin,Food,5216,Minimie,164,DUFIL
24254,CMJ070x30,Minimie Chin Chin Jumbo Pack 70g X 30,118,Snacks and Chin Chin,Food,5216,Minimie,164,DUFIL
19710,PPP004,Minimie Macoroni Twist 475g X 20,130,Pasta,Food,5216,Minimie,164,DUFIL
19711,PPP005,Minimie Macoroni Elbow 475g X 20,130,Pasta,Food,5216,Minimie,164,DUFIL
19675,CMR900,Minimie Chin Chin Snack Jar 900g X,118,Snacks and Chin Chin,Food,5216,Minimie,164,DUFIL
20935,CMC050,Minimie Chin Chin Classic Flavor Sachet 50g X 80,118,Snacks and Chin Chin,Food,5216,Minimie,164,DUFIL
20962,1MSV02CP,Minimie Sizzling Veggies 120g X 40 ( 5 In 1 X 8 Combo Packs),129,Noodles,Food,5216,Minimie,164,DUFIL
21648,CSUP900,Minimie Chin Chin Stand Up Pouch 12x900g,118,Snacks and Chin Chin,Food,5216,Minimie,164,DUFIL
45245,MSS001475,Minimie Semolina Spaghetti 475g ,130,Pasta,Food,5216,Minimie,164,DUFIL
46345,CMB150G,Minimie Chinchin Boku Pk 150g X 30pc,118,Snacks and Chin Chin,Food,5216,Minimie,164,DUFIL
46287,MSS002475,Minimie Semolina Spaghetti Slim 475g X 20,130,Pasta,Food,5216,Minimie,164,DUFIL
43238,CMS040,Minimie Chin Chin 40g Snack Pack X 120,118,Snacks and Chin Chin,Food,5216,Minimie,164,DUFIL
20424,CML045B,Minimie Chin Chin Snack Pack 45g X 80,118,Snacks and Chin Chin,Food,5216,Minimie,164,DUFIL
23732,1MRC01x20,Minimie Regular Chicken 70g X 20,129,Noodles,Food,5216,Minimie,164,DUFIL
20490,1MRC01,Minimie Regular Chicken 70g X 40,129,Noodles,Food,5216,Minimie,164,DUFIL
20491,1MRC03,Minimie Regular Chicken 100g X 40,129,Noodles,Food,5216,Minimie,164,DUFIL
23894,1MTC0232,Minimie Tomato Chicken 120g X 32 Sach ,129,Noodles,Food,5216,Minimie,164,DUFIL
23895,1MTC0132,Minimie Tomato Chicken 70g X 32 Sach ,129,Noodles,Food,5216,Minimie,164,DUFIL
26714,CMJ055X40BB,Minimie Chin Chin  Jumbo Pack 55gm X 40,118,Snacks and Chin Chin,Food,5216,Minimie,164,DUFIL
30642,MSS001P,Minimie Semolina Spaghetti 500gm X 20 + 1 Promo,130,Pasta,Food,5216,Minimie,164,DUFIL
44334,CMC060,Minimie Chin Chin Classic 60g  X 60,118,Snacks and Chin Chin,Food,5216,Minimie,14,MULTIPRO CONSUMER PRODUCTS LIMITED
25221,MIMEE_RC070G,Minimie Noodles Slurpy Chicken 70g × 40,129,Noodles,Food,5216,Minimie,14,MULTIPRO CONSUMER PRODUCTS LIMITED
25222,MIMEE_RC100G,Minimie Noodles Slurpy Chicken 100g × 40,129,Noodles,Food,5216,Minimie,14,MULTIPRO CONSUMER PRODUCTS LIMITED
30856,CMCC040,Minimie Chin Chin Chocolate 40g X 48,118,Snacks and Chin Chin,Food,5216,Minimie,14,MULTIPRO CONSUMER PRODUCTS LIMITED
30857,CMC069,Minimie Chin Chin Classic 60g  + 9 X 60,118,Snacks and Chin Chin,Food,5216,Minimie,14,MULTIPRO CONSUMER PRODUCTS LIMITED
45689,MININP70G,Minimie Naija Pepper 70g x 40 ,129,Noodles,Food,5216,Minimie,14,MULTIPRO CONSUMER PRODUCTS LIMITED
22276,MBFLOUR50KG,Mix And Bake Flour 50kg X,124,Flour,Commodities,5217,Mix and Bake,52,MIX AND BAKE FLOUR MILL INDUSTRIES LTD.
23231,MYMYBG125GPKT5,Mymy Blue Gel 125gm X 10,114,Personal Care & Beauty,HC+PC,5219,My My,34,DARAJU
26277,MYMYRDF125GPKT10,Mymy Red Gel Dental Fresh 125g X 5 X,114,Personal Care & Beauty,HC+PC,5219,My My,34,DARAJU
23235,MYMYBG40GPKT12,Mymy Blue Gel 40g X 12,114,Personal Care & Beauty,HC+PC,5219,My My,34,DARAJU
23236,MYMYRDF40GPKT12,Mymy Red Gel Dental Fresh 40g X 12,114,Personal Care & Beauty,HC+PC,5219,My My,34,DARAJU
23237,MYMYRDF125GPKT5,Mymy Red Gel Dental Fresh 125g X,114,Personal Care & Beauty,HC+PC,5219,My My,34,DARAJU
23238,MYMYHF40GPKT12,Mymy Herbal Basil Fresh 40gm X 12,114,Personal Care & Beauty,HC+PC,5219,My My,34,DARAJU
23239,MYMYHF145GPKT5,Herbal Basil Fresh 145gm X,114,Personal Care & Beauty,HC+PC,5219,My My,34,DARAJU
26344,MYMYBG125GPKT10,Mymy Blue Gel 125gm X,114,Personal Care & Beauty,HC+PC,5219,My My,34,DARAJU
25866,MYACFMDTP90GM,My My Active Foam Detergent Powder 90gm X 50,108,Home Care and Laundry,HC+PC,5219,My My,34,DARAJU
25867,MYACFMDTP140GM,My My Active Foam Detergent Powder 140gm X 28,108,Home Care and Laundry,HC+PC,5219,My My,34,DARAJU
23249,NAPASARD125GPKT10,Napa Sardine 125g Pack Size X,105,Condiments,Food,5220,Napa Sardines,167,Imported
25797,PICBIS22G,Picnic Biscuits 22g X 60,101,Biscuits & Sweets,Food,5222,OK Biscuits,7,OK FOODS
30821,KINGCRA71GX12,King Cracker Biscuits 71g X 12,101,Biscuits & Sweets,Food,5222,OK Biscuits,7,OK FOODS
26191,COBIS180G,Coaster Biscuits 180 Packets X,101,Biscuits & Sweets,Food,5222,OK Biscuits,7,OK FOODS
25828,ENEEGG53G,Energo Eggrich Biscuits 53g X 24,101,Biscuits & Sweets,Food,5222,OK Biscuits,7,OK FOODS
25832,ENEEGG53GX24,Energo Eggrich Biscuits 53g X 24,101,Biscuits & Sweets,Food,5222,OK Biscuits,7,OK FOODS
25833,ENEEGG70GX24,Energo Eggrich Biscuits 70g X 24,101,Biscuits & Sweets,Food,5222,OK Biscuits,7,OK FOODS
25840,PICBIS74G,Picnic Biscuits 74g X24,101,Biscuits & Sweets,Food,5222,OK Biscuits,7,OK FOODS
25841,PBCHCOO65G,Pure Bliss Choco Cookies 65g X 72,101,Biscuits & Sweets,Food,5222,OK Biscuits,7,OK FOODS
24149,COBIS3.17G,Coaster Biscuits 3.17g X 144,101,Biscuits & Sweets,Food,5222,OK Biscuits,7,OK FOODS
23220,CHCHBB11G,Chic Choc Banana Biscuits11g X 120,101,Biscuits & Sweets,Food,5222,OK Biscuits,7,OK FOODS
23216,PICBIS14G,Picnic Biscuits 14g X 120,101,Biscuits & Sweets,Food,5222,OK Biscuits,7,OK FOODS
23217,PICBIS46G,Picnic Biscuits 46g X 48,101,Biscuits & Sweets,Food,5222,OK Biscuits,7,OK FOODS
23218,CLCOBIS12G,Classic Coaster Biscuits 12g X 120,101,Biscuits & Sweets,Food,5222,OK Biscuits,7,OK FOODS
23209,AMB16G,All Milk Biscuits 16g X 144,101,Biscuits & Sweets,Food,5222,OK Biscuits,7,OK FOODS
23211,GINBIS17G,Gingin Biscuits 17g X 120,101,Biscuits & Sweets,Food,5222,OK Biscuits,7,OK FOODS
23212,TWINSTRAWB42G,Twingles Strawberry  Biscuits 42g X 48,101,Biscuits & Sweets,Food,5222,OK Biscuits,7,OK FOODS
23213,TWINSTRAWB13G,Twingles Strawberry Biscuits 13g X 120,101,Biscuits & Sweets,Food,5222,OK Biscuits,7,OK FOODS
23394,KINGCRA71G,King Cracker Biscuits 71g X 24,101,Biscuits & Sweets,Food,5222,OK Biscuits,7,OK FOODS
25838,KINGCRA40GX24,King Cracker Biscuits 40g X 24,101,Biscuits & Sweets,Food,5222,OK Biscuits,7,OK FOODS
25750,CHCHBB46G,Chic Choc Banana Biscuits 46g X 24,101,Biscuits & Sweets,Food,5222,OK Biscuits,7,OK FOODS
25187,PICMS25G,Picnic Milky Shortcake 25g X 60,101,Biscuits & Sweets,Food,5222,OK Biscuits,7,OK FOODS
25188,CLCOBIS20G,Classic Coastr Biscuits 20g X 60,101,Biscuits & Sweets,Food,5222,OK Biscuits,7,OK FOODS
25171,OKPOPM10G,Ok Pop Milkist 10g X 52,101,Biscuits & Sweets,Food,5223,OK Pop,7,OK FOODS
25173,OKPOPBC10G,Ok Pop Bananna And Cream 10g X 50,101,Biscuits & Sweets,Food,5223,OK Pop,7,OK FOODS
25174,OKPOPTP8G,Ok Pop Tongue Painter (small) 8g X 50,101,Biscuits & Sweets,Food,5223,OK Pop,7,OK FOODS
25175,DUBGTF20G,Dubble Bubble Gum Tutti Frutti 20g X50,101,Biscuits & Sweets,Food,5223,OK Pop,7,OK FOODS
23814,MILKPOP360G,Milkit Milk Lollipop 360g X 10,101,Biscuits & Sweets,Food,5223,OK Pop,7,OK FOODS
23204,PM160G,Pop Milkrich Candy 160g X 40,101,Biscuits & Sweets,Food,5223,OK Pop,7,OK FOODS
23205,PTPL285G,Pop Tongue Painter Lollipop Gum 285g X 10 X 25,101,Biscuits & Sweets,Food,5223,OK Pop,7,OK FOODS
23206,PBCL285G,Candies pop Banana & Cream Lollipop 285g X 10,101,Biscuits & Sweets,Food,5223,OK Pop,7,OK FOODS
23207,PMSL360G,Pop Milkrich Stick Lollipop 360g X 10,101,Biscuits & Sweets,Food,5223,OK Pop,7,OK FOODS
23208,PCSL300G,Pop Crystal Strawberry Lollipop 300g X 10,101,Biscuits & Sweets,Food,5223,OK Pop,7,OK FOODS
23164,MILPOP,Milkit Lollipop 285g X 10,101,Biscuits & Sweets,Food,5223,OK Pop,7,OK FOODS
25837,GTDIG44GX24,Goodtime Digestive 44g X 24,101,Biscuits & Sweets,Food,5223,OK Pop,7,OK FOODS
25817,TOPMMENFLC150G,Topmint Menthol Flavoured Candy 150g  X 20,101,Biscuits & Sweets,Food,5223,OK Pop,7,OK FOODS
25824,MAXFC125GX20,Maxi Fruity Candy  125g X 20,101,Biscuits & Sweets,Food,5223,OK Pop,7,OK FOODS
25825,PM376GX12,Pop Milkrich Candy 376g X 12,101,Biscuits & Sweets,Food,5223,OK Pop,7,OK FOODS
25758,ENEEGG53G,Eggrich Biscuit 53g X 24,101,Biscuits & Sweets,Food,5224,Omnibiz,3,OMNIBIZ
26626,BUND1MRC01CMJ055,Minimie Reg Chicken 70g X 40+minimie Chin Chin Jumbo Pck55g X 80,102,Bundle & Rolls,Bundles,5224,Omnibiz,3,OMNIBIZ
42522,BFCLSHRD12,B-fresh Classic Toothbrush Single Hard Box 12  X 1,114,Personal Care & Beauty,HC+PC,6146,B-FRESH,642,QUANTUM CONSUMER PRODUCTS NIG LTD
42523,BFCMFTSFT12,B-fresh Comfort Toothbrush Single Soft Box 12  X 1,114,Personal Care & Beauty,HC+PC,6146,B-FRESH,642,QUANTUM CONSUMER PRODUCTS NIG LTD
42524,BFCMFHRD12,B-fresh Comfort Toothbrush Single Hard Box 12 X 1,114,Personal Care & Beauty,HC+PC,6146,B-FRESH,642,QUANTUM CONSUMER PRODUCTS NIG LTD
42525,BFCLSSMD12,B-fresh Classic Toothbrush Medium Box 12 X 1,114,Personal Care & Beauty,HC+PC,6146,B-FRESH,642,QUANTUM CONSUMER PRODUCTS NIG LTD
42526,BFDPACTMD12,B-fresh Deep Action Toothbrush Single Medium Box 12  X 1,114,Personal Care & Beauty,HC+PC,6146,B-FRESH,642,QUANTUM CONSUMER PRODUCTS NIG LTD
42527,BFDPACTSFT12,B-fresh Deep Action Toothbrush Single Soft Box 12  X 1,114,Personal Care & Beauty,HC+PC,6146,B-FRESH,642,QUANTUM CONSUMER PRODUCTS NIG LTD
42528,BFDPACTHRD12,B-fresh Deep Action Toothbrush Single Hard Box 12 X 1,114,Personal Care & Beauty,HC+PC,6146,B-FRESH,642,QUANTUM CONSUMER PRODUCTS NIG LTD
42508,BFCLSHRD24,B-fresh Classic Toothbrush Single Hard Box 24  X 12,114,Personal Care & Beauty,HC+PC,6146,B-FRESH,642,QUANTUM CONSUMER PRODUCTS NIG LTD
42509,BFCLSMD24,B-fresh Classic Toothbrush Medium Soft Box 24  X 12,114,Personal Care & Beauty,HC+PC,6146,B-FRESH,642,QUANTUM CONSUMER PRODUCTS NIG LTD
42510,BFCMFHRD24,B-fresh Comfort Toothbrush Single Hard Box 24 X 12,114,Personal Care & Beauty,HC+PC,6146,B-FRESH,642,QUANTUM CONSUMER PRODUCTS NIG LTD
42511,BFCMFTSFT24,B-fresh Comfort Toothbrush Single Soft Box 24  X 12,114,Personal Care & Beauty,HC+PC,6146,B-FRESH,642,QUANTUM CONSUMER PRODUCTS NIG LTD
42512,BFDPACTSFT24,B-fresh Deep Action Toothbrush Single Soft Box 24  X 12,114,Personal Care & Beauty,HC+PC,6146,B-FRESH,642,QUANTUM CONSUMER PRODUCTS NIG LTD
42513,BFDPACTHRD24,B-fresh Deep Action Toothbrush Single Hard Box 24 X 12,114,Personal Care & Beauty,HC+PC,6146,B-FRESH,642,QUANTUM CONSUMER PRODUCTS NIG LTD
42514,BFSTYMD24,B-fresh Style Toothbrush Single Medium Box 24 X 12,114,Personal Care & Beauty,HC+PC,6146,B-FRESH,642,QUANTUM CONSUMER PRODUCTS NIG LTD
42515,BFSTYHRD24,B-fresh Style Toothbrush Single Hard Box 24 X 12,114,Personal Care & Beauty,HC+PC,6146,B-FRESH,642,QUANTUM CONSUMER PRODUCTS NIG LTD
42503,BFCLSSFT24,B-fresh Classic Toothbrush Single Soft Box 24  X 12,114,Personal Care & Beauty,HC+PC,6146,B-FRESH,642,QUANTUM CONSUMER PRODUCTS NIG LTD
42504,BFCMFTMD24,B-fresh Comfort Toothbrush Single Medium Box 24  X 12,114,Personal Care & Beauty,HC+PC,6146,B-FRESH,642,QUANTUM CONSUMER PRODUCTS NIG LTD
42505,BFDPACTMD24,B-fresh Deep Action Toothbrush Single Medium Box 24  X 12,114,Personal Care & Beauty,HC+PC,6146,B-FRESH,642,QUANTUM CONSUMER PRODUCTS NIG LTD
42506,BFSTYSFT24,B-fresh Style Toothbrush Single Soft Box 24  X 12,114,Personal Care & Beauty,HC+PC,6146,B-FRESH,642,QUANTUM CONSUMER PRODUCTS NIG LTD
42538,SATZB450ML,Satzenbrau 450ml X 18,106,Drinks,Beverages,6147,Satzenbrau,93,DIAGEO
42539,CIROCPIN1L,Ciroc Pineapple 1l X 6,106,Drinks,Beverages,6148,CIROC,93,DIAGEO
42540,CIROCPCH1L,Ciroc Peach 1l  X 6,106,Drinks,Beverages,6148,CIROC,93,DIAGEO
42541,CIROCRDBY1L,Ciroc Redberry 1l  X 6,106,Drinks,Beverages,6148,CIROC,93,DIAGEO
42542,CIROCNUT1L,Ciroc Coconut 1l  X 6,106,Drinks,Beverages,6148,CIROC,93,DIAGEO
45590,CIROCBLU1LX6,Ciroc Blue 1l X 6,106,Drinks,Beverages,6148,CIROC,93,DIAGEO
45592,CIROCBLU1LX1,Ciroc Blue 1l X 1,106,Drinks,Beverages,6148,CIROC,93,DIAGEO
42543,NEDCABSG750ML,Nederburg Cabernet Sauvignon 750ml X 6,106,Drinks,Beverages,6149,Nederburg,353,Distell Wine & Spirit Nigeria Limited
42544,NEDMER750ML,Nederburg Merlot 750ml  X 6,106,Drinks,Beverages,6149,Nederburg,353,Distell Wine & Spirit Nigeria Limited
42545,NEDSHI750ML,Nerderburg Shiraz 750ml X 6,106,Drinks,Beverages,6149,Nederburg,353,Distell Wine & Spirit Nigeria Limited
42546,NEDROOD750ML,Nerderburg Edelrood 750ml X 6,106,Drinks,Beverages,6149,Nederburg,353,Distell Wine & Spirit Nigeria Limited
42547,NEDPIN750ML,Nederburg Pinotage 750ml X 6,106,Drinks,Beverages,6149,Nederburg,353,Distell Wine & Spirit Nigeria Limited
42548,NEDBAR750ML,Nederburg  Baronne 750ml  X 6,106,Drinks,Beverages,6149,Nederburg,353,Distell Wine & Spirit Nigeria Limited
42549,NEDCHA750ML,Nederburg Chardonnay 750ml  X 6,106,Drinks,Beverages,6149,Nederburg,353,Distell Wine & Spirit Nigeria Limited
42550,NEDSUBLC750ML,Nederburg Sauvignon Blanc 750ml  X 6,106,Drinks,Beverages,6149,Nederburg,353,Distell Wine & Spirit Nigeria Limited
42551,NEDCUVBT750ML,Nederburg Cuvee Brut 750ml  X 6,106,Drinks,Beverages,6149,Nederburg,353,Distell Wine & Spirit Nigeria Limited
42552,NEDROS750ML,Nederburg Rose 750ml X 6,106,Drinks,Beverages,6149,Nederburg,353,Distell Wine & Spirit Nigeria Limited
42553,NEDUET750ML,Nederburg Duet 750ml  X 6,106,Drinks,Beverages,6149,Nederburg,353,Distell Wine & Spirit Nigeria Limited
42554,NEDLYC750ML,Nederburg Lyric 750ml  X 6,106,Drinks,Beverages,6149,Nederburg,353,Distell Wine & Spirit Nigeria Limited
42643,NEDCABSGMH750ML,Nederburg Cabernet Sauvignon Mh 750ml  X 24,106,Drinks,Beverages,6149,Nederburg,353,Distell Wine & Spirit Nigeria Limited
42644,NEDSHIMH750ML,Nederburg Shiraz Manor House Wine 750ml X 6,106,Drinks,Beverages,6149,Nederburg,353,Distell Wine & Spirit Nigeria Limited
42645,NEDSUBLCMH750ML,Nederburg Sauvignon Blanc Manor House 750ml  X 6,106,Drinks,Beverages,6149,Nederburg,353,Distell Wine & Spirit Nigeria Limited
42646,NEDCABSG56750ML,Nederburg Cabernet Sauvignon 5600  Wine750ml  X 6,106,Drinks,Beverages,6149,Nederburg,353,Distell Wine & Spirit Nigeria Limited
42647,NEDCHBLC56750ML,Nederburg Chenin Blanc 5600 Wine 750ml  X 6,106,Drinks,Beverages,6149,Nederburg,353,Distell Wine & Spirit Nigeria Limited
42648,NEDSUBLC56750ML,Nederburg Sauvignon Blanc 5600  Wine 750ml  X 6,106,Drinks,Beverages,6149,Nederburg,353,Distell Wine & Spirit Nigeria Limited
42764,NEDBLH375ML,Nederburg Noble Late Harvest 375ml  X 12,106,Drinks,Beverages,6149,Nederburg,353,Distell Wine & Spirit Nigeria Limited
42665,DEWHARS70CL,Dewar's White Label  70cl X 2,106,Drinks,Beverages,6150,Dewar's,360,BARCARDI
42565,DEWARS18YRS750ML,Dewar's 18 Years 750ml X 6,106,Drinks,Beverages,6150,Dewar's,360,BARCARDI
42566,DEWARS15YRS750ML,Dewar's 15 Years 750ml  X 6,106,Drinks,Beverages,6150,Dewar's,360,BARCARDI
42567,DEWARS12YRS700ML,Dewar's 12 Years 700ml X 6,106,Drinks,Beverages,6150,Dewar's,360,BARCARDI
42568,DEWARWHTL750ML,Dewar's White Label 750ml  X 12,106,Drinks,Beverages,6150,Dewar's,360,BARCARDI
42596,B&GRDCVWN750ML,B&g Red Cuvee Wine 750ml X 6,106,Drinks,Beverages,6151,Barton&Guestier,199,Ekulo Group of Companies
42597,B&GRSCVWN1.5L,B&g Rose Cuvee Wine 1.50l  X 6,106,Drinks,Beverages,6151,Barton&Guestier,199,Ekulo Group of Companies
42598,B&GRSWN750ML,B&g Rose Wine 750ml  X 6,106,Drinks,Beverages,6151,Barton&Guestier,199,Ekulo Group of Companies
42599,B&GWTCVWN750ML,B&g White Cuvee Wine 750ml X 6,106,Drinks,Beverages,6151,Barton&Guestier,199,Ekulo Group of Companies
42600,B&GNSWN750ML,B&g Nature Sweet Wine 750ml  X 6,106,Drinks,Beverages,6151,Barton&Guestier,199,Ekulo Group of Companies
42601,DONSMS1L,Don Simon Sangria 1ltr  X 12,106,Drinks,Beverages,6152,DON Simon,199,Ekulo Group of Companies
42602,DONSRGSNALC750ML,Don Simon Red Grape Sparking Wine Non-acl 750ml  X 6,106,Drinks,Beverages,6152,DON Simon,199,Ekulo Group of Companies
42603,DONSVNTINL1L,Don Simon Tiinto 1ltr  X 12,106,Drinks,Beverages,6152,DON Simon,199,Ekulo Group of Companies
42604,DONSTMSEL750ML,Don Simon Tempranillo Seleccion 750ml  X 6,106,Drinks,Beverages,6152,DON Simon,199,Ekulo Group of Companies
42605,DONSMSC330ML,Don Simon Sangria Can 330ml  X 24,106,Drinks,Beverages,6152,DON Simon,199,Ekulo Group of Companies
42606,DONSTIN500ML,Don Simon Tinto 500ml X 12,106,Drinks,Beverages,6152,DON Simon,199,Ekulo Group of Companies
42607,DONSHDNALC330ML,Don Simon Health Drink Non-alc (can) 330ml X 24,106,Drinks,Beverages,6152,DON Simon,199,Ekulo Group of Companies
42608,DONSMUL500ML,Don Simon Multivitamin 500ml  X 12,106,Drinks,Beverages,6152,DON Simon,199,Ekulo Group of Companies
42609,DONSMNANC1LTR,Don Simon Mango Nectar 1ltr X 12,106,Drinks,Beverages,6152,DON Simon,199,Ekulo Group of Companies
42610,DONSPCLCOCO1LTR,Don Simon Pinapple & Coconut 1ltr  X 12,106,Drinks,Beverages,6152,DON Simon,199,Ekulo Group of Companies
42611,DONSNECMUL1LTR,Don Simon Nectar Multifruta 1ltr  X 12,106,Drinks,Beverages,6152,DON Simon,199,Ekulo Group of Companies
42612,DONSLMER1LTR,Don Simon La Merlenda 1ltr  X 12,106,Drinks,Beverages,6152,DON Simon,199,Ekulo Group of Companies
42613,DONSCOCKTA500ML,Don Simon Cocktail 500ml X 12,106,Drinks,Beverages,6152,DON Simon,199,Ekulo Group of Companies
42614,DONSORAN500ML,Don Simon Orange 500ml  X 12,106,Drinks,Beverages,6152,DON Simon,199,Ekulo Group of Companies
42615,DONSRGNALC500ML,Don Simon Red Grape Non-alc 500ml  X 12,106,Drinks,Beverages,6152,DON Simon,199,Ekulo Group of Companies
42616,DONSMAN500ML,Don Simon Mango 500ml  X 12,106,Drinks,Beverages,6152,DON Simon,199,Ekulo Group of Companies
42617,DONSORGA1LTR,Don Simon Orange 1ltr X 12,106,Drinks,Beverages,6152,DON Simon,199,Ekulo Group of Companies
52524,DSVT1LX12,Don Simon Vino Tinto 1l X 12,106,Drinks,Beverages,6152,DON Simon,199,Ekulo Group of Companies
42623,MACAWKY25YRSH700ML,Macallan Sherry Oak Whisky 25 Years 700ml  X 1,106,Drinks,Beverages,6153,MACALLAN,93,DIAGEO
42624,MACFOWKY18YRS700ML,Macallan Fine Oak Whisky 18 Years 700ml X 1,106,Drinks,Beverages,6153,MACALLAN,93,DIAGEO
42626,MACFOWKY12YRS700ML,Macallan Fine Oak Whisky 12 Years 70 Cl  X 12,106,Drinks,Beverages,6153,MACALLAN,93,DIAGEO
42627,MACAWKY30YRSH700ML,Macallan Sherry Oak Whisky 30 Years 700ml X 1,106,Drinks,Beverages,6153,MACALLAN,93,DIAGEO
42674,WILLAWSTWKY1LTR,William Lawson Scotch Whisky 1ltr X 1,106,Drinks,Beverages,6154,William Lawson,199,Ekulo Group of Companies
42675,JAMESONISWKY1LTR,Jameson Irish Whisky 1ltr  X 12,106,Drinks,Beverages,6155,Jameson,199,Ekulo Group of Companies
54972,JAMIRSWHIS750ML,Jameson Irish Whisky 750ml  X 6,106,Drinks,Beverages,6155,Jameson,199,Ekulo Group of Companies
42706,TOCSW16750ML,Two Oceans Cabernet Sauvignon 2016 Wine 750ml X 6,106,Drinks,Beverages,6156,Two Oceans,353,Distell Wine & Spirit Nigeria Limited
42707,TOSBW18750ML,Two Oceans Sauvignon Blanc 2018 Wine 750ml X 6,106,Drinks,Beverages,6156,Two Oceans,353,Distell Wine & Spirit Nigeria Limited
42708,TOSHW16750ML,Two Oceans Shiraz 2016 Wine 750ml  X 6,106,Drinks,Beverages,6156,Two Oceans,353,Distell Wine & Spirit Nigeria Limited
42709,PDMCSW750ML,Plaisir De Merle Cabernet Sauvignon Wine 750ml X 6,106,Drinks,Beverages,6157,Plaisir De Merle ,353,Distell Wine & Spirit Nigeria Limited
42710,PDMCDW750ML,Plaisir De Merle Chardonnay Wine 750ml X 6,106,Drinks,Beverages,6157,Plaisir De Merle ,353,Distell Wine & Spirit Nigeria Limited
42711,DHCRCBW750ML,Durbanville Hills Col Reserve Chenin Blanc Wine 750ml X 6,106,Drinks,Beverages,6158,Durbanville Hills,353,Distell Wine & Spirit Nigeria Limited
42712,DHCRSBW750ML,Durbanville Hills Col Reserve Sauvignon Blanc Wine 750ml X 6,106,Drinks,Beverages,6158,Durbanville Hills,353,Distell Wine & Spirit Nigeria Limited
42735,KTCPSO5L,Ktc Pure Sunflower Oil  X 3,135,Oil,Food,6159,KTC,644,KTC Edibles Ltd
42761,KLPXPTBNDY750ML,Klipdrift Export Brandy 750ml  X 12,106,Drinks,Beverages,6160,Klipdrift,353,Distell Wine & Spirit Nigeria Limited
42762,KLPPREBNDY750ML,Klipdrift Premium Brandy 750ml  X 12,106,Drinks,Beverages,6160,Klipdrift,353,Distell Wine & Spirit Nigeria Limited
42763,ZBMNEDNDN750ML,Zonnebloem Nederburg Noir De Noir 750ml X 6,106,Drinks,Beverages,6161,Zonnebloem,353,Distell Wine & Spirit Nigeria Limited
42803,ACABIS1KG,Acabado Icing Sugar 1kg  X 20,132,Sugar,Commodities,6162,ACABADO,645,ACABADO PRODUCTS INTERNATIONAL LIMITED
42887,ACABIS1KGX1,Acabado Icing Sugar 1kg  X 1,132,Sugar,Commodities,6162,ACABADO,645,ACABADO PRODUCTS INTERNATIONAL LIMITED
42807,OKEOFADA5KG,Okelv Ofada Rice 5kg   X 1,152,Rice,Commodity,6163,Okelv foods,647,Okelv foods
42817,TGCASNUT75CL,T.g Best Cashew Nuts Bottle 75cl  X 12,118,Snacks and Chin Chin,Food,6164,T.G BEST,649,T.G BEST 
42822,DUCRRY1KGX10,Ducros Curry Sachet 1kg  X 10,117,Seasoning cubes & Spices,Food,6165,DUCROS,650,DUCROS
45295,DUCCUR25GX12,Ducros Curry 25g X 12,117,Seasoning cubes & Spices,Food,6165,DUCROS,650,DUCROS
45297,DUCCUR25X12X12,Ducros Curry 25g X 12 X 12,117,Seasoning cubes & Spices,Food,6165,DUCROS,650,DUCROS
45301,DUCCUR250GX40,Ducros Curry Sachet 250g X 40,117,Seasoning cubes & Spices,Food,6165,DUCROS,650,DUCROS
45380,DCS250GX1,Ducros Curry Sachet 250g X 1,117,Seasoning cubes & Spices,Food,6165,DUCROS,650,DUCROS
42834,LASBA500g,Lasagne Barilla 500g  X 1,130,Pasta,Food,6167,lasagne,651,Barilla food 
42840,SCRBAKPOW454G,Silver Crown Baking Powder 454g X 36,105,Condiments,Food,6168,SILVER CROWN,653,AZ CORPORTATION
42849,WDCFLR25KG,Windmill Cornflour 25kg X 1,124,Flour,Commodities,6169,WINDMILL,654,KINGOAL
42878,OLUPCPWD250G,Oluji Pure Cocoa Powder 250g X 12,104,Coffee & Tea,Food,6170,OLUJI,657,ILE-OLUJI LIMITED
42941,PBIMPRO500G,Panok Bread Improver & Dough Conditioner 500g X 20,100,Baking ,Commodities,6173,panok,662,Bons Industries ltd 
42944,MAMASOYOILBL1LTR,Mamalicious Soya Oil Bottle ,135,Oil,Food,6174,MAMALICIOUS,663,MAMALICIOUS
42945,MAMASOYOILBL2LTR,Mamalicious Soya Oil Bottle 2ltr  X 6,135,Oil,Food,6174,MAMALICIOUS,663,MAMALICIOUS
42946,MAMASOYOILBL3LTR,Mamalicious Soya Oil Bottle 3ltr  X 6,135,Oil,Food,6174,MAMALICIOUS,663,MAMALICIOUS
42947,MAMASOYOILBL5LTR,Mamalicious Soya Oil Bottle 5ltr  X 4,135,Oil,Food,6174,MAMALICIOUS,663,MAMALICIOUS
42948,MAMASOYOIL25LTR,Mamalicious Soya Oil  25ltr X 1,135,Oil,Food,6174,MAMALICIOUS,663,MAMALICIOUS
42949,MAMABANGOILBL1LTR,Mamalicious Banga Oil Bottle 1ltr  X 12,135,Oil,Food,6174,MAMALICIOUS,663,MAMALICIOUS
42950,MAMABANGOILBL2LTR,Mamalicious Banga Oil Bottle 2ltr  X 6,135,Oil,Food,6174,MAMALICIOUS,663,MAMALICIOUS
42951,MAMABANGOILBL3LTR,Mamalicious Banga Oil Bottle 3ltr  X 6,135,Oil,Food,6174,MAMALICIOUS,663,MAMALICIOUS
43459,MAMAVEGOIL25LTR,Mamalicious Vegetable Oil  25ltr X 1,135,Oil,Food,6174,MAMALICIOUS,663,MAMALICIOUS
45970,SOKLIN375G,So Klin Detergent 375g X 12,108,Home Care and Laundry,HC+PC,6175,so klin detergent,44,EKO SUPREME RESOURCES NIGERIA LIMITED
42952,SOKLINP60GFREE,So Klin Protect 60g  X 48 + 2 Free ,108,Home Care and Laundry,HC+PC,6175,so klin detergent,44,EKO SUPREME RESOURCES NIGERIA LIMITED
42953,SOKLIN185GFREE,So Klin Detergent 185g X 24 + 3 Free (27),108,Home Care and Laundry,HC+PC,6175,so klin detergent,44,EKO SUPREME RESOURCES NIGERIA LIMITED
54454,MPSPAGFAT500GX20,Mama's Pride Spaghetti Fat  500g  X 20,130,Pasta,Food,6177,MAMAS PRIDE,27,CROWN FLOUR MILL LIMITED
54556,MPRTW500G,Mama's Pride Twist Cavato 500g  X 20 X 20,130,Pasta,Food,6177,MAMAS PRIDE,27,CROWN FLOUR MILL LIMITED
42957,MPRSPG500G,Mama's Pride Spaghetti Std 500g  X 20,130,Pasta,Food,6177,MAMAS PRIDE,27,CROWN FLOUR MILL LIMITED
42958,MPRSPGSLM500G,Mama's Pride Spaghetti Slim 500g  X 20,130,Pasta,Food,6177,MAMAS PRIDE,27,CROWN FLOUR MILL LIMITED
46315,ESSECCX10,Esse-change Cigarette  X 10,127,STIMULANTS,Pharma,6178,ESSE,664,KT&G-BLACK HORSE TOBACCO
46317,ESSEWPCX10,Esse Wine Purple Cigarette X 10,127,STIMULANTS,Pharma,6178,ESSE,664,KT&G-BLACK HORSE TOBACCO
42973,ESBLK50,Esse- Black  Cigarette  X 50,127,STIMULANTS,Pharma,6178,ESSE,664,KT&G-BLACK HORSE TOBACCO
42974,ESCHNG50,Esse-change Cigarette  X 50,127,STIMULANTS,Pharma,6178,ESSE,664,KT&G-BLACK HORSE TOBACCO
42981,ANCHFF100GX12,Anchovies Flat Fillets 100g  X 12,139,ANCHOVIES,Fresh Food,6179,ESPANOLA,665,LA RIQUEZA ESPANOLA
42982,NIDOMIKSOY12G,Nido Milk And Soya 12g  X 100,104,Coffee & Tea,Food,6180,COFFE AND TEA,666,NESTLE
53825,COFMATE400G,Coffee Mate 400g X 15,104,Coffee & Tea,Food,6180,COFFE AND TEA,666,NESTLE
44231,TSCONMILK397G,Tropical Sun Condensed Milk 397g  X 24,111,Milk & Dairy,Food,6182,TROPICAL SUN,670,TROPICAL SUN FOODS
45378,AKC750MLX12,Astonish Kitchen Cleaner 750ml  X 12,108,Home Care and Laundry,HC+PC,6184,ASTONISH,834,Astonish Cleaners
54159,WGC750MLX6,Windolene Glass Cleaner 750ml X 6,108,Home Care and Laundry,HC+PC,6184,ASTONISH,834,Astonish Cleaners
45705,CAFRUM35CL,Captain Jack Café Rum 35cl X 12,106,Drinks,Beverages,6195,CAFÉ RUM,677,FMCG DISTRIBUTIONS LTD
45707,CAFRUM20CL,Captain Jack Café Rum 20cl X 24,106,Drinks,Beverages,6195,CAFÉ RUM,677,FMCG DISTRIBUTIONS LTD
45709,CAFRUM12CL,Captain Jack Café Rum 12cl X 36,106,Drinks,Beverages,6195,CAFÉ RUM,677,FMCG DISTRIBUTIONS LTD
45711,CAFRUM6CL,Captain Jack Café Rum 6cl X 48,106,Drinks,Beverages,6195,CAFÉ RUM,677,FMCG DISTRIBUTIONS LTD
45713,CAFRUM4CL,Captain Jack Café Rum 4cl X 26,106,Drinks,Beverages,6195,CAFÉ RUM,677,FMCG DISTRIBUTIONS LTD
43036,CAF RUM35CL,Captain Jack Café Rum 35cl  X 12,106,Drinks,Beverages,6195,CAFÉ RUM,677,FMCG DISTRIBUTIONS LTD
43037,CAFRUM70CL,Captain Jack Café Rum (with Gift Box) 70cl X 6,106,Drinks,Beverages,6195,CAFÉ RUM,677,FMCG DISTRIBUTIONS LTD
43038,CAFRUM75CL,Captain Jack Café Rum (no Gift Box) 75cl  X 6,106,Drinks,Beverages,6195,CAFÉ RUM,677,FMCG DISTRIBUTIONS LTD
43043,CAF RUM20CL,Captain Jack Café Rum 20cl  X 24,106,Drinks,Beverages,6195,CAFÉ RUM,677,FMCG DISTRIBUTIONS LTD
43044,CAF RUM12CL,Captain Jack Café Rum 12cl X 36,106,Drinks,Beverages,6195,CAFÉ RUM,677,FMCG DISTRIBUTIONS LTD
43045,CAF RUM6CL,Captain Jack Café Rum 6clx 48,106,Drinks,Beverages,6195,CAFÉ RUM,677,FMCG DISTRIBUTIONS LTD
43046,CAF RUM4CL,Captain Jack Café Rum 4cl X 26,106,Drinks,Beverages,6195,CAFÉ RUM,677,FMCG DISTRIBUTIONS LTD
43047,WHIERUM70CL,Captain Jack White Rum 70cl X 6,106,Drinks,Beverages,6196,WHITE RUM,677,FMCG DISTRIBUTIONS LTD
43048,WHIRUM70CL,Captain Jack White Rum (with Gift Box) 70cl X 6,106,Drinks,Beverages,6196,WHITE RUM,677,FMCG DISTRIBUTIONS LTD
43049,WHIERUM35CL,Captain Jack White Rum 35cl X 12,106,Drinks,Beverages,6196,WHITE RUM,677,FMCG DISTRIBUTIONS LTD
43050,DAR RUM70CL,Captain Jack Dark Rum 70clx 6,106,Drinks,Beverages,6197,DARK RUM,677,FMCG DISTRIBUTIONS LTD
43051,DARRUM70CL,Captain Jack Dark Rum (with Gift Box) 70cl  X 6,106,Drinks,Beverages,6197,DARK RUM,677,FMCG DISTRIBUTIONS LTD
43052,DAR RUM35CL,Captain Jack Dark Rum 35clx 12,106,Drinks,Beverages,6197,DARK RUM,677,FMCG DISTRIBUTIONS LTD
43053,DAR RUM20CL,Captain Jack Dark Rum 20cl X 24,106,Drinks,Beverages,6197,DARK RUM,677,FMCG DISTRIBUTIONS LTD
43054,DAR RUM10CL,Captain Jack Dark Rum 10cl  X 36,106,Drinks,Beverages,6197,DARK RUM,677,FMCG DISTRIBUTIONS LTD
43055,DAR RUM6CL,Captain Jack Dark Rum 6cl X 48,106,Drinks,Beverages,6197,DARK RUM,677,FMCG DISTRIBUTIONS LTD
43056,DAR RUM4CL,Captain Jack Dark Rum 4cl X 26,106,Drinks,Beverages,6197,DARK RUM,677,FMCG DISTRIBUTIONS LTD
45729,DARRUM70,Captain Jack Dark Rum 70cl X 6 X 6,106,Drinks,Beverages,6197,DARK RUM,677,FMCG DISTRIBUTIONS LTD
45731,DARRUM35CL,Captain Jack Dark Rum 35clx 12,106,Drinks,Beverages,6197,DARK RUM,677,FMCG DISTRIBUTIONS LTD
45733,DARRUM20CL,Captain Jack Dark Rum 20cl X 24,106,Drinks,Beverages,6197,DARK RUM,677,FMCG DISTRIBUTIONS LTD
45735,DARRUM10CL,Captain Jack Dark Rum 10cl  X 36,106,Drinks,Beverages,6197,DARK RUM,677,FMCG DISTRIBUTIONS LTD
45737,DARRUM6CL,Captain Jack Dark Rum 6cl X 48,106,Drinks,Beverages,6197,DARK RUM,677,FMCG DISTRIBUTIONS LTD
45739,DARRUM4CL,Captain Jack Dark Rum 4cl X 26,106,Drinks,Beverages,6197,DARK RUM,677,FMCG DISTRIBUTIONS LTD
43057,CHOGIN70CL,Big Ben Choco Gin (with Gift Box) 70clx 6,106,Drinks,Beverages,6198,CHOCO GIN,677,FMCG DISTRIBUTIONS LTD
43058,CHOOGIN35CL,Big Ben Choco Gin 35cl X 12,106,Drinks,Beverages,6198,CHOCO GIN,677,FMCG DISTRIBUTIONS LTD
43059,CHOOGIN20CL,Big Ben Choco Gin 20clx 24,106,Drinks,Beverages,6198,CHOCO GIN,677,FMCG DISTRIBUTIONS LTD
43060,CHOOGIN10CL,Big Ben Choco Gin 10cl X 36,106,Drinks,Beverages,6198,CHOCO GIN,677,FMCG DISTRIBUTIONS LTD
43061,CHOOGIN4CL,Big Ben Choco Gin 4cl X 26,106,Drinks,Beverages,6198,CHOCO GIN,677,FMCG DISTRIBUTIONS LTD
43062,STRGIN70CL,Big Ben Strawberry Gin (with Gift Box) 70cl  X 6,106,Drinks,Beverages,6199,STRAWBERRY GIN,677,FMCG DISTRIBUTIONS LTD
43063,STRWGIN35CL,Big Ben Strawberry Gin 35cl  X 12,106,Drinks,Beverages,6199,STRAWBERRY GIN,677,FMCG DISTRIBUTIONS LTD
43064,STRWGIN20CL,Big Ben Strawberry Gin 20cl X 24,106,Drinks,Beverages,6199,STRAWBERRY GIN,677,FMCG DISTRIBUTIONS LTD
43065,BLEWHISKY70CL,Royal Standard Blended Whisky (with Gift Box) 70cl  X 6,106,Drinks,Beverages,6200,BLENDED WHISKY,677,FMCG DISTRIBUTIONS LTD
43066,BLEDWHISKY35CL,Royal Standard Blended Whisky 35clx 12,106,Drinks,Beverages,6200,BLENDED WHISKY,677,FMCG DISTRIBUTIONS LTD
43067,BLEDWHISKY20CL,Royal Standard Blended Whisky 20clx 24,106,Drinks,Beverages,6200,BLENDED WHISKY,677,FMCG DISTRIBUTIONS LTD
43068,BLEDWHISKY10CL,Royal Standard Blended Whisky 10clx 36,106,Drinks,Beverages,6200,BLENDED WHISKY,677,FMCG DISTRIBUTIONS LTD
43069,BLEDWHISKY4CL,Royal Standard Blended Whisky 4cl X 26,106,Drinks,Beverages,6200,BLENDED WHISKY,677,FMCG DISTRIBUTIONS LTD
43070,FIRGINGER70CL,Niginger Fire Ginger Liqueur 70clx 6,106,Drinks,Beverages,6201,FIRE GINGER,677,FMCG DISTRIBUTIONS LTD
43071,FIRGINGERGB70CL,Niginger Fire Ginger Liqueur (with Gift Box) 70cl  X 6,106,Drinks,Beverages,6201,FIRE GINGER,677,FMCG DISTRIBUTIONS LTD
43072,FIRGINGER35CL,Niginger Fire Ginger Liqueur 35clx 12,106,Drinks,Beverages,6201,FIRE GINGER,677,FMCG DISTRIBUTIONS LTD
43073,FIRGINGER20CL,Niginger Fire Ginger Liqueur 20cl X 24,106,Drinks,Beverages,6201,FIRE GINGER,677,FMCG DISTRIBUTIONS LTD
43074,LONDRY70CL,Big Ben London Dry Gin 70cl X 6,106,Drinks,Beverages,6202,LONDON DRY,677,FMCG DISTRIBUTIONS LTD
43075,LONDRY GIN70CL,Big Ben London Dry Gin (with Gift Box) 70clx 6,106,Drinks,Beverages,6202,LONDON DRY,677,FMCG DISTRIBUTIONS LTD
43076,LONDRY35CL,Big Ben London Dry Gin 35cl X 12,106,Drinks,Beverages,6202,LONDON DRY,677,FMCG DISTRIBUTIONS LTD
43077,LONDRY20CL,Big Ben London Dry Gin 20clx 24,106,Drinks,Beverages,6202,LONDON DRY,677,FMCG DISTRIBUTIONS LTD
43078,LONDRY10CL,Big Ben London Dry Gin 10clx 36,106,Drinks,Beverages,6202,LONDON DRY,677,FMCG DISTRIBUTIONS LTD
43079,LONDRY6CL,Big Ben London Dry Gin 6cl X 48,106,Drinks,Beverages,6202,LONDON DRY,677,FMCG DISTRIBUTIONS LTD
43080,LONDRY4CL,Big Ben London Dry Gin 4clx 26,106,Drinks,Beverages,6202,LONDON DRY,677,FMCG DISTRIBUTIONS LTD
45753,LONDRYGIN70,Big Ben London Dry Gin  (with Gift Box) 70clx 6,106,Drinks,Beverages,6202,LONDON DRY,677,FMCG DISTRIBUTIONS LTD
43081,BLESCOTTISH70CL,Royal Standard Blended Scottish Fire 70cl X 6,106,Drinks,Beverages,6203,BLENDED SCOTTISH,677,FMCG DISTRIBUTIONS LTD
43082,BLESCFIRE70CL,Royal Standard Blended Scottish Fire (with Gift Box) 70clx 6,106,Drinks,Beverages,6203,BLENDED SCOTTISH,677,FMCG DISTRIBUTIONS LTD
43083,BLESCOTTISH35CL,Royal Standard Blended Scottish Fire 35cl  X 12,106,Drinks,Beverages,6203,BLENDED SCOTTISH,677,FMCG DISTRIBUTIONS LTD
43084,BLESCOTTISH20CL,Royal Standard Blended Scottish Fire 20cl X 24,106,Drinks,Beverages,6203,BLENDED SCOTTISH,677,FMCG DISTRIBUTIONS LTD
43085,BLENDSCOTTISH70CL,Royal Standard Blended Scottish Vanilla 70cl X 6,106,Drinks,Beverages,6203,BLENDED SCOTTISH,677,FMCG DISTRIBUTIONS LTD
43086,BLESCOTISHVN70CL,Royal Standard Blendedscttsh Vanilla (with Gift Box)70cl X 6,106,Drinks,Beverages,6203,BLENDED SCOTTISH,677,FMCG DISTRIBUTIONS LTD
43087,BLEDSCOTTISH35CL,Royal Standard Blended Scottish Vanilla 35clx 12,106,Drinks,Beverages,6203,BLENDED SCOTTISH,677,FMCG DISTRIBUTIONS LTD
43088,BLEDSCOTTISH20CL,Royal Standard Blended Scottish Vanilla 20cl X 24,106,Drinks,Beverages,6203,BLENDED SCOTTISH,677,FMCG DISTRIBUTIONS LTD
43090,BLECOTCHWHY75CL,Macarthur's Blended Scotch Whisky (with Gift Box) 75cl X 6,106,Drinks,Beverages,6204,MACARTHUR'S ,677,FMCG DISTRIBUTIONS LTD
43091,BLECOTCHWH35CL,Blended Scotch Whisky (with Gift Box) 35cl X 12,106,Drinks,Beverages,6204,MACARTHUR'S ,677,FMCG DISTRIBUTIONS LTD
43092,BLEGRAIN70CL,Imperial Blue Blended Grain Whisky 70cl X 12,106,Drinks,Beverages,6205,IMPERIAL BLUE ,677,FMCG DISTRIBUTIONS LTD
43093,BLEGRAIN18CL,Imperial Blue Royal Standard Blended Grain Whisky 18cl X 48,106,Drinks,Beverages,6205,IMPERIAL BLUE ,677,FMCG DISTRIBUTIONS LTD
45834,IBBGW70CLX6,Imperial Blue Blended Grain Whisky 70cl X 6,106,Drinks,Beverages,6205,IMPERIAL BLUE ,677,FMCG DISTRIBUTIONS LTD
43094,ALCBITTER75CL,Tusker Alcoholic Bitter (with Gift Box) 75cl  X 6,106,Drinks,Beverages,6206,TUSKER ,677,FMCG DISTRIBUTIONS LTD
43095,ALCBITTER70CL,Tusker Alcoholic Bitter (with Gift Box) 70cl  X 6,106,Drinks,Beverages,6206,TUSKER ,677,FMCG DISTRIBUTIONS LTD
43096,ALCHBITTER35CL,Tusker Alcoholic Bitter 35cl X 12,106,Drinks,Beverages,6206,TUSKER ,677,FMCG DISTRIBUTIONS LTD
43097,ALCHBITTER20CL,Tusker Alcoholic Bitter 20cl  X 24,106,Drinks,Beverages,6206,TUSKER ,677,FMCG DISTRIBUTIONS LTD
43104,AMSUFINSG500GM,Amel Susan Finest Icing Sugar 500gm X 12,132,Sugar,Commodities,6207,AMEL SUSAN,678,Amel Susan Products
43105,AMSUFINSG500GMX20,Amel Susan Finest Icing Sugar 500gm X 20,132,Sugar,Commodities,6207,AMEL SUSAN,678,Amel Susan Products
43106,AMSUFINSG1KG,Amel Susan Finest Icing Sugar 1kg X 20,132,Sugar,Commodities,6207,AMEL SUSAN,678,Amel Susan Products
44237,AMESUSODA100Gx12,Amel Susan Soda Bicarbonate 100g  X 12,100,Baking ,Commodities,6207,AMEL SUSAN,678,Amel Susan Products
44229,AMESUSODA100G,Amel Susan Soda Bicarbonate 100g  X 48,100,Baking ,Commodities,6207,AMEL SUSAN,678,Amel Susan Products
43123,AMSUFINSG5KG,Amel Susan Finest Icing Sugar 5kg X 4,132,Sugar,Commodities,6207,AMEL SUSAN,678,Amel Susan Products
43124,AMSUFINSG25KG,Amel Susan Finest Icing Sugar 25kg X 1,132,Sugar,Commodities,6207,AMEL SUSAN,678,Amel Susan Products
43125,AMSUFINSG20KG,Amel Susan Finest Icing Sugar 20kgx 1,132,Sugar,Commodities,6207,AMEL SUSAN,678,Amel Susan Products
43126,AMSUCORFG300GM,Amel Susan Corn Flour 300gm X 6,124,Flour,Commodities,6207,AMEL SUSAN,678,Amel Susan Products
43127,AMSUCORF350GM,Amel Susan Corn Flour 350gmx 12,124,Flour,Commodities,6207,AMEL SUSAN,678,Amel Susan Products
43128,AMSUCORF25KG,Amel Susan Corn Flour 25kg X 1,124,Flour,Commodities,6207,AMEL SUSAN,678,Amel Susan Products
43129,AMSUBKSD100GMX48,Amel Susan Baking Soda 100gm  X 48,105,Condiments,Food,6207,AMEL SUSAN,678,Amel Susan Products
43130,AMSUBKSD350GM,Amel Susan Baking Soda  350gm  X 24,105,Condiments,Food,6207,AMEL SUSAN,678,Amel Susan Products
43131,AMSUBKSD25KG,Amel Susan Baking Soda 25kg X 1,105,Condiments,Food,6207,AMEL SUSAN,678,Amel Susan Products
43132,AMSUBKSD250GM,Amel Susan Bakery Cocoa 250gm X 12,122,Cooking Oils & Fats,Food,6207,AMEL SUSAN,678,Amel Susan Products
43133,AMSUBKSD25KGX1,Amel Susan Bakery Cocoa 25kg X 1,122,Cooking Oils & Fats,Food,6207,AMEL SUSAN,678,Amel Susan Products
43134,AMSUCOCAR250GM,Amel Susan Cocoa With Aroma 250gm  X 6,122,Cooking Oils & Fats,Food,6207,AMEL SUSAN,678,Amel Susan Products
43135,AMSUCOCAR25KG,Amel Susan Cocoa With Aroma 25kg X 1,122,Cooking Oils & Fats,Food,6207,AMEL SUSAN,678,Amel Susan Products
43136,AMSU3CPD50GM,Amel Susan 3-in-1 Milk Custard Powder 50gm X 100,103,Cereal & Breakfast,Food,6207,AMEL SUSAN,678,Amel Susan Products
43137,AMSUPCD3GM,Amel Susan 3-in-1 Milk Custard Powder 500gm X 12,103,Cereal & Breakfast,Food,6207,AMEL SUSAN,678,Amel Susan Products
43138,AMSUPCD3KG,Amel Susan 3-in-1 Milk Custard Powder 1.5kgx 3,103,Cereal & Breakfast,Food,6207,AMEL SUSAN,678,Amel Susan Products
43139,AMSUCOCAR250GM12,Amel Susan Pure Cocoa Drink 250gm X 12,105,Condiments,Food,6207,AMEL SUSAN,678,Amel Susan Products
43140,AMSUCOCAR300GM,Amel Susan Pure Cocoa Drink 300gm  X 12,105,Condiments,Food,6207,AMEL SUSAN,678,Amel Susan Products
43141,AMSUCOCAR650GM,Amel Susan Pure Cocoa Drink 650gmx 6,105,Condiments,Food,6207,AMEL SUSAN,678,Amel Susan Products
43142,AMSUCOCAR10GM,Amel Susan Pure Cocoa Drink 10gm X 24,105,Condiments,Food,6207,AMEL SUSAN,678,Amel Susan Products
43143,AMSUCPD50GM,Amel Susan Custard Powder (instant) Vanilla Sachet 50gmx 100,103,Cereal & Breakfast,Food,6207,AMEL SUSAN,678,Amel Susan Products
43144,AMSUCPD500GM,Amel Susan Custard Powder (instant) Vanilla Pouch 500gm X 12,103,Cereal & Breakfast,Food,6207,AMEL SUSAN,678,Amel Susan Products
43145,AMSUCPD2KG,Amel Susan Custard Powder (instant)vanilla Shrink Wrap2kgx 3,103,Cereal & Breakfast,Food,6207,AMEL SUSAN,678,Amel Susan Products
43146,AMSUCPD50GM100,Amel Susan Custard Powder (instant) Banana Sachet 50gmx 100,103,Cereal & Breakfast,Food,6207,AMEL SUSAN,678,Amel Susan Products
43147,AMSUCPD500GM12,Amel Susan Custard Powder (instant) Banana Pouch 500gm X 12,103,Cereal & Breakfast,Food,6207,AMEL SUSAN,678,Amel Susan Products
43148,AMSUCPD2KGx3,Amel Susan Custard Powder (instant)banana Shrink Wrap2kg X 3,103,Cereal & Breakfast,Food,6207,AMEL SUSAN,678,Amel Susan Products
54580,CORNFLO300GX6,Corn Flour 300g X 6,100,Baking ,Commodities,6207,AMEL SUSAN,678,Amel Susan Products
43174,IGRBASRICE,India Gate Rozanna Basmatic Rice 5kg X 4,152,Rice,Commodity,6210,INDIA GATE,681,INDIA GATE
43228,KAMXXLIQ200,Kamaxxutra Liqueur 200ml X 24,106,Drinks,Beverages,6211,KamaXXutrA,683,Delissima company
43229,KAMBITD200,Kamaxxutra Bitter Drink 200ml X 24,106,Drinks,Beverages,6211,KamaXXutrA,683,Delissima company
44553,KAMWHSKY200,Kamaxxutra Whiskey 200ml X 24,106,Drinks,Beverages,6211,KamaXXutrA,683,Delissima company
44555,KAMCOFLIQ200,Kamaxxutra Coffee Liqueur 200ml X 24,106,Drinks,Beverages,6211,KamaXXutrA,683,Delissima company
45187,KAMBITD200x6,Kamaxxutra Bitter Drink 200ml X 6,106,Drinks,Beverages,6211,KamaXXutrA,683,Delissima company
45515,VELREDGRP75CL,Veleta Red Grape Wine 75cl X 12 ,106,Drinks,Beverages,6212,Veleta,4,INTERCONTINENTAL DISTILLERS LIMITED (IDL)
45517,VELWHT75CL,Veleta White Wine X 12,106,Drinks,Beverages,6212,Veleta,4,INTERCONTINENTAL DISTILLERS LIMITED (IDL)
45519,VELPCH75CL,Veleta Peach Wine X 12,106,Drinks,Beverages,6212,Veleta,4,INTERCONTINENTAL DISTILLERS LIMITED (IDL)
45521,VELRET37CL,Veleta Red Wine X 12,106,Drinks,Beverages,6212,Veleta,4,INTERCONTINENTAL DISTILLERS LIMITED (IDL)
45523,VELWHT37CL,Veleta White Wine 37.5cl X 12 ,106,Drinks,Beverages,6212,Veleta,4,INTERCONTINENTAL DISTILLERS LIMITED (IDL)
43259,FUNPO75CL,Funaden Palm Oil 75cl Bottle  X 6,135,Oil,Food,6215,FUNADEN,689,FUNADEN FOODS
43260,LUBCHILLPEPX60,Lubito Chilli Pepper  X 60,117,Seasoning cubes & Spices,Food,6215,FUNADEN,689,FUNADEN FOODS
43261,FUNPOSX48,Funaden Palm Oil Sachet  70ml X 48,135,Oil,Food,6215,FUNADEN,689,FUNADEN FOODS
54677,FUNPO2L,Funaden Palm Oil Sachet  2lx 6,135,Oil,Food,6215,FUNADEN,689,FUNADEN FOODS
54695,FPALOILKEG25LTR,Funaden Palm Oil Keg 25lt X 1,135,Oil,Food,6215,FUNADEN,689,FUNADEN FOODS
44951,RODO1KG,Rodo Pepper (habanero) 1kg X 1,107,Fresh Food,Fresh Food,6217,FARM PRODUCE,792,FRESH PRODUCTS
44953,FRAPPX120,Fresh Apple (green) X 120,107,Fresh Food,Fresh Food,6217,FARM PRODUCE,792,FRESH PRODUCTS
44955,FRGRAX11,Fresh Grapes X 11,107,Fresh Food,Fresh Food,6217,FARM PRODUCE,507,Aim Distribution
44567,ALFTKET340Gx24,Alfa Tomato Ketchup 340g X 24,117,Seasoning cubes & Spices,Food,6218,ALFA,701,CIL ALFA
43298,ALTOKETCH340G,Alfa Tomato Ketchup 340g X 12,105,Condiments,Food,6218,ALFA,692,CIL ALFA
43301,VRRKIDB400G,Vin Real Red Kidney Beans 400g X 12,105,Condiments,Food,6219,VIN REAL,693,VIN REAL
46369,RBBQS560MLX12,Real Bbq Sauce 560ml X 12,105,Condiments,Food,6219,VIN REAL,693,VIN REAL
53866,TRYKS500MLX12,Teriyaki Sauce 500ml X 12,117,Seasoning cubes & Spices,Food,6219,VIN REAL,693,VIN REAL
45882,VRCSC425GX24,Vin Real Cream Style Corn 425g X 24,105,Condiments,Food,6219,VIN REAL,697,VIN REAL
54535,VRNH500GX12,Vin Real Natural Honey 500g X 12,105,Condiments,Food,6219,VIN REAL,655,PACIFIC COAST 
43302,SPNAJAM450G,Spice Nest Assorted Flavoured Jam 450g  X 12,105,Condiments,Food,6220,SPICE NEST,694,SPICE NEST
43303,BPJAM450G,Blue Pearl Jam 450g X 12,105,Condiments,Food,6221,BLUE PEARL,695,BLUE PEARL
44824,BLUPJAM370G,Blue Pearl Jam 370g X 12,105,Condiments,Food,6221,BLUE PEARL,695,BLUE PEARL
53150,BLUPCM400G,Blue Pearl Coconut Milk 400g X 24,105,Condiments,Food,6221,BLUE PEARL,905,DABUR INTERNATIONAL
54689,CCNTMK400GX1,Coconut Milk 400g X 1,105,Condiments,Food,6221,BLUE PEARL,905,DABUR INTERNATIONAL
43305,ROYLION25KG,Royal Lion Corn Flour 25kg X 1,100,Baking ,Commodities,6222,ROYAL LION,373,Rolaid Company Limited
45243,AMOYSTER710G,Amoy Oyster Sauce 710g X 12,105,Condiments,Food,6224,AMOYS,699,AMOYS
44741,AMOYSTSA150ML,Amoy Oyster Sauce 150ml X 12,105,Condiments,Food,6224,AMOYS,699,AMOYS
44737,AMCHSA150ML,Amoy Sweet Chili Sauce 150ml X 12,105,Condiments,Food,6224,AMOYS,699,AMOYS
44764,AMSESO625ML,Amoy Sesame Oil 625ml X 12,135,Oil,Food,6224,AMOYS,699,AMOYS
44690,AMFISHSA625G,Amoy Fish Sauce 625g X 12,105,Condiments,Food,6224,AMOYS,699,AMOYS
44692,AMOYSTSA700G,Amoy Oyster Sauce 700g X 12,105,Condiments,Food,6224,AMOYS,699,AMOYS
44694,AMOSWTCHILI710G,Amoy Sweet Chili Sauce 710g  X 12,105,Condiments,Food,6224,AMOYS,699,AMOYS
44696,AMOSWTCHILI625G,Amoy Sweet Chili Sauce 625g  X 12,105,Condiments,Food,6224,AMOYS,699,AMOYS
44233,AMOYSESOIL600ML,Amoy Sesame Oil 600ml X 12,135,Oil,Food,6224,AMOYS,699,AMOYS
44235,AMOYSWECHIL700G,Amoy Sweet Chili Sauce 700g  X 12,105,Condiments,Food,6224,AMOYS,699,AMOYS
44241,AMOYDASOSA625ML,Amoy Dark Soy Sauce 625ml X 12,105,Condiments,Food,6224,AMOYS,699,AMOYS
54149,ADSS625MLX1,Amoy Dark Soy Sauce 625ml X 1,105,Condiments,Food,6224,AMOYS,699,AMOYS
54698,ALSOYS150ML,Amoy Light Soy Sauce 150ml X 12,105,Condiments,Food,6224,AMOYS,699,AMOYS
44378,WONDER3PCX10,Wondergirl 3pcs Sachets X 10,114,Personal Care & Beauty,HC+PC,6225,WONDERGIRL,703,EXXON PHARMA NIGERIA LIMITED 
43324,WONDERG30X50,Wondergirl 3pcs Sachets X 50pkts,114,Personal Care & Beauty,HC+PC,6225,WONDERGIRL,703,EXXON PHARMA NIGERIA LIMITED 
43487,WONDERGIRL3G,Wondergirl 3pcs Sachets X 1,114,Personal Care & Beauty,HC+PC,6225,WONDERGIRL,703,EXXON PHARMA NIGERIA LIMITED 
43331,APORED75CL,Apothic Red Wine 75cl X 6,106,Drinks,Beverages,6226,Apothic,704,Californian Gallo Winery
45303,SRGP300GX24,Sunripe Green Peas 300g X 24,105,Condiments,Food,6227,sunripe,705,Sunripe Ltd
43364,REMTDIJON850G,Reine Moutarde Dijon 850g X 6,105,Condiments,Food,6228,Reine,706,Reine De Dijon
43372,UNICAFE50G,Unicafe Gold Coffee Tin 50g X 24,104,Coffee & Tea,Food,6229,UNICAFE,707,Megachem Nig. Ltd.
43414,UPLMSLT250G,Uncle Palm Salt 250g X 80,131,Salt,Commodities,6230,UNCLE PALM,115,ROYAL SALT LTD 
43416,UPLMSLT1KG,Uncle Palm Salt 1kg X 20,131,Salt,Commodities,6230,UNCLE PALM,115,ROYAL SALT LTD 
43418,UPLMSLT500G,Uncle Palm Salt 500g X 40,131,Salt,Commodities,6230,UNCLE PALM,115,ROYAL SALT LTD 
43437,BACBBS200ML,Bakers Choice Bicarbonate Baking Soda 200g X 6,100,Baking ,Commodities,6231,BAKERS CHOICE,549,BAKEX MILLERS
44309,BACSBRSUG500G,Baker's Choice Soft Brown Sugar 500g  X 12,132,Sugar,Commodities,6231,BAKERS CHOICE,549,BAKEX MILLERS
44925,BCBRW150ML,Bakers Choice Browning 150ml X 12,100,Baking ,Commodities,6231,BAKERS CHOICE,549,BAKEX MILLERS
43457,HARVFRUFIRB75OG,Harvest Morn Fruit & Fibre 750g X 8,103,Cereal & Breakfast,Food,6232,Harvest Morn,709,Harvest Morn ltd 
43463,CPTDECABSMLT75CL,Diemersdal Cape Town Cabernet Sauvignon Merlot 75cl X 6,106,Drinks,Beverages,6233,Cape Town,710,THE ONE SPIRIT COMPANY LTD
43465,CPTPNKLDYGIN75CL,Cape Town Pink Lady Gin 75cl X 6,106,Drinks,Beverages,6233,Cape Town,710,THE ONE SPIRIT COMPANY LTD
43467,CPTCLSICYGIN75CL,Cape Town Classic Dry Gin 75cl X 6,106,Drinks,Beverages,6233,Cape Town,710,THE ONE SPIRIT COMPANY LTD
43469,CPTDESBLC75CL,Diemersdal Cape Town Sauvignon Blanc 75cl X 6,106,Drinks,Beverages,6233,Cape Town,710,THE ONE SPIRIT COMPANY LTD
43471,KNKKDCAPBLD75CL,Kanonkop Kadette Cape Blend 75cl X 6,106,Drinks,Beverages,6234,Kanonkop,710,THE ONE SPIRIT COMPANY LTD
43473,VVRELSGLDT70CL,El Sueno Gold Tequila 70cl X 6,106,Drinks,Beverages,6235,Vivir,710,THE ONE SPIRIT COMPANY LTD
43475,VVRELSMXLT70CL,El Sueno Mexican Lime Tequila 70cl X 6,106,Drinks,Beverages,6235,Vivir,710,THE ONE SPIRIT COMPANY LTD
43477,VVRELSSLVT70CL,El Sueno Silver Tequila 70cl X 6,106,Drinks,Beverages,6235,Vivir,710,THE ONE SPIRIT COMPANY LTD
43479,VVRELSWTMT70CL,El Sueno Watermelon Tequila Liqueur 70cl X 6,106,Drinks,Beverages,6235,Vivir,710,THE ONE SPIRIT COMPANY LTD
43481,VVRTQBLC70CL,Vivir Tequila Blanco 70cl X 6,106,Drinks,Beverages,6235,Vivir,710,THE ONE SPIRIT COMPANY LTD
43483,DROSTDYHOF75CL,Drostdy Hof Wines 75cl  X 12,106,Drinks,Beverages,6236,Drostdy Hof,711,BARRELS.NG
43489,JOFSLT250G,Jof Salt 250g X 80,131,Salt,Commodities,6237,JOF,713,JOF Nigeria Limited
43491,JOFSLT500G,Jof Salt 500g X 40,131,Salt,Commodities,6237,JOF,713,JOF Nigeria Limited
43493,JOFSLT1KG,Jof Salt 1kg X 20,131,Salt,Commodities,6237,JOF,713,JOF Nigeria Limited
43495,JOFSLT50KG,Jof Salt 50kg X 1,131,Salt,Commodities,6237,JOF,713,JOF Nigeria Limited
44157,VCHUNKS150G,Vchunks Veg Meat 150g X 1,143,veg meat,Fresh Food,6238,VCHUNKS,714,VEGGIE VICTORY LIMITED
44419,VCHUNKS150GX24,Vchunks Veg Meat 150g X 24,143,veg meat,Fresh Food,6238,VCHUNKS,714,VEGGIE VICTORY LIMITED
44203,FCVANESS28MLX12,Foster Clark's Vanilla Essence 28ml X 12,100,Baking ,Commodities,6239,FOSTER CLARK'S,717,FOSTER CLARK'S PROCUCT LIMITED
44205,FCLEMESS28MLX12,Foster Clark's Lemon Essence 28ml  X 12,100,Baking ,Commodities,6239,FOSTER CLARK'S,717,FOSTER CLARK'S PROCUCT LIMITED
44207,FCSTRBESS28MLX12,Foster Clark's Strawberry Essence 28ml  X 12,100,Baking ,Commodities,6239,FOSTER CLARK'S,717,FOSTER CLARK'S PROCUCT LIMITED
44209,FCORAESS28MLX12,Foster Clark's Orange Essence 28ml  X 12,100,Baking ,Commodities,6239,FOSTER CLARK'S,717,FOSTER CLARK'S PROCUCT LIMITED
44211,FCLBAKPOW450G,Foster Clark's Baking Powder 450g X 12,100,Baking ,Commodities,6239,FOSTER CLARK'S,717,FOSTER CLARK'S PROCUCT LIMITED
44927,FCRUMESS28ML,Foster Clark's Rhum Essence 28ml X 72,100,Baking ,Commodities,6239,FOSTER CLARK'S,717,FOSTER CLARK'S PROCUCT LIMITED
44929,FCRESS28MLX12,Foster Clark's Rhum Essence 28ml X 12,100,Baking ,Commodities,6239,FOSTER CLARK'S,717,FOSTER CLARK'S PROCUCT LIMITED
44213,EGGNOOD400G,Egg Noodles 400g  X 30,129,Noodles,Food,6240,JADE BRIDGE,718,JADE BRIDGE
44215,OVALTINE500G,Ovaltine 500g X 12,104,Coffee & Tea,Food,6241,OVALTINE,720,Associated British Foods
45428,OVALTINEREFILL350G,Ovaltine 350g X 12,104,Coffee & Tea,Food,6241,OVALTINE,720,Associated British Foods
45430,OVALTINESACH30G,Ovaltine Sachet 3 In 1 30g X 120,104,Coffee & Tea,Food,6241,OVALTINE,720,Associated British Foods
44217,SUSPTHYM200G,Supreme Spicethyme 200g X 12,117,Seasoning cubes & Spices,Food,6242,ALPEN,721,SPICE SUPREME
44247,ALPENMUES550G,Alpen Muesli 550g  X 6,103,Cereal & Breakfast,Food,6242,ALPEN,499,Weetabix East Africa Ltd
53878,SOYAMILK1LX12,Soya Milk 1ltr X 12,111,Milk & Dairy,Food,6243,Vita Milk,722,Vita Milk
44219,VITMKSOY1LTR,Vitamilk Soyamilk 1ltr X 12,111,Milk & Dairy,Food,6243,Vita Milk,722,Vita Milk
44223,LADCUS2KG,Lady B Custard 2kg X 1,103,Cereal & Breakfast,Food,6244,LADY B,723,TIT-RAHAL NIGERIA LIMITED
44225,KERKCRACK130G,Kerk Cream Cracker 130g X 24,101,Biscuits & Sweets,Food,6245,KERK,724,KERK
44239,TRSSESSEED100G,Trs Sesame Seed 100g X 20,103,Cereal & Breakfast,Food,6246,TRS,725,TRS ASIA'S FINEST FOODS
52530,DESCONUT1KGX6,Desiccated Coconut 1kg X 6,105,Condiments,Food,6246,TRS,725,TRS ASIA'S FINEST FOODS
46169,TRSWP100GX20,Trs White Pepper 100g  X 20,117,Seasoning cubes & Spices,Food,6246,TRS,725,TRS ASIA'S FINEST FOODS
53801,TRSSS100GX1, Trs Sesame Seed 100g  X 1,117,Seasoning cubes & Spices,Food,6246,TRS,725,TRS ASIA'S FINEST FOODS
53043,TRSPT400G,Trs Plum Tomato 400g X 24,105,Condiments,Food,6246,TRS,725,TRS ASIA'S FINEST FOODS
54927,TRSCC100GX10,Trs Crushed Chillies 100g X 10,117,Seasoning cubes & Spices,Food,6246,TRS,725,TRS ASIA'S FINEST FOODS
54854,TPT400GX1,Plum Tomato 400g X 1,105,Condiments,Food,6246,TRS,725,TRS ASIA'S FINEST FOODS
44243,DRIEDMIXFR500G,Dried Mixed Fruit 500g X 24,144,dry fruit,Commodities,6247,NESTRON,726,NESTRON
44261,MEGASARD125G,Mega Sardine 125g  X 50,105,Condiments,Food,6248,MEGA SARNDINE,728,MEGA GLOBAL
54948,LIFEBEER60CLX12,Life Larger Beer Liquid  60cl X 12,106,Drinks,Beverages,6249,LIFE,2,NIGERIAN BREWERIES PLC
44273,LIFLAGBE60CL,Life Larger Beer 60cl X 12,106,Drinks,Beverages,6249,LIFE,2,NIGERIAN BREWERIES PLC
44275,LIFLAGBE50CL,Life Larger Beer 50cl Can X 24,106,Drinks,Beverages,6249,LIFE,2,NIGERIAN BREWERIES PLC
44277,STARAD600ML,Star Radler 600ml Bottles X 24,106,Drinks,Beverages,6250,STAR RADLER,2,NIGERIAN BREWERIES PLC
44279,TIGPREBE45CL,Tiger Premium Larger Beer 45cl Bottles X 24,106,Drinks,Beverages,6251,TIGER BEER,2,NIGERIAN BREWERIES PLC
44285,TURBOKST60CL,Turbo King Stout 60cl Bottles X 12,106,Drinks,Beverages,6252,TURBO KING,2,NIGERIAN BREWERIES PLC
44287,TURBOKST33CL,Turbo King Stout 33cl Bottles X 12,106,Drinks,Beverages,6252,TURBO KING,2,NIGERIAN BREWERIES PLC
44301,ELITAWAT50CL,Elim Table Water 50cl X 20,106,Drinks,Beverages,6254,ELIM,729,Aniya Pharmceuticals Ltd
44303,ELITAWAT75CL,Elim Table Water 75cl X 12,106,Drinks,Beverages,6254,ELIM,729,Aniya Pharmceuticals Ltd
44311,SWVNGAR750ML,Super White Vinegar 750ml  X 12,105,Condiments,Food,6255,SUPER WHITE VINEGAR,730,Mudiat Choic Manufacturing Co. Ltd
44313,COLCDCHOC1KG,Colatta Compound Dark Chocolate 1kg  X 12,101,Biscuits & Sweets,Food,6256,COLATTA,731,Calatta Co. Id.
44315,COLDCHOC1KGX1,Colatta Compound Dark Chocolate 1kg  X 1,101,Biscuits & Sweets,Food,6256,COLATTA,731,Calatta Co. Id.
45180,LEGENN44CL,Legend Can 24 * 44cl X 1,106,Drinks,Beverages,6257,LEGEND,2,NIGERIAN BREWERIES PLC
44317,LEGEXTST60CL,Legend Extra Stout 60cl X 12,106,Drinks,Beverages,6257,LEGEND,2,NIGERIAN BREWERIES PLC
44319,DESPORIBE45CL,Desperado Original Beer 45cl  X 12,106,Drinks,Beverages,6258,DESPIRADO,2,NIGERIAN BREWERIES PLC
44343,DESPORIBE45CLX20,Desperado Original Beer 45cl  X 20,106,Drinks,Beverages,6258,DESPIRADO,2,NIGERIAN BREWERIES PLC
45176,DESDOS44CL,Desperados Can 24  * 44cl ,106,Drinks,Beverages,6258,DESPIRADO,2,NIGERIAN BREWERIES PLC
44321,GULDLARBE60CL,Gulder Larger Beer Bottle 60cl  X 12,106,Drinks,Beverages,6259,GULDER,2,NIGERIAN BREWERIES PLC
54707,FRZ33CL,Farouz Can 33cl X 24,106,Drinks,Beverages,6260,FAROUZ,2,NIGERIAN BREWERIES PLC
44323,TIWISERVIX36,Tiwi Rolls Serviettes  X 36,108,Home Care and Laundry,HC+PC,6261,TIWI,732,EVERGREEN ROLLS & TISSUES
44346,TIWSERVTX36,Tiwi Serviettes Tissue  X 36,108,Home Care and Laundry,HC+PC,6261,TIWI,732,EVERGREEN ROLLS & TISSUES
44347,TIWISERVTISX36,Tiwi Serviette Tissue X 36,108,Home Care and Laundry,HC+PC,6261,TIWI,732,EVERGREEN ROLLS & TISSUES
44324,EEEESTISSX48,Eeee's Soft Toilet Tissues  X 48,108,Home Care and Laundry,HC+PC,6262,Eeee's,733,BOKMAM LIMITED
44326,SISPSUCASRUP100CL,Sirop Sport Sugar Cane Syrup 100cl X 1,106,Drinks,Beverages,6263,Sirop Sport,734,Sirop Sport
44328,SISPBLCURSRUP100CL,Sirop Sport Blue Curacao 100cl X 1,106,Drinks,Beverages,6263,Sirop Sport,734,Sirop Sport
44330,SISPSTRWSRUP70CL,Sirop Sport Strawberry Syrup 70cl X 1,106,Drinks,Beverages,6263,Sirop Sport,734,Sirop Sport
44380,SISPSUCASRUP70CL,Sirop Sport Sugar Cane Syrup 70cl X 1,106,Drinks,Beverages,6263,Sirop Sport,734,Sirop Sport
44353,CIFCITPUNCH,Cifrut Citrus Punch 36cl X 12,106,Drinks,Beverages,6264,CFRUT,735,BIG COLA
44355,CIFFTPUNCH,Ciffrut Fruit Punch 36cl X 12,106,Drinks,Beverages,6264,CFRUT,735,BIG COLA
44357,CIFTROPUNCH,Cifrut Tropical Punch 36cl  X 12,106,Drinks,Beverages,6264,CFRUT,735,BIG COLA
44359,STARKCHTUNA170G,Starkist Chunk Light Tuna 170g  X 48,105,Condiments,Food,6265,STARKIST,736,Dongwon Industries
44372,STARKCLTF170G,Starkist Chunk Light Tuna Fish 170g X 48,105,Condiments,Food,6265,STARKIST,736,Dongwon Industries
44362,DOBAGVPW500G,Double Angel Vanilla Powder 500g  X 12,100,Baking ,Commodities,6266,DOUBLE ANGEL,738,Double Angel Global Concept
54848,BARPEN500GX1,Barilla Penne 500g X 1,130,Pasta,Food,6267,BARILLA,739,BARILLA
53290,BARPEN500GX12,Barilla Penne 500g X 12,130,Pasta,Food,6267,BARILLA,739,BARILLA
53852,BARFAR500G, Barilla Farfalle 500g X 12 ,130,Pasta,Food,6267,BARILLA,739,BARILLA
45170,BATAGL500G,Barilla Tagliatelle Pasta 500g X 20,130,Pasta,Food,6267,BARILLA,651,Barilla food 
44364,BARPENRI500G,Barilla Penne Rigate 500g  X 9,130,Pasta,Food,6267,BARILLA,651,Barilla food 
44499,BARILING500GX24,Barilla Linguine Pasta 500g X 24,130,Pasta,Food,6267,BARILLA,651,Barilla food 
44501,BARISPAGH500GX24,Barilla Spaghetti Pasta 500g X 24,130,Pasta,Food,6267,BARILLA,651,Barilla food 
53283,BPR500GX24,Barilla Penne Rigate 500g  X 24,130,Pasta,Food,6267,BARILLA,651,Barilla food 
55097,BTP500GX1,Barilla Tagliatelle Pasta 500g X 1,130,Pasta,Food,6267,BARILLA,651,Barilla food 
44366,STLKFMS709ML,St Luck Family Maple Syrup 709ml  X 12,105,Condiments,Food,6268,ST LUCKY FAMILY,740,PFPI L.L.C 
44368,NUTHAZSP350G,Nutella Hazelnut Spread 350g X 15,105,Condiments,Food,6269,NUTTELLA,741,Suree Interfoods Co. Ltd
44587,NUTHAZSP350Gx12,Nutella Hazelnut Spread 350g X 12,105,Condiments,Food,6269,NUTTELLA,741,Suree Interfoods Co. Ltd
44370,MAMLEDWL1L,Mama Lemon Dish Washing Liquid Soap 1l X 12,108,Home Care and Laundry,HC+PC,6270,MAMA LEMON,742,Holdent International Limited
45461,MLDWLS550X18,Mama Lemon Dish Washing 550ml X 18,108,Home Care and Laundry,HC+PC,6270,MAMA LEMON,742,Holdent International Limited
45098,MLDW960MLX12,Mama Lemon Dish Washing Liquid Soap 1l X 12,108,Home Care and Laundry,HC+PC,6270,MAMA LEMON,742,Holdent International Limited
45100,MLDWLS960X12,Mama Lemon Dish Washing Liquid Soap 960ml X 12,108,Home Care and Laundry,HC+PC,6270,MAMA LEMON,742,Holdent International Limited
44404,CFFRTFIB750G,Crownfield  Fruit & Fiber 750g X 12,103,Cereal & Breakfast,Food,6272,CROWNFIELD,745,CROWNFIELD  LIMITED
44931,CRFDTGRAN1KG,Crownfield Tropical Granola 1kg X 10,103,Cereal & Breakfast,Food,6272,CROWNFIELD,745,CROWNFIELD  LIMITED
44411,LAQILBAS5KGX4,Lal Qilla Basmati Rice 5kg X 4,152,Rice,Commodity,6273,LAL QILLA,746,AMAR SINGH CHAWAL WALA
44413,ROMIBUT1OKG,Romi Butter 10kg X 1,134,Margarine,Commodities,6274,ROMI,747,ROYALS MILDE
44423,KIRKALMUNST1L,Kirkland Signature Almond Unsweetened Milk 1l X 6,106,Drinks,Beverages,6275,Kirkland Signature,749,Kirkland Signature
44623,KIRKOLIVOIL1L,Kirkland Signature Virgin Olive Oil 1l X 12,135,Oil,Food,6275,Kirkland Signature,749,Kirkland Signature
44770,KLSOM946MLL,Kirkland Signature Oat Milk 946ml X 6,106,Drinks,Beverages,6275,Kirkland Signature,749,Kirkland Signature
53875,Almond1lx6,Almond Milk 1l X 6,106,Drinks,Beverages,6275,Kirkland Signature,749,Kirkland Signature
44425,SEPTMAS25G,Septol Medicated & Anticeptic Soap 25g X 288,114,Personal Care & Beauty,HC+PC,6276,SEPTOL ,387,GONGONI COMPANY
45467,RAMBOMAG300ML,Rambo Magic Insecticide 300ml X 24,108,Home Care and Laundry,HC+PC,6276,SEPTOL ,387,GONGONI COMPANY
53789,BLS500GX10,Brown Light Sugar 500g X 10,132,Sugar,Commodities,6277,EMAJESTY,750,BAKERS BASE INDUSTRY
54137,CORFL300GX12,Corn Flour 300g X 12,100,Baking ,Commodities,6277,EMAJESTY,750,BAKERS BASE INDUSTRY
44673,BAKCOCPWD250G,Baker Cocoa Powder 250g X 12,100,Baking ,Commodities,6277,EMAJESTY,750,BAKERS BASE INDUSTRY
44431,EMJCNFL350G,Emajesty Corn Flour 350g X 12,100,Baking ,Commodities,6277,EMAJESTY,750,BAKERS BASE INDUSTRY
44433,VICTPP1KG,Victory (preservative Powder) 1kg X 20,100,Baking ,Commodities,6278,VICTORY,751,NOMACHUKS NIG. ENT. LTD.
53376,VCF45CMX6,Victory Cling Film 45cm  X 6,108,Home Care and Laundry,HC+PC,6278,VICTORY,835,Chotcut Limited
45384,VCF30CM,Victory Cling Film 30cm X 12 X 10,108,Home Care and Laundry,HC+PC,6278,VICTORY,835,Chotcut Limited
44439,MONKYSHOU70CL,Monkey Shoulder Blended Malt Whisky 70cl  X 12,106,Drinks,Beverages,6279,Monkey Shoulder ,274,WILLIAM GRANTS AND SONS
44441,TENJAK70CL,Tenjaku Blended Whisky 70cl X 12,106,Drinks,Beverages,6280,Tenjaku,274,WILLIAM GRANTS AND SONS
44445,LACTO25KG,Lactorich Milk Bulk Bag 25kg X 1,111,Milk & Dairy,Food,6281,LACTORICH,168,KELLOGGS
44453,FARGRPEAS300G,Farrows Green Peas 300g X 24,105,Condiments,Food,6282,FARROW,752,FARROW GROUP LIMITED
44487,DONROYALE750MlX12,The Don Royale Brandy 750ml X 12,106,Drinks,Beverages,6283, DON ROYALE,93,DIAGEO
44489,DONROYGIN750MlX12,The Don Royale Gin 750ml X 12,106,Drinks,Beverages,6283, DON ROYALE,93,DIAGEO
44491,REALEMONX8,Real Lemon 1.4l  X 8,106,Drinks,Beverages,6284,REAL LEMON,753,MOTT'S LLP
44493,ROYOLVOIL4L,Royal Olive Oil 4l  X 4,135,Oil,Food,6285,Royal Olive Oil ,754,AL SHAM FOOD FACTORY
44619,ROYOLVOIL1L,Royal Olive Oil 1l X 12,135,Oil,Food,6285,Royal Olive Oil ,754,AL SHAM FOOD FACTORY
44495,MAHAHON340G,Maharani Pure Honey 340g  X 12,105,Condiments,Food,6286,MAHARANI,755,MAHARANI
54337,MAHAPARBARICE5KG,Maharani Parboiled Basmati Rice 5kg X 4,152,Rice,Commodity,6286,MAHARANI,755,MAHARANI
53869,BKOLW340GX12,Black Olives Whole 340g X 12,105,Condiments,Food,6287,ZIZA,756,GRAY & COMPANY
44497,MARACHERWS793G,Maraschino Cherry With Stems 793g X 12,105,Condiments,Food,6287,ZIZA,756,GRAY & COMPANY
46163,MACHE10KG,Maraschino Cherry 10kg X 1,105,Condiments,Food,6287,ZIZA,756,GRAY & COMPANY
46165,GOW340GX12,Green Olives Whole 340g  X 12,105,Condiments,Food,6287,ZIZA,756,GRAY & COMPANY
44503,BLCSTRAW100X40,Black Straw 100 X X 40,108,Home Care and Laundry,HC+PC,6288,Straw,757,BIO PACK NIGERIA
44649,STRAWX50X20,Straw X 50 X 20,108,Home Care and Laundry,HC+PC,6288,Straw,757,BIO PACK NIGERIA
54331,BLASTRAWX1,Black Straw 100 X X 1,108,Home Care and Laundry,HC+PC,6288,Straw,757,BIO PACK NIGERIA
55085,DRINBIOPSTAW6MM,Drinking Straw Bio Packs 6g X 60,137,combos & bundle,Bundles,6288,Straw,757,BIO PACK NIGERIA
44505,ZIPQFRX216,Ziploc Quart Freezer  X 216,108,Home Care and Laundry,HC+PC,6289,ZIPLOC,758,JOHNSON COMPANY
44511,AERPBASRICE5KG,Aeroplane Basmati Rice 5kg  X 4,152,Rice,Commodity,6290,AEROPLANE RICE,759,AEROPLANE RICE
44802,AERPBASRICE5KGX1,Aeroplane Basmati Rice 5kg  X 1,152,Rice,Commodity,6290,AEROPLANE RICE,759,AEROPLANE RICE
44513,ROYSTOPLUM400G,Royal Sun Tomato Plum 400g  X 24,117,Seasoning cubes & Spices,Food,6291,Royal Sun,760,Royal Sun Company
44515,LATEXHGLOVES,Latex Hand Glove 100 X 10,108,Home Care and Laundry,HC+PC,6292,Latex Hand Gloves,761,Sri Trang Gloves
54851,NHG100X1,Nylon Hand Glove 100 X 1,108,Home Care and Laundry,HC+PC,6292,Latex Hand Gloves,761,Sri Trang Gloves
44519,OREO68GX30,Oreo Cookies 68g X 30,101,Biscuits & Sweets,Food,6293,OREO,762,NABISCO
44529,OREOORICKS57G,Oreo Original Cookies 57g  X 30,101,Biscuits & Sweets,Food,6293,OREO,762,NABISCO
44523,CHEL30ML3FREE,Chelsea 30ml X 25 + 3 Sachet Free,106,Drinks,Beverages,6294,Chealsea,4,INTERCONTINENTAL DISTILLERS LIMITED (IDL)
44525,CHEL30ML51ABF,Chelsea 30ml X 56 + 1 Action Bitters Sachet Free ,106,Drinks,Beverages,6294,Chealsea,4,INTERCONTINENTAL DISTILLERS LIMITED (IDL)
44531,HERSHSYSTRW623G,Hershey's Syrup Strawberry 623g X 12,105,Condiments,Food,6295,HERSHEY'S,763,The Hershey Company
44994,HSHST623GX1,Hershey's Syrup Strawberry 623g X 1,105,Condiments,Food,6295,HERSHEY'S,763,The Hershey Company
44996,HSHCAR623GX12,Hershey's Caramel 623g  X 12,105,Condiments,Food,6295,HERSHEY'S,763,The Hershey Company
44998,HSHCAR623GX1,Hershey's Caramel 623g  X 1,105,Condiments,Food,6295,HERSHEY'S,763,The Hershey Company
45000,HSHCHO680GX12,Hershey's Chocolate 680g  X 12,105,Condiments,Food,6295,HERSHEY'S,763,The Hershey Company
45002,HSHCHO680GX1,Hershey's Chocolate 680g  X 1,105,Condiments,Food,6295,HERSHEY'S,763,The Hershey Company
44533,GRRAGRA500G,Grain Raisin & Almond Granola X 14,103,Cereal & Breakfast,Food,6296,Grain Granola,764,Bokomo Foods Ltd
44551,RICESTICK400G,Rice Stick Noodles 400g X 30,129,Noodles,Food,6297,VERMICELLI,765,ZHONGSHAN FOODSTUFFS
44557,GLUCSYP1KG,Glucose Syrup 1kg X 12,100,Baking ,Commodities,6298,Unique,766,Unique
44569,BLUPSARD125G,Blue Pearl Sardine 125g X 50,105,Condiments,Food,6299,BLUEPEARL,167,Imported
44759,BLUPSARD125GX10,Blue Pearl Sardine 125g  X 10,105,Condiments,Food,6299,BLUEPEARL,167,Imported
44575,SOYABEAN1KG,Soya Bean X 1kg  X 1,158,Grains,Commodities,6300,Soya Bean,507,Aim Distribution
54796,CARLROSSI75CL,Carlo Rossi White Wine 75cl X 12,106,Drinks,Beverages,6301,Carlo Rossi,199,Ekulo Group of Companies
44579,CARLROSSI75CLX12,Carlo Rossi  Red Wine 75cl X 12,106,Drinks,Beverages,6301,Carlo Rossi,199,Ekulo Group of Companies
44585,ALFTKETCH5KG,Alfa Tomato Ketchup 5kg X 4,117,Seasoning cubes & Spices,Food,6302,ALFA TOMATO KETCHUP,767,AL-AIN NATIONAL JUICE & REFRESHMENT CO.
46291,ALFAKETCH800G,Alfa Ketchup 800g X 12,105,Condiments,Food,6302,ALFA TOMATO KETCHUP,767,AL-AIN NATIONAL JUICE & REFRESHMENT CO.
52772,ATK5KGX1,Alfa Tomato Ketchup 5kg X 1,117,Seasoning cubes & Spices,Food,6302,ALFA TOMATO KETCHUP,767,AL-AIN NATIONAL JUICE & REFRESHMENT CO.
44589,TODSOYPL1KGX10,Todaj Soya Plantain Flour 1kg X 10,153,Swallow,Commodities,6303,TODAJ FOODS,768,Tops Agro & Allied Global Products Ltd
44591,TODSOYPL1KGX5,Todaj Soya Plantain Flour 1kg X 5,153,Swallow,Commodities,6303,TODAJ FOODS,768,Tops Agro & Allied Global Products Ltd
44593,KINGSMSPRD250G,Kings Margarine Tube 250g X 24,145,spread,Food,6304,Kings Margarine,47,PZ WILMAR
44597,BURYELMS568G,Burman's Yellow Mustard 568g X 12,105,Condiments,Food,6305,BURMAN'S,769,BURMAN'S
44603,ELAGGWPP113G,Ela Gold Ground White Pepper 113g X 12,117,Seasoning cubes & Spices,Food,6308,Ela Gold,770,Ela Gold Integrated
44605,ELAGPAPRP113G,Ela Gold Paprika Powder 113g X 12,117,Seasoning cubes & Spices,Food,6308,Ela Gold,770,Ela Gold Integrated
44625,HUTSBLKOLI350G,Hutesa Spanish Special Black Olive 350g X 24,105,Condiments,Food,6311,HUTESA,771,HUTESA AGROALUMENTAL
44641,STARBEER60CL,Star Lager Beer 60cl X 12,106,Drinks,Beverages,6313,STAR BEER,2,NIGERIAN BREWERIES PLC
44643,STARLITE45CL,Star Lite Beer 45cl X 12,106,Drinks,Beverages,6313,STAR BEER,2,NIGERIAN BREWERIES PLC
44688,LAMONI70CLX6,La Liquer De Monin 70cl  X 6,106,Drinks,Beverages,6318,Monin,776,LA MOnin
45293,SSPORTALMD1,Sirop Sporty Almond Syrup X 1,121,Health ,HC+PC,6318,Monin,827,GEORGE MONIN SS
45313,SSAS70CLX1,Sirop Sporty Almond Syrup 70cl  X 1,121,Health ,HC+PC,6318,Monin,827,GEORGE MONIN SS
45324,SPSPA70CL,Sirop Sporty Almond 70cl X 1,106,Drinks,Beverages,6318,Monin,827,GEORGE MONIN SS
45291,MSOA70CLX12,Monin Syrup Orgeat Almond 70cl X 12,106,Drinks,Beverages,6318,Monin,828,Monin Incorporated
44721,PERRWAT330ML,Perrier Water 330ml X 24,106,Drinks,Beverages,6320,Perrier,666,NESTLE
44760,NBL40GX20,Nals Bay Leaves 40g X 20,117,Seasoning cubes & Spices,Food,6321,NALS,777,NALS
44762,NTL500GX1,Nals Thyme Leaf 500g X 1,117,Seasoning cubes & Spices,Food,6321,NALS,777,NALS
46371,NCS1KGX1,Nals Cinnamon Sticks 1kg X 1,117,Seasoning cubes & Spices,Food,6321,NALS,777,NALS
44766,LATWVIN750ML,Latyf White Vinegar 750ml X 12,105,Condiments,Food,6322,LATYF,778,LATYF FOODS
44804,CSCFCKT150ML,California Sun Fruit Drinks Cocktail 150ml X 36,106,Drinks,Beverages,6323,California,37,FRUTTA JUICE & SERVICES LIMITED
44939,CALIAPP150ML,California  Apple 150ml  X 36,106,Drinks,Beverages,6323,California,37,FRUTTA JUICE & SERVICES LIMITED
44941,CALLIORG150ML,California Sun Fruit Drinks Orange 150ml  X 36,106,Drinks,Beverages,6323,California,37,FRUTTA JUICE & SERVICES LIMITED
44808,AMARAV50KGX1,Amarava Rice 50kg  X 1,152,Rice,Commodity,6324,AMARAVA ,780,AMARAVA AGRO PROCESSORS LIMITED
54957,DUCTYHME300G,Ducros Thyme 300g X 30,117,Seasoning cubes & Spices,Food,6324,AMARAVA ,780,AMARAVA AGRO PROCESSORS LIMITED
44810,CHIJEPREMIUM50KGX1,Chije Premium Parboiled 50kg  X 1,152,Rice,Commodity,6325,CHIJE ,781,ECOVISTA INDUSTRIES PVT LTD
44812,POPLUMTO450G,Polar Peeled Plum Tomatoes 450g X 24 X 1,117,Seasoning cubes & Spices,Food,6326,tomato paste,507,Aim Distribution
44814,GLORYST500G,Gloripan Dry Yeast 500g X 20,100,Baking ,Commodities,6327,Gloripan,783,Angel Yeast Co Ltd
44818,EDCKEG,Edc (measured) 2.5l X 1,100,Baking ,Commodities,6328,EDC,211,URBAN FOODS INDUSTRY LTD
44820,DRIFRU250G,Dried Mixed Fruit 250g X 24,105,Condiments,Food,6329,CHOP CHOP,786,Vidic Industrial Nig Ltd
44822,DESUNEX100G,De-sunex Milk Powder Flavor 100g X 20,100,Baking ,Commodities,6330,DE-SUNNEX,787,SAM PEES GLOBAL RESOUCES LTD
44826,BLUPMIXJAM370G,Blue Pearl Mixed Fruit Jam 370g  X 12,105,Condiments,Food,6331,JAM,507,Aim Distribution
44828,CESCORN340G,Cesad Whole Kernel Sweet Corn 340g  X 12,105,Condiments,Food,6331,JAM,507,Aim Distribution
44832,SWASBLOCK63G,Swan Sunshine Block  Airfreshner 63g  X 144,108,Home Care and Laundry,HC+PC,6332,SWANN,235,Merchant Investors Limited
44842,FESTTOM55G,Festin Tomato Mix 55g  X 50,105,Condiments,Food,6333,FESTIN,35,OLAM INTERNATIONAL
44844,TOMAJOS50G,Tomatoe Jos 50g  X 50,117,Seasoning cubes & Spices,Food,6333,FESTIN,35,OLAM INTERNATIONAL
45189,FESTTOM210G,Festin Enriched Tomato Mix 210g X 24 ,117,Seasoning cubes & Spices,Food,6333,FESTIN,35,OLAM INTERNATIONAL
45191,FESTTOM400G,Festin Enriched Tomato Mix 400g X 24,117,Seasoning cubes & Spices,Food,6333,FESTIN,35,OLAM INTERNATIONAL
44868,MRVWAT75CL,Mr V Table Water 75cl  X 12,106,Drinks,Beverages,6334,MR V,123,Viju
44917,KAYAOLD750ML,Kaya Old Professor Whisky 750ml  X 12,106,Drinks,Beverages,6335,KAYA OLD,791,KAYA OLD 
44919,ROZITTA750ML,Rozitta Vodka Original 750ml X 12,106,Drinks,Beverages,6336,ROZITTA ,791,KAYA OLD 
52653,CLORBL500ML,Clor Bleach 500ml X 24 Bottles,108,Home Care and Laundry,HC+PC,6337,CLOR,230,EXTREME MANUFACTURING NIG LTD
42475,MIMEE5GPGM2,5 Ctns Mimee 100g + 2 Ctns Gp Goat Meat Noodles 70g X 1,129,Noodles,Food,5224,Omnibiz,3,OMNIBIZ
42463,MIMEE5GPJ2,5 Ctns Mimee 100g + 2 Ctns Gp Jollof Ckn Noodles 70g X 1,129,Noodles,Food,5224,Omnibiz,3,OMNIBIZ
42485,IOC3GPJN3,3 Indomie Onion Ckn 70g + 3 Ctns Gp Jollof Ckn Noodles 70g X 1,129,Noodles,Food,5224,Omnibiz,3,OMNIBIZ
42486,ICH3GPCN3,Indomie Ckn Hungryman 180g + Gp Ckn Noodles 70g(3 Ctns Each) X 1,129,Noodles,Food,5224,Omnibiz,3,OMNIBIZ
42487,ISP2GPJN2,2indomie Super Pck Ckn 120g+2gp Jolof Chkn Noodles 70g(ctns) X 1,129,Noodles,Food,5224,Omnibiz,3,OMNIBIZ
42638,GPSPAG3GPAD1,3 Ctn Gp Spaghetti 500g & 1 Ctn Gp Amazing Day 45g X 1,130,Pasta,Food,5224,Omnibiz,3,OMNIBIZ
42649,PPAS5DEROK1,5 Ctn Power Pasta Reg 475g + De Rok Sachet 50ml X 1,130,Pasta,Food,5224,Omnibiz,3,OMNIBIZ
42661,MIMEE10GNTP2,10 Ctn Mimee 70g + 2 Ctn Gino Tomato 60g  X 1,129,Noodles,Food,5224,Omnibiz,3,OMNIBIZ
42663,GPSPAG3SNTP1,3 Gp Spaghetti 500g And 1 Sonia Tomato Paste 2200g X 1,117,Seasoning cubes & Spices,Food,5224,Omnibiz,3,OMNIBIZ
42664,MIMEE4SONT2,4 Mimee 100 Gms And 2 Sonia Tomato Mix X 1,129,Noodles,Food,5224,Omnibiz,3,OMNIBIZ
42666,2CHIN1JC,2 Minimie Chinchin - 1 Gp Jollof Chicken Combo 70g  X 40,129,Noodles,Food,5224,Omnibiz,3,OMNIBIZ
42667,2CHN1GP,2 Minimie Chinchin - 1 Gp Goat Meat Pepper Soup 70g X 40,102,Bundle & Rolls,Bundles,5224,Omnibiz,3,OMNIBIZ
42668,CMBMIMEE10CHILI4,10 Ctn Mimee 70g + 4 Ctn Good Earth 'extra Hot Peppe 5g X 1,102,Bundle & Rolls,Bundles,5224,Omnibiz,3,OMNIBIZ
42669,CMBEMP1L3+VITGLD65G4,3 Ctn Emperor Oil 1l+ 4 Ctn Vitali Gold Tomato Paste 65g X 1,102,Bundle & Rolls,Bundles,5224,Omnibiz,3,OMNIBIZ
42670,CMBHOTCHILPEP5G,5 Ctn Indomie Super Pack 3 Ctn Vitali Gold Tomato Paste 65g X 1,102,Bundle & Rolls,Bundles,5224,Omnibiz,3,OMNIBIZ
42671,CMBGPSPAG3SNTP1,3 Gp Spaghetti 500g + 1 Sonia Tomato Paste 2200g X 1,102,Bundle & Rolls,Bundles,5224,Omnibiz,3,OMNIBIZ
42680,2SUGAR1ABS,2 Dangote Sugar 250g & 1 Auntie B Spag 1 X 1,102,Bundle & Rolls,Bundles,5224,Omnibiz,3,OMNIBIZ
42681,2SUGAR1GPS,2 Dangote Sugar 250g  & 1 Golden Penny Spaghetti X 1,102,Bundle & Rolls,Bundles,5224,Omnibiz,3,OMNIBIZ
42682,2SUGAR2GPJC,2 Dangote Sugar 250 & 2 Gp Jollof Chicken 70gm X 1,102,Bundle & Rolls,Bundles,5224,Omnibiz,3,OMNIBIZ
42690,CMB1SUGAR1MCHEF,1 Dangote Sugar 250g & 1 Mr Chef Salt 500g X 1,102,Bundle & Rolls,Bundles,5224,Omnibiz,3,OMNIBIZ
42691,CMB1SUGAR1BOU20G,1 Dangote Sugar 250g & 1 Bournvita 20g X 1,102,Bundle & Rolls,Bundles,5224,Omnibiz,3,OMNIBIZ
42692,CMB1SUGAR1MILSAC,1 Dangote Sugar 250g & 1 Milo Sachet 20g  X 1,102,Bundle & Rolls,Bundles,5224,Omnibiz,3,OMNIBIZ
42693,CMB1SUGAR1CWBL,1 Dangote Sugar 500g & 1 Cowbell Milk Sachet 12g  X 1,102,Bundle & Rolls,Bundles,5224,Omnibiz,3,OMNIBIZ
42694,CMBMIME70G100G,5 Mimee Noodles 70g X 40 + 2  Mimee Noodles 100g X 40 X 1,102,Bundle & Rolls,Bundles,5224,Omnibiz,3,OMNIBIZ
42695,CMBMM70GADCRA16G,5 Mimee Noodles 70g X 40 + 1 Addmie Crayfish 16g X 40 X 1,102,Bundle & Rolls,Bundles,5224,Omnibiz,3,OMNIBIZ
42696,CMBMMGPGMT70G,5 Mimee Noodles 70g X 40 + 2  Gp Goat Meat 70g X 40 X 1,102,Bundle & Rolls,Bundles,5224,Omnibiz,3,OMNIBIZ
42697,CMBMM70GADCLS16G,5 Mimee Noodles 70g X 40 + 1 Addmie Classic 16g X 40 X 1,102,Bundle & Rolls,Bundles,5224,Omnibiz,3,OMNIBIZ
42698,CMBMM70GADCHK16G,5 Mimee Noodles 70g X 40 + 1 Addmie Chicken 16g X 40 X 1,102,Bundle & Rolls,Bundles,5224,Omnibiz,3,OMNIBIZ
42699,CMBMMGPJF70G,5 Mimee Noodles 70g X 40 + 2 Gp Jollof 70g X 40 X 1,102,Bundle & Rolls,Bundles,5224,Omnibiz,3,OMNIBIZ
42700,CMBMMGPCHK70G,5 Mimee Noodles 70g X 40 + 2 Gp Chicken 70g X 40 X 1,102,Bundle & Rolls,Bundles,5224,Omnibiz,3,OMNIBIZ
42701,CMBMNJ45GGPJF70G,2 Minimie Chin Chin Jumbo 45g X 100 + 1 Gp Jollof 70g X 40 X 1,102,Bundle & Rolls,Bundles,5224,Omnibiz,3,OMNIBIZ
42702,CMBMNJ45GGPGMT70G,2 Minimie Chinchin Jumbo 45g X 100 + 1 Gp Goat Meat  70g X 4 X 1,102,Bundle & Rolls,Bundles,5224,Omnibiz,3,OMNIBIZ
42703,CMBIND70GVTP65G,5 Magnet Promo Indomie 70gx40 & 2 Vitali Tomato Mix 65gx50 X 1,102,Bundle & Rolls,Bundles,5224,Omnibiz,3,OMNIBIZ
42704,CMBINDS120GNIT90G,5 Indomie Superpack 120gx40 + 2 Nittol Detergent 90g X 51 X 1,102,Bundle & Rolls,Bundles,5224,Omnibiz,3,OMNIBIZ
42713,CMBINDS70GAMDAY45G,5 Mimee 70g X 40 + 1 Gp Amazing Day Breakfast 45g X 10 X 10 X 1,102,Bundle & Rolls,Bundles,5224,Omnibiz,3,OMNIBIZ
42714,CMIBIND70VGTP65G,5 Mimee 70g X 40 + 2 Vitali Gold Tomato Paste Mix 65g X 50 X 1,102,Bundle & Rolls,Bundles,5224,Omnibiz,3,OMNIBIZ
42715,CMBISP4VGTP1,4 Ctn Indomie Super Pack&1 Ctn Vitali Gold Tomato Paste 65g X 1,102,Bundle & Rolls,Bundles,5224,Omnibiz,3,OMNIBIZ
42716,CMBMIMEE5VGTP1,5 Mimee 100 Gm & 1 Vitali Gold Tomato 65g X 1,102,Bundle & Rolls,Bundles,5224,Omnibiz,3,OMNIBIZ
42717,CMBEMP3GPVO1,3 Emperor Oil 25 Ltrs And 1 Gp Pure Veg Oil 1ltr X12 X 1,102,Bundle & Rolls,Bundles,5224,Omnibiz,3,OMNIBIZ
42718,CMB1AB1PO,2 Poweroil 50 X 84 - Auntie B Spag 500gx2 X 1,102,Bundle & Rolls,Bundles,5224,Omnibiz,3,OMNIBIZ
42720,CMBPEAKMLK+SUGAR,1 Ctn Gp Cube Sugar 500g+1 Ctn Peak Filled Evap 150g X 1,102,Bundle & Rolls,Bundles,5224,Omnibiz,3,OMNIBIZ
42721,CMBKREMELA+MILO20G,2 Ctn Kremela Creamer + 1 Ctn Milo 20g X 200+extra Roll X 1,102,Bundle & Rolls,Bundles,5224,Omnibiz,3,OMNIBIZ
42722,CMB3GPSPAG1SNTP60,3 Gp Spaghetti 500g & 2 Sonia Tomato Mix 60g X 1,102,Bundle & Rolls,Bundles,5224,Omnibiz,3,OMNIBIZ
42723,CMB5M1OC,5 Mimee 70gms & 1 Onion Chicken Superpack X 1,102,Bundle & Rolls,Bundles,5224,Omnibiz,3,OMNIBIZ
42724,CMB3GPSPAG2SNTP60,3 Gp Spaghetti 500g And 2 Sonia Tomato Mix 60g X 1,102,Bundle & Rolls,Bundles,5224,Omnibiz,3,OMNIBIZ
42725,CMBMM100GVTP65G,4 Mimee Noodles 100g + 2 Vitali Gold Mix 65g X 1,102,Bundle & Rolls,Bundles,5224,Omnibiz,3,OMNIBIZ
42726,CMBMM100GPAZDAY45G,4 Mimee Noodles 100g + 1 Gp Amazing Day 45g X 1,102,Bundle & Rolls,Bundles,5224,Omnibiz,3,OMNIBIZ
42727,CMBMM100GADCLS16G,4 Mimee Noodles 100g + 1 Addmie Classic 16g X 1,102,Bundle & Rolls,Bundles,5224,Omnibiz,3,OMNIBIZ
42728,CMBMM100GADCRA16G,4 Mimee Noodles 100g And 1 Addmie Crayfish 16g X 1,102,Bundle & Rolls,Bundles,5224,Omnibiz,3,OMNIBIZ
42729,CMBMM100GADCHK16G,4 Mimee Noodles 100g And 1 Addmie Chicken 16g X 1,102,Bundle & Rolls,Bundles,5224,Omnibiz,3,OMNIBIZ
42730,CMBINDS120GVTP65G,5 Indomie Superpack Chicken  120g + 2 Vitali Gold Mix 65g X 1,102,Bundle & Rolls,Bundles,5224,Omnibiz,3,OMNIBIZ
42731,CMBINDS120GPAZDAY45G,5 Indomie Superpack Chicken 120g + 1 Amazing Day 45g X 1,102,Bundle & Rolls,Bundles,5224,Omnibiz,3,OMNIBIZ
42732,CMBINDS120GADCHK16G,5 Indomie Superpack Chicken 120g + 1 Addmie Chicken 16g X 1,102,Bundle & Rolls,Bundles,5224,Omnibiz,3,OMNIBIZ
42733,CMB3GP1VFP,3 Gp Spaghetti +1 Vitali Fish Tomato Paste 65x50 X 1,102,Bundle & Rolls,Bundles,5224,Omnibiz,3,OMNIBIZ
42734,CMB3GP1VHTP,3 Gp Spaghetti + 1 Vitali Hotpepe Tomato Paste 70x50 X 1,102,Bundle & Rolls,Bundles,5224,Omnibiz,3,OMNIBIZ
42738,CMBAUNTIEB+VITAGT65G,5 Ctn Auntie B Spaghetti + 2 Ctn Vitali Gold 65g X 1,102,Bundle & Rolls,Bundles,5224,Omnibiz,3,OMNIBIZ
42739,CMBAUNTIEB+ADMCF,5 Ctn Auntie B Spaghetti + 1 Ctn Addmie Crayfish X 1,102,Bundle & Rolls,Bundles,5224,Omnibiz,3,OMNIBIZ
42740,CMBAUNTIEB+ADMCLSS,5 Ctn Auntie B Spaghetti + 1 Ctn Addmie Classic X 1,102,Bundle & Rolls,Bundles,5224,Omnibiz,3,OMNIBIZ
42741,CMBAUNTIEB+ADMCHKN,5 Ctn Auntie B Spaghetti + 1 Ctn Addmie Chicken X 1,102,Bundle & Rolls,Bundles,5224,Omnibiz,3,OMNIBIZ
42742,CMBVITPWD12GNAS35G,5 Vitali Non Diary Powder 12g X 200 +1 Nasco 35g X 1,102,Bundle & Rolls,Bundles,5224,Omnibiz,3,OMNIBIZ
42743,CMBVPWD12GKELCRN35G,5 Vitali Non Diary Powder 12g X 200 + 1 Kellogg's 35g X 1,102,Bundle & Rolls,Bundles,5224,Omnibiz,3,OMNIBIZ
42744,CMBIRC001BOURN20G,3 Indomie Regular Chicken 70g X 40 & 1 Bournvita 20g X 200 X 1,102,Bundle & Rolls,Bundles,5224,Omnibiz,3,OMNIBIZ
42745,CMBIRC001CWBL12G,3 Indomie Regular Chicken 70g X 40 & 1 Cowbell Milk Sachet  X 1,102,Bundle & Rolls,Bundles,5224,Omnibiz,3,OMNIBIZ
42746,CMBMIMEERC070ISP001,3 Mimee Chicken 70g &  1 Indomie Super Pack 120g X 1,102,Bundle & Rolls,Bundles,5224,Omnibiz,3,OMNIBIZ
42747,CMB4ICHGPS500G1,4 Indomie Chicken Hungryman & 1 Gp Sugar 500g X 1,102,Bundle & Rolls,Bundles,5224,Omnibiz,3,OMNIBIZ
42748,CMBGPTWST500GVOB4500,5 Golden Penny Twist 500g X 20 + 1 Power Oil Bottle 4.5l X 1,102,Bundle & Rolls,Bundles,5224,Omnibiz,3,OMNIBIZ
42749,CMBGPSPAGTINI500GACL,5 Gp Spaghettini(slim) 500g X 20 + 1 Addmie Classic 16g X 40 X 1,102,Bundle & Rolls,Bundles,5224,Omnibiz,3,OMNIBIZ
42750,CMBGPSPAG500GACRA016,5 Gp Spaghetti 500g X 20 + 1 Addmie Crayfish 16g X 40 X 1,102,Bundle & Rolls,Bundles,5224,Omnibiz,3,OMNIBIZ
42751,CMBGPSPAG500GGPNODGM,5 Gp Spaghetti 500g X 20 + 2  Gp Goat Meat Pepper Soup 70g X 1,102,Bundle & Rolls,Bundles,5224,Omnibiz,3,OMNIBIZ
42752,CMBGPSPAGTINI500GVTT,5 Gp Spaghettini (slim) 500g X 20 + 2 Vitali Tomato Mix 65g X 1,102,Bundle & Rolls,Bundles,5224,Omnibiz,3,OMNIBIZ
42753,CMBIRC001GMACRA016,5 Magnet Promo Indomie Ctn 70g X 40 + 1 Addmie Crayfish 16g X 1,102,Bundle & Rolls,Bundles,5224,Omnibiz,3,OMNIBIZ
42754,CMBGPSPAG3GPAD1,3 Ctn Gp Spaghetti 500g + 1 Ctn Gp Amazing Day 45g X 1,102,Bundle & Rolls,Bundles,5224,Omnibiz,3,OMNIBIZ
42755,CMBGPS3GNTP1,3 Gp Spaghetti 500g+1gino Tomato Mix 60g X 50 X 1,102,Bundle & Rolls,Bundles,5224,Omnibiz,3,OMNIBIZ
42736,CMB3I1MP,3 Indomie Regular 70gms - 1 Munch It Puffs X 1,102,Bundle & Rolls,Bundles,5224,Omnibiz,3,OMNIBIZ
42765,CMBMI70GNITANTOD90G,5 Mimee 70g X 40 + 1 Nittol Antiodour Detergent 90g  X 51 X 1,102,Bundle & Rolls,Bundles,5224,Omnibiz,3,OMNIBIZ
42766,CMBMI70GNITANTBPWDET,5 Mimee 70g X 40 + Nittol Antibacteria Powder Detergent 800g X 1,102,Bundle & Rolls,Bundles,5224,Omnibiz,3,OMNIBIZ
42767,CMBMI70GNITOLABDT160,5 Mimee 70g X 40 + Nittol Antibacteria Powder Detergent 160g X 1,102,Bundle & Rolls,Bundles,5224,Omnibiz,3,OMNIBIZ
42768,CMBMI70GWAWCLDET130G,5 Mimee 70g X 40 + Waw Classic Detergent 130g X 28 X 1,102,Bundle & Rolls,Bundles,5224,Omnibiz,3,OMNIBIZ
42770,CMB3GPJ1FY,3 Golden Penny Jollof & 1 Fayrouz 33cl X 12 X 1,102,Bundle & Rolls,Bundles,5224,Omnibiz,3,OMNIBIZ
42771,CMB3M1M,3 Mimee 70gm & 1 Mirinda 50cl X 1,102,Bundle & Rolls,Bundles,5224,Omnibiz,3,OMNIBIZ
42774,CMBSONTOMI210GMM100G,5 Ctn Sonia Tomato Mix 210g + 2 Ctn Mimee 100g X 1,102,Bundle & Rolls,Bundles,5224,Omnibiz,3,OMNIBIZ
42775,CMBSONTOMIX60GMM60G,5 Ctn Sonia Tomato Mix 60g + 2 Ctn Mimee 100g X 1,102,Bundle & Rolls,Bundles,5224,Omnibiz,3,OMNIBIZ
42792,CMBCHELSEA30MLCONFAM,2 Ctn Chelsea Gin Sac 30mlx300 & 1 Ctn Confam Bitters 5cl X 120,102,Bundle & Rolls,Bundles,5224,Omnibiz,3,OMNIBIZ
42793,CMBCHEL30MLCON10CL,2 Ctn Chelsea Gin Sac 30ml & 1 Ctn Confam Bitters 10cl  X 1,102,Bundle & Rolls,Bundles,5224,Omnibiz,3,OMNIBIZ
42794,CMBGPSPAGADDMIE,5 Ctn Gp Spagetti 500gx20 +1 Ctn Addmie Chicken 16g X 40 X 1,102,Bundle & Rolls,Bundles,5224,Omnibiz,3,OMNIBIZ
42795,CMBGPSPAGSPREAD15G,5 Ctn Gp Spagetti 500gx20 +2 Ctn Gp Spread 15g X 200 X 1,102,Bundle & Rolls,Bundles,5224,Omnibiz,3,OMNIBIZ
42796,CMB1MS35G3MIM70G,1kelloggs Moon & Star 35g 3mimee Noodles 70g X 1,102,Bundle & Rolls,Bundles,5224,Omnibiz,3,OMNIBIZ
42797,CMB1MCC30G3MIM70G,1minimie Chinchin Choco Crunch 30g & 3mimee Noodles 70g X 1,102,Bundle & Rolls,Bundles,5224,Omnibiz,3,OMNIBIZ
42798,CMB1ACR16G3MIM70G,1addmie Crayfish 16g & 3mimee Noodles Chichen 70g X 1,102,Bundle & Rolls,Bundles,5224,Omnibiz,3,OMNIBIZ
42811,COMMIMEEVITALI55G,5 Ctn Mimee 70g & 2 Ctn Vitali Gold 55g X 1,102,Bundle & Rolls,Bundles,5224,Omnibiz,3,OMNIBIZ
42813,COMMIMEEADMIECHKN,5 Ctn Mimee 70g & 1 Ctn Addmie Chicken16g X 1,102,Bundle & Rolls,Bundles,5224,Omnibiz,3,OMNIBIZ
42814,CMBMMIMEEADMIECRAYF,5 Ctn Mimee 70g + 1 Ctn Addmie Crayfish 16g X 1,102,Bundle & Rolls,Bundles,5224,Omnibiz,3,OMNIBIZ
42815,CMBMMIMEEADMIECLS,5 Ctn Mimee 70g & 1 Ctn Addmie Classic 16g X 1,102,Bundle & Rolls,Bundles,5224,Omnibiz,3,OMNIBIZ
42816,CMBMILO10XTSTEPD,5 Test Milo10 & Test Eproduct X20 X 1,102,Bundle & Rolls,Bundles,5224,Omnibiz,3,OMNIBIZ
42823,CMBMIM70GDANG250G,8 Mimee Noodles Flavour 70g & 1 Dangote Salt 250g X 1,102,Bundle & Rolls,Bundles,5224,Omnibiz,3,OMNIBIZ
42824,CMBMIM70GDANG500G,8 Mimee 70g X 40 + 1dangote Salt 500g X 40 X 1,102,Bundle & Rolls,Bundles,5224,Omnibiz,3,OMNIBIZ
42825,COMCROWNSPAGMINIMIE,5 Ctn Crown Spag 500g & 1 Ctn Minimie Noodles 100g X 1,102,Bundle & Rolls,Bundles,5224,Omnibiz,3,OMNIBIZ
42826,COMCROWNSPAGVITGOLD,5 Ctn Crown Spag 500g & 2 Vitali Gold Tomato Paste 55g X 1,102,Bundle & Rolls,Bundles,5224,Omnibiz,3,OMNIBIZ
42827,COMVITNDCMINIMIE100,3 Ctn Vitali Non-dairy Creamer 12g & 1 Ctn Minimie 100g X 1,102,Bundle & Rolls,Bundles,5224,Omnibiz,3,OMNIBIZ
42828,COMISP5VITGLD55G,5 Ctn Indomie Super Pack & 2 Ctn Vitali Gold Tomato Paste 55 X 1,102,Bundle & Rolls,Bundles,5224,Omnibiz,3,OMNIBIZ
42847,CMBMIMEE10VITGTPM65G,10 Mimee Noodles 70g + 2 Vitali Gold Tomato Paste Mix 65g  X 1,102,Bundle & Rolls,Bundles,5224,Omnibiz,3,OMNIBIZ
42860,CMBMKS3GPAD1,3 Ctn Gp Maikwabo 500g & 1 Ctn Gp Amazing Day 45g  X 1,102,Bundle & Rolls,Bundles,5224,Omnibiz,3,OMNIBIZ
42861,CMBMKS3ADCHK1,3 Ctn Gp Maikwabo 500g & 1 Ctn Addmie Chicken 16g  X 40,102,Bundle & Rolls,Bundles,5224,Omnibiz,3,OMNIBIZ
42862,CMBMKS3ADCLA1,3 Ctn Gp Maikwabo 500g & 1 Ctn Addmie Classic 16g  X 40,102,Bundle & Rolls,Bundles,5224,Omnibiz,3,OMNIBIZ
42863,CMBMKS3CMPLNORGPCS3,3 Ctn Gp Maikwabo500g& 3pieces Complan Milk Original 220gx 1,102,Bundle & Rolls,Bundles,5224,Omnibiz,3,OMNIBIZ
42864,CMBMKS3CMPLNCHOPCS3,3 Ctn Gp Maikwabo 500g & 3 Pcs Complan Milkchocoflv 220g X 1,102,Bundle & Rolls,Bundles,5224,Omnibiz,3,OMNIBIZ
42865,CMBMKS3MILCUB1,3 Ctn Gp Maikwabo 500g & 1 Ctn Choco Milo 2.75*100*24  X 1,102,Bundle & Rolls,Bundles,5224,Omnibiz,3,OMNIBIZ
42866,CMBMKS3CMPLNVNLPCS3,3 Ctn Gp Maikwabo 500g & 3 Pcs Complan Milk Vanilla 220g X 1,102,Bundle & Rolls,Bundles,5224,Omnibiz,3,OMNIBIZ
42870,CMBAUNTBADMCLSS,5 Ctn Auntie B Spaghetti & 1 Ctn Addmie Classic X 1,102,Bundle & Rolls,Bundles,5224,Omnibiz,3,OMNIBIZ
42871,CMBAUNTBADMCHKN,5 Ctn Auntie B Spaghetti & 1 Ctn Addmie Chicken X 1,102,Bundle & Rolls,Bundles,5224,Omnibiz,3,OMNIBIZ
42872,CMBAUNTBADMCRAYF,5 Ctn Auntie B Spaghetti & 1 Ctn Addmie Crayfish X 1,102,Bundle & Rolls,Bundles,5224,Omnibiz,3,OMNIBIZ
42873,CMBAUNTBVITGTOM55G,5 Ctn Auntie B Spaghetti & 2 Ctn Vitali Gold 55g X 1,102,Bundle & Rolls,Bundles,5224,Omnibiz,3,OMNIBIZ
42874,CMVITNDCHK3IN145G,3 Ctn Vitali Non Diary Powder&1ctn Checkers Custard 3 In 1  X 1,102,Bundle & Rolls,Bundles,5224,Omnibiz,3,OMNIBIZ
42897,CMBABSPAGVES1L,3 Ctn Auntie B Spaghetti 500g & 1 Ctn Emperor 1l  X 1,102,Bundle & Rolls,Bundles,5224,Omnibiz,3,OMNIBIZ
42898,CMB2NDC1DAY,2 Vitali Non Dairy - 1 Amazing Day X 1,102,Bundle & Rolls,Bundles,5224,Omnibiz,3,OMNIBIZ
42900,CMB2NDC1TMT,2 Vitali Non Dairy - 1 Vitali Tomato Mix 65g X 1,102,Bundle & Rolls,Bundles,5224,Omnibiz,3,OMNIBIZ
42902,CMBISP5VTNONDARY12G1,5 Ctn Indomie Super Pack & 1 Ctn Vitali Non-dairy Powder 12g X 1,102,Bundle & Rolls,Bundles,5224,Omnibiz,3,OMNIBIZ
42906,CMBGPSPA5VTNUTMP5G1,5 Gp Spaghetti 500g And 1 Vitali Nut Meg Powder 5g X 200 X 1,102,Bundle & Rolls,Bundles,5224,Omnibiz,3,OMNIBIZ
42908,CMB2NDC1INDO,2 Vitali Non Dairy - 1 Indomie70g X 1,102,Bundle & Rolls,Bundles,5224,Omnibiz,3,OMNIBIZ
42910,V3M10,10 Mimee Noodles 70g & 3 Vitali Gold Tomato 55g X 1,102,Bundle & Rolls,Bundles,5224,Omnibiz,3,OMNIBIZ
42893,CMBPPRVITGLDTOM55G,3 Ctn Power Pasta  Regular 475g & 2 Ctn Vitali Gold 55g X 1,102,Bundle & Rolls,Bundles,5224,Omnibiz,3,OMNIBIZ
42894,CMBGPSPAGVES1L,3 Ctn Golden Penny Spaghetti 500g & 1 Ctn Emperor 1l X 1,102,Bundle & Rolls,Bundles,5224,Omnibiz,3,OMNIBIZ
42920,CMB5MIM70GVTGLDTP55G,5 Ctn Mimee Noodles 70g & 2 Vitali Gold Tomato 55g X 1,102,Bundle & Rolls,Bundles,5224,Omnibiz,3,OMNIBIZ
42921,CMBVTNON1ABSSPAG500G,1 Vitali Non Dairy & 1 Auntie B Slim Spaghetti X 200,130,Pasta,Food,5224,Omnibiz,3,OMNIBIZ
42922,CMB2VTNOND1DANO12G,2 Vitali Non Dairy &1 Dano 12g 260 + 10 X 200,102,Bundle & Rolls,Bundles,5224,Omnibiz,3,OMNIBIZ
42924,CMBMIMEEVTCHCKTP55G,5 Ctn Mimee Noodles 70g & 2 Vitali Chicken Paste Mix 55g X 1,102,Bundle & Rolls,Bundles,5224,Omnibiz,3,OMNIBIZ
42925,CMBVTNON1DANG250G,1 Vitali Non Dairy & 1 Dangote 250g X 1,132,Sugar,Commodities,5224,Omnibiz,3,OMNIBIZ
42931,CMBMMEEVTCHTPMIX55G,3 Ctn Mimee 70 + 1 Ctn Vitali Chicken Tomato Mix 55g X 1,129,Noodles,Food,5224,Omnibiz,3,OMNIBIZ
42932,CMBCRWSPAGVTCHTP5G,5 Ctn Crown Spag 500g & 2 Vitali Chicken Tomato Paste 55g X 1,129,Noodles,Food,5224,Omnibiz,3,OMNIBIZ
42933,CMBGPTWVITGTPMIX55G,4 Golden Penny Twist 500g & 1vitali Gold Tomato Paste Mix55g X 1,102,Bundle & Rolls,Bundles,5224,Omnibiz,3,OMNIBIZ
42934,CMBGPVTGLTPASTMIX55G,4 Golden Penny Spag 500g & 1 Vitali Gold Tomato Paste Mix55g X 1,102,Bundle & Rolls,Bundles,5224,Omnibiz,3,OMNIBIZ
42935,CMBGPTINIVTGPTMIX55G,4 Golden Penny Spaghettini 500g& 1 Vitali Gold Paste Mix 55g X 1,102,Bundle & Rolls,Bundles,5224,Omnibiz,3,OMNIBIZ
42936,CMBMME100G5GPSPA500G,5ctns Mimee Noodles 100g & 2ctns Golden Penny Spaghetti 500g X 1,102,Bundle & Rolls,Bundles,5224,Omnibiz,3,OMNIBIZ
42937,CMBMIMEE100G5MKS500G,5 Ctns Mimee Noodles 100g & 3ctns Maikwabo Spagheetti 500g X 1,102,Bundle & Rolls,Bundles,5224,Omnibiz,3,OMNIBIZ
42938,CMBVTNDCHCKERSBAN45G,2 Ctn Vitali Ndc + 1 Ctn Checkers Custard Banana 45g X 1,102,Bundle & Rolls,Bundles,5224,Omnibiz,3,OMNIBIZ
42939,CMB3MME3MMESEPAS500G,3 Ctn Mimee 70g + 3 Ctn Minimie Semolina Pasta 500g X 1,129,Noodles,Food,5224,Omnibiz,3,OMNIBIZ
42940,CMBFECL50CL2CHPO1LTR,5ctns Fearless Classic 50cl+ 2ctns Chivita Premium Orang1ltr X 1,137,combos & bundle,Bundles,5224,Omnibiz,3,OMNIBIZ
42954,CMBGPJOLLOFCHOCO15G,4 Ctn Gp Jollof Noodles + 1 Ctn Gp Choco 15g X 1,135,Oil,Food,5224,Omnibiz,3,OMNIBIZ
42955,CMBGPJOLLOFSPREAD15G,5 Ctn Gp Jollof Noodles + 1 Ctn Gp Spread 15g X 1,135,Oil,Food,5224,Omnibiz,3,OMNIBIZ
42960,CMBVITNASGPAGF,6vitndairypwd 12g+1nasconflakes 35g+1gpamazingday+gift Bag X 1,137,combos & bundle,Bundles,5224,Omnibiz,3,OMNIBIZ
42961,CMBPWOILVTCHKMIXGF,4poweroilsa 45ml+2vtchkseasoningpastemix 55g+omnibiz Giftbag X 1,137,combos & bundle,Bundles,5224,Omnibiz,3,OMNIBIZ
42962,CMBVTNDPDANSMICHOGF,5vtndp 12g+2dansug 250g+1mimeechincho 30g+omnibiz Gift Bag X 1,137,combos & bundle,Bundles,5224,Omnibiz,3,OMNIBIZ
42963,CMBVTDANSUMUCHPGF,5vtndp 12g+2dansug 250g+1munchitpuff 27g+omnibiz Gift Bag X 1,137,combos & bundle,Bundles,5224,Omnibiz,3,OMNIBIZ
42967,CMBGPSEM1KGKNBCOO8G,2golden Penny Semovita 1kgx10 + Knorr Beef Cubes 8gx45x17,137,combos & bundle,Bundles,5224,Omnibiz,3,OMNIBIZ
43039,CMBHUNVITCHICKTOM55G,3 Indomie Hungry Man + 2 Ctn Vitali Chicken Tomato 55g X 1,137,combos & bundle,Bundles,5224,Omnibiz,3,OMNIBIZ
43040,CMBINREGVITCHKTOM55G,3 Indomie Regular + 2 Ctn Vitali Chicken Tomato 55g X 1,137,combos & bundle,Bundles,5224,Omnibiz,3,OMNIBIZ
43000,CMB1NDC1TMIX,2 Vitali Non Dairy + 1 Tomato Paste 55g X 1,137,combos & bundle,Bundles,5224,Omnibiz,3,OMNIBIZ
43005,CMB2VITNDC1GPJCN70,2vitali Nd Creamer 12gx20+1golden Penny Jollof Chick 70gx40  X 1,137,combos & bundle,Bundles,5224,Omnibiz,3,OMNIBIZ
43006,CMB2VITNDC1GPTW500G,2vitali Non Dairy Creamer12g X 20+1golden Penny Twist500gx20 X 1,137,combos & bundle,Bundles,5224,Omnibiz,3,OMNIBIZ
43007,CMB2VITNDC1GPSP500G,2vitali Nondairy Creamer12gx20+ 1golden Penny Spag 500g X 20 X 1,137,combos & bundle,Bundles,5224,Omnibiz,3,OMNIBIZ
43008,CMB2VITNDC1GPTINI500,2 Vitali Non Dairy Creamer 12g X 20 +1 Gp Spaghettini500gx20 X 1,137,combos & bundle,Bundles,5224,Omnibiz,3,OMNIBIZ
43009,CMB2VITNDC1GPAM45G,2vitali Nd Creamer12gx20+1 Gp Amazing Day Cereal45gx10x10 X 1,137,combos & bundle,Bundles,5224,Omnibiz,3,OMNIBIZ
43010,CMB2VITNDC1GPCN70,2vitali Non Dairy Creamer 12g X 20+1gp Chicken Noodles70gx40 X 1,137,combos & bundle,Bundles,5224,Omnibiz,3,OMNIBIZ
43011,CMBMKSPA500G3POS5,3 Maikwabo Spaghetti 500g + 5 Power Oil Sachet 45ml X 1,137,combos & bundle,Bundles,5224,Omnibiz,3,OMNIBIZ
43012,CMBGPSPAG3POS5,3 Golden Penny Spaghetti 500g And 5 Power Oil Sachet 45mlx 1,137,combos & bundle,Bundles,5224,Omnibiz,3,OMNIBIZ
43021,CMBMIMEE70MSS001,8mimee Noodles Chicken Flavour 70gx40+2minimie  Spag500gx20 X 1,137,combos & bundle,Bundles,5224,Omnibiz,3,OMNIBIZ
43022,MIMEE70VTTPMIX55G,10mimee Chicken Flavr70gx40+ 4vitali Gold Tomato Mix55gx50 X 1,137,combos & bundle,Bundles,5224,Omnibiz,3,OMNIBIZ
43023,GPJCN70VTTPMX55G,5golden Penny Jollof Chicken 70gx40+1vitali Gold Mix 55gx50 X 1,137,combos & bundle,Bundles,5224,Omnibiz,3,OMNIBIZ
43025,CMB1NDC1SPO,1 Vitali Non Dairy + 1 Sonia Pepper & Onions 60g X 50 X 1,137,combos & bundle,Bundles,5224,Omnibiz,3,OMNIBIZ
43026,CMB2NDC1STO,1 Vitali Non Dairy - 1 Sonia Tomato Mix 60g X 50 X 1,137,combos & bundle,Bundles,5224,Omnibiz,3,OMNIBIZ
43098,CMBMIMEEGPSEMO500G,10 Mimee Noodle 70g + 1 Gp Semo 500g  X 1,137,combos & bundle,Bundles,5224,Omnibiz,3,OMNIBIZ
43099,CMBMIMEECHKGPSEMO1KG,10 Mimee Noodle 70g + 1 Gp Semo 1kg  X 1,137,combos & bundle,Bundles,5224,Omnibiz,3,OMNIBIZ
43100,CMBMIMEE70GPSPAGSLIM,10 Mimee Noodle 70g + 1 Gp Spag (slim) 500g  X 1,137,combos & bundle,Bundles,5224,Omnibiz,3,OMNIBIZ
43101,CMBMIMEE70GPSPAG,10 Mimee Noodle 70g + 1 Gp Spag 500g  X 1,137,combos & bundle,Bundles,5224,Omnibiz,3,OMNIBIZ
43102,CMBPOILGPTWIST500G,2 Power Oil Sachet 45ml + Gp Twist 500g X 1,137,combos & bundle,Bundles,5224,Omnibiz,3,OMNIBIZ
43103,CMBPOILGPSPAG500G,2 Power Oil Sachet 45ml + 1 Gp Spag 500g  X 1,137,combos & bundle,Bundles,5224,Omnibiz,3,OMNIBIZ
31107,GIFTBAG1,Omnibiz Gift Bag,115,Promo,Promo,5224,Omnibiz,3,OMNIBIZ
31108,GIFTBAG2,Omnibiz Gift Bag  + Free Products,115,Promo,Promo,5224,Omnibiz,3,OMNIBIZ
31109,GIFTBAG3,Omnibiz Gift Bag + Apron + Nylon + Free Products,115,Promo,Promo,5224,Omnibiz,3,OMNIBIZ
23710,SURPRISE_GIFT101,Surprise_gift,115,Promo,Promo,5224,Omnibiz,3,OMNIBIZ
23055,ILEYA30K,Ileya Hamper - Dano.minimiechinchin.indomie.hypo.nasco.milo,102,Bundle & Rolls,Bundles,5224,Omnibiz,3,OMNIBIZ
22733,JOLBUN40K,40k Jolly Bundle (1 Bundle),102,Bundle & Rolls,Bundles,5224,Omnibiz,3,OMNIBIZ
22734,AWOBUN50K,50k Awoof Bundle (1 Bundle),102,Bundle & Rolls,Bundles,5224,Omnibiz,3,OMNIBIZ
22735,BETBUN40K,40k Beta Bundle (1 Bundle),102,Bundle & Rolls,Bundles,5224,Omnibiz,3,OMNIBIZ
22736,YAKBUN50K,50k Yakata Bundle (1 Bundle),102,Bundle & Rolls,Bundles,5224,Omnibiz,3,OMNIBIZ
24077,OJHMED,Gift Hamper,102,Bundle & Rolls,Bundles,5224,Omnibiz,3,OMNIBIZ
24078,OJHBIG,Omnibiz Jolly Hamper Big Size,102,Bundle & Rolls,Bundles,5224,Omnibiz,3,OMNIBIZ
24898,TTTP070,Gggggggg,117,Seasoning cubes & Spices,Food,5224,Omnibiz,3,OMNIBIZ
24288,OJHMED1,Surprise Gift (10k) ,102,Bundle & Rolls,Bundles,5224,Omnibiz,3,OMNIBIZ
24297,OJBOX,Surprise Gift,102,Bundle & Rolls,Bundles,5224,Omnibiz,3,OMNIBIZ
24413,MILKBASKET01,Milk Top Up Basket (empty Plastic Returnable),102,Bundle & Rolls,Bundles,5224,Omnibiz,3,OMNIBIZ
25415,FREGFT,Free Gift,115,Promo,Promo,5224,Omnibiz,3,OMNIBIZ
25386,PROM_C40G,Promo Cookies 40g X72,115,Promo,Promo,5224,Omnibiz,3,OMNIBIZ
25387,PROM_WH2KG,Promo Wheat 2kg X5,115,Promo,Promo,5224,Omnibiz,3,OMNIBIZ
25388,PROM_SEM1KG,Promo Semo 1kg X 10,115,Promo,Promo,5224,Omnibiz,3,OMNIBIZ
25389,PROM_SEM2KG,Promo Semo 2kg X5,115,Promo,Promo,5224,Omnibiz,3,OMNIBIZ
25394,BUNDCWS012APCK13CF49.5GPCK9.25,2 Roll Dano Cc 12g X 20 +1roll Kellogg's Cornflake 49.5g X,102,Bundle & Rolls,Bundles,5224,Omnibiz,3,OMNIBIZ
25395,BUNDCWS012APCK13GG045GPCK10,2 Roll  Dano Cc 12g X20+1 Roll  Kellogg's Go Grains 45g X 10,102,Bundle & Rolls,Bundles,5224,Omnibiz,3,OMNIBIZ
25396,PRHWSEM2KG,Promo Hwsemolina 2kg X,115,Promo,Promo,5224,Omnibiz,3,OMNIBIZ
25397,PRHWSEM10KG,Promo Hwsemolina 10kg,115,Promo,Promo,5224,Omnibiz,3,OMNIBIZ
25398,PRPFSEM10KG,Promo  Pf Semolina  10kg X1,115,Promo,Promo,5224,Omnibiz,3,OMNIBIZ
25399,PRPFSEM5KG,Promo  Pf Semolina  5kg X1,115,Promo,Promo,5224,Omnibiz,3,OMNIBIZ
43112,CMB1MME100G3MN70GG,1mimee Noodles Chkflvr100gx40+3mimee Noodles70g+self Pickup  X 1,137,combos & bundle,Bundles,5224,Omnibiz,3,OMNIBIZ
43113,CMBSP500DAN20GMCF250,1golden Penny Spaghetti 500g X 20 + 2dano 12 + 2mr. Chef250g X 1,137,combos & bundle,Bundles,5224,Omnibiz,3,OMNIBIZ
43114,CMBTW500GDAN12GCHEF,1-golden Penny Twist 500g X 20 + 2dano 12g + 2-mr. Chef 250g X 1,137,combos & bundle,Bundles,5224,Omnibiz,3,OMNIBIZ
43115,CMBGPSPTINIMCF250DAN,1golden Penny Spag(slim)500g X 20 + 2mr. Chef 250g+2 Dano12g X 1,137,combos & bundle,Bundles,5224,Omnibiz,3,OMNIBIZ
43116,CMBVTTP55G3SNTP60G2,3 Vitali Gold Tomato Paste Mix 55g + 2 Sonia Tomato Mix 60g X 1,137,combos & bundle,Bundles,5224,Omnibiz,3,OMNIBIZ
43117,CMBVTCHKTP55STIN2200,2 Vitali Chck Tomato Seasoning 55g + 2sonia Tomato Tin 2200g X 1,137,combos & bundle,Bundles,5224,Omnibiz,3,OMNIBIZ
43118,CMBGPSPAVTCHCKTP55G,3golden Penny Spag 500g+2vitali Chck Tomato Seasoning 55g X 1,137,combos & bundle,Bundles,5224,Omnibiz,3,OMNIBIZ
43119,CMBMKSPAVTTPMX55G,3 Maikwabo Spaghetti 500g + 2vitali Gold Tomato Paste 55gx 1,137,combos & bundle,Bundles,5224,Omnibiz,3,OMNIBIZ
43120,CMBMKSPAVTCHCKTP55G,3 Maikwabo Spag 500g + 2 Vitali Chck Tomato Seasoning  55g X 1,137,combos & bundle,Bundles,5224,Omnibiz,3,OMNIBIZ
43121,CMBGPSPA500VTTPMX55G,3 Golden Penny Spag 500g + 2vitali Gold Tomato Paste 55g X 1,137,combos & bundle,Bundles,5224,Omnibiz,3,OMNIBIZ
43175,CMBMM70GCRWSPAG500G,3 Mimee Noodles 70g + 1 Crown Spaghetti 500g  X 1,137,combos & bundle,Bundles,5224,Omnibiz,3,OMNIBIZ
43176,CMBMM70GVTNTMG5G,3 Mimee Noodles 70g + 1 Vitali Nut Meg Powder 5g  X 1,137,combos & bundle,Bundles,5224,Omnibiz,3,OMNIBIZ
43177,CMBMM70GVTGTMX55G,3 Mimee Noodles 70g + 1 Vitali Gold Tomato Paste 55g X 1,137,combos & bundle,Bundles,5224,Omnibiz,3,OMNIBIZ
43178,CMBIRC001LY14G,5indomie Regular Chicken 70gx40 + 1loya Milk Sachet14gx200  X 1,137,combos & bundle,Bundles,5224,Omnibiz,3,OMNIBIZ
43179,CMBMIM100GGPSEMO500G,5mimee Chicken Flavour 100gx40 +1golden Penny Semovita500x20 X 1,137,combos & bundle,Bundles,5224,Omnibiz,3,OMNIBIZ
43180,CMBMIM100GCHIO1LTR,5 Mimee Chicken Flavr100g X40+1chivita Premium Orange1ltrx10 X 1,137,combos & bundle,Bundles,5224,Omnibiz,3,OMNIBIZ
43181,CMBMIN100GCHIA1LTR,5 Mimee Chicken Flvr100gx40+1chivita Premium Apple1ltrx10psc X 1,137,combos & bundle,Bundles,5224,Omnibiz,3,OMNIBIZ
43182,CMBDAN12GLY14G,2dano Cool Cow Sachet 12gx260+1loya Milk Sachet14gx200 X 1,137,combos & bundle,Bundles,5224,Omnibiz,3,OMNIBIZ
43183,CMBDAN14GGPAMAZ45G,2dano Cool Cow Sachet 12gx260+1g P Adaybrkfast 45gx10x10 X 1,137,combos & bundle,Bundles,5224,Omnibiz,3,OMNIBIZ
43184,CMBIND70GPPS475G,5 Indomie 70g + 1 Power Pasta  Slim 475g X 20 X 1,137,combos & bundle,Bundles,5224,Omnibiz,3,OMNIBIZ
43185,CMBIND70GVTCHKMX55G,5 Indomie 70g + 1 Vitali Chicken Tomato Paste 55g X 1,137,combos & bundle,Bundles,5224,Omnibiz,3,OMNIBIZ
43186,CMBIND70GMNMSPG500G,5 Indomie 70g + 1 Minimie  Spaghetti 500g X 1,137,combos & bundle,Bundles,5224,Omnibiz,3,OMNIBIZ
43187,CMBMM100GDANO150G,2 Mimee Noodles 100g + 1 Dano Cool Cow Sachet 150g X 1,137,combos & bundle,Bundles,5224,Omnibiz,3,OMNIBIZ
43188,CMBMM100GVTNTMG5G,2 Mimee Noodles 100g + 1 Vitali Nut Meg Powder 5g X 1,137,combos & bundle,Bundles,5224,Omnibiz,3,OMNIBIZ
43189,CMB4IND120GVTNTMG5G,4 Indomie Super Pack 120g + 1 Vitali Nut Meg Powder 5g X 1,137,combos & bundle,Bundles,5224,Omnibiz,3,OMNIBIZ
43190,CMB4IND120GADCHK16G,4 Indomie Super Pack 120g + 1 Addmie Classic 16g X 1,137,combos & bundle,Bundles,5224,Omnibiz,3,OMNIBIZ
43191,CMBIND120GADCLS16G,4 Indomie Super Pack 120g + 1 Addmie Chicken 16g X 1,137,combos & bundle,Bundles,5224,Omnibiz,3,OMNIBIZ
43192,CMBMIMEERC1005VGTP2,5 Ctn Mimee Chicken Flavour 100g + 2 Ctn Vitali Gold Tp65g X 1,137,combos & bundle,Bundles,5224,Omnibiz,3,OMNIBIZ
43193,CMBMIMRC1005VTND12G1,5 Ctn Mimee Chicken Flavour 100g + 1 Vitali Non-dairy12x200 X 1,137,combos & bundle,Bundles,5224,Omnibiz,3,OMNIBIZ
43194,CMBMMRC1005VTCHTP55G,5ctn Mimee Noodle Flavour 100g+2vt Chicken Tsp55gx50 X 1,137,combos & bundle,Bundles,5224,Omnibiz,3,OMNIBIZ
43195,CMBMMRCSONTOMSAC60G2,5 Ctn Mimee Noodle Flavour 100g + 2 Sonia Tomato Mix60gx50 X 1,137,combos & bundle,Bundles,5224,Omnibiz,3,OMNIBIZ
43196,CMBIOC001SON65G,3indomie Onion Chicken 70gx40+2 Sonia Pepper & Onion 65gx50 X 1,137,combos & bundle,Bundles,5224,Omnibiz,3,OMNIBIZ
43197,CMBISP001GPSAG70G,3 Indomie Spchicken Flv120g X 40+2gp Jollof Chk70gx40  X 1,137,combos & bundle,Bundles,5224,Omnibiz,3,OMNIBIZ
43198,CMBMIM7OGGPSLIM500G,3 Mimee Noodles Chicken Flavour 70g X 40 + 2 Gp(slim)500gx20 X 1,137,combos & bundle,Bundles,5224,Omnibiz,3,OMNIBIZ
43199,CMBMIM70GGPTWT50G,3 Mimee Nchicken Flavour 70g X 40+2gp Twist 500g X 20 X 1,137,combos & bundle,Bundles,5224,Omnibiz,3,OMNIBIZ
43200,CMBINCHKHUNVTNUT200,5indomie Super Pack Chk Flvr 120g X 40 +1vt Nutmeg 5g X 200 X 1,137,combos & bundle,Bundles,5224,Omnibiz,3,OMNIBIZ
43201,CMBINCHKMINISPA200,5indomie Super Pack Chk Flvr 120g X 40+1minimie Spag 500gx20 X 1,137,combos & bundle,Bundles,5224,Omnibiz,3,OMNIBIZ
43202,CMPINSP2COMVNL200Gx1,5indomie Spack Chicken Flavor 120gx40+2complan Milk Vfl200g X 1,137,combos & bundle,Bundles,5224,Omnibiz,3,OMNIBIZ
43203,CMPINSP2COMCHO200Gx1,5indomie Spack Chk Flavor120g X 40+2complan Milk Cfl 200gx1 X 1,137,combos & bundle,Bundles,5224,Omnibiz,3,OMNIBIZ
43204,CMBMMCHKCHBAN45G,5mimee Chicken Flavour 70gx40+2 Checkers Custard Banana45x96 X 1,137,combos & bundle,Bundles,5224,Omnibiz,3,OMNIBIZ
43205,CMBMMCHKVTGMIX24,3mimee Noodles Chicken Flavour 70g X 40+1vt Gold Tpmx24 X 1,137,combos & bundle,Bundles,5224,Omnibiz,3,OMNIBIZ
43206,CMBMMCHK40MMSPA500G,5mimee Chicken Flavour 70g X 40+1 Mimee Spaghetti 500gx20 X 1,137,combos & bundle,Bundles,5224,Omnibiz,3,OMNIBIZ
43207,CMBMMCRWNSPAG500G,5mimee Chicken Flavour 70g X 40+2 Crown Premium Spg 500gx20  X 1,137,combos & bundle,Bundles,5224,Omnibiz,3,OMNIBIZ
43208,CMBMMCHKCOVAN200G,5mimee Chicken Flvr 70g X 40+2 Complan Milk Vanilla200g X1 X 1,137,combos & bundle,Bundles,5224,Omnibiz,3,OMNIBIZ
43209,CMBMMCHKCOCHOC200G,5mimee Chk Flvour 70g X40+complan Milk Chocolate 200g  X 1,137,combos & bundle,Bundles,5224,Omnibiz,3,OMNIBIZ
43210,CMBINHU1VTPMIX400G,3indomie Chicken Hungryman 180g X 24+1 Vt Patemix 400gx24 X 1,137,combos & bundle,Bundles,5224,Omnibiz,3,OMNIBIZ
43211,CMBINHUN1VTNUT5G,3indomie Chicken Hungryman 180g X 24+1 Vitali Nutmeg 5gx200 X 1,137,combos & bundle,Bundles,5224,Omnibiz,3,OMNIBIZ
43212,CMBINCHKCRWSPA500,5indomie Chk Hungryman 180g X 24+2 Crown Premium Spag500x20 X 1,137,combos & bundle,Bundles,5224,Omnibiz,3,OMNIBIZ
43213,CMBINH2CCPEBUG25G,5indomie Hm 180gx 24+2checkers Crunchy Pbuger 25gx6 Rollsx12 X 1,137,combos & bundle,Bundles,5224,Omnibiz,3,OMNIBIZ
43214,CMBINSUPVTGM55G,5indomie Superpack 120x40+1vt Gold Tp Mix55gx50 X 1,137,combos & bundle,Bundles,5224,Omnibiz,3,OMNIBIZ
43215,CMBINOCHKVTMIX55G,5indomie Onion Chk70x40+1 Vt Seasoning Mix55gx50 X 1,137,combos & bundle,Bundles,5224,Omnibiz,3,OMNIBIZ
43216,CMBINHUN1VTG55G,5indomie Chk Hungryman18x24+1vt Gold Mix 55gx50 X 1,137,combos & bundle,Bundles,5224,Omnibiz,3,OMNIBIZ
43217,CMBBFU280VTG55G,5indomie Belle Full Pack 280x16+1vt Gold Tomato Paste55gx50 X 1,137,combos & bundle,Bundles,5224,Omnibiz,3,OMNIBIZ
43218,CMBINREGVTPMIX55G,5indomie Reg Chicken70gx40+1vtc Tomato Mix55gx50 X 1,137,combos & bundle,Bundles,5224,Omnibiz,3,OMNIBIZ
43219,CMBREGCHKVTM55G,10 Indomie Reg 70x40+3 Vt Chicken Tmix55gx50 X 1,137,combos & bundle,Bundles,5224,Omnibiz,3,OMNIBIZ
43220,CMB10INSUPVTGM55G,10 Indomie S-pack12gx40+3 Vtg Paste Mix55gx50 X 1,137,combos & bundle,Bundles,5224,Omnibiz,3,OMNIBIZ
43221,CMBINOCHK3VTMIX55G,10 Indomie Onion 70gx40 +3vt Chk Tomatop55gx50 X 1,137,combos & bundle,Bundles,5224,Omnibiz,3,OMNIBIZ
43222,CMBINHUNGVTG55G,10 Indomie Chk Hungryman180gx24+3 Vtg Mix55gx50 X 1,137,combos & bundle,Bundles,5224,Omnibiz,3,OMNIBIZ
43223,CMBBFULL3VTG55G,10 Indomie Belle Full 280x16+vt Gold Paste55gx50 X 1,137,combos & bundle,Bundles,5224,Omnibiz,3,OMNIBIZ
43224,CMB3IND1AB,3 Indomitable 70g + Auntie B Slim X 1,137,combos & bundle,Bundles,5224,Omnibiz,3,OMNIBIZ
43225,CCB45GPx96FREE,Checkers Custard Banana 45g X 96 + 1 Free Roll X 1,137,combos & bundle,Bundles,5224,Omnibiz,3,OMNIBIZ
43226,CMBRC070VTTPMX55G,3 Mimee Chicken Flavour 70gx40+1vitali Gold Tomato Mix55gx50 X 1,137,combos & bundle,Bundles,5224,Omnibiz,3,OMNIBIZ
42991,CMBGP70GSPAGTINI500,Golden Penny Noodles 70g X 40 + Spaghettini (slim) 500g  X 20,130,Pasta,Food,5224,Omnibiz,3,OMNIBIZ
42992,CMBNDC12GCMOF200G,2vitali Non-dairy Powder 12gx200 + 1complan Milk Original200 X 1,137,combos & bundle,Bundles,5224,Omnibiz,3,OMNIBIZ
42993,CMBNDC12GCMCF200G,2vitali Non-dairy Powder 12gx200+1complan Milk Chocolate200g X 1,137,combos & bundle,Bundles,5224,Omnibiz,3,OMNIBIZ
42994,CMBNDC12GCMVF200G,2vitali Non-dairy Powder 12gx200+1complan Milk Vanilla200gx1,137,combos & bundle,Bundles,5224,Omnibiz,3,OMNIBIZ
43107,COMBIGBULLEMPOIL1LTR,1 Big Bull Rice 50kg + 1 Ctn Of Emperor Oil 1ltr  X 12,137,combos & bundle,Bundles,5224,Omnibiz,3,OMNIBIZ
43108,CMBVITNDCHKVAN45G,3 Ctn Vitali Ndc + 1 Ctn Checkers Vanilla 45g X 1,137,combos & bundle,Bundles,5224,Omnibiz,3,OMNIBIZ
43109,CMBMMIMEEVITNDC12G,5 Ctn Mimee 70g + 3 Ctn Vitali Ndc 12g X 1,137,combos & bundle,Bundles,5224,Omnibiz,3,OMNIBIZ
43149,CMB2GPCN70G4VNDC,2gp Chk Noodles 70gx40 +4vitali Non-dairy Powder 12g  X 200,137,combos & bundle,Bundles,5224,Omnibiz,3,OMNIBIZ
43150,CMB2GPJCN70G4VNDC,2gp Jollof Chknoodles70gx40+4vitali Non-dairy Powder12gx 200,137,combos & bundle,Bundles,5224,Omnibiz,3,OMNIBIZ
43151,CMB2GPS500G4VNDC,2 Gp Spag 500g X 20 + 4vitali Non-dairy Powder12g X 200,137,combos & bundle,Bundles,5224,Omnibiz,3,OMNIBIZ
43152,CMB2GPSPAGTINI500G4,2gp Spag (slim) 500g X 20 + 4vitali Non-dairy Powder12 X 200,137,combos & bundle,Bundles,5224,Omnibiz,3,OMNIBIZ
43153,CMB2GPT500G4VNDC,2 Gp Twist 500g X 20 + 4 Vitali Non-dairy Powder 12g  X 200,137,combos & bundle,Bundles,5224,Omnibiz,3,OMNIBIZ
43154,CMB2GPCN70G3VGTPM,2 Gp Chk Noodles 70gx40+3vitali Gold Tomato Paste Mix55g X50,137,combos & bundle,Bundles,5224,Omnibiz,3,OMNIBIZ
43155,CMB2GPJCN70G3VGTPM,2gp Jollof Chk Noodles70gx40+3vt Gold Tomato Pst Mix55g X 50,137,combos & bundle,Bundles,5224,Omnibiz,3,OMNIBIZ
43156,CMB2GPS500G3VGTPM,2 Gp Spag 500g X 20+3vitali Gold Tomato Paste Mix 55gx 50,137,combos & bundle,Bundles,5224,Omnibiz,3,OMNIBIZ
43157,CMB2GPSPAGTINI500G,2gp Spag(slim) 500gx20+3vitali Gold Tomato Pst Mix55g X 50,137,combos & bundle,Bundles,5224,Omnibiz,3,OMNIBIZ
43158,CMB2GPT500G3VGTPM,2gp Twist 500gx20 +3vitali Gold Tomato Pst Mix 55g X 50,137,combos & bundle,Bundles,5224,Omnibiz,3,OMNIBIZ
43162,CMBMIMEECHKING50,8mimee Noodles Chk Flavour 100gx40+1kings Oil Sachet 50ml X 60,137,combos & bundle,Bundles,5224,Omnibiz,3,OMNIBIZ
43163,CMBMIMEECHACTIVA65,8 Mimee Noodles Chk Flavour 100g X40+1 Activa Oil 65mlx X 80,137,combos & bundle,Bundles,5224,Omnibiz,3,OMNIBIZ
43164,CMBMMEECHKSA50ML,10mimee Noodles Chck Flavour70gx40+1kings Oil Sachet 50mlx60,137,combos & bundle,Bundles,5224,Omnibiz,3,OMNIBIZ
43165,CMBMMEECHACT65ML,10mimee Noodles Chk Flavour70gx40+1activa Oil Sachet65ml X80,137,combos & bundle,Bundles,5224,Omnibiz,3,OMNIBIZ
43231,CMB5IRC1GPS10K,5indomie Chicken Hungryman 180gx24+1gp Semovita 10kg X 1,137,combos & bundle,Bundles,5224,Omnibiz,3,OMNIBIZ
43232,CMB3IBP1VTGTP,3indomie Belle Full Pack 280g X 16+1vitali Gold Tp Mix65gx50 X 1,137,combos & bundle,Bundles,5224,Omnibiz,3,OMNIBIZ
43233,CMB5ISP1GPS1K,5indomie Super Pack Chicken Flvr 120gx40+1gp Semovita1kgx10 X 1,137,combos & bundle,Bundles,5224,Omnibiz,3,OMNIBIZ
25584,FSPOPCNSW15GX30,Fun Snax Pop Corn Sweet 15g X 30,118,Snacks and Chin Chin,Food,5225,Pop Corn,39,SUNLIGHT RESOURCES LIMITED
26631,FSPOPCNSW15GX31,Fun Snax Pop Corn Sweet 15g X 30 +,118,Snacks and Chin Chin,Food,5225,Pop Corn,39,SUNLIGHT RESOURCES LIMITED
43257,FSPOPCNSW15G,Fun Snax Pop Corn Sweet 15g X 50,118,Snacks and Chin Chin,Food,5225,Pop Corn,39,SUNLIGHT RESOURCES LIMITED
26515,RANA140Gx29,Rana Detergent 140g X 29,108,Home Care and Laundry,HC+PC,5226,Rana,34,DARAJU
25370,RANA140G,Rana Detergent 140g X 28,108,Home Care and Laundry,HC+PC,5226,Rana,34,DARAJU
31872,RANA130G,Rana Detergent 130g  X 28,108,Home Care and Laundry,HC+PC,5226,Rana,34,DARAJU
33020,RANA40G,Rana Detergent 40g  X 70,108,Home Care and Laundry,HC+PC,5226,Rana,34,DARAJU
26166,RANA70G,Rana Detergent 70gm  X 52,108,Home Care and Laundry,HC+PC,5226,Rana,34,DARAJU
26167,RANA70Gx54,Rana Detergent 70gm  X 54,108,Home Care and Laundry,HC+PC,5226,Rana,34,DARAJU
26168,RANA90G,Rana Detergent 90gm  X 52,108,Home Care and Laundry,HC+PC,5226,Rana,34,DARAJU
23229,RANA50G,Rana Detergent 50gm X 70,108,Home Care and Laundry,HC+PC,5226,Rana,34,DARAJU
23230,RANA150G,Rana Detergent 150gm X 29,108,Home Care and Laundry,HC+PC,5226,Rana,34,DARAJU
45940,SEAMAN3CL,Seaman Schnapp Sachet 3cl X 24 X 14packs,106,Drinks,Beverages,5227,Seaman,61,GOLD OARK LIMITED
23038,SSSAC30MLPK13,Seaman Schnapp Sachet 30ml X 24 ,106,Drinks,Beverages,5227,Seaman,61,GOLD OARK LIMITED
26650,SSSAC30MLX14PK24,Seaman Schnapp Sachet 30ml - 24 Sachet,106,Drinks,Beverages,5227,Seaman,61,GOLD OARK LIMITED
22690,SUPINSCHNOD70G,Supreme Instant Chicken Noodles 70g X 40,129,Noodles,Food,5228,Supreme Noodles,63,PRIMERA FOOD NIGERIA LIMITED
22935,TITUS125GPKS10,Titus Sardine 125g Pack Size X,105,Condiments,Food,5229,Titus Sardines,167,Imported
23199,VN0100G,Veet Normal 100ml X,114,Personal Care & Beauty,HC+PC,5230,Veet,6,RECKITT
23200,VS0100ML,Veet Sensitive 100ml X,114,Personal Care & Beauty,HC+PC,5230,Veet,6,RECKITT
23366,FUNSWAFSB16G,Fun Snax Wafer Sticks Banana 16g X 96,101,Biscuits & Sweets,Food,5231,Wafer Sticks,39,SUNLIGHT RESOURCES LIMITED
22983,FSWAFSTBAN18G,Fun Snax Wafer Sticks Banana 18g X 96,101,Biscuits & Sweets,Food,5231,Wafer Sticks,39,SUNLIGHT RESOURCES LIMITED
22984,FSWAFSTCHO18G,Fun Snax Wafer Sticks Chocolate 18g X 96,101,Biscuits & Sweets,Food,5231,Wafer Sticks,39,SUNLIGHT RESOURCES LIMITED
22985,FSWAFSTMLK18G,Fun Snax Wafer Sticks Milk 18g X 96,101,Biscuits & Sweets,Food,5231,Wafer Sticks,39,SUNLIGHT RESOURCES LIMITED
23145,WILYL500ML,Wilson's Yellow Lemonade 500ml X 12,106,Drinks,Beverages,5232,Wilsons,182,WILSON JUICE
23146,WILPL500ML,Wilson's Pink Lemonade 500ml X 12,106,Drinks,Beverages,5232,Wilsons,182,WILSON JUICE
23147,WILYL300ML,Wilson's Yellow Lemonade 300ml X 12,106,Drinks,Beverages,5232,Wilsons,182,WILSON JUICE
23148,WILPL300ML,Wilson's Pink Lemonade 300ml X 12,106,Drinks,Beverages,5232,Wilsons,182,WILSON JUICE
22986,WYSHRCRA15G,Fun Snax Wynn Shrimp Crackers  15g X 30,118,Snacks and Chin Chin,Food,5233,Wynn Shrimp Crackers,39,SUNLIGHT RESOURCES LIMITED
25489,WYSHRCRA10G,Fun Snax Wynn Shrimp Crackers Small 10g X 30,118,Snacks and Chin Chin,Food,5233,Wynn Shrimp Crackers,39,SUNLIGHT RESOURCES LIMITED
23807,FUNWYNCRAC125G,Fun Snax Wynn Shrimp Crackers 125g X,118,Snacks and Chin Chin,Food,5233,Wynn Shrimp Crackers,39,SUNLIGHT RESOURCES LIMITED
25877,JOHWALRED70CL1,Johnnie Walker Red Label 70cl X,106,Drinks,Beverages,5236,JOHNNIE WALKER,93,DIAGEO
26025,JOHWALRED70CLPK3,Johnnie Walker Red Label 70cl X,106,Drinks,Beverages,5236,JOHNNIE WALKER,93,DIAGEO
32164,JOHWALGOLD70CL,Johnnie Walker Gold Label Reserve 70cl X,106,Drinks,Beverages,5236,JOHNNIE WALKER,93,DIAGEO
31547,JOHWALRED1LX1,Johnnie Walker Red Label 1carton X,106,Drinks,Beverages,5236,JOHNNIE WALKER,93,DIAGEO
23749,JOHWALRED1L,Johnnie Walker Red Label 1ltr X 12,106,Drinks,Beverages,5236,JOHNNIE WALKER,93,DIAGEO
24007,JOHWALRED70CL,Johnnie Walker Red Label 70cl X 12,106,Drinks,Beverages,5236,JOHNNIE WALKER,93,DIAGEO
25850,JHBLACK70CL,Johnnie Walker Black Label 70clx12,106,Drinks,Beverages,5236,JOHNNIE WALKER,93,DIAGEO
42464,JOHWALBLU70CL1,Johnnie Walker Blue Label 70cl  X 1,106,Drinks,Beverages,5236,JOHNNIE WALKER,93,DIAGEO
44535,JHBLACK70CLX1,Johnnie Walker Black Label 70cl X 1,106,Drinks,Beverages,5236,JOHNNIE WALKER,93,DIAGEO
23737,GLENTEA3IN1SAC1.8G,Glen Tea 3 In 1 Sachet 1.8g  X 20 X 10,104,Coffee & Tea,Food,5237,Glen,24,UNILEVER
23739,RADDET200G,Radiant Detergent Powder 200g X 24,108,Home Care and Laundry,HC+PC,5238,Radiant,24,UNILEVER
23740,RADDET90G,Radiant Detergent Powder 90g X 48,108,Home Care and Laundry,HC+PC,5238,Radiant,24,UNILEVER
23741,RADDET800G,Radiant Detergent Powder 800g X,108,Home Care and Laundry,HC+PC,5238,Radiant,24,UNILEVER
23742,OMOSKYPLUS900G,Omo Washing Powder Sky Plus 900g X,108,Home Care and Laundry,HC+PC,5239,Omo,24,UNILEVER
24279,OMOPDPW900G,Omo Protect Detergent Powder 900g X,108,Home Care and Laundry,HC+PC,5239,Omo,24,UNILEVER
24342,OMOHADE70G,Omo Handwash Detergent Powder 70g X 72,108,Home Care and Laundry,HC+PC,5239,Omo,24,UNILEVER
24343,OMOHADE20G,Omo Handwash Detergent Powder 20g X 180,108,Home Care and Laundry,HC+PC,5239,Omo,24,UNILEVER
24344,OMOHADE160G,Omo Handwash Detergent Powder 160g X 40,108,Home Care and Laundry,HC+PC,5239,Omo,24,UNILEVER
30483,OMWPSKPL8X900G,Omo Wash Powder Sky Plus 900g X,108,Home Care and Laundry,HC+PC,5239,Omo,24,UNILEVER
30484,OMWPSKPL4X2KG,Omo Wash Powder Sky Plus 2kg X,108,Home Care and Laundry,HC+PC,5239,Omo,24,UNILEVER
30485,OMEXFRHWPWD8X900G,Omo Extra Fresh Hw Powder 900g X,108,Home Care and Laundry,HC+PC,5239,Omo,24,UNILEVER
30486,OMEXFRHWPWD4X2KG,Omo Extra Fresh Hw Powder 2kg X,108,Home Care and Laundry,HC+PC,5239,Omo,24,UNILEVER
30487,OMAUTWAPNG4X2KG,Omo Autowash Powder Ngr 2kg X,108,Home Care and Laundry,HC+PC,5239,Omo,24,UNILEVER
30509,OMAUTWAPNG8X1KG,Omo Autowash Powder Ngr 1kg X,108,Home Care and Laundry,HC+PC,5239,Omo,24,UNILEVER
30493,OMAUTWAPNG3X3.5KG,Omo Autowash Powder Ngr 3.5kg X,108,Home Care and Laundry,HC+PC,5239,Omo,24,UNILEVER
37773,TOPCAFE30G,Topcafe 3 In 1 Creamy White Coffee Mix 30g X 120,104,Coffee & Tea,Food,5240,TOPCAFE,44,EKO SUPREME RESOURCES NIGERIA LIMITED
23747,TOPCAFE30GPKT4,Topcafe 3 In 1 Creamy White Coffee Mix 30g X  30,104,Coffee & Tea,Food,5240,TOPCAFE,44,EKO SUPREME RESOURCES NIGERIA LIMITED
24405,BAILEYS750ML,Baileys Original 750ml X 12,106,Drinks,Beverages,5241,BAILEYS,93,DIAGEO
23750,BAILEYS70CL,Baileys Original 70cl X 12,106,Drinks,Beverages,5241,BAILEYS,93,DIAGEO
31545,BAILEYS70CLX1,Baileys Original 70cl X,106,Drinks,Beverages,5241,BAILEYS,93,DIAGEO
23751,BARONROM75CL,Baron Romeo Red Wine 75cl X,106,Drinks,Beverages,5242,BARON ROMEO,91,Jasmine Lin
54730,JAWPGRW75CL,J And W Premium Grape Red Wine 75cl X 12,106,Drinks,Beverages,5243,J & W,94,J W Wines Ltd
23752,JWWINE75CL,J & W Premium Sparkling Red Grape Wine 75cl X,106,Drinks,Beverages,5243,J & W,94,J W Wines Ltd
37822,JWCOT750ML,J & W Cocktail 750ml X 12,106,Drinks,Beverages,5243,J & W,199,Ekulo Group of Companies
37823,JWSPARED750ML,J & W Sparkling Red Rap N/a 750ml X 12,106,Drinks,Beverages,5243,J & W,199,Ekulo Group of Companies
37824,JWPRM750ML,J & W Premium 750ml X 6,106,Drinks,Beverages,5243,J & W,199,Ekulo Group of Companies
26109,CHAMWHWINE75CL,Chamdor White Wine 75cl X,106,Drinks,Beverages,5244,CHAMDOR,199,Ekulo Group of Companies
23753,CHAMDORWINE75CL,Chamdor Sparkling Red Grape Wine 75cl X,106,Drinks,Beverages,5244,CHAMDOR,95,HAD Co. GROUP
42854,PCC1000,Puck Cooking Cream 27% 1l X 10,111,Milk & Dairy,Food,5245,Lurpak,96,Arla
37838,LSUB250G,Lurpak Spreadable Unsalted Butter 250g X 12,135,Oil,Food,5245,Lurpak,96,Arla
55088,LBK100GX40,Lurpak Butter Unsalted 100g X 40,145,spread,Food,5245,Lurpak,96,Arla
23890,LSB0200,Lurpak 80% Butter Salted 200g X 2 X 40,135,Oil,Food,5245,Lurpak,179,TG ARLA
23891,LSB0200_SP,Lurpak 80% Butter Salted 200g X 40,135,Oil,Food,5245,Lurpak,179,TG ARLA
23892,LUB0200_SP,Lurpak 82% Butter Unsalted 200g X 40,135,Oil,Food,5245,Lurpak,179,TG ARLA
23893,LUB0200,Lurpak 82% Butter Unsalted 200g X 80,135,Oil,Food,5245,Lurpak,179,TG ARLA
23788,ASB0200,Arla Salted Butter 20 X 200 ,134,Margarine,Commodities,5245,Lurpak,179,TG ARLA
23789,AUB0200,Arla Unsalted Butter 20 X 200g,134,Margarine,Commodities,5245,Lurpak,179,TG ARLA
23790,ABS0200,Arla Burger Slice Cheddar Taste 24 X 200g ,134,Margarine,Commodities,5245,Lurpak,179,TG ARLA
31175,DMCSO2,Danish Mozzarella Cheese Sticks 2kg X 6(shreaded Mozzarella),118,Snacks and Chin Chin,Food,5245,Lurpak,179,TG ARLA
23941,DMBC4_A,Block Mozzarella Cheese 2.3kg X,118,Snacks and Chin Chin,Food,5245,Lurpak,179,TG ARLA
23797,ACCN150,Arla Cream Cheese Natural 12 X 150g ,134,Margarine,Commodities,5245,Lurpak,179,TG ARLA
23798,ACCP150,Arla Cream Cheese Pineapple 12 X 150g ,134,Margarine,Commodities,5245,Lurpak,179,TG ARLA
23799,APT2000,Arla Pizza Topping Sticks 6 X 2kg,133,Dairy,Food,5245,Lurpak,179,TG ARLA
23800,ASS0200,Arla Sandwich Slice 24 X 200g ,105,Condiments,Food,5245,Lurpak,179,TG ARLA
23801,ASD0200,Arla Spreadable 20 X 200g,134,Margarine,Commodities,5245,Lurpak,179,TG ARLA
23802,ASC0240,Arla Spredable Cheese 24 X 240g,105,Condiments,Food,5245,Lurpak,179,TG ARLA
23803,AWC1000,Arla Whipping Cream  36% Uht 10 X 1ltr ,111,Milk & Dairy,Food,5245,Lurpak,179,TG ARLA
25766,SMA1_400GX6,Sma Gold 1 - 400g X,99,Baby Care,HC+PC,5246,SMA,42,NESTLÉ NIGERIA PLC
25767,SMA2_400GX6,Sma Gold 2 - 400g X,99,Baby Care,HC+PC,5246,SMA,42,NESTLÉ NIGERIA PLC
25768,SMA3_900GX3,Sma Gold 2 - 900g X,99,Baby Care,HC+PC,5246,SMA,42,NESTLÉ NIGERIA PLC
25769,SMA3_400GX6,Sma Gold 3 - 400g X,99,Baby Care,HC+PC,5246,SMA,42,NESTLÉ NIGERIA PLC
25770,SMA3_900G3X3,Sma Gold 3 - 900g X,99,Baby Care,HC+PC,5246,SMA,42,NESTLÉ NIGERIA PLC
24164,SMA2_900G,Sma Gold 2 - 900g X,99,Baby Care,HC+PC,5246,SMA,42,NESTLÉ NIGERIA PLC
24165,SMA3_400G,Sma Gold 3 - 400g X 12,99,Baby Care,HC+PC,5246,SMA,42,NESTLÉ NIGERIA PLC
24166,SMA3_900G,Sma Gold 3 - 900g X,99,Baby Care,HC+PC,5246,SMA,42,NESTLÉ NIGERIA PLC
24167,SMA1_900G,Sma Gold 1 - 900g X,99,Baby Care,HC+PC,5246,SMA,42,NESTLÉ NIGERIA PLC
23791,SMA1_400G,Sma Gold 1 - 400g X 12,99,Baby Care,HC+PC,5246,SMA,42,NESTLÉ NIGERIA PLC
23792,SMA2_400G,Sma Gold 2 - 400g X 12,99,Baby Care,HC+PC,5246,SMA,42,NESTLÉ NIGERIA PLC
23793,NAN1_400G,Nan 1 -  400g X 12,99,Baby Care,HC+PC,5247,NAN,42,NESTLÉ NIGERIA PLC
23794,NAN2_400G,Nan 2 - 400g X 12,99,Baby Care,HC+PC,5247,NAN,42,NESTLÉ NIGERIA PLC
24056,NAN3_400G,Nan 3 - 400g X 12,99,Baby Care,HC+PC,5247,NAN,42,NESTLÉ NIGERIA PLC
24185,PRENAN400G,Pre-nan 400g X 12,99,Baby Care,HC+PC,5247,NAN,42,NESTLÉ NIGERIA PLC
25762,NAN1_400GX6,Nan 1 -  400g X,99,Baby Care,HC+PC,5247,NAN,42,NESTLÉ NIGERIA PLC
25763,NAN2_400GX6,Nan 2 - 400g X,99,Baby Care,HC+PC,5247,NAN,42,NESTLÉ NIGERIA PLC
25764,NAN3_400GX6,Nan 3 - 400g X,99,Baby Care,HC+PC,5247,NAN,42,NESTLÉ NIGERIA PLC
26753,NAN1OPT400G,Nan 1 L Optipro Can 400g X 12,99,Baby Care,HC+PC,5247,NAN,42,NESTLÉ NIGERIA PLC
26754,NAN1COM400G,Nan 1 L Comfortis Can 400g X 12,99,Baby Care,HC+PC,5247,NAN,42,NESTLÉ NIGERIA PLC
30796,NAN2OPT400G,Nan 2 L Optipro Can 400g X 12,99,Baby Care,HC+PC,5247,NAN,42,NESTLÉ NIGERIA PLC
26514,CERWHEATIN900G,Cerelac Wheat Tin 900g X,99,Baby Care,HC+PC,5248,CERELAC,42,NESTLÉ NIGERIA PLC
25761,CERWHEAT50GX10X4,Cerelac Wheat 50g X 10 X,99,Baby Care,HC+PC,5248,CERELAC,42,NESTLÉ NIGERIA PLC
24080,CERJUMWM50G,Cerelac Junior Maize & Wheat Milk 50g X 80,99,Baby Care,HC+PC,5248,CERELAC,42,NESTLÉ NIGERIA PLC
25254,CERMS350G,Cerelac Maize & Soya 350g X 12,99,Baby Care,HC+PC,5248,CERELAC,42,NESTLÉ NIGERIA PLC
25347,CERWHEATM1KG,Cerelac Wheat With Milk 1kg X,99,Baby Care,HC+PC,5248,CERELAC,42,NESTLÉ NIGERIA PLC
25348,CERMAIM400G,Cerelac Maize With Milk 400g X 12,99,Baby Care,HC+PC,5248,CERELAC,42,NESTLÉ NIGERIA PLC
25349,CERWHEATMAI25G,Cerelac Wheat And Maize 25g X 80,99,Baby Care,HC+PC,5248,CERELAC,42,NESTLÉ NIGERIA PLC
23795,CERWHEAT50G,Cerelac Wheat 50g X 10 X,99,Baby Care,HC+PC,5248,CERELAC,42,NESTLÉ NIGERIA PLC
23796,CERWHEATIN400G,Cerelac Wheat Tin 400g X 12,99,Baby Care,HC+PC,5248,CERELAC,42,NESTLÉ NIGERIA PLC
23815,RYSRICE50KG,Royal Stallion Rice 50kg X,152,Rice,Commodity,5249,ROYAL STALLION,35,OLAM INTERNATIONAL
23816,TKRICE50KG,Tomato King Rice 50kg X,152,Rice,Commodity,5249,ROYAL STALLION,35,OLAM INTERNATIONAL
45279,MCVITORI52X24,Mcvities Original 52g X 24,101,Biscuits & Sweets,Food,5250,MCVITIES,97,"McVitie & Price, Ltd"
23844,MCVDIG100G,Mcvities Digestive Original Biscuits 100g X 36,101,Biscuits & Sweets,Food,5250,MCVITIES,97,"McVitie & Price, Ltd"
23845,MCVDIG200G,Mcvities Digestive Original Biscuits 200g X 24,101,Biscuits & Sweets,Food,5250,MCVITIES,97,"McVitie & Price, Ltd"
24190,MCVHOG200G,Mcvitie's Hobnobs 100g X 36,101,Biscuits & Sweets,Food,5250,MCVITIES,97,"McVitie & Price, Ltd"
25334,MCVHOB40G,Mcvities Hobnobs 40gx48,101,Biscuits & Sweets,Food,5250,MCVITIES,97,"McVitie & Price, Ltd"
25335,MCVORG40G,Mcvities Original 40gx48,101,Biscuits & Sweets,Food,5250,MCVITIES,97,"McVitie & Price, Ltd"
25338,MCVBSBRE200G,Mcvities Butter Short Bread 200g X24,101,Biscuits & Sweets,Food,5250,MCVITIES,97,"McVitie & Price, Ltd"
23846,GREENIA340G,Green Giant Sweet Corn 340g X 12,105,Condiments,Food,5251,GREEN GIANT,98,B & G FOODS
23847,QUACKERO500G,Quacker Oats Tin 500g X 24,103,Cereal & Breakfast,Food,5252,QUACKER,99,PEPSICO
37873,QUACKERO450G,Quacker Oats Tin 450g X 24,103,Cereal & Breakfast,Food,5252,QUACKER,99,PEPSICO
37820,BANRED75CL,Bama Red Wine 75cl X 12,106,Drinks,Beverages,5253,Bama,199,Ekulo Group of Companies
23848,BAMAYO236ML,Bama Mayonnaise 236ml X 12,105,Condiments,Food,5253,Bama,40,GB FOODS
46375,BAMAY15MLX100,Bama Mayonnaise 15ml X 100,105,Condiments,Food,5253,Bama,40,GB FOODS
54442,BAMAYO385ML,Bama Mayonnaise 385ml X 12 X 12,105,Condiments,Food,5253,Bama,40,GB FOODS
54409,BAMA810MLX1,Bama Mayonnaise 810ml  X 1,105,Condiments,Food,5253,Bama,40,GB FOODS
37711,BAMAYO810ML,Bama Mayonnaise 810ml  X 12,105,Condiments,Food,5253,Bama,40,GB FOODS
25818,BAMAYO455ML,Bama Mayonnaise 455ml X 12,105,Condiments,Food,5253,Bama,40,GB FOODS
23974,BAMAYO473ML,Bama Mayonnaise 473ml X 12,105,Condiments,Food,5253,Bama,40,GB FOODS
24950,BAMAYO909ML,Bama Mayonnaise 909ml X 12,105,Condiments,Food,5253,Bama,40,GB FOODS
30559,testingpharmax20,Testing Pharma X 20,121,Health ,HC+PC,5254,NUTZY,101,AJERENA
23849,NUTCRESMPB227G,Nutzy Creamy Smooth Peanut Butter 227g X 12,105,Condiments,Food,5254,NUTZY,101,AJERENA
25093,NUTCRSM15GPKT4,Nutzy Creamy  Smooth Peanut Butter 15g X 36,105,Condiments,Food,5254,NUTZY,101,AJERENA
25094,NUTEXCRU15GPKT4,Nutzy Extra Crunchy Peanut Butter 15g X 36,105,Condiments,Food,5254,NUTZY,101,AJERENA
25095,NUTPEA50G,Nutzy Peanuts Snack 50g X 144,118,Snacks and Chin Chin,Food,5254,NUTZY,101,AJERENA
23945,NUTCRUN227G,Nutzy Crunchy Smooth Peanut Butter 227g X 12,105,Condiments,Food,5254,NUTZY,101,AJERENA
23946,NUTCHOCO227G,Nutzy Chocolate Smooth Peanut Butter 227g X 12,105,Condiments,Food,5254,NUTZY,101,AJERENA
53286,NUTCHOCO510G,Nutzy Chocolate Smooth Peanut Butter 510g X 12,105,Condiments,Food,5254,NUTZY,101,AJERENA
54201,HTK295GX12,Heinz Tomato Ketchup 295g X 12,105,Condiments,Food,5255,HEINZ,102,H.J HEINZ COMPANY
54322,HENZTOMKE112KGX1,Henz Tomato Ketchup 1.25kg  X 1,105,Condiments,Food,5255,HEINZ,102,H.J HEINZ COMPANY
44609,HNZKTCH300G,Heinz Tomato Ketchup 300g X 12,105,Condiments,Food,5255,HEINZ,102,H.J HEINZ COMPANY
44611,HENZKCH342GX12,Heinz Tomato Ketchup 342g X 12,105,Condiments,Food,5255,HEINZ,102,H.J HEINZ COMPANY
23869,HEINZSAL285G,Heinz Salad Cream 285g X 12,105,Condiments,Food,5255,HEINZ,102,H.J HEINZ COMPANY
23850,HEBABE415G,Heinz Baked Beans 415g X 24,105,Condiments,Food,5255,HEINZ,102,H.J HEINZ COMPANY
26759,HEBABE200G,Heinz Baked Beans 200g X 48,105,Condiments,Food,5255,HEINZ,102,H.J HEINZ COMPANY
30233,HEINZVIN568ML,Heinz Vinegar 568ml X 12,106,Drinks,Beverages,5255,HEINZ,102,H.J HEINZ COMPANY
26162,HEBABE415GX12,Heinz Baked Beans 415g X 12,105,Condiments,Food,5255,HEINZ,102,H.J HEINZ COMPANY
26139,HEBABE415GX24,Heinz Baked Beans 415g X 12,105,Condiments,Food,5255,HEINZ,102,H.J HEINZ COMPANY
26285,HENZTOKETCH1.25KG,Henz Tomato Ketchup 1.25kg  X 12,105,Condiments,Food,5255,HEINZ,102,H.J HEINZ COMPANY
23857,POPCOLA60CL,Pop Cola 60cl X 12,106,Drinks,Beverages,5256,Pop Cola ,103,Mamuda Groups of Companies
23858,POPORANGE60CL,Pop Orange 60cl X 12,106,Drinks,Beverages,5256,Pop Cola ,103,Mamuda Groups of Companies
23859,POPCOLA35CL,Pop Cola 35cl X 12,106,Drinks,Beverages,5256,Pop Cola ,103,Mamuda Groups of Companies
23860,POPORANGE35CL,Pop Orange 35cl X 12,106,Drinks,Beverages,5256,Pop Cola ,103,Mamuda Groups of Companies
23861,BUBBLEPOPLEM60CL,Bubble Pop Lemon & Lime 60cl X 12,106,Drinks,Beverages,5256,Pop Cola ,103,Mamuda Groups of Companies
23862,BUBBLEPOPLEM35CL,Bubble Pop Lemon & Lime 35cl X 12,106,Drinks,Beverages,5256,Pop Cola ,103,Mamuda Groups of Companies
23863,INFINITEPOW50CL,Infinite Power 50cl X 12,106,Drinks,Beverages,5257,Infinite Power,103,Mamuda Groups of Companies
45751,KOCAFE120,Kopiko Blanca Cafe 30g X 120,104,Coffee & Tea,Food,5258,KOPIKO,104,PT Mayora Indah Tbk
23944,KOPBLAN30G,Kopiko Blanca Cafe 30g X 10 X 24,104,Coffee & Tea,Food,5258,KOPIKO,104,PT Mayora Indah Tbk
23868,KOPCAFE25G,Kopiko Cappuccino Cafe 25g X 10 X 24,104,Coffee & Tea,Food,5258,KOPIKO,104,PT Mayora Indah Tbk
26141,KOPBLAN30GX10,Kopiko Blanca Cafe 30g X 10 X 12,104,Coffee & Tea,Food,5258,KOPIKO,104,PT Mayora Indah Tbk
26708,KOPIKO BLANCA CAFE 3,Kopiko Blanca Cafe 30g X 120,104,Coffee & Tea,Food,5258,KOPIKO,104,PT Mayora Indah Tbk
44341,HEROPLBE50CLX12,Hero Premium Larger Beer 50cl Bottles X 12,106,Drinks,Beverages,5259,Hero,12,INTERNATIONAL BREWERIES PLC
44281,HEROPLBE50CL,Hero Premium Larger Beer 50cl Bottles X 24,106,Drinks,Beverages,5259,Hero,12,INTERNATIONAL BREWERIES PLC
23870,HEROCAN500ML,Hero Can 500ml X 24,106,Drinks,Beverages,5259,Hero,12,INTERNATIONAL BREWERIES PLC
53704,HERONRB60CL,Hero Nrb 600ml X12 ,106,Drinks,Beverages,5259,Hero,12,INTERNATIONAL BREWERIES PLC
23875,SABDGIN10CL,Sabrina Premium Dry Gin 10cl X 40,106,Drinks,Beverages,5260,SABRINA,105,EURO GLOBAL FOODS
23876,SABDGIN75CL,Sabrina Premium Dry Gin 75cl X 12,106,Drinks,Beverages,5260,SABRINA,105,EURO GLOBAL FOODS
23877,SKGWTG75CL,Seaking Schnapp With T.glass 75cl X 12,106,Drinks,Beverages,5261,SEAKING,105,EURO GLOBAL FOODS
23878,SKGWOUTG75CL,Seaking Schnapp Without T.glass 75cl X 12,106,Drinks,Beverages,5261,SEAKING,105,EURO GLOBAL FOODS
23879,SKG37.5CL,Seaking Schnapp 37.5cl X 24,106,Drinks,Beverages,5261,SEAKING,105,EURO GLOBAL FOODS
23880,AMPTEM75CL,Amphora Temporanillo Red Wine 75cl X,106,Drinks,Beverages,5262,AMPHORA,105,EURO GLOBAL FOODS
23881,AMPCEBPK,Amphora Wines Celebration Pack,106,Drinks,Beverages,5262,AMPHORA,105,EURO GLOBAL FOODS
23882,SAVAPP33CL,Savana Apple 33cl X 24,106,Drinks,Beverages,5263,SAVANA,105,EURO GLOBAL FOODS
23883,SAVORG33CL,Savana Orange 33cl X 24,106,Drinks,Beverages,5263,SAVANA,105,EURO GLOBAL FOODS
24000,SAVMAN33CL,Savana Mango 33cl X 24,106,Drinks,Beverages,5263,SAVANA,105,EURO GLOBAL FOODS
24001,SAVLEM33CL,Savana Lemon 33cl X 24,106,Drinks,Beverages,5263,SAVANA,105,EURO GLOBAL FOODS
23884,MTONIC33CL,Maltonic Malt 33cl X 24,106,Drinks,Beverages,5264,MALTONIC,105,EURO GLOBAL FOODS
23885,GLDCHO33CL,Golden Choco Sleek 33cl X 24,106,Drinks,Beverages,5265,GOLDEN CHOCO,105,EURO GLOBAL FOODS
23906,SONYM22G,Sona Yummy 22g X 72,101,Biscuits & Sweets,Food,5266,Sona,106,Sona Agro Allied Food
23907,SONDIGB100G,Sona Digestive Biscuits 100g X 40,101,Biscuits & Sweets,Food,5266,Sona,106,Sona Agro Allied Food
25328,GOODMBIS52G,Good Day Milk Biscuit 52g X 24,101,Biscuits & Sweets,Food,5266,Sona,106,Sona Agro Allied Food
25329,SONACC54G,Sonabite Cashew Cookies 54g X 36,101,Biscuits & Sweets,Food,5266,Sona,106,Sona Agro Allied Food
23872,SONABT54,Sona Bite 54g X 36,101,Biscuits & Sweets,Food,5266,Sona,106,Sona Agro Allied Food
23873,MIKBA50G,Milkie Bar Biscut 50g X 72,101,Biscuits & Sweets,Food,5266,Sona,106,Sona Agro Allied Food
23874,GLDCHOWAF50G,Golden Choco Cream Wafer 50g X 72,101,Biscuits & Sweets,Food,5266,Sona,106,Sona Agro Allied Food
23908,SAMTEABOX2G,Sam Tea Box 2g X 25 X 40,104,Coffee & Tea,Food,5267,Sam Tea,175,SAM TEA NIGERIA LTD
26551,SAMTEA2GPK4,Sam Tea Box 2g X 10,104,Coffee & Tea,Food,5267,Sam Tea,175,SAM TEA NIGERIA LTD
23921,PRMMILK150G,Premier Milk Soap 150g X 30 + 2 Free,114,Personal Care & Beauty,HC+PC,5268,Premier Milk,53,PZ CUSSONS
23922,PRMMILK60G,Premier Milk Soap 60g X 100 + 4 Free,114,Personal Care & Beauty,HC+PC,5268,Premier Milk,53,PZ CUSSONS
24182,PRMMILK175G,Premier Milk Soap 175g X 32,114,Personal Care & Beauty,HC+PC,5268,Premier Milk,53,PZ CUSSONS
45990,PRMMILK55G,Premier Milk Soap 55g X 104,114,Personal Care & Beauty,HC+PC,5268,Premier Milk,53,PZ CUSSONS
24302,CANDEPDW190G,Canoe Care Detergent Powder 190g X 28,108,Home Care and Laundry,HC+PC,5269,Canoe,53,PZ CUSSONS
24317,PRECODEO150G,Premier Cool Deo 150g X 48,114,Personal Care & Beauty,HC+PC,5269,Canoe,53,PZ CUSSONS
23911,CANOEPURES90G,Canoe Pure Soap 90g X 100,108,Home Care and Laundry,HC+PC,5269,Canoe,53,PZ CUSSONS
23912,CANOEALPLFRSH250G,Canoe All Purpose Soap (lemon Fresh) 250g X 24,108,Home Care and Laundry,HC+PC,5269,Canoe,53,PZ CUSSONS
23913,CANOECLASSIC130G,Canoe Classic Soap 130g X 48,108,Home Care and Laundry,HC+PC,5269,Canoe,53,PZ CUSSONS
23914,CANOECLASSIC230G,Canoe Classic Soap 230g X 24,108,Home Care and Laundry,HC+PC,5269,Canoe,53,PZ CUSSONS
23915,CANOEPURES130G,Canoe Pure Soap 130g X 48 ,108,Home Care and Laundry,HC+PC,5269,Canoe,53,PZ CUSSONS
23916,CANOEPURES230G,Canoe Pure Soap 230g X 24 ,108,Home Care and Laundry,HC+PC,5269,Canoe,53,PZ CUSSONS
23917,CANOEALPGSOFT250G,Canoe All Purpose Soap (gentle Soft) 250g X 24,108,Home Care and Laundry,HC+PC,5269,Canoe,53,PZ CUSSONS
45984,CANOECLASSIC180G,Canoe Classic Soap 180g X 24,108,Home Care and Laundry,HC+PC,5269,Canoe,53,PZ CUSSONS
23918,PRMCOOLUTIM110G,Premier Cool Ultimate 110g X 48,114,Personal Care & Beauty,HC+PC,5270,Premier Cool,53,PZ CUSSONS
23919,PRMCOOLUTIM150G,Premier Cool Ultimate 150g X 48,114,Personal Care & Beauty,HC+PC,5270,Premier Cool,53,PZ CUSSONS
23920,PRMCOOLUTIM60G,Premier Cool Ultimate 60g X 72,114,Personal Care & Beauty,HC+PC,5270,Premier Cool,53,PZ CUSSONS
24318,PRECODEO65G,Premier Cool Deo 65g X 72,114,Personal Care & Beauty,HC+PC,5270,Premier Cool,53,PZ CUSSONS
24319,PREFBSO150G,Premier Luxurious Milk Family Bar Soap 150g X 32,108,Home Care and Laundry,HC+PC,5270,Premier Cool,53,PZ CUSSONS
24316,PRECODEO110G,Premier Cool Deo 110g X 48,114,Personal Care & Beauty,HC+PC,5270,Premier Cool,53,PZ CUSSONS
45992,APREM190G,April Premium 190g X 32,114,Personal Care & Beauty,HC+PC,5270,Premier Cool,53,PZ CUSSONS
46032,PRCOBLASHE110G,Premier Cool Black Soap Shea Butter 110g Bar X 24,114,Personal Care & Beauty,HC+PC,5270,Premier Cool,53,PZ CUSSONS
46034,PREMCOBLA60G,Premier Cool Black Soap 60g X 48,114,Personal Care & Beauty,HC+PC,5270,Premier Cool,53,PZ CUSSONS
24309,JOYHRA150G,Joy Hair Relaxer 150g X 24,114,Personal Care & Beauty,HC+PC,5271,Joy,53,PZ CUSSONS
23961,JOYSOAPEX140G,Joy Soap Exfoliating 140g X 48 ,114,Personal Care & Beauty,HC+PC,5271,Joy,53,PZ CUSSONS
23962,JOYSOAPT70G,Joy Soap Tender 70g X 96 ,114,Personal Care & Beauty,HC+PC,5271,Joy,53,PZ CUSSONS
23925,JOYSOAP60G,Joy Soap 60g X 96,114,Personal Care & Beauty,HC+PC,5271,Joy,53,PZ CUSSONS
23926,JOYSOAP150G,Joy Soap 150g X 96,114,Personal Care & Beauty,HC+PC,5271,Joy,53,PZ CUSSONS
23923,IMPLEATHER60G,Imperial Leather Soap 60g X 96,114,Personal Care & Beauty,HC+PC,5272,Imperial Leather,53,PZ CUSSONS
23924,IMPLEATHER150G,Imperial Leather Soap 150g X 36,114,Personal Care & Beauty,HC+PC,5272,Imperial Leather,53,PZ CUSSONS
23955,MAFARICE50KG,Mafa Rice 50kg X,152,Rice,Commodity,5273,Mafa,108,MAFA RICE MILL LTD
37791,CLORETGUM2.9G,Clorets Original Mint Chewing Gum 2.9g  X 65,101,Biscuits & Sweets,Food,5274,Clorets,19,CADBURY
23977,CLORETGUM14.5G,Clorets Original Mint Chewing Gum 14.5g X 144,101,Biscuits & Sweets,Food,5274,Clorets,19,CADBURY
23978,SUCPEA50G,Success Peanut 50g X 78,118,Snacks and Chin Chin,Food,5275,SUCCESS,109,LKB SUCCESS
23992,FAROW1.5LTR,Faro Water 1.5ltr X 12,106,Drinks,Beverages,5276,Faro,110,ADAMA BEVERAGES LTD.
23993,FAROW50CL,Faro Water 50cl X12,106,Drinks,Beverages,5276,Faro,110,ADAMA BEVERAGES LTD.
23994,FAROW75CL,Faro Water 75cl X 12,106,Drinks,Beverages,5276,Faro,110,ADAMA BEVERAGES LTD.
43360,testds76to80,Testds76to80 X 7,106,Drinks,Beverages,5276,Faro,110,ADAMA BEVERAGES LTD.
24016,JUBMGN15KG,Jubi Margarine 15kg X,134,Margarine,Commodities,5278,JUBI ,112,SABEANAT NIG LTD
24012,JUBMGN250G,Jubi Margarine 250g X 60,134,Margarine,Commodities,5278,JUBI ,112,SABEANAT NIG LTD
24013,MOREMGN20KG,Moore Margarine 20kg X,134,Margarine,Commodities,5279,MOORE,112,SABEANAT NIG LTD
24010,BDREAM500G,Baker Dream 500g X 20,100,Baking ,Commodities,5280,BAKER DREAM ,113,STK LIMITED
43374,BAKDRMBPWD454G,Bakerdream Baking Powder 454g X 36,100,Baking ,Commodities,5280,BAKER DREAM ,708,ANGEL YEAST CO. LTD.
44451,BAKDRMYST500G,Bakerdream Instant Dry Yeast 500g X 20,100,Baking ,Commodities,5280,BAKER DREAM ,708,ANGEL YEAST CO. LTD.
54733,STKBUT15KG,Stk Butter 15kg X 1,100,Baking ,Commodities,5281, STK ,113,STK LIMITED
54736,STKRCMAG15KG,Skt Royal Cooking Magarine 15kg X 1,122,Cooking Oils & Fats,Food,5281, STK ,113,STK LIMITED
24009,STKYEST500G,Stk Instant Yeast 500g X 20,100,Baking ,Commodities,5281, STK ,113,STK LIMITED
25129,PFLOUR50KG,Pure Flour 50kg X1,124,Flour,Commodities,5282, PURE FLOUR,127,Pure Flour Mills
25165,PFMWHEAT10KG,Pure Wheat 10kg X,153,Swallow,Commodities,5282, PURE FLOUR,127,Pure Flour Mills
25166,PFMWHEAT5KG,Pure Wheat 5kg X,153,Swallow,Commodities,5282, PURE FLOUR,127,Pure Flour Mills
24011,PPFLOUR50KG,Pure Prima Flour 50kg X,124,Flour,Commodities,5282, PURE FLOUR,172,PFM
55047,TOPMARG10KGX1,Topper Margarine 10kg X 1,134,Margarine,Commodities,5283,TOPPER,114,SMILDE FOODS
24008,TOPMGN10KG,Topper Margarine 10kg X,134,Margarine,Commodities,5283,TOPPER,114,SMILDE FOODS
24015,MGFLOUR50KG,Mama Gold Flour 50kg X,124,Flour,Commodities,5285,Mama Gold,35,OLAM INTERNATIONAL
26758,MGRICE50KG,Mama Gold Rice 50kg X,152,Rice,Commodity,5285,Mama Gold,27,CROWN FLOUR MILL LIMITED
24960,MGSEMO1KG,Mama Gold Semolina 1kg X 10,153,Swallow,Commodities,5285,Mama Gold,27,CROWN FLOUR MILL LIMITED
24961,MGSEMO2KG,Mama Gold Semolina 2kg X,153,Swallow,Commodities,5285,Mama Gold,27,CROWN FLOUR MILL LIMITED
24962,MGSEMO5KG,Mama Gold Semolina 5kg X,153,Swallow,Commodities,5285,Mama Gold,27,CROWN FLOUR MILL LIMITED
24963,MGSEMO10KG,Mama Gold Semolina 10kg X,153,Swallow,Commodities,5285,Mama Gold,27,CROWN FLOUR MILL LIMITED
25159,MGSEMO1KGx1,Mamagold Semolina 1kg X,153,Swallow,Commodities,5285,Mama Gold,27,CROWN FLOUR MILL LIMITED
25160,MGSEMO2KGx1,Mamagold Semolina 2kg X1,153,Swallow,Commodities,5285,Mama Gold,27,CROWN FLOUR MILL LIMITED
25374,MGSEMO10KGx1,Mamagold Semolina 10kg X,124,Flour,Commodities,5285,Mama Gold,27,CROWN FLOUR MILL LIMITED
25028,MENFRUCAN21.6G,Mentos Fruit Stick 8p 21.6g,101,Biscuits & Sweets,Food,5286,MENTOS,117,PERFETTI VAN MELLE
24019,MENFRUCAN432GPKT12,Mentos Fruit Stick Candy 8p 432g X 20 X,101,Biscuits & Sweets,Food,5286,MENTOS,117,PERFETTI VAN MELLE
24022,MENFREGUM110G,Mentos Fresh Action Gum Pouch 110g X 50 X 24,101,Biscuits & Sweets,Food,5286,MENTOS,117,PERFETTI VAN MELLE
24023,MENDRAG108G,Mentos Mint Chewy Dragees 108g X 40 X 36,101,Biscuits & Sweets,Food,5286,MENTOS,117,PERFETTI VAN MELLE
24353,MENFRUCHEW108G,Mentos Fruit Chewy Dragees 108g X 30 X 36,101,Biscuits & Sweets,Food,5286,MENTOS,117,PERFETTI VAN MELLE
24345,MENFRELEM102G,Mentos Fresh Action Lemon Candy 102g X 30 X 36,101,Biscuits & Sweets,Food,5286,MENTOS,117,PERFETTI VAN MELLE
24346,MENFRUCAN432G,Mentos Fruit Stick Candy 5p 432g X 360,101,Biscuits & Sweets,Food,5286,MENTOS,117,PERFETTI VAN MELLE
26048,MENFAGUM2.2GPKT3,Mentos Fresh Action Gum 2.2g X 120 X 6cups,101,Biscuits & Sweets,Food,5286,MENTOS,117,PERFETTI VAN MELLE
25946,MENFAGUM2.2GPKT18,Mentos Fresh Action Gum 2.2g X 120 X 6cups,101,Biscuits & Sweets,Food,5286,MENTOS,117,PERFETTI VAN MELLE
44255,MENPPMINT216G,Mentos  Chewy Dragee 21.6g Stick 8p Peppermint X 20,101,Biscuits & Sweets,Food,5286,MENTOS,117,PERFETTI VAN MELLE
44257,MENFRUCAN216G,Mentos  Chewy Dragee 21.6g Stick 8p Fruit  X 20,101,Biscuits & Sweets,Food,5286,MENTOS,117,PERFETTI VAN MELLE
44259,MENCOLA216G,Mentos  Chewy Dragee 21.6g Stick 8p Cola X 20,101,Biscuits & Sweets,Food,5286,MENTOS,117,PERFETTI VAN MELLE
54352,MCHDRFP27G,Mentos Chewy Dragee Fruit Pouch 2.7g X36x40,101,Biscuits & Sweets,Food,5286,MENTOS,117,PERFETTI VAN MELLE
54355,MCHDRCP27G,Mentos Chewy Dragee Cola Pouch 2.7g X 36 X 40,101,Biscuits & Sweets,Food,5286,MENTOS,117,PERFETTI VAN MELLE
54358,MPSP30P,Mentos Peppermint Sharing Pack 80 X 30,101,Biscuits & Sweets,Food,5286,MENTOS,117,PERFETTI VAN MELLE
24158,CHUPACLAS110G,Chupa Chups Classic Best Of Lollipop 11g X 10 X 12,101,Biscuits & Sweets,Food,5287,CHUPA CHUPS,117,PERFETTI VAN MELLE
24159,CHUPACLASCRE110G,Chupa Chups Classic Creamy Lollipop  11g X 10 X 12,101,Biscuits & Sweets,Food,5287,CHUPA CHUPS,117,PERFETTI VAN MELLE
54427,CHUGF11G,Chupa Chups Gum Filled Lollipop Cola &strawberry 11gx12x25pc X 12,101,Biscuits & Sweets,Food,5287,CHUPA CHUPS,117,PERFETTI VAN MELLE
54430,CHUJBSTC11G,Chupa Chups Jellies Belt Strawberry & Cola 8gx32x16 X 16,101,Biscuits & Sweets,Food,5287,CHUPA CHUPS,117,PERFETTI VAN MELLE
24020,CHUPAGUM220GPKT8,Chupa Chups Cotton Bubbles Gum 220g X 20 X,101,Biscuits & Sweets,Food,5287,CHUPA CHUPS,117,PERFETTI VAN MELLE
24021,CHUPAPOP275G,Chupa Chups Lollipop  275g X 25 X 12,101,Biscuits & Sweets,Food,5287,CHUPA CHUPS,117,PERFETTI VAN MELLE
54376,CHUCHUBGTF11G,Chupa Chups Cotton Bubble Gum 11g - Tutti Frutti (box)8 X 20,101,Biscuits & Sweets,Food,5287,CHUPA CHUPS,117,PERFETTI VAN MELLE
54379,CHUCHUL11G,Chupa Chups Lollipop 11g 12 X 25,101,Biscuits & Sweets,Food,5287,CHUPA CHUPS,117,PERFETTI VAN MELLE
54424,ALECCF50X36,Alpenliebe Eclairs Caramel Flavour 3.5g X 50 X 36,101,Biscuits & Sweets,Food,5288,ALPENLIEBE,117,PERFETTI VAN MELLE
24024,ALPCARCAN102G,Alpenliebe Caramel Candy 102g X 30 X 36,101,Biscuits & Sweets,Food,5288,ALPENLIEBE,117,PERFETTI VAN MELLE
24347,ALPSTRAW102G,Alpenliebe Strawberry Candy 102g X 30 X 36,101,Biscuits & Sweets,Food,5288,ALPENLIEBE,117,PERFETTI VAN MELLE
54361,ALMICFC32G,Alpenliebe Milk Filled - Caramel Flavour+calcium 3.2g X 40,101,Biscuits & Sweets,Food,5288,ALPENLIEBE,117,PERFETTI VAN MELLE
54364,ALCFVSC32G,Alpenliebe Candy Fills+vit.cstraw&cream Flavour 3.2g X 40,101,Biscuits & Sweets,Food,5288,ALPENLIEBE,117,PERFETTI VAN MELLE
24025,KAPINO50G,Kappino Peanut Original Flavour 50g X 78,118,Snacks and Chin Chin,Food,5289,KAPPINO,118,MOOG NEW BUSINESS VENTURES
24041,SUNSUCU500G,Sunola Sugar Cube 500g X 50,132,Sugar,Commodities,5290,Sunola,120,SUNOLA FOODS LIMITED
24029,SUNSOYAOIL1.9LTR,Sunola Soya Oil 1.9ltr X,135,Oil,Food,5290,Sunola,120,SUNOLA FOODS LIMITED
24030,SUNSOYAOIL1LTR,Sunola Soya Oil 1ltr X 16,135,Oil,Food,5290,Sunola,120,SUNOLA FOODS LIMITED
24031,SUNSOYAOIL2.7LTR,Sunola Soya Oil 2.7ltr X,135,Oil,Food,5290,Sunola,120,SUNOLA FOODS LIMITED
25123,SUNSOYAOIL4.5LTR,Sunola  Vegetable Oil 4.5lx4,135,Oil,Food,5290,Sunola,120,SUNOLA FOODS LIMITED
24037,BONCOCAPMIX100G,Bonitas Treats Coconut Cashew Pineapple Mix 100g X 12,114,Personal Care & Beauty,HC+PC,5291,BONITAS,66,ASPIRA NIGERIA LIMITED
24038,ORAPLUSEXFG140G,Oracare Plus Extra Fresh Gel 140g X 50,114,Personal Care & Beauty,HC+PC,5292,ORACARE,66,ASPIRA NIGERIA LIMITED
24039,ORAPLUSEXFG50G,Oracare Plus  Extra Fresh Gel 50g X 100,114,Personal Care & Beauty,HC+PC,5292,ORACARE,66,ASPIRA NIGERIA LIMITED
24040,ORAPLUSEXFG90G,Oracare Plus  Extra Fresh Gel 90g X 48,114,Personal Care & Beauty,HC+PC,5292,ORACARE,66,ASPIRA NIGERIA LIMITED
25772,ORAPLUSEXFG140GX25,Oracare Plus Extra Fresh Gel 140g X 25,114,Personal Care & Beauty,HC+PC,5292,ORACARE,66,ASPIRA NIGERIA LIMITED
25815,ORAPLUSEXFG50GX50,Oracare Plus Extra Fresh Gel 50g X 50,114,Personal Care & Beauty,HC+PC,5292,ORACARE,66,ASPIRA NIGERIA LIMITED
25816,ORAPLUSEXFG90GX24,Oracare Plus Extra Fresh Gel 90g X 24,114,Personal Care & Beauty,HC+PC,5292,ORACARE,66,ASPIRA NIGERIA LIMITED
24150,DUDUOJ500ML,Dudu Orange Juice 500ml X 12,106,Drinks,Beverages,5293,Dudu,122,Dudu
24151,DUDUPJ500ML,Dudu Pineapple Juice 500ml X 12,106,Drinks,Beverages,5293,Dudu,122,Dudu
24152,DUDUAJ500ML,Dudu Apple Juice 500ml X 12,106,Drinks,Beverages,5293,Dudu,122,Dudu
24153,DUDUMIFJ500ML,Dudu Mixed Fruit Juice 500ml X 12,106,Drinks,Beverages,5293,Dudu,122,Dudu
24146,DUDUYO500ML,Dudu Yoghurt 500ml X 12,111,Milk & Dairy,Food,5293,Dudu,122,Dudu
24147,VIJUYO500ML,Viju Yoghurt 500ml X 12,111,Milk & Dairy,Food,5294,Viju,123,Viju
24160,bu111,Bud 123,99,Baby Care,HC+PC,5294,Viju,123,Viju
24286,VIJUAP500ML,Viju Apple 500ml X 12,106,Drinks,Beverages,5294,Viju,123,Viju
24148,ELLOW75CL,Ello Water 75cl X 12,106,Drinks,Beverages,5295,Ello,124,Flurex Foods & Beverages Limited
24181,PRALVES175G,Premier Aloe Vera Soap 175g X 32,114,Personal Care & Beauty,HC+PC,5296,Premier Aloe Vera,53,PZ CUSSONS
24312,PREASA1LTR,Premier Original Antiseptic Liquid 1ltr X,108,Home Care and Laundry,HC+PC,5297,Premier Rose,53,PZ CUSSONS
24313,PREALIQSA125ML,Premier Original Antiseptic Liquid 125ml X 36,108,Home Care and Laundry,HC+PC,5297,Premier Rose,53,PZ CUSSONS
24314,PREALIQSA250ML,Premier Original Antiseptic Liquid 250ml X 24,108,Home Care and Laundry,HC+PC,5297,Premier Rose,53,PZ CUSSONS
24315,PREALIQSA500ML,Premier Original Antiseptic Liquid 500ml X 24,108,Home Care and Laundry,HC+PC,5297,Premier Rose,53,PZ CUSSONS
24183,PRROSO175G,Premier Rose Soap175g X 32,114,Personal Care & Beauty,HC+PC,5297,Premier Rose,53,PZ CUSSONS
24184,PRSOPS175G,Premier Softening Peach Soap 175g X 32,114,Personal Care & Beauty,HC+PC,5298,Premier Softening Peach,53,PZ CUSSONS
24186,LAC2400G,Lactogen 2 400g X 12,99,Baby Care,HC+PC,5299,Lactogen,42,NESTLÉ NIGERIA PLC
24187,LAC1400G,Lactogen 1 400g X 12,99,Baby Care,HC+PC,5299,Lactogen,42,NESTLÉ NIGERIA PLC
24195,LFPYAFL800G,Laba Food Poundo Yam Flour 800g X 20,153,Swallow,Commodities,5300,Laba Food,125,Goldbridge Foods Limited
24196,LFPYAFL1.6KG,Laba Food Poundo Yam Flour 1.6kg X 10,153,Swallow,Commodities,5300,Laba Food,125,Goldbridge Foods Limited
24197,LFPYAFL400G,Laba Food Poundo Yam Flour 400g X 40,153,Swallow,Commodities,5300,Laba Food,125,Goldbridge Foods Limited
24198,LFPUNPFL900KG,Laba Food Poundo Unripe Plantain Flour 900g X 20,153,Swallow,Commodities,5300,Laba Food,125,Goldbridge Foods Limited
24199,LFPUNPFL1.2KG,Laba Food Poundo Unripe Plantain Flour 1.2kg X 12,153,Swallow,Commodities,5300,Laba Food,125,Goldbridge Foods Limited
24200,LFPBFL800G,Laba Food Poundo Beans Flour 800g X 20,153,Swallow,Commodities,5300,Laba Food,125,Goldbridge Foods Limited
24201,LFPBFL400G,Laba Food Poundo Beans Flour 400g X 40,153,Swallow,Commodities,5300,Laba Food,125,Goldbridge Foods Limited
24202,LFGAR800KG,Laba Food Ijebu Garri 800g X 20,124,Flour,Commodities,5300,Laba Food,125,Goldbridge Foods Limited
24203,LFGAR1.6KG,Laba Food Ijebu Garri 1.6kg X 10,124,Flour,Commodities,5300,Laba Food,125,Goldbridge Foods Limited
24204,LFGAR1.2KG,Laba Food Ijebu Garri 1.2kg X 12,124,Flour,Commodities,5300,Laba Food,125,Goldbridge Foods Limited
24205,LFRICFL800G,Laba Food Rice Flour 800g X 20,158,Grains,Commodities,5300,Laba Food,125,Goldbridge Foods Limited
24206,LFBROB800G,Laba Food Brown Beans 800g X 20,158,Grains,Commodities,5300,Laba Food,125,Goldbridge Foods Limited
24207,LFSCFISH300G,Laba Food Smoked Cat Fish 300g X 20,117,Seasoning cubes & Spices,Food,5300,Laba Food,125,Goldbridge Foods Limited
24301,FRIRIBA420G,Friska Cereal Rice And Banana 420g X 12,99,Baby Care,HC+PC,5301,FRISKA,128,FRISKA
24294,FRIRIBA50G,Friska Cereal Rice And Banana 50g X 100,99,Baby Care,HC+PC,5301,FRISKA,128,FRISKA
24295,FRICOPINE50G,Friska Cereal Corn And Pineapple 50g X 100,99,Baby Care,HC+PC,5301,FRISKA,128,FRISKA
24296,FRICOPINE420G,Friska Cereal Corn And Pineapple 420g X 12,99,Baby Care,HC+PC,5301,FRISKA,128,FRISKA
24373,MABCOBIS26G,Mabisco Coaster Biscuits 26g X 144,101,Biscuits & Sweets,Food,5302,COASTER,129,MABISCO
25511,COBIS108G,Coaster Biscuit 108g X 72,101,Biscuits & Sweets,Food,5302,COASTER,255,NIGER BISCUIT
24298,MABHEPOCRA40G,Mabisco Hero Popcorn Crackers 40g X 48,101,Biscuits & Sweets,Food,5303,Hero's,129,MABISCO
24299,MABTACOF18G,Mabisco Tasties Coffee Joy Biscuits 18g X 72,101,Biscuits & Sweets,Food,5304,TASTIES,129,MABISCO
24371,MABMAM60G,Mabisco Mama's Milk 60g X 48,101,Biscuits & Sweets,Food,5304,TASTIES,129,MABISCO
26709,MABMAM60GX24BB,Mabisco Mama's Milk 60g X 24,101,Biscuits & Sweets,Food,5304,TASTIES,129,MABISCO
46018,CUBOMAG200ML,Cussons Baby Oil Mild And Gentle 200ml X 48,99,Baby Care,HC+PC,5305,Cussons Baby,53,PZ CUSSONS
46020,CUBOMAG400ML,Cussons Baby Oil Mild And Gentle 400ml X 12,99,Baby Care,HC+PC,5305,Cussons Baby,53,PZ CUSSONS
46022,CUBOSAS200ML,Cussons Baby Oil Soft And Smooth 200ml X 24,99,Baby Care,HC+PC,5305,Cussons Baby,53,PZ CUSSONS
46024,CUBOSAS400ML,Cussons Baby Oil Soft And Smooth 400ml X 12,99,Baby Care,HC+PC,5305,Cussons Baby,53,PZ CUSSONS
46026,CUBLOSAS200ML,Cussons Baby Lotion Soft And Smooth 200ml X 24,99,Baby Care,HC+PC,5305,Cussons Baby,53,PZ CUSSONS
46028,CUBLOSAS400ML,Cussons Baby Lotion Soft And Smooth 400ml X 12,99,Baby Care,HC+PC,5305,Cussons Baby,53,PZ CUSSONS
24303,CUBLOT200ML,Cussons Baby Lotion 200ml X 48,99,Baby Care,HC+PC,5305,Cussons Baby,53,PZ CUSSONS
24304,CUBLOT400ML,Cussons Baby Lotion 400ml X 12,99,Baby Care,HC+PC,5305,Cussons Baby,53,PZ CUSSONS
24305,CUBPWD200G,Cussons Baby Powder 200g X 24,99,Baby Care,HC+PC,5305,Cussons Baby,53,PZ CUSSONS
24306,CUBPWD400G,Cussons Baby Powder 400g X 12,99,Baby Care,HC+PC,5305,Cussons Baby,53,PZ CUSSONS
24307,CUBSOAP120G,Cussons Baby Soap 120g X 36,99,Baby Care,HC+PC,5305,Cussons Baby,53,PZ CUSSONS
24308,CUBSOAP70G,Cussons Baby Soap 70g X 96,99,Baby Care,HC+PC,5305,Cussons Baby,53,PZ CUSSONS
24310,MENDPDW80G,Mentholated Dusting Powder 80g X 24,114,Personal Care & Beauty,HC+PC,5305,Cussons Baby,53,PZ CUSSONS
24320,ROINH1G,Robb New Inhaler 1g X 144,114,Personal Care & Beauty,HC+PC,5306,Robb ,53,PZ CUSSONS
24321,VENHRA150G,Venus Hair Relaxer 150g X 24,114,Personal Care & Beauty,HC+PC,5307,Venus,53,PZ CUSSONS
24322,VENMCA120G,Venus Moisturizing Cream 120g X 72,114,Personal Care & Beauty,HC+PC,5307,Venus,53,PZ CUSSONS
24323,VENMLA200ML,Venus Moisturizing Lotion 200ml X 48,114,Personal Care & Beauty,HC+PC,5307,Venus,53,PZ CUSSONS
24324,VENTCRE120G,Venus Toning Cream 120g X 30,114,Personal Care & Beauty,HC+PC,5307,Venus,53,PZ CUSSONS
24325,VENTLO200ML,Venus Toning Lotion 200ml X 24,114,Personal Care & Beauty,HC+PC,5307,Venus,53,PZ CUSSONS
24326,ZIPFPWLE1.8KG,Zip Fab Powder Lemon 1.8kg X,108,Home Care and Laundry,HC+PC,5308,Zip,130,Phoenix 
24327,ZIPFPWLE900G,Zip Fab Powder Lemon 900g X 10,108,Home Care and Laundry,HC+PC,5308,Zip,130,Phoenix 
26443,WHSUYA910G,Whippy Suyannaise 910g  X 12,105,Condiments,Food,5309,Whippy,321,SNF FOODS LIMITED
26444,WHSUYA460G,Whippy Suyannaise 460g  X 12,105,Condiments,Food,5309,Whippy,321,SNF FOODS LIMITED
26445,WHSUYA245G,Whippy Suyannaise 245g  X 12,105,Condiments,Food,5309,Whippy,321,SNF FOODS LIMITED
26446,WHOLIV910G,Whippy Olive Oil Mayonnaise 910g X 12,105,Condiments,Food,5309,Whippy,321,SNF FOODS LIMITED
26447,WHOLIV460G,Whippy Olive Oil Mayonnaise 460g  X 12,105,Condiments,Food,5309,Whippy,321,SNF FOODS LIMITED
26448,WHOLIV245G,Whippy Olive Oil Mayonnaise 245g  X 12,105,Condiments,Food,5309,Whippy,321,SNF FOODS LIMITED
24337,WHMA910G,Whippy Mayonnaise 910g X 12,105,Condiments,Food,5309,Whippy,5,GOLDEN OIL INDUSTRIES LIMITED
24338,WHMA460G,Whippy Mayonnaise 460g X 12,105,Condiments,Food,5309,Whippy,5,GOLDEN OIL INDUSTRIES LIMITED
24339,WHMA245G,Whippy Mayonnaise 245g X 12,105,Condiments,Food,5309,Whippy,5,GOLDEN OIL INDUSTRIES LIMITED
24372,MABDIG46G,Mabisco Digest Biscuits 46g X 48,101,Biscuits & Sweets,Food,5310,DIGEST,129,MABISCO
24400,VITDOCHO300ML,Vitamilk Double Choco 300ml X 24,106,Drinks,Beverages,5311,Vitamilk,131,FAREAST MERCANTILE CO. TLD
24401,VITBAN300ML,Vitamilk Banana 300ml X 24,106,Drinks,Beverages,5311,Vitamilk,131,FAREAST MERCANTILE CO. TLD
24402,VITENGY300ML,Vitamilk Energy 300ml X 24,106,Drinks,Beverages,5311,Vitamilk,131,FAREAST MERCANTILE CO. TLD
24404,VITREG300ML,Vitamilk Regular 300ml X 24,106,Drinks,Beverages,5311,Vitamilk,131,FAREAST MERCANTILE CO. TLD
44729,REDBULLWE250ML,Red Bull White Edition 250ml X 24,106,Drinks,Beverages,5312,Red Bull,131,FAREAST MERCANTILE CO. TLD
44731,REDBULSF250ML,Red Bull Sugar Free 250ml X 24,106,Drinks,Beverages,5312,Red Bull,131,FAREAST MERCANTILE CO. TLD
24403,REDBUED250ML,Red Bull Energy Drink 250ml X 24,106,Drinks,Beverages,5312,Red Bull,131,FAREAST MERCANTILE CO. TLD
24407,GNCVANS60G,Genesis Cookies Vanilla Star 60g X 72 ,101,Biscuits & Sweets,Food,5313,Genesis,165,GENESIS GROUP LIMITED
24408,GWAFCHO32G,Gee Wafers Chocolate 32g X 72,101,Biscuits & Sweets,Food,5313,Genesis,165,GENESIS GROUP LIMITED
24409,GWAFSRA32G,Gee Wafers Strawberry 32g X 72 ,101,Biscuits & Sweets,Food,5313,Genesis,165,GENESIS GROUP LIMITED
24410,GWAFVAN32G,Gee Wafers Vanilla 32g X 72 ,101,Biscuits & Sweets,Food,5313,Genesis,165,GENESIS GROUP LIMITED
24416,BSBREAD220G,15pcs X Brookes Bread Small  (empty Plastic Returnable),118,Snacks and Chin Chin,Food,5314,Brookes,133,OLIVE BROOKES VENTURES LTD
25096,BSBREAD900Gx5,5pcs X Brookes Special Bread (empty Plastic Returnable),118,Snacks and Chin Chin,Food,5314,Brookes,133,OLIVE BROOKES VENTURES LTD
25097,BWBREAD900Gx5,5pcs Brookes Wheat Bread  (empty Plastic Returnable),118,Snacks and Chin Chin,Food,5314,Brookes,133,OLIVE BROOKES VENTURES LTD
25087,BWBREAD900G,Brookes Wheat Bread 900g X,118,Snacks and Chin Chin,Food,5314,Brookes,133,OLIVE BROOKES VENTURES LTD
25088,BSBREAD900G,Brookes Special Bread 900g X,118,Snacks and Chin Chin,Food,5314,Brookes,133,OLIVE BROOKES VENTURES LTD
24417,CUPWDS5G,Frees Spices Curry Powder Sachet 5g X 10 X 20,117,Seasoning cubes & Spices,Food,5315,Free Spices,134,Freespace International
24418,NUPWDS5G,Free Spices Nutmeg Powder Sachet 5g X 10 X 20,117,Seasoning cubes & Spices,Food,5315,Free Spices,134,Freespace International
24420,KEMCRAC23G,Kemps Cream Crackers 23g X 96,101,Biscuits & Sweets,Food,5316,Kemps,135,NEWBISCO
25330,KEMCRAC96,Kemps Cream Crackers 96packets,101,Biscuits & Sweets,Food,5316,Kemps,135,NEWBISCO
31742,KEMCRAC50G,Kemps Cream Crackers 50g  X 48,101,Biscuits & Sweets,Food,5316,Kemps,135,NEWBISCO
45637,CRCR38G,Cream Crackers 38g X 48 Pkt ,101,Biscuits & Sweets,Food,5316,Kemps,135,NEWBISCO
24434,CADCOFFE152G,Cadbury Coffee Flavoured Candy 152g X 24,101,Biscuits & Sweets,Food,5317,CARAMEL,19,CADBURY
24435,CADCARFL152G,Cadbury Caramel Flavoured Candy 152g X 24,101,Biscuits & Sweets,Food,5317,CARAMEL,19,CADBURY
26680,CADCARFL152GX12BB,Cadbury Caramel Flavoured Candy 152g X 12,101,Biscuits & Sweets,Food,5317,CARAMEL,19,CADBURY
26681,CADCOFFE152GX12BB,Cadbury Coffee Flavoured Candy 152g X 12,101,Biscuits & Sweets,Food,5317,CARAMEL,19,CADBURY
30290,NIVTONIC35CL,Nirvana Tonic Water 35cl  X 12,106,Drinks,Beverages,5319,NIRVANA,18,THE LA CASERA COMPANY PLC
30292,NIVSODA35CL,Nirvana Soda Water 35cl  X 12,106,Drinks,Beverages,5319,NIRVANA,18,THE LA CASERA COMPANY PLC
24897,NPTWATER75CL,Nirvana Premium Table Water 75cl X 12,106,Drinks,Beverages,5319,NIRVANA,18,THE LA CASERA COMPANY PLC
44725,SRTPSACH55G,St. Rita Tomato Paste Sachet 55g X 50,117,Seasoning cubes & Spices,Food,5320,ST. RITA,137,Hebei Tomato Industry Co LTD
44573,SRTPTIN850G,St. Rita Tomato Paste Tin 850g X 12,117,Seasoning cubes & Spices,Food,5320,ST. RITA,137,Hebei Tomato Industry Co LTD
24900,SRTPTIN210G,St. Rita Tomato Paste Tin 210g X 48,117,Seasoning cubes & Spices,Food,5320,ST. RITA,137,Hebei Tomato Industry Co LTD
24901,SRTPTIN400G,St. Rita Tomato Paste Tin 400g X 24,117,Seasoning cubes & Spices,Food,5320,ST. RITA,137,Hebei Tomato Industry Co LTD
24902,SRTPTIN800G,St. Rita Tomato Paste Tin 800g X 12,117,Seasoning cubes & Spices,Food,5320,ST. RITA,137,Hebei Tomato Industry Co LTD
24903,SRTPTIN2.2KG,St. Rita Tomato Paste Tin 2.2kg X,117,Seasoning cubes & Spices,Food,5320,ST. RITA,137,Hebei Tomato Industry Co LTD
24951,SRTPSC70G,St. Rita Tomato Paste Sachet 70g X 50,117,Seasoning cubes & Spices,Food,5320,ST. RITA,137,Hebei Tomato Industry Co LTD
24908,CHAMBAN50G,Champion Banana Custard Powder 50g X 120,103,Cereal & Breakfast,Food,5321,CHAMPION,184,VALENCY AGRO
24909,CHAMVAN50G,Champion Vanilla Custard Powder 50g X 120,103,Cereal & Breakfast,Food,5321,CHAMPION,184,VALENCY AGRO
24910,CHAM3IN145G,Champion 3 In 1 Custard Powder 45g X 80,103,Cereal & Breakfast,Food,5321,CHAMPION,184,VALENCY AGRO
26683,CHAMBAN50GX60BB,Champion Banana Custard Powder 50g X 60,103,Cereal & Breakfast,Food,5321,CHAMPION,184,VALENCY AGRO
26684,CHAMVAN50GX60BB,Champion Vanilla Custard Powder 50g X 60,103,Cereal & Breakfast,Food,5321,CHAMPION,184,VALENCY AGRO
44177,CHAMPMILK12G,Champion Milk Powder 12g X 200,111,Milk & Dairy,Food,5321,CHAMPION,184,VALENCY AGRO
44179,CHAMPCHOCO20G,Champion Chocolate Drink 20g  X 200,111,Milk & Dairy,Food,5321,CHAMPION,184,VALENCY AGRO
44181,C1KGREFILL,Champion Vanilla Custard Powder 1kg X 6,103,Cereal & Breakfast,Food,5321,CHAMPION,184,VALENCY AGRO
44183,CJAR2KG,Champion Vanilla Custard Powder 2kg Jar X 3,103,Cereal & Breakfast,Food,5321,CHAMPION,184,VALENCY AGRO
44185,CHBAN2KG,Champion Banana Custard Powder 2kg    X 3,103,Cereal & Breakfast,Food,5321,CHAMPION,184,VALENCY AGRO
44187,CHBANJAR400G,Champion Banana Custard Powder Jar 400g    X 12,103,Cereal & Breakfast,Food,5321,CHAMPION,184,VALENCY AGRO
44189,CHJAR350G,Champion 3 In 1 Custard Powder Jar 350g X 6,103,Cereal & Breakfast,Food,5321,CHAMPION,184,VALENCY AGRO
44191,CHJAR15KG,Champion 3 In 1 Custard Powder  Jar 1.5kg X 3,103,Cereal & Breakfast,Food,5321,CHAMPION,184,VALENCY AGRO
44193,CJAR400G,Champion Vanilla Custard Powder 400g X 12,103,Cereal & Breakfast,Food,5321,CHAMPION,184,VALENCY AGRO
46110,CHAMPNODI12G,Champion Non Dairy Creamer 12g X 150,111,Milk & Dairy,Food,5321,CHAMPION,184,VALENCY AGRO
46112,CHAMVAN45G,Champion Custard Powder Vanilla Flavor Sachet 45gm X 96,103,Cereal & Breakfast,Food,5321,CHAMPION,184,VALENCY AGRO
46122,CHAMPCHOCO20GX150,Champion Chocolate Drink 20g  X 150,111,Milk & Dairy,Food,5321,CHAMPION,184,VALENCY AGRO
46124,CHAMPCHOCO20GX150,Champion Chocolate Drink 20g  X 150,111,Milk & Dairy,Food,5321,CHAMPION,184,VALENCY AGRO
46125,CHAMBAN45G,Champion Custard Powder Banana Flavor 45g X96,103,Cereal & Breakfast,Food,5321,CHAMPION,184,VALENCY AGRO
46127,CHAM3IN140G,Champion Custard Powder 3 In 1 Flavor 40g X 80,103,Cereal & Breakfast,Food,5321,CHAMPION,184,VALENCY AGRO
46129,CHAM3IN1RE700G,Champion Custard Powder 3 In 1 Flavor 700g X 6 Refill,103,Cereal & Breakfast,Food,5321,CHAMPION,184,VALENCY AGRO
24912,SGRSUNOIL210G,Super Gold Refined Sunflower Oil 210g X 48,135,Oil,Food,5322,SUPER GOLD,185,VDR Trading Corporation
24913,SGRSUNOIL400G,Super Gold Refined Sunflower Oil 400g X 24,135,Oil,Food,5322,SUPER GOLD,185,VDR Trading Corporation
24914,SGRSUNOIL2200G,Super Gold Refined Sunflower Oil 2200g X,135,Oil,Food,5322,SUPER GOLD,185,VDR Trading Corporation
25211,SGTOP210G,Super Gold Tomato Paste 210g × 48,117,Seasoning cubes & Spices,Food,5322,SUPER GOLD,222,GLOBAL SEEDS INTERBIZ
25212,SGTOP2.2KG,Super Gold Tomato Paste 2.2kg ×,117,Seasoning cubes & Spices,Food,5322,SUPER GOLD,222,GLOBAL SEEDS INTERBIZ
24917,SATOPASTN210G,Sarah Tomato Paste Tin 210g X 48,117,Seasoning cubes & Spices,Food,5323,SARAH,186,SARAH'S FOOD SPECIALITIES INC
24918,SATOPASTN400G,Sarah Tomato Paste Tin 400g X 24,117,Seasoning cubes & Spices,Food,5323,SARAH,186,SARAH'S FOOD SPECIALITIES INC
24919,SATOPASTN800G,Sarah Tomato Paste Tin 800g X 12,117,Seasoning cubes & Spices,Food,5323,SARAH,186,SARAH'S FOOD SPECIALITIES INC
24920,SATOPASTN2200G,Sarah Tomato Paste Tin 2200g X,117,Seasoning cubes & Spices,Food,5323,SARAH,186,SARAH'S FOOD SPECIALITIES INC
44679,SAHPRWNC277G,Sarah Prawn Cracker 277g X 24,105,Condiments,Food,5323,SARAH,186,SARAH'S FOOD SPECIALITIES INC
53896,STANNE2200G,St Anne Tomato Paste 2200g X 6,105,Condiments,Food,5324,Erisco,187,Erisco Food Limited
54388,STANNE210G,St Anne 210g X 48,105,Condiments,Food,5324,Erisco,187,Erisco Food Limited
54391,STANNE400G,St Anne 400g X 24,105,Condiments,Food,5324,Erisco,187,Erisco Food Limited
24921,ERITOPASTE150G,Erisco Tomato Paste 150g X 25,117,Seasoning cubes & Spices,Food,5324,Erisco,187,Erisco Food Limited
24922,ERITOPASTE210G,Erisco Tomato Paste 210g X 48,117,Seasoning cubes & Spices,Food,5324,Erisco,187,Erisco Food Limited
24923,ERITOPASTE400G,Erisco Tomato Paste 400g X 24,117,Seasoning cubes & Spices,Food,5324,Erisco,187,Erisco Food Limited
24924,ERITOPASTE2200G,Erisco Tomato Paste 2200g X,117,Seasoning cubes & Spices,Food,5324,Erisco,187,Erisco Food Limited
25216,RICGTOP400G,Ric Giko Tomato Paste 400g × 24,117,Seasoning cubes & Spices,Food,5324,Erisco,187,Erisco Food Limited
25217,RICGTOP210G,Ric Giko Tomato Paste  210g × 48,117,Seasoning cubes & Spices,Food,5324,Erisco,187,Erisco Food Limited
54397,STANNE850G,St Anne 850g X 6,105,Condiments,Food,5324,Erisco,933,ERISCO
24929,BTESBOIL25LTRS,B.t.f Edible Soya Bean Oil 25ltrs X,135,Oil,Food,5325,B.T.F,189,B T F Edible oil
24935,AYP900G,Ayoola Yam Poundo 900g X 20,153,Swallow,Commodities,5326,Ayoola,190,Ayoola Food
24936,AYP1.8KG,Ayoola Yam Poundo 1.8kg X 10,153,Swallow,Commodities,5326,Ayoola,190,Ayoola Food
24937,AYP4.5KG,Ayoola Yam Poundo 4.5kg X,153,Swallow,Commodities,5326,Ayoola,190,Ayoola Food
24938,AYP9.1KG,Ayoola Yam Poundo 9.1kg X,153,Swallow,Commodities,5326,Ayoola,190,Ayoola Food
26659,ASPK0.9KGX8,Ayoola Special Pack 0.9kg  X,153,Swallow,Commodities,5326,Ayoola,190,Ayoola Food
26653,ASPK0.9KGX10,Ayoola Special Pack 0.9kg  X 10,153,Swallow,Commodities,5326,Ayoola,190,Ayoola Food
26450,ASPK0.9KG,Ayoola Special Pack 0.9kg  X 20,153,Swallow,Commodities,5326,Ayoola,190,Ayoola Food
26451,AYF1.8KG,Ayoola Yam Flour 1.8kg  X 10,153,Swallow,Commodities,5326,Ayoola,190,Ayoola Food
26452,ARF1.8KG,Ayoola Rice Flour 1.8kg X 10,124,Flour,Commodities,5326,Ayoola,190,Ayoola Food
26453,APF1.8KG,Ayoola Plantain Flour 1.8kg  X 10,153,Swallow,Commodities,5326,Ayoola,190,Ayoola Food
26454,AP0.9KG,Ayoola Plantain Flour 0.9kg  X 20,153,Swallow,Commodities,5326,Ayoola,190,Ayoola Food
26455,ABF0.9KG,Ayoola Beans Flour 0.9kg X 10,153,Swallow,Commodities,5326,Ayoola,190,Ayoola Food
26456,AYOCASSF2KG,Ayoola Cassava Fufu 2kg  X 10,153,Swallow,Commodities,5326,Ayoola,190,Ayoola Food
26457,ARF0.9KG,Ayoola Rice Flour 0.9kg  X 20,158,Grains,Commodities,5326,Ayoola,190,Ayoola Food
26071,AYP450G,Ayoola Yam Poundo 450g X 20,153,Swallow,Commodities,5326,Ayoola,190,Ayoola Food
26072,APF450G,Ayoola Plantain Flour 450g X 20,153,Swallow,Commodities,5326,Ayoola,190,Ayoola Food
25945,AYPY0.9KG,Ayoola Poundo Yam 0.9kg X 20,153,Swallow,Commodities,5326,Ayoola,190,Ayoola Food
25861,AYP450KG,Ayoola Yam Poundo 450g X 20,153,Swallow,Commodities,5326,Ayoola,190,Ayoola Food
25862,APF450KG,Ayoola Plantain Flour 450g X 20,153,Swallow,Commodities,5326,Ayoola,190,Ayoola Food
25863,AYF0.9KG,Ayoola Yam Flour 0.9kg X 20,153,Swallow,Commodities,5326,Ayoola,190,Ayoola Food
25864,AYOCASSF1KG,Ayoola Cassava Fufu 1kg X 20,153,Swallow,Commodities,5326,Ayoola,190,Ayoola Food
54385,OLAPY900G,Ola Ola Poundo Yam 0.9kg X 20,153,Swallow,Commodities,5326,Ayoola,190,Ayoola Food
54480,AYORIFLOU18X10,Ayoola Rice Flouurs 1.8kg X 10,124,Flour,Commodities,5326,Ayoola,190,Ayoola Food
54483,AYRICEFLO18KGX10,Ayoola Rice Floours 1.8kg X 10,153,Swallow,Commodities,5326,Ayoola,190,Ayoola Food
53707,AYPOT1KG,Ayoola Potato Flour 1kg  X 10,153,Swallow,Commodities,5326,Ayoola,190,Ayoola Food
53711,AYPOT500G,Ayoola Potato Flour 500g X 20,153,Swallow,Commodities,5326,Ayoola,190,Ayoola Food
53714,AYCASFU900G,Ayoola Cassava Fufu 0.9kg X 20,153,Swallow,Commodities,5326,Ayoola,190,Ayoola Food
53717,AYCASFU18KG,Ayoola Cassava Fufu 1.8kg  X 10 X 10,153,Swallow,Commodities,5326,Ayoola,190,Ayoola Food
53396,APY18KGX10,Ayoola Poundo Yam 1.8kg X 10,116,"Rice, Swallow, and Flour",Commodities,5326,Ayoola,190,Ayoola Food
52996,APY45KG,Ayoola Poundo Yam 4.5kg X 4,116,"Rice, Swallow, and Flour",Commodities,5326,Ayoola,190,Ayoola Food
44675,AYLBBEANS09,Ayoola Brown Beans 0.9 X 20,153,Swallow,Commodities,5326,Ayoola,190,Ayoola Food
44677,AYLBBEANS,Ayoola Brown Beans 1.8 X 10,153,Swallow,Commodities,5326,Ayoola,190,Ayoola Food
45619,AYPY09KGX1,Ayoola Poundo Yam 0.9kg X 1,153,Swallow,Commodities,5326,Ayoola,190,Ayoola Food
45621,AYP18KGX1,Ayoola Yam Poundo 1.8kg X 1,153,Swallow,Commodities,5326,Ayoola,190,Ayoola Food
45623,AYP45KGX1,Ayoola Yam Poundo 4.5kg X 1,153,Swallow,Commodities,5326,Ayoola,190,Ayoola Food
24939,OKBANOIL2LTR,Okomu Banga Red Plam Oil 2ltr X,135,Oil,Food,5327,Okomu,191,Okomu Oil Company Plc
24940,OKBANOIL1LTR,Okomu Banga Red Plam Oil 1ltr X,135,Oil,Food,5327,Okomu,191,Okomu Oil Company Plc
24941,OKBANOIL200ML,Okomu Banga Red Plam Oil 200ml X 35,135,Oil,Food,5327,Okomu,191,Okomu Oil Company Plc
24949,BENNYPCFL17G,Benny Powdered Chicken Flavour Stock 17g X 8 X 42,117,Seasoning cubes & Spices,Food,5328,Benny,193,"CNChina Mark Foods Trading Co.,Ltd"
24958,JAMAYO887ML,Jago Mayonnaise 887ml X 12,105,Condiments,Food,5329,JAGO,40,GB FOODS
25561,JAMAYO443ML,Jago Mayonnaise 443ml X 12,105,Condiments,Food,5329,JAGO,40,GB FOODS
24965,BAMMULS200G,Baby And Me Multipurpose Soap 200g X 48,108,Home Care and Laundry,HC+PC,5330,Baby and Me,66,ASPIRA NIGERIA LIMITED
24966,FIZORANTS118G,Fizz Orange Tablet Soap 118g X 4 X 12,108,Home Care and Laundry,HC+PC,5331,Fizz,66,ASPIRA NIGERIA LIMITED
45986,FIZZ230G,Fizz Soap 230g X 24,108,Home Care and Laundry,HC+PC,5331,Fizz,66,ASPIRA NIGERIA LIMITED
24968,FIZORANTS200G,Fizz Orange Tablet Soap 2 In 1 200g X 48,108,Home Care and Laundry,HC+PC,5331,Fizz,66,ASPIRA NIGERIA LIMITED
24967,MP3MULS150G,Mp3 Multi Purpose Soap 150g X 48,108,Home Care and Laundry,HC+PC,5332,MP3,66,ASPIRA NIGERIA LIMITED
25017,HAANCVB30G,Haansbro Noreos Chocolate Vallina Biscuits 30g X 40,101,Biscuits & Sweets,Food,5333,NOREOS,194,HAANSBRO NIGERIA LIMITED
25018,HAANCSB30G,Haansbro Noreos Chocolate Strawberry Biscuits 30g X 40,101,Biscuits & Sweets,Food,5333,NOREOS,194,HAANSBRO NIGERIA LIMITED
25319,HAANWS37G,Haansbro Noreos Wafer Stix 37g X 48,101,Biscuits & Sweets,Food,5333,NOREOS,194,HAANSBRO NIGERIA LIMITED
25027,HAANCGVB30G,Haansbro Noreos Chocolate Gold Vanilla Biscuit 30g X 48,101,Biscuits & Sweets,Food,5333,NOREOS,194,HAANSBRO NIGERIA LIMITED
25037,HAANCORAB30G,Haansbro Noreos Chocolate Orange Biscuit 30g X 48,101,Biscuits & Sweets,Food,5333,NOREOS,194,HAANSBRO NIGERIA LIMITED
26234,HAANCB34Gx36,Haansbro Noreos Chocolate Biscuit 34g X 36,101,Biscuits & Sweets,Food,5333,NOREOS,194,HAANSBRO NIGERIA LIMITED
26235,HAANGB34Gx36,Haansbro Noreos Orange Biscuit 34g  X 36,101,Biscuits & Sweets,Food,5333,NOREOS,194,HAANSBRO NIGERIA LIMITED
26236,HAANOB34Gx36,Haansbro Noreos Gold Biscuit 34g  X 36,101,Biscuits & Sweets,Food,5333,NOREOS,194,HAANSBRO NIGERIA LIMITED
26190,HAANCGOB34G,Haansbro Noreos Chocolate Gold & Orange Biscuit 34g  X 36,101,Biscuits & Sweets,Food,5333,NOREOS,194,HAANSBRO NIGERIA LIMITED
26199,HAANCGOB34Gx36,Haansbro Noreos Chocolate Gold & Orange Biscuit 34g  X 36,101,Biscuits & Sweets,Food,5333,NOREOS,194,HAANSBRO NIGERIA LIMITED
26200,HAANCGOB34Gx37,Haansbro Noreos Chocolate Gold & Orange Biscuit 34g  X 37,101,Biscuits & Sweets,Food,5333,NOREOS,194,HAANSBRO NIGERIA LIMITED
26201,HAANCGOB34Gx38,Haansbro Noreos Gold Biscuit 34g  X 36,101,Biscuits & Sweets,Food,5333,NOREOS,194,HAANSBRO NIGERIA LIMITED
45627,NOREOS28G,Noreos Biscuites 28g X 48 Pkt,101,Biscuits & Sweets,Food,5333,NOREOS,194,HAANSBRO NIGERIA LIMITED
25019,HAANOMC53G,Haansbro Oats And Milk Cookies 53g X 48,101,Biscuits & Sweets,Food,5334,OATS AND MILK,194,HAANSBRO NIGERIA LIMITED
25020,HAANOMC27G,Haansbro Oats And Milk Cookies 27g X 48,101,Biscuits & Sweets,Food,5334,OATS AND MILK,194,HAANSBRO NIGERIA LIMITED
25021,HAANMTC42G,Haansbro Milky Treat Cookies 42g X 48,101,Biscuits & Sweets,Food,5335,MILKY TREAT,194,HAANSBRO NIGERIA LIMITED
25022,MOROINK400ML,Mortein Odourless Insect Killer 400ml X 12,108,Home Care and Laundry,HC+PC,5336,MORTEIN,6,RECKITT
25029,MORMRR28ML,Mortein Mosquito Repellent Refill 28ml X24,108,Home Care and Laundry,HC+PC,5336,MORTEIN,6,RECKITT
45440,MORTEIN300ML,Mortein Insecticide 300ml X 12,108,Home Care and Laundry,HC+PC,5336,MORTEIN,6,RECKITT
45767,SNIPMULIK300,Sniper Multi-purpose Insect Killer 300ml X 12,108,Home Care and Laundry,HC+PC,5337,Sniper,195,SARO LIFE CARE
25045,SNIPCOK20G,Sniper Cockroach Killer 20g X 25,108,Home Care and Laundry,HC+PC,5337,Sniper,195,SARO LIFE CARE
25023,SNIPMULIK300ML,Sniper Multi-purpose Insect Killer 300ml X,108,Home Care and Laundry,HC+PC,5337,Sniper,195,SARO LIFE CARE
25024,SNIPMULIK300ML x 12,Sniper Multi-purpose Insect Killer 300ml X 12,108,Home Care and Laundry,HC+PC,5337,Sniper,195,SARO LIFE CARE
25025,HANCOB47G,Haansbro Nice Coconut Biscuit 47g X 48,101,Biscuits & Sweets,Food,5338,Nice,194,HAANSBRO NIGERIA LIMITED
46335,AJINO454GX1,Ajinomoto 454g X 1,117,Seasoning cubes & Spices,Food,5339,AJINOMOTO,196,WEST AFRICA SEASONING COMPANY LIMITED
25030,AJINOMOTO10G,Ajinomoto 10gx 10x 28,117,Seasoning cubes & Spices,Food,5339,AJINOMOTO,196,WEST AFRICA SEASONING COMPANY LIMITED
25031,AJINOMOTO30G,Ajinomoto 30g X 20,117,Seasoning cubes & Spices,Food,5339,AJINOMOTO,196,WEST AFRICA SEASONING COMPANY LIMITED
25032,AJINOMOTO100G,Ajinomoto 100g,117,Seasoning cubes & Spices,Food,5339,AJINOMOTO,196,WEST AFRICA SEASONING COMPANY LIMITED
25033,AJINOMOTO250G,Ajinomoto 250g X 10,117,Seasoning cubes & Spices,Food,5339,AJINOMOTO,196,WEST AFRICA SEASONING COMPANY LIMITED
25034,AJINOMOTO454G,Ajinomoto 454g X 25,117,Seasoning cubes & Spices,Food,5339,AJINOMOTO,196,WEST AFRICA SEASONING COMPANY LIMITED
25035,MADPSCC6G,Madish Powdery Curry & Chicken Seasoning 6g X 10 X 32,117,Seasoning cubes & Spices,Food,5340,MADISH,196,WEST AFRICA SEASONING COMPANY LIMITED
25036,MADPSTOB6G,Madish Powdery Tomato & Beef Seasoning 6g X 10 X 32,117,Seasoning cubes & Spices,Food,5340,MADISH,196,WEST AFRICA SEASONING COMPANY LIMITED
25042,AIRFF300ML,Air Wick Aerosol Fresh Waters Air Freshener 300ml X 12,108,Home Care and Laundry,HC+PC,5341,Air wick spray,6,RECKITT
25043,AIRFR300ML,Air Wick Freshmatic Refill Air Freshener 250ml X,108,Home Care and Laundry,HC+PC,5341,Air wick spray,6,RECKITT
25753,FAKITO1PX12,Familia Kitchen Towel 1 Ply X 12,108,Home Care and Laundry,HC+PC,5342,Familia,10,HAYAT KIMYA NIGERIA LTD
25754,FAKITO2PX12,Familia Kitchen Towel 2 Ply X 12,108,Home Care and Laundry,HC+PC,5342,Familia,10,HAYAT KIMYA NIGERIA LTD
25044,FATOP48,Familia Toilet Paper 2 Ply X 48,108,Home Care and Laundry,HC+PC,5342,Familia,10,HAYAT KIMYA NIGERIA LTD
25052,BOOMD900G,Boom Detergent 900g X,108,Home Care and Laundry,HC+PC,5343,Boom,198,TRADE KINGS GROUP
25080,CHAMDORWINE750ml,Chamdor Wine 750ml X 12,106,Drinks,Beverages,5344,Wine,199,Ekulo Group of Companies
25869,JAMESONBLK700ML,Jameson Black 700ml X,106,Drinks,Beverages,5344,Wine,200,IRISH DISTILLERS
25870,JAMESONGRN700ML,Jameson Green 700ml X 6,106,Drinks,Beverages,5344,Wine,200,IRISH DISTILLERS
26503,JAMESONBLK700MLPCK1,Jameson Black 700ml X,106,Drinks,Beverages,5344,Wine,200,IRISH DISTILLERS
25081,JAMESON750ml,Jameson 750ml X 12,106,Drinks,Beverages,5344,Wine,200,IRISH DISTILLERS
25082,CARLOROSS750ml,Carloross 750ml X 12,106,Drinks,Beverages,5344,Wine,201,E & J Gallo Winery
25083,CASTDESRWINE750ML,Castillo De Espana Rose Wine 750ml X 12,106,Drinks,Beverages,5344,Wine,202,Castillo
25084,AGOR750ml,Agor 750ml X 12,106,Drinks,Beverages,5344,Wine,203,Asconi
25085,BOLL750ML,Boll 750ml X 12,106,Drinks,Beverages,5344,Wine,204, Boll & Cie
25086,MAXIMO750ml,Maximo 750ml X 12,106,Drinks,Beverages,5344,Wine,205,Bodegas Maximo
26261,WILTURHONEY750ML,Wild Turkey American Honey 750ml X 12,106,Drinks,Beverages,5344,Wine,302,JIMMY RUSSELL
25090,GFRICFL500G,Glorious Food Rice Flour 500g X 20,158,Grains,Commodities,5345,Glorious food,206,Mabo Brand concept
25091,GFRICFL1KG,Glorious Food Rice Flour 1kg X 20,158,Grains,Commodities,5345,Glorious food,206,Mabo Brand concept
25092,GFRICFL10KG,Glorious Food Rice Flour 10kg,158,Grains,Commodities,5345,Glorious food,206,Mabo Brand concept
25099,WCOIL5L,Wesson Canola Oil 5l X,135,Oil,Food,5346,WESSON,207,RICHARDSON AND INGRIDENT LTD
53424,OLIOIL4LX1,Olive Oil 4ltr X 1,135,Oil,Food,5346,WESSON,914,Pure Wesson
53401,WPC5LX4,Wesson Pure Canola Oil 5l X 4,135,Oil,Food,5346,WESSON,914,Pure Wesson
45667,ELKPLFL18KGX10,Elkri Instant Plantain Flour 1.8kg X 10,153,Swallow,Commodities,5347,ELKRIS,209,ELKRIS FOOD
54921,ESOS13KGX12,Elkris Super Oat Swallow 1.3kg X 12,116,"Rice, Swallow, and Flour",Commodities,5347,ELKRIS,209,ELKRIS FOOD
54880,EOS13KGX12,Elkris Oat Swallow 1.3kg X 12,153,Swallow,Commodities,5347,ELKRIS,209,ELKRIS FOOD
25112,ELOATS1.3KG,Elkris Oat Swallow 1.3kg X 12,153,Swallow,Commodities,5347,ELKRIS,209,ELKRIS FOOD
25113,ELOATS650G,Elkris Oat Swallow 650g X 24,153,Swallow,Commodities,5347,ELKRIS,209,ELKRIS FOOD
25114,ELOATS5kg,Elkris Oat Swallow 5kg X,153,Swallow,Commodities,5347,ELKRIS,209,ELKRIS FOOD
25116,GSOYOIL4L,Grand Soya Oil 4lx6,135,Oil,Food,5348,GRAND OIL,210,Grand Cereals and Oil Mills Limited
25117,GSOYOIL25L,Grand Soya Oil 25l X1,135,Oil,Food,5348,GRAND OIL,210,Grand Cereals and Oil Mills Limited
25118,GSOYOIL750ML,Grand Soya Oil 750mlx12,135,Oil,Food,5348,GRAND OIL,210,Grand Cereals and Oil Mills Limited
25135,DPP500G,Dependox (preservative Powder) 500g X 24,111,Milk & Dairy,Food,5349,DEPENDOX,211,URBAN FOODS INDUSTRY LTD
25136,DSMMFP100,De Sunex Mix Milk Flavor Powderd 100g X 20,111,Milk & Dairy,Food,5350,DESUNEX,212,SAM PEES GLOBAL RESOURCE LTD
25137,RYYEAST500G,Royal Yeast 500g X 20,100,Baking ,Commodities,5351,ROYAL YEAST,213,GUANGXI BANBAOLI YEAST CO LTD
54598,STKROYINSDY500G,Stk Royal   Instant Dry Yeast 500g X 20,100,Baking ,Commodities,5351,ROYAL YEAST,213,GUANGXI BANBAOLI YEAST CO LTD
54885,SIMAMARG15KG, Simas Cooking Magarinee 15kg X 1,134,Margarine,Commodities,5352,SIMAS,214,PT SALIM IVOMAS PARTAMA
55091,SCM250GX60,Simas Cooking Margarine 250g X 60,134,Margarine,Commodities,5352,SIMAS,214,PT SALIM IVOMAS PARTAMA
46303,SIMASMARG250G,Simas Cooking Magarinee 250g X 6,134,Margarine,Commodities,5352,SIMAS,214,PT SALIM IVOMAS PARTAMA
25138,SCMAG250G,Simas Cookig Magarine 250g X,134,Margarine,Commodities,5352,SIMAS,214,PT SALIM IVOMAS PARTAMA
25139,HAMFLA20G,Havanna Milk Flavor 20g X 100,106,Drinks,Beverages,5353,HAVANNA,215,BENCHMAN FOOD AND SPIECES
25142,HAANSB250G,Haano Sachet Butter 250g X 60,105,Condiments,Food,5354,HAANO,217,HAANO INDUSTRIES LTD
26124,HANOSARD125G,Haano Supreme Sardines 125g  X 50,105,Condiments,Food,5354,HAANO,292,DEEKAY GROUP
26125,HANOMACK155G,Haano Canned Mackerel 155g  X 50,105,Condiments,Food,5354,HAANO,292,DEEKAY GROUP
26126,HANOCOFE50G,Haano Instant Coffee Tin 50g  X 24,104,Coffee & Tea,Food,5354,HAANO,292,DEEKAY GROUP
26127,HANOCOFSAC2G,Haano Instant Coffee Saachet 2g  X 120,104,Coffee & Tea,Food,5354,HAANO,292,DEEKAY GROUP
30367,HAMG10KG,Haano Margarine 10kg  X,134,Margarine,Commodities,5354,HAANO,292,DEEKAY GROUP
30368,HAMG15KG,Haano Margarine 15kg X,134,Margarine,Commodities,5354,HAANO,292,DEEKAY GROUP
25143,AGPVOIL5L,Active Gold Premium Vegetable Oil 5l X,135,Oil,Food,5355,ACTIVE GOLD,49,APPLE & PEARS LTD
25157,UHTHOLLANDYO1L,Uht Hollandia Yoghurt 1l X 10,111,Milk & Dairy,Food,5356,UHT,21,CHI LIMITED
25158,UHTHOLLANDYOLF1L,Uht Hollandia Yoghurt Low Fat 1l X 10,111,Milk & Dairy,Food,5356,UHT,21,CHI LIMITED
25167,GCRICH10KG,Grand Cereal Richfil 10kg X,153,Swallow,Commodities,5357,GRAND CEREAL,210,Grand Cereals and Oil Mills Limited
25168,GCRICH5KG,Grand Cereal Richfil 5kg X1,153,Swallow,Commodities,5357,GRAND CEREAL,210,Grand Cereals and Oil Mills Limited
25169,GCRICH1KG,Grand Cereal Richfil 1kg X,153,Swallow,Commodities,5357,GRAND CEREAL,210,Grand Cereals and Oil Mills Limited
25170,OKMPLOL10G,Ok Milkrich Pop  Lolipop 10g X 10 X 52,101,Biscuits & Sweets,Food,5358,MILK RICH,7,OK FOODS
25172,MICAN29G,Milkrich Candy By 20g X 50,101,Biscuits & Sweets,Food,5358,MILK RICH,7,OK FOODS
25176,TOPMC20G,Topmint Candy 20g X 50,101,Biscuits & Sweets,Food,5359,TOPMINT ,7,OK FOODS
25177,MCAN20G,Milk Candy 20g X 20,101,Biscuits & Sweets,Food,5360,MILK Candy,7,OK FOODS
25178,MAXFC40G,Maxi Fruity  Candy 40g X 50,101,Biscuits & Sweets,Food,5361,MAXI fruity,7,OK FOODS
25181,NUTOATD42G,Nutrisnax Oat Digestive 42g X 24,101,Biscuits & Sweets,Food,5362,NUTRISNAX OATS,218,CARAWAY AFRICA NIG LTD
25185,OKKCR40G,Ok King Cracker 40g X 24,101,Biscuits & Sweets,Food,5363,OK King,7,OK FOODS
25186,AMB70G,All Milk Buiscuits 70g X 24,101,Biscuits & Sweets,Food,5364,ALL MILK,7,OK FOODS
23210,AMB50G,All Milk Biscuits 50g X 24,101,Biscuits & Sweets,Food,5364,ALL MILK,7,OK FOODS
25189,PICBIS12G,Picnic Biscuits 12g X 120,101,Biscuits & Sweets,Food,5365,PICNIC ,7,OK FOODS
45629,PICNICM29G,Picnic Milky Shortcake Biscuites 29g X 36 Pkt,101,Biscuits & Sweets,Food,5365,PICNIC ,7,OK FOODS
25748,CHNO120G,Cherie Noodles Chicken Flavour 120g X 40,129,Noodles,Food,5366,CHERIE ,218,CARAWAY AFRICA NIG LTD
25192,CHNO70G,Cherie Noodle 70g X 40,129,Noodles,Food,5366,CHERIE ,218,CARAWAY AFRICA NIG LTD
30235,INCOCRU30GX39,Infinity Coco Crunchies 30g X 39,103,Cereal & Breakfast,Food,5367,COCO ,46,INFINITY SNACKS AND BEVERAGES LTD
26700,INFICOBA50GX18BB,Infinity Coco Balls 50g X 18,103,Cereal & Breakfast,Food,5367,COCO ,46,INFINITY SNACKS AND BEVERAGES LTD
25414,INFICOBA50G,Infinity Coco Balls 50g X 36+3 Free,103,Cereal & Breakfast,Food,5367,COCO ,46,INFINITY SNACKS AND BEVERAGES LTD
25193,INCOCRU30G,Infinity Coco Crunchies 30g X 36,103,Cereal & Breakfast,Food,5367,COCO ,46,INFINITY SNACKS AND BEVERAGES LTD
25194,INMCRU28G,Infinity Magic Crunchies 28g X 48,103,Cereal & Breakfast,Food,5368,MAGIC,46,INFINITY SNACKS AND BEVERAGES LTD
25203,FFM25KG,Fat Filled Milk 25kg X,111,Milk & Dairy,Food,5370,FAT FILLED,220,FAT FOODS
46337,VEDAN454GX1,Vedan (super Seasoning) 454g X 1,117,Seasoning cubes & Spices,Food,5371,VEDAN ,218,CARAWAY AFRICA NIG LTD
25257,VEDS4G,Vedan Seasoning 4g X 20 X 28,117,Seasoning cubes & Spices,Food,5371,VEDAN ,229,VEDAN VIETNAM ENTERPRISE
25204,VEDSS100G,Vedan (super Seasoning) 100g X100x2,117,Seasoning cubes & Spices,Food,5371,VEDAN ,218,CARAWAY AFRICA NIG LTD
25205,VEDSS300G,Vedan (super Seasoning) 300g X 25,117,Seasoning cubes & Spices,Food,5371,VEDAN ,218,CARAWAY AFRICA NIG LTD
25206,VEDSS454G,Vedan (super Seasoning) 454g X 25 X,117,Seasoning cubes & Spices,Food,5371,VEDAN ,218,CARAWAY AFRICA NIG LTD
25208,TOTMS70G,Topisto Tomato Mix Sachet 70g × 50,117,Seasoning cubes & Spices,Food,5372,Topisto,221,P.R.C
25215,SAMTOP210G,Samtus Tomato Paste 210g × 48,117,Seasoning cubes & Spices,Food,5373,Samtus,221,P.R.C
25218,RICGTOP2.2KG,Ric Giko Tomato Paste  2.2kg ×,117,Seasoning cubes & Spices,Food,5374,Ric Giko,187,Erisco Food Limited
25219,PITOP400G,Piko Tomato Paste  400g × 24,117,Seasoning cubes & Spices,Food,5375,Piko,221,P.R.C
25220,NIPTOP2.2KG,Nippon Tomato Paste 2.2kg ×,117,Seasoning cubes & Spices,Food,5376,Nippon,223,NIPPON INDUSTRIES LIMITED
25229,FATOP70G,Favour Tomato Paste 70g × 50,117,Seasoning cubes & Spices,Food,5377,Favour,221,P.R.C
25230,MAGTOMS70G,Magnate Tomato Mix Sachet 70g × 50,117,Seasoning cubes & Spices,Food,5378,Magnate,224,MAGNATE INTERNATIONAL FZE
25231,TCFLSEA100G,Tasty Chicken Flavour Seasoning 100g × 82,117,Seasoning cubes & Spices,Food,5379,Tasty Cubes,225,LOTUS HEALTH INDUSTRY HOLDING GROUP COMPANY
25232,DEHTOPS70G,De Hero Tomato Paste Sachet  70g × 50,117,Seasoning cubes & Spices,Food,5380,De Hero,221,P.R.C
25233,DEHTOPS210G,De Hero Tomato Paste Tin  210g × 48,117,Seasoning cubes & Spices,Food,5380,De Hero,221,P.R.C
25234,CABTOMS70G,Casa Batllo Tomato Mix Sachet 70g × 50,117,Seasoning cubes & Spices,Food,5381,Casa,224,MAGNATE INTERNATIONAL FZE
25235,CABTOMS2.2KG,Casa Batllo Tomato Mix  2.2kg ×,117,Seasoning cubes & Spices,Food,5381,Casa,224,MAGNATE INTERNATIONAL FZE
42835,CACHKPEA400G,Casa De Campo Chick Peas 400g  X 1,105,Condiments,Food,5381,Casa,652,Casa Foods 
25236,GLZOB0GIN450ML,Goodlife Zobo Ginger Pet 450ml X 12,106,Drinks,Beverages,5382,GOODLIFE,226,TOLARAM NUTRI BEVERAGES LTD
46106,testlemons6,Test Sku Lemons X 6,106,Drinks,Beverages,5382,GOODLIFE,226,TOLARAM NUTRI BEVERAGES LTD
25238,COBBUTTER15KG,Coya Bulk Butter 15kg X,134,Margarine,Commodities,5383,COYA,227,PT. TUNAS BARU LAMPUNG TBK
25241,WPSOIL20L,Winner Pure Soya Oil 20l X,135,Oil,Food,5384,WINNER,228,Kaleesuwari Refinery
25242,WPSOIL2.75L,Winner Pure Soya Oil 2.75lx6,135,Oil,Food,5384,WINNER,228,Kaleesuwari Refinery
25243,WPSOIL5L,Winner Pure Soya Oil  5lx6,135,Oil,Food,5384,WINNER,228,Kaleesuwari Refinery
26132,WINSOYOIL20LTR,Winner Pure Soya Oil 20ltr  X,135,Oil,Food,5384,WINNER,49,APPLE & PEARS LTD
25258,ZIPD90G,Ziptol Detergent 90g X 48 +,108,Home Care and Laundry,HC+PC,5385,Ziptol,230,EXTREME MANUFACTURING NIG LTD
25259,ZIPD50G,Ziptol Detergent 50g X 54 +,108,Home Care and Laundry,HC+PC,5385,Ziptol,230,EXTREME MANUFACTURING NIG LTD
25260,ZIPD180G,Ziptol Detergent 180g X 24 +,108,Home Care and Laundry,HC+PC,5385,Ziptol,230,EXTREME MANUFACTURING NIG LTD
52635,ZIPDET850G,Ziptol Detergent 850g X 6 + 1,108,Home Care and Laundry,HC+PC,5385,Ziptol,230,EXTREME MANUFACTURING NIG LTD
52619,ZIPDET80G,Ziptol Detergent 80g X 48+3,108,Home Care and Laundry,HC+PC,5385,Ziptol,230,EXTREME MANUFACTURING NIG LTD
52622,ZIPDET170G,Ziptol Detrgent 170g X 26+2,108,Home Care and Laundry,HC+PC,5385,Ziptol,230,EXTREME MANUFACTURING NIG LTD
52624,ZIPDET350G,Ziptol Detergent 350g X 12 + 1,108,Home Care and Laundry,HC+PC,5385,Ziptol,230,EXTREME MANUFACTURING NIG LTD
52598,ZIPBARS130GX48,Ziptol Laundry Bar 130g X 48,108,Home Care and Laundry,HC+PC,5385,Ziptol,230,EXTREME MANUFACTURING NIG LTD
52600,ZIPBARS250GX24,Ziptol Laundry Bar 250g X 24,108,Home Care and Laundry,HC+PC,5385,Ziptol,230,EXTREME MANUFACTURING NIG LTD
52602,ZIPABS70GX108,Ziptol Anti Bacterial Soap 70g X 108 ,108,Home Care and Laundry,HC+PC,5385,Ziptol,230,EXTREME MANUFACTURING NIG LTD
52604,ZIPABS70GX72,Ziptol Anti Bacterial Soap 70g X 72,108,Home Care and Laundry,HC+PC,5385,Ziptol,230,EXTREME MANUFACTURING NIG LTD
52606,ZIPABS70X72P12,Ziptol Anti Bacterial Soap 70g X 72+12,108,Home Care and Laundry,HC+PC,5385,Ziptol,230,EXTREME MANUFACTURING NIG LTD
25263,FAMCS60G,Family Care Soap 60g X 30,114,Personal Care & Beauty,HC+PC,5386,Family,66,ASPIRA NIGERIA LIMITED
25381,FAMCSO200G,Family Care Soap Original  200g X 30,114,Personal Care & Beauty,HC+PC,5386,Family,66,ASPIRA NIGERIA LIMITED
25296,EVAIVYPKT12,Eva Ivory Soap 150g X,114,Personal Care & Beauty,HC+PC,5387,IVORY,234,EVANS INDUSTRIES
45952,EVAIVYPKT48,Eva Ivory Soap 150g X 48,114,Personal Care & Beauty,HC+PC,5387,IVORY,234,EVANS INDUSTRIES
45958,IVYEX150GPKT48,Ivory Exuberance Soap 150g X 48,114,Personal Care & Beauty,HC+PC,5387,IVORY,231,GIVANAS
25266,IVYPA150GPKT12,Ivory Passion Soap 150g X,114,Personal Care & Beauty,HC+PC,5387,IVORY,231,GIVANAS
25267,IVYALL150GPKT12,Ivory Allure Soap 150g X,114,Personal Care & Beauty,HC+PC,5387,IVORY,231,GIVANAS
25268,IVYSEN150GPKT12,Ivory Sensational Soap 150g X,114,Personal Care & Beauty,HC+PC,5387,IVORY,231,GIVANAS
25269,IVYPAC150GPKT12,Ivory Pacific Soap 150g X,114,Personal Care & Beauty,HC+PC,5387,IVORY,231,GIVANAS
25270,IVYEX150GPKT12,Ivory Exuberance Soap 150g X,114,Personal Care & Beauty,HC+PC,5387,IVORY,231,GIVANAS
25271,IVYFAS150GPKT12,Ivory Fascination Soap 150g X,114,Personal Care & Beauty,HC+PC,5387,IVORY,231,GIVANAS
25272,IVYGLO150GPKT12,Ivory Glow Soap 150g X,114,Personal Care & Beauty,HC+PC,5387,IVORY,231,GIVANAS
25273,IVYCHI150GPKT12,Ivory Chic Soap 150g X,114,Personal Care & Beauty,HC+PC,5387,IVORY,231,GIVANAS
25274,IVYEXC150GPKT12,Ivory Exotic Soap 150g X,114,Personal Care & Beauty,HC+PC,5387,IVORY,231,GIVANAS
25275,BOWSOY1L,Bow Pure Soya Oil 1l X 12,135,Oil,Food,5388,BOW,232,BORAM
25276,BOWSOY3L,Bow Pure Soya Oil 3l X,135,Oil,Food,5388,BOW,232,BORAM
25277,BOWSOY25L,Bow Pure Soya Oil 25l X,135,Oil,Food,5388,BOW,232,BORAM
30418,BOW25L,Bow Refined Vegetable Oil 25l X,135,Oil,Food,5388,BOW,383,Boram Food Limited
25278,FESMS40G,Festo Milk Shortcake 40g X 48,101,Biscuits & Sweets,Food,5389,Parle,233,Parle
25280,CHRCHBIS36G,Choco Rings Chocolate Biscuit 36g X 48,101,Biscuits & Sweets,Food,5389,Parle,233,Parle
25281,KREGCH42G,Kreams Gold Chocolate 42g X 36,101,Biscuits & Sweets,Food,5389,Parle,233,Parle
25282,TOPDBC36G,Top Delicious Buttery Crackers 36g X 36,101,Biscuits & Sweets,Food,5389,Parle,233,Parle
25283,FUNCCHV40G,Fun Center Chocolate & Vanilla 40g X 36,101,Biscuits & Sweets,Food,5389,Parle,233,Parle
25284,PARGBIS45G,Parle-g Gluco Biscuit 45g X 48,101,Biscuits & Sweets,Food,5389,Parle,233,Parle
25285,NIMBSBIS39G,Nimkin Baked Salted Biscuits 39g X 24,101,Biscuits & Sweets,Food,5389,Parle,233,Parle
25286,PARGBIS16.5G,Parle-g Glucose Biscuit 16.5g X 48,101,Biscuits & Sweets,Food,5389,Parle,233,Parle
25307,PARGOBIS45G,Parle-g Gold Biscuits 45g X 36,101,Biscuits & Sweets,Food,5389,Parle,233,Parle
25308,MILPW45G,Milk Power 45g X 48,101,Biscuits & Sweets,Food,5389,Parle,233,Parle
25309,MILPW16.5G,Milk Power 16.5g X 72,101,Biscuits & Sweets,Food,5389,Parle,233,Parle
25550,PARMILPBIS16.5G,Parle Milk Power Biscuit 16.5g X 72pcs,101,Biscuits & Sweets,Food,5389,Parle,233,Parle
25551,PARMILPBIS45G,Parle Milk Power Biscuit 45g X 48pcs,101,Biscuits & Sweets,Food,5389,Parle,233,Parle
25552,PARMILPBIS765G,Parle Milk Power Biscuit 765g X 24pcs,101,Biscuits & Sweets,Food,5389,Parle,233,Parle
25553,PARGBIS72G,Parle G 72g X 24pcs,101,Biscuits & Sweets,Food,5389,Parle,233,Parle
25554,CHRCHBIS40G,Choco Rings Chocolate Biscuit 40g X 24pcs,101,Biscuits & Sweets,Food,5389,Parle,233,Parle
25555,PARGOBIS90G,Parle-g Gold Biscuits 90g X 24pcs,101,Biscuits & Sweets,Food,5389,Parle,233,Parle
25556,RIKRAKCFW36G,Rik Rak Chocolate Filled Wafer 36g X 48pcs,101,Biscuits & Sweets,Food,5389,Parle,233,Parle
26192,PARG45G,Parle-g 45g X 48,101,Biscuits & Sweets,Food,5389,Parle,233,Parle
45645,FESTOM24G,Festo Milk Shortcake 24g X 48 Pkt ,101,Biscuits & Sweets,Food,5389,Parle,233,Parle
25320,HAANCCSBIS30G,Haansbro Custard Cream Sandwich Biscuits 30g X 48,101,Biscuits & Sweets,Food,5390,HAANS,194,HAANSBRO NIGERIA LIMITED
25321,MAMIBIS47G,Malt & Milk Biscuits 47g X 54,101,Biscuits & Sweets,Food,5390,HAANS,194,HAANSBRO NIGERIA LIMITED
25322,MBFLAC7G,Milka Banana Flavored Candy 7g X 50 X,101,Biscuits & Sweets,Food,5390,HAANS,194,HAANSBRO NIGERIA LIMITED
25323,TIBBGUM4.8G,Time Bomb Bubble Gum 4.8g X 6 X 30,101,Biscuits & Sweets,Food,5390,HAANS,194,HAANSBRO NIGERIA LIMITED
25324,CHAKOFCW27G,Chak-de Orange Flavored Cream Wafer 27g X 48,101,Biscuits & Sweets,Food,5391,Merchant ,235,Merchant Investors Limited
25325,LONDCHCW30G,London Dreams Choco Cream Wafer 30g X 72,101,Biscuits & Sweets,Food,5391,Merchant ,235,Merchant Investors Limited
25326,CHAKOFCW40G,Chak-de Orange Flavored Cream Wafer 40g X 48,101,Biscuits & Sweets,Food,5391,Merchant ,235,Merchant Investors Limited
26070,LDCHOCOPKT6,London Dreams Choco Cream Wafer 30g X 12,101,Biscuits & Sweets,Food,5391,Merchant ,235,Merchant Investors Limited
25327,CRUCHCW500G,Crunchy Chocolate Coated Wafers 500g X,101,Biscuits & Sweets,Food,5392,Mikano,236,Mikano
25331,COBIS180,Coasters Biscuits 180packets,101,Biscuits & Sweets,Food,5393,Coasters,135,NEWBISCO
25336,MCVRITEA300G,Mcvities Rich Tea 300gx20,101,Biscuits & Sweets,Food,5394,RICH TEA,97,"McVitie & Price, Ltd"
25337,MCVRITEA200G,Mcvities Rich Tea 200g X24,101,Biscuits & Sweets,Food,5394,RICH TEA,97,"McVitie & Price, Ltd"
25495,MCVRITEA108G,Rich Tea Biscuit 108g X 72,101,Biscuits & Sweets,Food,5394,RICH TEA,97,"McVitie & Price, Ltd"
25339,MCVBSBRE100G,Mcvities Butter Short Bread 100g X 24,101,Biscuits & Sweets,Food,5395,SHORT BREAD,97,"McVitie & Price, Ltd"
25340,JACCRA300G,Jacobs Cream Crackers 300g X12,101,Biscuits & Sweets,Food,5396,JACOBS,97,"McVitie & Price, Ltd"
25341,JACCRA200G,Jacobs Cream Crackers 200g X24,101,Biscuits & Sweets,Food,5396,JACOBS,97,"McVitie & Price, Ltd"
25760,SIRIBS4IN1DEPCK150G,Siri Beauty Soap 4 In 1 Deluxe Pack 150g X 48,108,Home Care and Laundry,HC+PC,5397,SIRI,66,ASPIRA NIGERIA LIMITED
25352,SIRIBSDOR150G,Siri Beauty Soap Delightful Orchid 150g X 48,114,Personal Care & Beauty,HC+PC,5397,SIRI,66,ASPIRA NIGERIA LIMITED
25353,SIRIBSAMARIG150G,Siri Beauty Soap African Marigold 150g X 48,114,Personal Care & Beauty,HC+PC,5397,SIRI,66,ASPIRA NIGERIA LIMITED
25354,SIRIBSSENR150G,Siri Beauty Soap Sensual Rose 150g X 48,114,Personal Care & Beauty,HC+PC,5397,SIRI,66,ASPIRA NIGERIA LIMITED
25355,SIRIBSGORI150G,Siri Beauty Soap Gorgeous Iris 150g X 48,114,Personal Care & Beauty,HC+PC,5397,SIRI,66,ASPIRA NIGERIA LIMITED
25377,AFRPPRICE50KG,Africa Princess Parboiled Rice 50kg X,152,Rice,Commodity,5398,African Princess,237,Stallion Group of Companies
25378,DOUBPRICE50KG,Double Bull Parboiled Rice 50kg X,152,Rice,Commodity,5399,Double Bull,237,Stallion Group of Companies
30438,LONDCHCW50GX72,London Dreams Milk Cream Wafer 50g  X 72,101,Biscuits & Sweets,Food,5400,London Dreams,235,Merchant Investors Limited
25382,LONDCHCW50G,London Dream Choco Cream Wafer 50g X 12,101,Biscuits & Sweets,Food,5400,London Dreams,235,Merchant Investors Limited
26056,LDMILKPKT6,London Dreams Milk Cream Wafer 50g  X 12,101,Biscuits & Sweets,Food,5400,London Dreams,235,Merchant Investors Limited
25385,NEWCOAST20G,Newbisco Coaster Biscuit 20g X180,101,Biscuits & Sweets,Food,5401,Coaster Biscuits,238,NewBisco Ltd
25392,ODOBIT200ML,Odogwu Bitters 200ml X 24,106,Drinks,Beverages,5402,ODOGWU BITTERS,239,IKI LEADS LIMITED
25569,DANG500Gx10,Dangote Sugar 500gx10,132,Sugar,Commodities,5404,dangote sugar,29,DANGOTE INDUSTRIES LIMITED
22066,DANG500G,Dangote Sugar 500g X 20,132,Sugar,Commodities,5404,dangote sugar,29,DANGOTE INDUSTRIES LIMITED
22275,DANGSGR50KG,Dangote Sugar 50kg X,132,Sugar,Commodities,5404,dangote sugar,29,DANGOTE INDUSTRIES LIMITED
25458,EBBOFR09KG,Ebbos Ofada Rice 0.9kg X 10,152,Rice,Commodity,5405,EBBOS,244,EBBOS GLORIOUS NIGERIA LIMITED
42818,EBBOFR5KG,Ebbos Ofada Rice 5.kg  X 1,152,Rice,Commodity,5405,EBBOS,244,EBBOS GLORIOUS NIGERIA LIMITED
25461,KAPHPOT110G,Kaptain Ready Stews Hot Pot 110g X 40,117,Seasoning cubes & Spices,Food,5406,KAPTAIN,245,KAPTAIN FOODS LIMITED
25467,HPYFLOUR900G,Halibod Poundo Yam Flour 900g X 20 ,153,Swallow,Commodities,5407,HALIBOD ,246,HALIBOD GLOBAL RESOURCES LIMITED 
25468,APTMLTIN1400G,Aptamil Tin Stage 1 400g X 12 ,99,Baby Care,HC+PC,5408,APTAMIL ,247,DANONE
25469,APTMLTIN2400G,Aptamil Tin Stage 2 400g X 12 ,99,Baby Care,HC+PC,5408,APTAMIL ,247,DANONE
45485,APTST2800GX6,Aptamil Stage 2 800g X 6,99,Baby Care,HC+PC,5408,APTAMIL ,247,DANONE
45487,APTST1800X6,Aptamil Stage 1 800g  X 6,99,Baby Care,HC+PC,5408,APTAMIL ,247,DANONE
25475,COWGT1400G,Cow & Gate Nutristart 1 400g X 12 ,99,Baby Care,HC+PC,5409,COW&GATE,247,DANONE
25476,COWGT2400G,Cow & Gate Nutristart 2 400g X12 ,99,Baby Care,HC+PC,5409,COW&GATE,247,DANONE
25470,ARAVIO750ML,Arra Viognier Wine 750ml X,106,Drinks,Beverages,5410,ARRA,248,ARRA VINEYARDS
25471,ARANSVIO750ML,Arra Natural Sweet Viognier Wine 750ml X,106,Drinks,Beverages,5410,ARRA,248,ARRA VINEYARDS
25472,ARANREDBD750ML,Arra Natural Sweet Red Blend Wine 750ml X,106,Drinks,Beverages,5410,ARRA,248,ARRA VINEYARDS
25473,ARASHRAZ750ML,Arra Shiraz Wine 750ml X,106,Drinks,Beverages,5410,ARRA,248,ARRA VINEYARDS
25474,ARACAPB750ML,Arra Cape Blend Wine 750ml X,106,Drinks,Beverages,5410,ARRA,248,ARRA VINEYARDS
25477,FANDGO375ML,Fandango Citrus Drink 375ml X 6 ,106,Drinks,Beverages,5411,FANDANGO ,247,DANONE
25482,BESNODCH100G,Bestie Noodles Chicken 100g X 40,129,Noodles,Food,5413,Bestie Noodle,249,Solive Vegetable Oil Industries Ltd
25483,BESNODCH70G,Bestie Noodles Chicken 70g X 40,129,Noodles,Food,5413,Bestie Noodle,249,Solive Vegetable Oil Industries Ltd
25484,MASENGNOD120G,Masters Energy Noodles 120g X 40,129,Noodles,Food,5414,Master ,250,Masters Energy Group
25485,MASENGNOD70G,Masters Energy Noodles 70g X 40,129,Noodles,Food,5414,Master ,250,Masters Energy Group
25493,GLUBIS36G,Glucose Biscuit 36g X 36,101,Biscuits & Sweets,Food,5415,GLUCOSE,253,TIFFANY
25494,JNEBIS18G,Joy N Enjoy Biscuit 18g X 72,101,Biscuits & Sweets,Food,5416,JOY AND ENJOY,103,Mamuda Groups of Companies
25534,SWANBWAT75CLLEATHER,Swan Bottle Water 75cl X 12 Leather,106,Drinks,Beverages,5417,SWAN BOTTLE WATER,254,SPRING WATER NIGERIA LTD
25535,SWANBWAT150CLLEATHER,Swan Bottle Water 150cl X 6 Leather,106,Drinks,Beverages,5417,SWAN BOTTLE WATER,254,SPRING WATER NIGERIA LTD
25529,SWANBWAT150CL,Swan Bottle Water 150cl X 12,106,Drinks,Beverages,5417,SWAN BOTTLE WATER,254,SPRING WATER NIGERIA LTD
25530,SWANBWAT75CL,Swan Bottle Water 75cl X 12,106,Drinks,Beverages,5417,SWAN BOTTLE WATER,254,SPRING WATER NIGERIA LTD
25508,SWANBWAT55CL,Swan Bottle Water 55cl X 12,106,Drinks,Beverages,5417,SWAN BOTTLE WATER,254,SPRING WATER NIGERIA LTD
25496,PRICRECRA108G,Prince Cream Cracker 108g X 72,101,Biscuits & Sweets,Food,5418,PRINCE CREAM CRACKER,255,NIGER BISCUIT
45639,PCRC29G,Prince Cream Crackers 29g X 36 Pkt ,101,Biscuits & Sweets,Food,5418,PRINCE CREAM CRACKER,255,NIGER BISCUIT
25499,PICOBIS22G,Pick One Biscuit 22g X 72,101,Biscuits & Sweets,Food,5419,PICK ONE,103,Mamuda Groups of Companies
25500,MILKOBCOOK196G,Milkobliss Cookies 196g X 36,101,Biscuits & Sweets,Food,5420,MILKOBLISS,255,NIGER BISCUIT
25503,POWUPBIS50G,Power Up Biscuit G 50g X 48,101,Biscuits & Sweets,Food,5421,POWER UP,103,Mamuda Groups of Companies
25504,POWUPBIS18G,Power Up Biscuit 18g X 96,101,Biscuits & Sweets,Food,5421,POWER UP,103,Mamuda Groups of Companies
25505,KISSKS34.9KG,Kisskids Size 3 4.9kg X 10,99,Baby Care,HC+PC,5422,KISSKIDS,256,KISSKIDS
25506,KISSKS418KG,Kisskids Size 4 18kg X 10,99,Baby Care,HC+PC,5422,KISSKIDS,256,KISSKIDS
44872,KIDSMAXIJUMBO87X3,Kiss Kids Diaper Maxi Jumbo 87  X 3,99,Baby Care,HC+PC,5422,KISSKIDS,790,Bordar industrial FZE
44874,KIDSXLARGESM7X10,Kiss Kids Diaper Xlarge Small 7 X 10,99,Baby Care,HC+PC,5422,KISSKIDS,790,Bordar industrial FZE
44876,KIDSXLARGEECO42X4,Kiss Kids Diaper Xlarge Eco 42 X 4,99,Baby Care,HC+PC,5422,KISSKIDS,790,Bordar industrial FZE
44878,KIDSXLARGEJUMBO78X3,Kiss Kids Diaper Xlarge Jumbo 78 X 3,99,Baby Care,HC+PC,5422,KISSKIDS,790,Bordar industrial FZE
44880,KIDSMINIPNTSM10X10,Kiss Kids Diaper Pant Mini Small 10 X 10,99,Baby Care,HC+PC,5422,KISSKIDS,790,Bordar industrial FZE
44882,KIDSMIDIPNTSM9X10,Kiss Kids Diaper Pant Midi Small 9 X 10,99,Baby Care,HC+PC,5422,KISSKIDS,790,Bordar industrial FZE
44852,KIDSMINISM10X10,Kiss Kids Diaper Mini Small 10 X 10,99,Baby Care,HC+PC,5422,KISSKIDS,790,Bordar industrial FZE
44854,KIDSMINIECO54X4,Kiss Kids Diaper Mini Eco 54 X 4,99,Baby Care,HC+PC,5422,KISSKIDS,790,Bordar industrial FZE
44856,KIDSMINIJUMBO105X3,Kiss Kids Diaper Mini Jumbo 105 X 3,99,Baby Care,HC+PC,5422,KISSKIDS,790,Bordar industrial FZE
44858,KIDSMIDISM9X10,Kiss Kids Diaper Midi Small 9 X 10,99,Baby Care,HC+PC,5422,KISSKIDS,790,Bordar industrial FZE
44860,KIDSMIDIECO50X4,Kiss Kids Diaper eco 50  X 4,99,Baby Care,HC+PC,5422,KISSKIDS,790,Bordar industrial FZE
44862,KIDSMIDIJUMBO96X3,Kiss Kids Diaper  Jumbo 96 X 3,99,Baby Care,HC+PC,5422,KISSKIDS,790,Bordar industrial FZE
44864,KIDSMAXISM8X10,Kiss Kids Diaper Maxi Small 8 X 10,99,Baby Care,HC+PC,5422,KISSKIDS,790,Bordar industrial FZE
44866,KIDSMAXIECO45X4,Kiss Kids Diaper Maxi Eco 45 X 4,99,Baby Care,HC+PC,5422,KISSKIDS,790,Bordar industrial FZE
44889,KIDSMIDIPNTJUMBO72X3,Kiss Kids Diaper Pant Midi Jumbo 72 X 3,99,Baby Care,HC+PC,5422,KISSKIDS,790,Bordar industrial FZE
44891,KIDSMAXIPNTSM8X10,Kiss Kids Diaper Pant Maxi Small 8 X 10,99,Baby Care,HC+PC,5422,KISSKIDS,790,Bordar industrial FZE
44893,KIDSMAXIPNTJUMBO66X3,Kiss Kids Diaper Pant Maxi Jumbo 66 X 3,99,Baby Care,HC+PC,5422,KISSKIDS,790,Bordar industrial FZE
44895,KIDSXLARGPNTSM7X10,Kiss Kids Diaper Pant Xlarge  Small 7 X 10,99,Baby Care,HC+PC,5422,KISSKIDS,790,Bordar industrial FZE
44897,MYGLBX7X16,My Girl Sanitary Pad 7x 16,114,Personal Care & Beauty,HC+PC,5422,KISSKIDS,790,Bordar industrial FZE
44899,MYGLBX8X16,My Girl Sanitary Pad 8 X 16,114,Personal Care & Beauty,HC+PC,5422,KISSKIDS,790,Bordar industrial FZE
44901,BBYWP120GX16,Kiss Kids Baby Wipe 120g X 16,99,Baby Care,HC+PC,5422,KISSKIDS,790,Bordar industrial FZE
44903,KIDSXLARGPNTJUMBO60X,Kiss Kids Diaper Pant Xlarge  Jumbo 60 X 3,99,Baby Care,HC+PC,5422,KISSKIDS,790,Bordar industrial FZE
44905,KIDSMINIPNTJUMBO80X3,Kiss Kids Diaper Pant Mini Jumbo 80 X 3,99,Baby Care,HC+PC,5422,KISSKIDS,790,Bordar industrial FZE
25507,3SBIS15G,3 Star Biscuits 15g X 72,101,Biscuits & Sweets,Food,5423,3 STAR BISCUITS,103,Mamuda Groups of Companies
25509,GOODDBIS50G,Good Days Biscuit 50g X 24,101,Biscuits & Sweets,Food,5424,GOOD DAY,257,BRITANNIA INDUSTRIES
25531,GOODDBIS18G,Good Days Biscuit 18g X 72,101,Biscuits & Sweets,Food,5424,GOOD DAY,257,BRITANNIA INDUSTRIES
25510,OXGC15G,Oxford Groundnut Cookies 15g X 72,101,Biscuits & Sweets,Food,5425,GROUNDNUT COOKIES,258,OXFORD
25512,OXGC36G,Oxford Groundnut Cookies 36g X 36,101,Biscuits & Sweets,Food,5425,GROUNDNUT COOKIES,258,OXFORD
25513,MILCANP50,Milking Candy Packs 50 X 20,101,Biscuits & Sweets,Food,5426,MILKING CANDY,103,Mamuda Groups of Companies
25515,WOWBR230G,Wow Braids 230g X 82inches X 25pieces,114,Personal Care & Beauty,HC+PC,5427,LUSH HAIR,259,LUCKY FIBRES LTD
25516,JUMBR330G,Jumbo Braids 330g X 100inches X 20pieces,114,Personal Care & Beauty,HC+PC,5427,LUSH HAIR,259,LUCKY FIBRES LTD
25517,MEGABR360G,Mega Braids 360g X 55inches X 20pieces,114,Personal Care & Beauty,HC+PC,5427,LUSH HAIR,259,LUCKY FIBRES LTD
25518,RONCURL360G,Roni Curls 360g X 16inches X 16pieces,114,Personal Care & Beauty,HC+PC,5427,LUSH HAIR,259,LUCKY FIBRES LTD
25519,READYBR165G,Ready Braids 165g X 24inches X 30pieces,114,Personal Care & Beauty,HC+PC,5427,LUSH HAIR,259,LUCKY FIBRES LTD
25520,SERELOCS230G,Seren Locs  230g X 18pieces,114,Personal Care & Beauty,HC+PC,5427,LUSH HAIR,259,LUCKY FIBRES LTD
25521,REITWIS400G,Reina Twist 400g X 18inches X 18pieces,114,Personal Care & Beauty,HC+PC,5427,LUSH HAIR,259,LUCKY FIBRES LTD
25522,VEGABR136G,Vegas Braid 136g X 24inches X 30pieces,114,Personal Care & Beauty,HC+PC,5427,LUSH HAIR,259,LUCKY FIBRES LTD
25523,MANDCURL136G,Mandy Curl 136g X 24inches X 25pieces,114,Personal Care & Beauty,HC+PC,5427,LUSH HAIR,259,LUCKY FIBRES LTD
25524,NORCURL180G,Nora Curl 180g X 55inches X 18pieces,114,Personal Care & Beauty,HC+PC,5427,LUSH HAIR,259,LUCKY FIBRES LTD
25525,NORLITE75G,Nora Lite 75g X 55inches X 50pieces,114,Personal Care & Beauty,HC+PC,5427,LUSH HAIR,259,LUCKY FIBRES LTD
25526,NINIFRO100G,Nini Fro 100g X 20pieces,114,Personal Care & Beauty,HC+PC,5427,LUSH HAIR,259,LUCKY FIBRES LTD
25527,FIOBEAD290G,Fiona Beads 290g X16-20inches X 15pieces,114,Personal Care & Beauty,HC+PC,5427,LUSH HAIR,259,LUCKY FIBRES LTD
25610,FIOBEAD290GC1,Lush Fiona Beads 290g X16-20 Inchesx 1 (colour 1),114,Personal Care & Beauty,HC+PC,5427,LUSH HAIR,259,LUCKY FIBRES LTD
25611,FIOKID130GC1,Lush Fiona Kids 130g X 12-16 Inchesx 1 (colour 1),114,Personal Care & Beauty,HC+PC,5427,LUSH HAIR,259,LUCKY FIBRES LTD
25612,JUMBR330Gx100BL,Lush Jumbo Braids 330g X 100 Inches X 1 (black),114,Personal Care & Beauty,HC+PC,5427,LUSH HAIR,259,LUCKY FIBRES LTD
25613,JUMBR330Gx100C144,Lush Jumbo Braids 330g X 100 Inches X 1 (colour 144),114,Personal Care & Beauty,HC+PC,5427,LUSH HAIR,259,LUCKY FIBRES LTD
25614,JUMBR330Gx100C2,Lush Jumbo Braids 330g X 100 Inches X 1 (colour 2),114,Personal Care & Beauty,HC+PC,5427,LUSH HAIR,259,LUCKY FIBRES LTD
25615,JUMBR330Gx100C27,Lush Jumbo Braids 330g X 100 Inches X 1 (colour 27),114,Personal Care & Beauty,HC+PC,5427,LUSH HAIR,259,LUCKY FIBRES LTD
25616,JUMBR330Gx100C30,Lush Jumbo Braids 330g X 100 Inches X 1 (colour 30),114,Personal Care & Beauty,HC+PC,5427,LUSH HAIR,259,LUCKY FIBRES LTD
25617,JUMBR330Gx100C33,Lush Jumbo Braids 330g X 100 Inches X 1 (colour 33),114,Personal Care & Beauty,HC+PC,5427,LUSH HAIR,259,LUCKY FIBRES LTD
25618,JUMBR330Gx100C350,Lush Jumbo Braids 330g X 100 Inches X 1 (colour 350),114,Personal Care & Beauty,HC+PC,5427,LUSH HAIR,259,LUCKY FIBRES LTD
25619,JUMBR330Gx100C900,Lush Jumbo Braids 330g X 100 Inches X 1 (colour 900),114,Personal Care & Beauty,HC+PC,5427,LUSH HAIR,259,LUCKY FIBRES LTD
25620,JUMBR330Gx100C950,Lush Jumbo Braids 330g X 100 Inches X 1 (colour 950),114,Personal Care & Beauty,HC+PC,5427,LUSH HAIR,259,LUCKY FIBRES LTD
25621,KINKROY240GC1,Lush Kinky Royale 240g X 20 Inches X 1 (colour 1),114,Personal Care & Beauty,HC+PC,5427,LUSH HAIR,259,LUCKY FIBRES LTD
25622,MANDCURL136GC1,Lush Mandy Curl 136g X 24 Inches X 1 (colour 1),114,Personal Care & Beauty,HC+PC,5427,LUSH HAIR,259,LUCKY FIBRES LTD
25623,MEGABR360GBL,Lush Mega Braids 360g X 55 Inches X 1 (black),114,Personal Care & Beauty,HC+PC,5427,LUSH HAIR,259,LUCKY FIBRES LTD
25624,MEGABR360GC1/144,Lush Mega Braids 360g X 55 Inches X 1 (colour 1/144),114,Personal Care & Beauty,HC+PC,5427,LUSH HAIR,259,LUCKY FIBRES LTD
25625,MEGABR360GC1/27,Lush Mega Braids 360g X 55 Inches X 1 (colour 1/27),114,Personal Care & Beauty,HC+PC,5427,LUSH HAIR,259,LUCKY FIBRES LTD
25626,MEGABR360GC1/30,Lush Mega Braids 360g X 55 Inches X 1 (colour 1/30),114,Personal Care & Beauty,HC+PC,5427,LUSH HAIR,259,LUCKY FIBRES LTD
25627,MEGABR360GC1/900,Lush Mega Braids 360g X 55 Inches X 1 (colour 1/900),114,Personal Care & Beauty,HC+PC,5427,LUSH HAIR,259,LUCKY FIBRES LTD
25628,MEGABR360GDB,Lush Mega Braids 360g X 55 Inches X 1 (dazzling Blue),114,Personal Care & Beauty,HC+PC,5427,LUSH HAIR,259,LUCKY FIBRES LTD
25629,NINIFRO100GC1,Lush Nini Fro 100g X 1 (colour 1),114,Personal Care & Beauty,HC+PC,5427,LUSH HAIR,259,LUCKY FIBRES LTD
25630,NINIFRO100GC144,Lush Nini Fro 100g X 1 (colour 144),114,Personal Care & Beauty,HC+PC,5427,LUSH HAIR,259,LUCKY FIBRES LTD
25631,NINIFRO100GC27,Lush Nini Fro 100g X 1 (colour 27),114,Personal Care & Beauty,HC+PC,5427,LUSH HAIR,259,LUCKY FIBRES LTD
25632,NINIFRO100GC30,Lush Nini Fro 100g X 1 (colour 30),114,Personal Care & Beauty,HC+PC,5427,LUSH HAIR,259,LUCKY FIBRES LTD
25633,NINIFRO100GC900,Lush Nini Fro 100g X 1 (colour 900),114,Personal Care & Beauty,HC+PC,5427,LUSH HAIR,259,LUCKY FIBRES LTD
25634,NORCURL180GC1,Lush Nora Curl 180g X 55 Inches X 1 (colour 1),114,Personal Care & Beauty,HC+PC,5427,LUSH HAIR,259,LUCKY FIBRES LTD
25635,NORLITE75GC1,Lush Nora Lite 75g X 55 Inches X 1 (colour 1),114,Personal Care & Beauty,HC+PC,5427,LUSH HAIR,259,LUCKY FIBRES LTD
25636,READYBR165GC1,Lush Ready Braids 165g X 24 Inches X 1 (colour 1),114,Personal Care & Beauty,HC+PC,5427,LUSH HAIR,259,LUCKY FIBRES LTD
25637,READYBR165GC1/27,Lush Ready Braids 165g X 24 Inches X 1 (colour 1/27),114,Personal Care & Beauty,HC+PC,5427,LUSH HAIR,259,LUCKY FIBRES LTD
25638,READYBR165GC1/30,Lush Ready Braids 165g X 24 Inches X 1 (colour 1/30),114,Personal Care & Beauty,HC+PC,5427,LUSH HAIR,259,LUCKY FIBRES LTD
25639,READYBR165GC1/44,Lush Ready Braids 165g X 24 Inches X 1 (colour 1/144),114,Personal Care & Beauty,HC+PC,5427,LUSH HAIR,259,LUCKY FIBRES LTD
25640,READYBR165GC1/900,Lush Ready Braids 165g X 24 Inches X 1 (colour 1/900),114,Personal Care & Beauty,HC+PC,5427,LUSH HAIR,259,LUCKY FIBRES LTD
25641,REITWIS400GC1,Lush Reina Twist 400g X 18 Inches X 1 (colour 1),114,Personal Care & Beauty,HC+PC,5427,LUSH HAIR,259,LUCKY FIBRES LTD
25642,REITWIS400GC1/613,Lush Reina Twist 400g X 18 Inches X 1 (colour 1/613),114,Personal Care & Beauty,HC+PC,5427,LUSH HAIR,259,LUCKY FIBRES LTD
25643,RONCURL360GC1,Lush Roni Curls 360g X 16 Inches X 1 (colour 1),114,Personal Care & Beauty,HC+PC,5427,LUSH HAIR,259,LUCKY FIBRES LTD
25644,RONCURL360GC900,Lush Roni Curls 360g X 16 Inches X 1 (colour 900),114,Personal Care & Beauty,HC+PC,5427,LUSH HAIR,259,LUCKY FIBRES LTD
25645,SERELOCS230GC1,Lush Seren Locs  230g X 1 (colour 1),114,Personal Care & Beauty,HC+PC,5427,LUSH HAIR,259,LUCKY FIBRES LTD
25646,SERELOCS230GC27,Lush Seren Locs  230g X 1 (colour 27),114,Personal Care & Beauty,HC+PC,5427,LUSH HAIR,259,LUCKY FIBRES LTD
25647,SERELOCS230GC30,Lush Seren Locs  230g X 1 (colour 30),114,Personal Care & Beauty,HC+PC,5427,LUSH HAIR,259,LUCKY FIBRES LTD
25648,SERELOCS230GC900,Lush Seren Locs  230g X 1 (colour 900),114,Personal Care & Beauty,HC+PC,5427,LUSH HAIR,259,LUCKY FIBRES LTD
25649,VEGABR136GC1,Lush Vegas Braids 136g X 24 Inches X 1 (colour 1),114,Personal Care & Beauty,HC+PC,5427,LUSH HAIR,259,LUCKY FIBRES LTD
25650,VEGABR136GC1/144,Lush Vegas Braid 136g X 24 Inches X 1 (colour 1/144),114,Personal Care & Beauty,HC+PC,5427,LUSH HAIR,259,LUCKY FIBRES LTD
25651,VEGABR136GC1/27,Lush Vegas Braid 136g X 24 Inches X 1 (colour 1/27),114,Personal Care & Beauty,HC+PC,5427,LUSH HAIR,259,LUCKY FIBRES LTD
25652,VEGABR136GC1/30,Lush Vegas Braid 136g X 24 Inches X 1 (colour 1/30),114,Personal Care & Beauty,HC+PC,5427,LUSH HAIR,259,LUCKY FIBRES LTD
25653,VEGABR136GC1/900,Lush Vegas Braid 136g X 24 Inches X 1 (colour 1/900),114,Personal Care & Beauty,HC+PC,5427,LUSH HAIR,259,LUCKY FIBRES LTD
25654,WOWBR230GBB,Lush Wow Braids 230g X 82 Inches  X 1 (blue),114,Personal Care & Beauty,HC+PC,5427,LUSH HAIR,259,LUCKY FIBRES LTD
25655,WOWBR230GBL,Lush Wow Braids 230g X 82 Inches X 1 (black),114,Personal Care & Beauty,HC+PC,5427,LUSH HAIR,259,LUCKY FIBRES LTD
25656,WOWBR230GC144,Lush Wow Braids 230g X 82 Inches  X 1 (colour 144),114,Personal Care & Beauty,HC+PC,5427,LUSH HAIR,259,LUCKY FIBRES LTD
25657,WOWBR230GC2,Lush Wow Braids 230g X 82 Inches  X 1 (colour 2),114,Personal Care & Beauty,HC+PC,5427,LUSH HAIR,259,LUCKY FIBRES LTD
25658,WOWBR230GC27,Lush Wow Braids 230g X 82 Inches  X 1 (colour 27),114,Personal Care & Beauty,HC+PC,5427,LUSH HAIR,259,LUCKY FIBRES LTD
25659,WOWBR230GC33,Lush Wow Braids 230g X 82 Inches  X 1 (colour 33),114,Personal Care & Beauty,HC+PC,5427,LUSH HAIR,259,LUCKY FIBRES LTD
25660,WOWBR230GC39,Lush Wow Braids 230g X 82 Inches  X 1 (colour 39),114,Personal Care & Beauty,HC+PC,5427,LUSH HAIR,259,LUCKY FIBRES LTD
25661,WOWBR230GC51,Lush Wow Braids 230g X 82 Inches X 1 (colour 51),114,Personal Care & Beauty,HC+PC,5427,LUSH HAIR,259,LUCKY FIBRES LTD
25662,WOWBR230GC60,Lush Wow Braids 230g X 82 Inches X 1 (colour 60),114,Personal Care & Beauty,HC+PC,5427,LUSH HAIR,259,LUCKY FIBRES LTD
25663,WOWBR230GC613,Lush Wow Braids 230g X 82 Inches  X 1 (colour 613),114,Personal Care & Beauty,HC+PC,5427,LUSH HAIR,259,LUCKY FIBRES LTD
25664,WOWBR230GC613RP,Lush Wow Braids 230g X 82 Inches X 1 (royal Purple),114,Personal Care & Beauty,HC+PC,5427,LUSH HAIR,259,LUCKY FIBRES LTD
25665,WOWBR230GC900,Lush Wow Braids 230g X 82 Inches X 1 (colour 900),114,Personal Care & Beauty,HC+PC,5427,LUSH HAIR,259,LUCKY FIBRES LTD
25666,WOWBR230GC950G,Lush Wow Braids 230g X 82 Inches  X 1 (colour 950g),114,Personal Care & Beauty,HC+PC,5427,LUSH HAIR,259,LUCKY FIBRES LTD
25667,WOWBR230GC99J,Lush Wow Braids 230g X 82 Inches  X 1 (colour 99j),114,Personal Care & Beauty,HC+PC,5427,LUSH HAIR,259,LUCKY FIBRES LTD
25668,WOWBR230GDB,Lush Wow Braids 230g X 82 Inches  X 1 (dazzling Blue),114,Personal Care & Beauty,HC+PC,5427,LUSH HAIR,259,LUCKY FIBRES LTD
25669,WOWBR230GFO,Lush Wow Braids 230g X 82 Inches  X 1 (fire Orange),114,Personal Care & Beauty,HC+PC,5427,LUSH HAIR,259,LUCKY FIBRES LTD
25670,WOWBR230GGG,Lush Wow Braids 230g X 82 Inches X 1 (rose Gold),114,Personal Care & Beauty,HC+PC,5427,LUSH HAIR,259,LUCKY FIBRES LTD
25671,WOWBR230GMB,Lush Wow Braids 230g X 82 Inches X 1 (metalic Blue),114,Personal Care & Beauty,HC+PC,5427,LUSH HAIR,259,LUCKY FIBRES LTD
25672,WOWBR230GNG,Lush Wow Braids 230g X 82 Inches X 1 (naija Green),114,Personal Care & Beauty,HC+PC,5427,LUSH HAIR,259,LUCKY FIBRES LTD
25673,WOWK180GC1,Lush Wow Kids 180g X 1 (colour 1),114,Personal Care & Beauty,HC+PC,5427,LUSH HAIR,259,LUCKY FIBRES LTD
25674,WOWK180GC30,Lush Wow Kids 180g X 1 (colour 30),114,Personal Care & Beauty,HC+PC,5427,LUSH HAIR,259,LUCKY FIBRES LTD
25675,WOWK180GC900,Lush Wow Kids 180g X 1 (colour 900),114,Personal Care & Beauty,HC+PC,5427,LUSH HAIR,259,LUCKY FIBRES LTD
25676,WOWK180GMB,Lush Wow Kids 180g X 1 (metalic Blue),114,Personal Care & Beauty,HC+PC,5427,LUSH HAIR,259,LUCKY FIBRES LTD
25677,WOWK180GRP,Lush Wow Kids 180g X 1 (rose Pink),114,Personal Care & Beauty,HC+PC,5427,LUSH HAIR,259,LUCKY FIBRES LTD
30320,WOWBR230GC30,Lush Wow Braids 230g X 82 Inches X 1 (colour 30),114,Personal Care & Beauty,HC+PC,5427,LUSH HAIR,259,LUCKY FIBRES LTD
26665,JUMBR330Gx100C1,Lush Jumbo Braids 330g X 100 Inches X 1(colour 1),114,Personal Care & Beauty,HC+PC,5427,LUSH HAIR,259,LUCKY FIBRES LTD
26661,WOWBR230G82INC30,Lush Wow Braids 230g 82 Inches 30,114,Personal Care & Beauty,HC+PC,5427,LUSH HAIR,259,LUCKY FIBRES LTD
25947,FIOBEAD290Gx15C1,Lush Fiona Beads 290g X 16-20 Inches X 15 Pieces - (colour 1),114,Personal Care & Beauty,HC+PC,5427,LUSH HAIR,259,LUCKY FIBRES LTD
25948,FIOKID130Gx30C1,Lush Fiona Kids 130g X 12-16 Inches X 30 Pieces - (colour 1),114,Personal Care & Beauty,HC+PC,5427,LUSH HAIR,259,LUCKY FIBRES LTD
25949,JUMBR330Gx20BL,Lush Jumbo Braids 330g X 100 Inches X 20 Pieces - (black),114,Personal Care & Beauty,HC+PC,5427,LUSH HAIR,259,LUCKY FIBRES LTD
25950,JUMBR330Gx20C144,Lush Jumbo Braids 330g X 100 Inches X 20 Pieces - (colour 144),114,Personal Care & Beauty,HC+PC,5427,LUSH HAIR,259,LUCKY FIBRES LTD
25951,JUMBR330Gx20C2,Lush Jumbo Braids 330g X 100 Inches X 20 Pieces - (colour 2),114,Personal Care & Beauty,HC+PC,5427,LUSH HAIR,259,LUCKY FIBRES LTD
25952,JUMBR330Gx20C27,Lush Jumbo Braids 330g X 100 Inches X 20 Pieces - (colour 27),114,Personal Care & Beauty,HC+PC,5427,LUSH HAIR,259,LUCKY FIBRES LTD
25953,JUMBR330Gx20C30,Lush Jumbo Braids 330g X 100 Inches X 20 Pieces - (colour 30),114,Personal Care & Beauty,HC+PC,5427,LUSH HAIR,259,LUCKY FIBRES LTD
25954,JUMBR330Gx20C33,Lush Jumbo Braids 330g X 100 Inches X 20 Pieces - (colour 33),114,Personal Care & Beauty,HC+PC,5427,LUSH HAIR,259,LUCKY FIBRES LTD
25955,JUMBR330Gx20C350,Lush Jumbo Braids 330g X 100 Inches X 20 Pieces - (colour 350),114,Personal Care & Beauty,HC+PC,5427,LUSH HAIR,259,LUCKY FIBRES LTD
25956,JUMBR330Gx20C39,Lush Jumbo Braids 330g X 100 Inches X 20 Pieces - (colour 39),114,Personal Care & Beauty,HC+PC,5427,LUSH HAIR,259,LUCKY FIBRES LTD
25957,JUMBR330Gx20C900,Lush Jumbo Braids 330g X 100 Inches X 20 Pieces - (colour 900),114,Personal Care & Beauty,HC+PC,5427,LUSH HAIR,259,LUCKY FIBRES LTD
25958,JUMBR330Gx20C950,Lush Jumbo Braids 330g X 100 Inches X 20 Pieces - (colour 950),114,Personal Care & Beauty,HC+PC,5427,LUSH HAIR,259,LUCKY FIBRES LTD
25959,KINKROY240Gx20C1,Lush Kinky Royale 240g X 20 Inches X 20 Pieces - (colour 1),114,Personal Care & Beauty,HC+PC,5427,LUSH HAIR,259,LUCKY FIBRES LTD
25960,MANDCURL136Gx25C1,Lush Mandy Curl 136g X 24 Inches X 25 Pieces - (colour 1),114,Personal Care & Beauty,HC+PC,5427,LUSH HAIR,259,LUCKY FIBRES LTD
25961,MEGABR360Gx201/DB,Lush Mega Braids 360g X 55inches X 20 Pieces - (1/dazzling Blue),114,Personal Care & Beauty,HC+PC,5427,LUSH HAIR,259,LUCKY FIBRES LTD
25962,MEGABR360Gx20BL,Lush Mega Braids 360g X 55inches X 20 Pieces - (black),114,Personal Care & Beauty,HC+PC,5427,LUSH HAIR,259,LUCKY FIBRES LTD
25963,MEGABR360Gx20C1/144,Lush Mega Braids 360g X 55inches X 20 Pieces - (colour 1/144),114,Personal Care & Beauty,HC+PC,5427,LUSH HAIR,259,LUCKY FIBRES LTD
25964,MEGABR360Gx20C1/27,Lush Mega Braids 360g X 55inches X 20 Pieces - (colour 1/27),114,Personal Care & Beauty,HC+PC,5427,LUSH HAIR,259,LUCKY FIBRES LTD
25965,MEGABR360Gx20C1/30,Lush Mega Braids 360g X 55inches X 20 Pieces - (colour 1/30),114,Personal Care & Beauty,HC+PC,5427,LUSH HAIR,259,LUCKY FIBRES LTD
25966,MEGABR360Gx20C1/900,Lush Mega Braids 360g X 55inches X 20 Pieces - (colour 1/900),114,Personal Care & Beauty,HC+PC,5427,LUSH HAIR,259,LUCKY FIBRES LTD
25967,NINIFRO100Gx20C1,Lush Nini Fro 100g X 20 Pieces - (colour 1),114,Personal Care & Beauty,HC+PC,5427,LUSH HAIR,259,LUCKY FIBRES LTD
25968,NINIFRO100Gx20C144,Lush Nini Fro 100g X 20 Pieces - (colour 144),114,Personal Care & Beauty,HC+PC,5427,LUSH HAIR,259,LUCKY FIBRES LTD
25969,NINIFRO100Gx20C27,Lush Nini Fro 100g X 20 Pieces - (colour 27),114,Personal Care & Beauty,HC+PC,5427,LUSH HAIR,259,LUCKY FIBRES LTD
25970,NINIFRO100Gx20C30,Lush Nini Fro 100g X 20 Pieces - (colour 30),114,Personal Care & Beauty,HC+PC,5427,LUSH HAIR,259,LUCKY FIBRES LTD
25971,NINIFRO100Gx20C900,Lush Nini Fro 100g X 20 Pieces - (colour 900),114,Personal Care & Beauty,HC+PC,5427,LUSH HAIR,259,LUCKY FIBRES LTD
25972,NORCURL180Gx18C1,Lush Nora Curls 180g X 55 Inches X 18 Pieces - (colour 1),114,Personal Care & Beauty,HC+PC,5427,LUSH HAIR,259,LUCKY FIBRES LTD
25973,NORLITE75Gx50C1,Lush Nora Curls Lite 75g X 55 Inches X 50 Pieces - (colour 1),114,Personal Care & Beauty,HC+PC,5427,LUSH HAIR,259,LUCKY FIBRES LTD
25974,READYBR165Gx30C1,Lush Ready Braids 165g X 24 Inches X 30 Pieces - (colour 1),114,Personal Care & Beauty,HC+PC,5427,LUSH HAIR,259,LUCKY FIBRES LTD
25975,READYBR165Gx30C1/144,Lush Ready Braids 165g X 24 Inches X 30 Pieces - (colour 1/144),114,Personal Care & Beauty,HC+PC,5427,LUSH HAIR,259,LUCKY FIBRES LTD
25976,READYBR165Gx30C1/27,Lush Ready Braids 165g X 24 Inches X 30 Pieces - (colour 1/27),114,Personal Care & Beauty,HC+PC,5427,LUSH HAIR,259,LUCKY FIBRES LTD
25977,READYBR165Gx30C1/30,Lush Ready Braids 165g X 24 Inches X 30 Pieces - (colour 1/30),114,Personal Care & Beauty,HC+PC,5427,LUSH HAIR,259,LUCKY FIBRES LTD
25978,READYBR165Gx30C1/900,Lush Ready Braids 165g X 24 Inches X 30 Pieces - (colour 1/900),114,Personal Care & Beauty,HC+PC,5427,LUSH HAIR,259,LUCKY FIBRES LTD
25979,REITWIS400Gx18C1,Lush Reina Twist 400g X 18 Inches X 18 Pieces - (colour 1),114,Personal Care & Beauty,HC+PC,5427,LUSH HAIR,259,LUCKY FIBRES LTD
25980,REITWIS400Gx18C1/613,Lush Reina Twist 400g X 18 Inches X 18 Pieces - (colour 1/613),114,Personal Care & Beauty,HC+PC,5427,LUSH HAIR,259,LUCKY FIBRES LTD
25981,RONCURL360Gx16C1,Lush Roni Curls 360g X 16 Inches X 16 Pieces - (colour 1),114,Personal Care & Beauty,HC+PC,5427,LUSH HAIR,259,LUCKY FIBRES LTD
25982,RONCURL360Gx16C900,Lush Roni Curls 360g X 16 Inches X 16 Pieces - (colour 900),114,Personal Care & Beauty,HC+PC,5427,LUSH HAIR,259,LUCKY FIBRES LTD
25983,SERELOCS230Gx18C1,Lush Seren Locs 230g X 18 Pieces - (colour 1),114,Personal Care & Beauty,HC+PC,5427,LUSH HAIR,259,LUCKY FIBRES LTD
25984,SERELOCS230Gx18C30,Lush Seren Locs 230g X 18 Pieces - (colour 30),114,Personal Care & Beauty,HC+PC,5427,LUSH HAIR,259,LUCKY FIBRES LTD
25985,SERELOCS230Gx18C39,Lush Seren Locs 230g X 18 Pieces - (colour 39),114,Personal Care & Beauty,HC+PC,5427,LUSH HAIR,259,LUCKY FIBRES LTD
25986,VEGABR136Gx30C1,Lush Vegas Braids 136g X 24 Inches X 30 Pieces - (colour 1),114,Personal Care & Beauty,HC+PC,5427,LUSH HAIR,259,LUCKY FIBRES LTD
25987,VEGABR136Gx30C1/27,Lush Vegas Braid 136g X 24 Inches X 30 Pieces - (colour 1/27),114,Personal Care & Beauty,HC+PC,5427,LUSH HAIR,259,LUCKY FIBRES LTD
25988,WOWBR230Gx25B,Lush Wow Braids 230g X 82 Inches X 25 Pieces - (blue),114,Personal Care & Beauty,HC+PC,5427,LUSH HAIR,259,LUCKY FIBRES LTD
25989,WOWBR230Gx25BL,Lush Wow Braids 230g X 82 Inches X 25 Pieces - (black),114,Personal Care & Beauty,HC+PC,5427,LUSH HAIR,259,LUCKY FIBRES LTD
25990,WOWBR230Gx25C144,Lush Wow Braids 230g X 82 Inches X 25 Pieces - (colour 144),114,Personal Care & Beauty,HC+PC,5427,LUSH HAIR,259,LUCKY FIBRES LTD
25991,WOWBR230Gx25C2,Lush Wow Braids 230g X 82 Inches X 25 Pieces - (colour 2),114,Personal Care & Beauty,HC+PC,5427,LUSH HAIR,259,LUCKY FIBRES LTD
25992,WOWBR230Gx25C27,Lush Wow Braids 230g X 82 Inches X 25 Pieces - (colour 27),114,Personal Care & Beauty,HC+PC,5427,LUSH HAIR,259,LUCKY FIBRES LTD
25993,WOWBR230Gx25C33,Lush Wow Braids 230g X 82 Inches X 25 Pieces - (colour 33),114,Personal Care & Beauty,HC+PC,5427,LUSH HAIR,259,LUCKY FIBRES LTD
25994,WOWBR230Gx25C39,Lush Wow Braids 230g X 82 Inches X 25 Pieces - (colour 39),114,Personal Care & Beauty,HC+PC,5427,LUSH HAIR,259,LUCKY FIBRES LTD
25995,WOWBR230Gx25C900,Lush Wow Braids 230g X 82 Inches X 25 Pieces - (colour 900),114,Personal Care & Beauty,HC+PC,5427,LUSH HAIR,259,LUCKY FIBRES LTD
25996,WOWBR230Gx25C950,Lush Wow Braids 230g X 82 Inches X 25 Pieces - (colour 950),114,Personal Care & Beauty,HC+PC,5427,LUSH HAIR,259,LUCKY FIBRES LTD
25997,WOWBR230Gx25DB,Lush Wow Braids 230g X 82 Inches X 25 Pieces - (dazzling Blue),114,Personal Care & Beauty,HC+PC,5427,LUSH HAIR,259,LUCKY FIBRES LTD
25998,WOWBR230Gx25MB,Lush Wow Braids 230g X 82 Inches X 25 Pieces - (metallic Blue),114,Personal Care & Beauty,HC+PC,5427,LUSH HAIR,259,LUCKY FIBRES LTD
25999,WOWBR230Gx25NG,Lush Wow Braids 230g X 82 Inches X 25 Pieces - (naija Green),114,Personal Care & Beauty,HC+PC,5427,LUSH HAIR,259,LUCKY FIBRES LTD
26000,WOWBR230Gx25RG,Lush Wow Braids 230g X 82 Inches X 25 Pieces - (rose Gold),114,Personal Care & Beauty,HC+PC,5427,LUSH HAIR,259,LUCKY FIBRES LTD
26001,WOWBR230Gx25RP,Lush Wow Braids 230g X 82 Inches X 25 Pieces - (royal Purple),114,Personal Care & Beauty,HC+PC,5427,LUSH HAIR,259,LUCKY FIBRES LTD
26002,WOWK180Gx30C1,Lush Wow Kids 180g X 30 Pieces - (colour 1),114,Personal Care & Beauty,HC+PC,5427,LUSH HAIR,259,LUCKY FIBRES LTD
26003,WOWK180Gx30C30,Lush Wow Kids 180g X 30 Pieces - (colour 30),114,Personal Care & Beauty,HC+PC,5427,LUSH HAIR,259,LUCKY FIBRES LTD
26004,WOWK180Gx30C900,Lush Wow Kids 180g X 30 Pieces - (colour 900),114,Personal Care & Beauty,HC+PC,5427,LUSH HAIR,259,LUCKY FIBRES LTD
26005,WOWK180Gx30MB,Lush Wow Kids 180g X 30 Pieces - (metalic Blue),114,Personal Care & Beauty,HC+PC,5427,LUSH HAIR,259,LUCKY FIBRES LTD
26006,WOWK180Gx30RP,Lush Wow Kids 180g X 30 Pieces - (rose Pink),114,Personal Care & Beauty,HC+PC,5427,LUSH HAIR,259,LUCKY FIBRES LTD
25868,WOWBR230GCDMPCS,Lush Wow Braids 230g X 82 Inches  - Dark Mint,114,Personal Care & Beauty,HC+PC,5427,LUSH HAIR,259,LUCKY FIBRES LTD
25860,WOWBR230GCDM,Lush Wow Braids 230g X 82 Inches  - (dark Mint),114,Personal Care & Beauty,HC+PC,5427,LUSH HAIR,259,LUCKY FIBRES LTD
25528,LOLABC200G,Lola Banana Candy 200g X 20,101,Biscuits & Sweets,Food,5428,lola banana,103,Mamuda Groups of Companies
25532,LOLAPS350G,Lola Pop Sweet 350g X 10,101,Biscuits & Sweets,Food,5429,lola pop,103,Mamuda Groups of Companies
25533,FIRABIS129G,Fiber Active Biscuit 129g X 36,101,Biscuits & Sweets,Food,5430,Fiber Active Biscuit,255,NIGER BISCUIT
25536,DOGASUG500G,Dogan Sugar 500g X 50,132,Sugar,Commodities,5431,dogan sugar ,251,DOGAN'S SUGAR LIMITED
25537,FOREPEAK900G,Foreign Peak 900g Tin X,111,Milk & Dairy,Food,5432,PEAK1,260,PEAK INTERNATIONAL TRADE
25566,KRMELA12G,Kremela Creamer Sachet 12g X 200,111,Milk & Dairy,Food,5433,kremela,26,PROMASIDOR HOLDINGS
25542,KREMNDC200G,Kremela Non Dairy Creamer 12g X 200,111,Milk & Dairy,Food,5433,kremela,26,PROMASIDOR HOLDINGS
30805,KRMELA12GX100,Kremela Creamer Sachet 12g X 100,111,Milk & Dairy,Food,5433,kremela,26,PROMASIDOR HOLDINGS
25543,COFCMP900G,Co-op Full Cream Milk Powder 900g X,111,Milk & Dairy,Food,5434,CO-OP,261,DAIRY FARMERS
25557,RCCOLAPB50CL,Rc Cola Pet Bottle 50cl X 12pcs,106,Drinks,Beverages,5435,RC,262,RC
25558,RCLEMPB50CL,Rc Lemon Pet Bottle 50cl X 12pcs,106,Drinks,Beverages,5435,RC,262,RC
25559,RCORANPB50CL,Rc Orange Pet Bottle 50cl X 12pcs,106,Drinks,Beverages,5435,RC,262,RC
25560,RCAPPLPB50CL,Rc Apple Pet Bottle 50cl X 12pcs,106,Drinks,Beverages,5435,RC,262,RC
44665,RCCOLAP35CL,Rc Cola  Pet Bottle 35cl  X 12,106,Drinks,Beverages,5435,RC,774,RC COLA INTERNATIONAL
44667,RCFANTAP35CL,Rc Fanta Pet Bottle 35cl X 12,106,Drinks,Beverages,5435,RC,774,RC COLA INTERNATIONAL
44669,AMERCOLAP60CL,American Pet Bottle Cola 60cl X 12,106,Drinks,Beverages,5435,RC,774,RC COLA INTERNATIONAL
25608,TIGARP100GPK6,Tiger Garlic Powder 100g X 10 X,117,Seasoning cubes & Spices,Food,5436,TIGER,263,TIGER FOODS LIMITED
25609,LARCH10G,Larsor Chicken 10g X200,117,Seasoning cubes & Spices,Food,5436,TIGER,263,TIGER FOODS LIMITED
25594,TICURP5G,Tiger Curry Powder 5g X 10 X 20,117,Seasoning cubes & Spices,Food,5436,TIGER,263,TIGER FOODS LIMITED
25595,TICURP100GPK6,Tiger Curry Powder 100g X 10pcs X,117,Seasoning cubes & Spices,Food,5436,TIGER,263,TIGER FOODS LIMITED
25596,TINUTP5G,Tiger Nutmeg Powder 5g X 10 X 20,117,Seasoning cubes & Spices,Food,5436,TIGER,263,TIGER FOODS LIMITED
25597,TINUTP100GPK6,Tiger Nutmeg Powder 100g X 10pcs X,117,Seasoning cubes & Spices,Food,5436,TIGER,263,TIGER FOODS LIMITED
25598,TITHY5G,Tiger Thyme 5g X 200pcs,117,Seasoning cubes & Spices,Food,5436,TIGER,263,TIGER FOODS LIMITED
25599,TITHY50GPK6,Tiger Thyme 50g X10pcs X,117,Seasoning cubes & Spices,Food,5436,TIGER,263,TIGER FOODS LIMITED
25600,TICURMA5G,Tiger Curry Masala 5g X 10 X 20,117,Seasoning cubes & Spices,Food,5436,TIGER,263,TIGER FOODS LIMITED
25601,TIGINP5G,Tiger Ginger Powder 5g X 10pcs X 20,117,Seasoning cubes & Spices,Food,5436,TIGER,263,TIGER FOODS LIMITED
25602,TITUMP80GPK6,Tiger Tumeric Powder 80g X 6pcs X,117,Seasoning cubes & Spices,Food,5436,TIGER,263,TIGER FOODS LIMITED
25603,TITHY40GPK6,Tiger Thyme 40g X 6pcs X,117,Seasoning cubes & Spices,Food,5436,TIGER,263,TIGER FOODS LIMITED
25604,LARTOM10G,Larsor Tomato 10g X 200,117,Seasoning cubes & Spices,Food,5436,TIGER,263,TIGER FOODS LIMITED
25605,LARFRICE10G,Larsor Fried Rice 10g X 200,117,Seasoning cubes & Spices,Food,5436,TIGER,263,TIGER FOODS LIMITED
25854,TIGARP5G,Tiger Garlic Powder 5g X 10x 20,117,Seasoning cubes & Spices,Food,5436,TIGER,263,TIGER FOODS LIMITED
54942,TUMPOW65X12,Tumeric Powder 65g X 12,117,Seasoning cubes & Spices,Food,5436,TIGER,263,TIGER FOODS LIMITED
54683,TGMSP5G,Tiger Mixed Spices 5g X 200,105,Condiments,Food,5436,TIGER,263,TIGER FOODS LIMITED
44607,TIGTHYM50GX60,Tiger Thyme 50g X 60,117,Seasoning cubes & Spices,Food,5436,TIGER,263,TIGER FOODS LIMITED
43441,LARBEEF10G,Larsor Beef 10g X 200,117,Seasoning cubes & Spices,Food,5436,TIGER,263,TIGER FOODS LIMITED
54107,TIGCUR5g, Tiger Curry Powder 5g X 200 X 200,117,Seasoning cubes & Spices,Food,5436,TIGER,263,TIGER FOODS LIMITED
54462,ROSML35X12,Rosemary Leaves 35g X 12,105,Condiments,Food,5436,TIGER,263,TIGER FOODS LIMITED
54465,THYMLE30GX12,Thyme Leaves 30g X 12,117,Seasoning cubes & Spices,Food,5436,TIGER,263,TIGER FOODS LIMITED
54394,TIRSM50G,Tiger Rosemary 50g X 60,105,Condiments,Food,5436,TIGER,263,TIGER FOODS LIMITED
42895,VEGSHAION250G,Vegeta Shallot Onion 250g X 20,117,Seasoning cubes & Spices,Food,5436,TIGER,263,TIGER FOODS LIMITED
25730,MONSBRUT750ML,Monsieur Pascal Sparkling Brut Wine 750ml X,106,Drinks,Beverages,5437,CASTILLO,265,EKOCHIV VENTURES LIMITED
25731,MONSROSE750ML,Monsieur Pascal Sparkling Rose Wine 750ml X,106,Drinks,Beverages,5437,CASTILLO,265,EKOCHIV VENTURES LIMITED
25715,MARQSAUV750ML,Marques De Casa Cabernet Sauv Wine 750ml X,106,Drinks,Beverages,5437,CASTILLO,265,EKOCHIV VENTURES LIMITED
25693,CASTRED750ML,Castillo Red Wine 750ml,106,Drinks,Beverages,5437,CASTILLO,265,EKOCHIV VENTURES LIMITED
25694,CASTROS750ML,Castillo Rose Wine 750ml,106,Drinks,Beverages,5437,CASTILLO,265,EKOCHIV VENTURES LIMITED
25695,CASTSWE750ML,Castillo Sweet Red Wine 750ml,106,Drinks,Beverages,5437,CASTILLO,265,EKOCHIV VENTURES LIMITED
25696,CASTWHI750ML,Castillo White Wine 750ml,106,Drinks,Beverages,5437,CASTILLO,265,EKOCHIV VENTURES LIMITED
45551,CATWHITEWINECL,Castillo - White Wine 75cl X 12 ,106,Drinks,Beverages,5437,CASTILLO,265,EKOCHIV VENTURES LIMITED
26178,TOMBCHOCVK750ML,Tombo Chocolate Vodka 750ml  X 12,106,Drinks,Beverages,5438,TOMBO,295,AAROHI NIGERIA LIMITED
26179,TOMBBITT750ML,Tombo Bitters 750ml  X 12,106,Drinks,Beverages,5438,TOMBO,295,AAROHI NIGERIA LIMITED
26180,TOMBWHSKY750ML,Tombo Whiskey Bottle 750ml  X 12,106,Drinks,Beverages,5438,TOMBO,295,AAROHI NIGERIA LIMITED
25702,TOBBISAC50ML,Tombo Bitters Sachet 50ml X 6 X 20,106,Drinks,Beverages,5438,TOMBO,4,INTERCONTINENTAL DISTILLERS LIMITED (IDL)
25703,DEROKSAC550ML,De Rok Sachet 50ml 6 X 20,106,Drinks,Beverages,5438,TOMBO,4,INTERCONTINENTAL DISTILLERS LIMITED (IDL)
25719,WOLFMET750ML,Wolf Blass Merlot Wine 750ml X,106,Drinks,Beverages,5439,WOLF BLASS,265,EKOCHIV VENTURES LIMITED
25720,WOLFSAUV750ML,Wolf Blass Cabernet Sauv Wine 750ml X,106,Drinks,Beverages,5439,WOLF BLASS,265,EKOCHIV VENTURES LIMITED
25721,WOLFBLANC750ML,Wolf Blass Sauv Blanc Wine 750ml X,106,Drinks,Beverages,5439,WOLF BLASS,265,EKOCHIV VENTURES LIMITED
25723,MATSAUVB750ML,Matua Sauvignon Blanc Wine 750ml X,106,Drinks,Beverages,5440,MATUA,265,EKOCHIV VENTURES LIMITED
25710,FRONSWE750ML,Frontera Sweet Red Wine 750ml X,106,Drinks,Beverages,5441,FRONTERA,265,EKOCHIV VENTURES LIMITED
25711,FRONSAU750ML,Frontera Sauvignon Blanc Wine 750ml,106,Drinks,Beverages,5441,FRONTERA,265,EKOCHIV VENTURES LIMITED
25712,FRONBRU750ML,Frontera Sparkling Brut Wine 750ml,106,Drinks,Beverages,5441,FRONTERA,265,EKOCHIV VENTURES LIMITED
25713,FRONMOS750ML,Frontera Sparkling Moscato Wine 750ml,106,Drinks,Beverages,5441,FRONTERA,265,EKOCHIV VENTURES LIMITED
25714,FRONSROSE750ML,Frontera Sparkling Sweet Rose Wine 750ml,106,Drinks,Beverages,5441,FRONTERA,265,EKOCHIV VENTURES LIMITED
25697,FRONCABS750ML,Frontera Cabernet Sauvignon Wine 750ml,106,Drinks,Beverages,5441,FRONTERA,265,EKOCHIV VENTURES LIMITED
25698,FRONCABS375ML,Frontera Cabernet Sauvignon Wine 375ml,106,Drinks,Beverages,5441,FRONTERA,265,EKOCHIV VENTURES LIMITED
25699,FRONMER750ML,Frontera Merlot Wine 750ml,106,Drinks,Beverages,5441,FRONTERA,265,EKOCHIV VENTURES LIMITED
25716,LINDCA750ML,Lindemans Cabernet Sauv Wine 750ml X,106,Drinks,Beverages,5442,LINDEMANS,265,EKOCHIV VENTURES LIMITED
25717,LINDCH750ML,Lindemans Chardonnay Wine 750ml X,106,Drinks,Beverages,5444,CASILERO DEL DIABLO,265,EKOCHIV VENTURES LIMITED
25718,LINDSWRD750ML,Lindemans Sweet Red Wine 750ml X,106,Drinks,Beverages,5444,CASILERO DEL DIABLO,265,EKOCHIV VENTURES LIMITED
25726,PINKPERRY750ML,Pink Lady Sparkling Perry Wine 750ml X 12,106,Drinks,Beverages,5445,PINK LADY,265,EKOCHIV VENTURES LIMITED
25727,RUBICHOCO500ML,Rubis Chocolate Velvet Ruby Wine 750ml X 12,106,Drinks,Beverages,5446,RUBIS,265,EKOCHIV VENTURES LIMITED
25728,OCBEACH750ML,Ocean Beach Red Wine 750ml X 12,106,Drinks,Beverages,5447,OCEAN BEACH,265,EKOCHIV VENTURES LIMITED
25729,TRIVMAL750ML,Trivento Malbec Wine 750ml X,106,Drinks,Beverages,5448,TRIVENTO,265,EKOCHIV VENTURES LIMITED
25744,KIVOGT12G,Kivo Good Time Non-diary Creamer 12g X 200,111,Milk & Dairy,Food,5449,KIVO,269,BLUME
44921,KIV0GARRIMIX3IN1,Kivo Garri Mix (3in1) 100g X 40,142,garri,Commodities,5449,KIVO,269,BLUME
26707,KIVOGT12GX50BB,Kivo Good Time Non-diary Creamer 12g X 100,111,Milk & Dairy,Food,5449,KIVO,269,BLUME
42555,KIVOGT150G,Kivo Good Time 150g  X 36,111,Milk & Dairy,Food,5449,KIVO,269,BLUME
37681,KIVOGT350G,Kivo Good Time 350g X 12,111,Milk & Dairy,Food,5449,KIVO,269,BLUME
37682,KIVOGT35G,Kivo Good Time 35g X 288,111,Milk & Dairy,Food,5449,KIVO,269,BLUME
53326,KIVO12GX220,Kivo Good Time Non Dairy Creamer 12gm X 200m + 20,111,Milk & Dairy,Food,5449,KIVO,269,BLUME
30449,KIVOBAKBS400Gx12,Kivo Baked Beans 400g X 12,105,Condiments,Food,5449,KIVO,299,KIVO
25782,MOLMAXSP28X8,Molped Maxithick Sanitary Pad 28 X,114,Personal Care & Beauty,HC+PC,5450,MOLPED,10,HAYAT KIMYA NIGERIA LTD
25783,MOLMAXSP32X8,Molped Maxithick Sanitary Pad 32 X,114,Personal Care & Beauty,HC+PC,5450,MOLPED,10,HAYAT KIMYA NIGERIA LTD
25784,MOLMAXSP7X16,Molped Maxithick Sanitary Pad 7 X 16,114,Personal Care & Beauty,HC+PC,5450,MOLPED,10,HAYAT KIMYA NIGERIA LTD
25785,MOLMAXSP7X6X3,Molped Maxithick Sanitary Pad 7 X 6 X,114,Personal Care & Beauty,HC+PC,5450,MOLPED,10,HAYAT KIMYA NIGERIA LTD
25786,MOLMAXSP8X16,Molped Maxithick Sanitary Pad 8 X 16,114,Personal Care & Beauty,HC+PC,5450,MOLPED,10,HAYAT KIMYA NIGERIA LTD
25787,MOLMAXSP8X6X3,Molped Maxithick Sanitary Pad 8 X 6 X,114,Personal Care & Beauty,HC+PC,5450,MOLPED,10,HAYAT KIMYA NIGERIA LTD
25788,MOLULBARLSP7X6X3,Molped Ultra Barrier Long Sanitary Pad 7 X 6 X,114,Personal Care & Beauty,HC+PC,5450,MOLPED,10,HAYAT KIMYA NIGERIA LTD
25789,MOLULSP14X8,Molped Ultrasoft Sanitary Pad 14 X,114,Personal Care & Beauty,HC+PC,5450,MOLPED,10,HAYAT KIMYA NIGERIA LTD
25790,MOLULSP16X8,Molped Ultrasoft Sanitary Pad 16 X,114,Personal Care & Beauty,HC+PC,5450,MOLPED,10,HAYAT KIMYA NIGERIA LTD
25791,MOLULSP28X8,Molped Ultrasoft Sanitary Pad 28 X,114,Personal Care & Beauty,HC+PC,5450,MOLPED,10,HAYAT KIMYA NIGERIA LTD
25792,MOLULSP32X8,Molped Ultrasoft Sanitary Pad 32 X,114,Personal Care & Beauty,HC+PC,5450,MOLPED,10,HAYAT KIMYA NIGERIA LTD
25793,MOLULSP7X16,Molped Ultrasoft Sanitary Pad 7 X 16,114,Personal Care & Beauty,HC+PC,5450,MOLPED,10,HAYAT KIMYA NIGERIA LTD
25794,MOLULSP8X16,Molped Ultrasoft Sanitary Pad 8 X 16,114,Personal Care & Beauty,HC+PC,5450,MOLPED,10,HAYAT KIMYA NIGERIA LTD
25755,MOLMAXSP10X12,Molped Maxithick Sanitary Pad 10 X 12,114,Personal Care & Beauty,HC+PC,5450,MOLPED,10,HAYAT KIMYA NIGERIA LTD
25756,MOLMAXSP14X8,Molped Maxithick Sanitary Pad 14 X,114,Personal Care & Beauty,HC+PC,5450,MOLPED,10,HAYAT KIMYA NIGERIA LTD
25757,MOLMAXSP16X8,Molped Maxithick Sanitary Pad 16 X,114,Personal Care & Beauty,HC+PC,5450,MOLPED,10,HAYAT KIMYA NIGERIA LTD
25795,PAPIKITO1PLYX12,Papia Kitchen Towel 1 Ply 12,109,Home Cares,HC+PC,5451,PAPIA,10,HAYAT KIMYA NIGERIA LTD
25796,PAPIKITO2PLYX12,Papia Kitchen Towel 2 Ply 12,109,Home Cares,HC+PC,5451,PAPIA,10,HAYAT KIMYA NIGERIA LTD
45757,1MCDWHIS375,Mc Dowell's No 1. Whisky 375ml X  ,106,Drinks,Beverages,5452,MC DOWELL,93,DIAGEO
26013,MCDOWHIS180,Mc Dowell's No 1. Whisky 180ml X 48,106,Drinks,Beverages,5452,MC DOWELL,93,DIAGEO
26014,MCDOWHIS180PCS1,Mc Dowell's No 1. Whisky 180ml X,106,Drinks,Beverages,5452,MC DOWELL,93,DIAGEO
26020,MCDWHIS750PK3,Mc Dowell's No 1. Whisky 750ml X,106,Drinks,Beverages,5452,MC DOWELL,93,DIAGEO
26021,MCDWHIS375PK3,Mc Dowell's No 1. Whisky 375ml X,106,Drinks,Beverages,5452,MC DOWELL,93,DIAGEO
26022,MCDOWHIS180PK3,Mc Dowell's No 1. Whisky 180ml X,106,Drinks,Beverages,5452,MC DOWELL,93,DIAGEO
25803,MCDWHIS750,Mc Dowell's No 1. Whisky 12x750ml,106,Drinks,Beverages,5452,MC DOWELL,93,DIAGEO
25804,MCDWHIS375,Mc Dowell's No 1. Whisky 24x375ml,106,Drinks,Beverages,5452,MC DOWELL,93,DIAGEO
25805,MCDVBRAN750,Mc Dowell's No 1. Whisky 48x180ml,106,Drinks,Beverages,5452,MC DOWELL,93,DIAGEO
25878,MCDWHIS750PCS1,Mc Dowell's No 1. Whisky 750ml X,106,Drinks,Beverages,5452,MC DOWELL,93,DIAGEO
25879,MCDWHIS375 PCS1,Mc Dowell's No 1. Whisky 375ml X,106,Drinks,Beverages,5452,MC DOWELL,93,DIAGEO
25880,MCDVBRAN750PCS1,Mc Dowell's Vsop Brandy 750ml X,106,Drinks,Beverages,5452,MC DOWELL,93,DIAGEO
25806,OOULNSH65G,Olive Oil Ultra Nourishing 12+1 Bonus,114,Personal Care & Beauty,HC+PC,5453,ORS,271, Namaste Laboratories
25807,OOSHNRM160ML,Olive Oil Single Head Normal:,114,Personal Care & Beauty,HC+PC,5453,ORS,271, Namaste Laboratories
25808,OOCST2TCHUK65ML,Olive Oil Curl Stretching Texturizer 2 Touch Up Kit,114,Personal Care & Beauty,HC+PC,5453,ORS,271, Namaste Laboratories
30616,OLIVE500MG,Olive 500mg X 14 (ors),114,Personal Care & Beauty,HC+PC,5453,ORS,401,Halewood Laboratories
25809,MEGAGRSHCWDPCK345ML,Mega Growth Shampoo/conditioner; Wash Day Combo Pack,114,Personal Care & Beauty,HC+PC,5454,MEGA GROWTH,272,GODREJ CONSUMER PRODUCTS LIMITED
25810,MEGAGR500G,Mega Growth Break Free; Daily Leave In Strengthener,114,Personal Care & Beauty,HC+PC,5454,MEGA GROWTH,272,GODREJ CONSUMER PRODUCTS LIMITED
25811,MEGAGR250G,Mega Growth Break Free; Daily Leave In Strenghener,114,Personal Care & Beauty,HC+PC,5454,MEGA GROWTH,272,GODREJ CONSUMER PRODUCTS LIMITED
25812,MEGAGRADHKIT237ML,Mega Growth Anti Dandruff Hair Kit,114,Personal Care & Beauty,HC+PC,5454,MEGA GROWTH,272,GODREJ CONSUMER PRODUCTS LIMITED
25813,MEGAGR237ML,Mega Growth Anti Dandruff Spray,114,Personal Care & Beauty,HC+PC,5454,MEGA GROWTH,272,GODREJ CONSUMER PRODUCTS LIMITED
25909,MEGAGRSCNLRLX250MLx7,Mega Growth Sensitive Care No-lye Relaxer 250ml X,114,Personal Care & Beauty,HC+PC,5454,MEGA GROWTH,280,STRENGTH & NATURE
25910,MEGAGRSCNLRLX250ML,Mega Growth Sensitive Care No-lye Relaxer 250ml,114,Personal Care & Beauty,HC+PC,5454,MEGA GROWTH,280,STRENGTH & NATURE
25911,MEGAGRATDNLRLX250ML,Mega Growth Anti-damage No-lye Relaxer 250ml,114,Personal Care & Beauty,HC+PC,5454,MEGA GROWTH,280,STRENGTH & NATURE
25912,MEGAGRATDNLRLX250MLx12,Mega Growth Anti-damage No-lye Relaxer 250ml X 12,114,Personal Care & Beauty,HC+PC,5454,MEGA GROWTH,280,STRENGTH & NATURE
26303,MEGHR1269G,Mega Growth Hair Relaxer - 12 In 1 Pack 69g X 12,114,Personal Care & Beauty,HC+PC,5454,MEGA GROWTH,315,Profectiv MegaGrowth
26310,MEGKR500G,Mega Growth Kids Relaxer 500g X,114,Personal Care & Beauty,HC+PC,5454,MEGA GROWTH,315,Profectiv MegaGrowth
25814,TCBNTOSS450ML,Tcb Naturals; Three Oil Sheen Spray,114,Personal Care & Beauty,HC+PC,5455,TCB,272,GODREJ CONSUMER PRODUCTS LIMITED
25826,EVNYNOM10X24,Evony Nose Masks 10 X 24,114,Personal Care & Beauty,HC+PC,5456,EVONY,10,HAYAT KIMYA NIGERIA LTD
25827,EVNYNOM50X40,Evony Nose Masks 50 X 40,114,Personal Care & Beauty,HC+PC,5456,EVONY,10,HAYAT KIMYA NIGERIA LTD
25829,NORSEM500ML,Norir Sesame Oil 500ml X 24,135,Oil,Food,5457,NORIR,273, ENKAY INDO NIGERIAN INDUSTRIES LTD 
25830,NORSEM1000ML,Norir Sesame Oil 1000ml X 12,135,Oil,Food,5457,NORIR,273, ENKAY INDO NIGERIAN INDUSTRIES LTD 
25845,GRANTWHK75CL,Grant's Whisky 70cl X 12,106,Drinks,Beverages,5458,GRANT,274,WILLIAM GRANTS AND SONS
30527,JACKDWHKY70CL+BGLS,Jack Daniel's Whiskey 70cl+ 2 Branded Glass Cups  X,106,Drinks,Beverages,5459,JACK DANIEL,275,JACK DANIEL DISTILLERY
25846,JAKDANWHK75CL,Jack Daniel's Whisky 75clx12,106,Drinks,Beverages,5459,JACK DANIEL,275,JACK DANIEL DISTILLERY
26122,JAKDANWHKBY6,Jack Daniel's Whisky 70cl X,106,Drinks,Beverages,5459,JACK DANIEL,275,JACK DANIEL DISTILLERY
42628,JACKDSB750ML,Jack Daniels Single Barrel Whisky 750ml X 6,106,Drinks,Beverages,5459,JACK DANIEL,93,DIAGEO
42629,JACKDWFR700ML,Jack Daniels Woodford Reserve Whisky 700ml X 6,106,Drinks,Beverages,5459,JACK DANIEL,93,DIAGEO
42630,JACKDGMJ750ML,Jack Daniel Gentleman Jack 750ml  X 6,106,Drinks,Beverages,5459,JACK DANIEL,93,DIAGEO
42631,JACKDTH700ML,Jack Daniel Tennessee Honey 700ml  X 12,106,Drinks,Beverages,5459,JACK DANIEL,93,DIAGEO
42632,JACKDWHYNO7375ML,Jack Daniel Whisky Old No.7 375ml X 24,106,Drinks,Beverages,5459,JACK DANIEL,93,DIAGEO
25847,GLENWHK1275CL,Glenfiddich 12yrs Whisky 75clx12,106,Drinks,Beverages,5460,Glenfiddich,274,WILLIAM GRANTS AND SONS
25848,GLENWHK1575CL,Glenfiddich 15yrs Whisky 75clx12,106,Drinks,Beverages,5460,Glenfiddich,274,WILLIAM GRANTS AND SONS
25849,GLENWHK1875CL,Glenfiddich 18yrs Whisky 75clx12,106,Drinks,Beverages,5460,Glenfiddich,274,WILLIAM GRANTS AND SONS
26466,GLENFIDD18PK1,Glenfiddich Whisky 18 Yrs 70cl X,106,Drinks,Beverages,5460,Glenfiddich,274,WILLIAM GRANTS AND SONS
33066,GLENFIDD1270CLPK1,Glenfiddich Whisky 12yrs X 1,106,Drinks,Beverages,5460,Glenfiddich,274,WILLIAM GRANTS AND SONS
42465,GLENWHK1575CLPK1,Glenfiddich 15yrs Whisky 75cl X 1,106,Drinks,Beverages,5460,Glenfiddich,274,WILLIAM GRANTS AND SONS
26559,GLENFIDD2170CLPK1,Glenfiddich Whisky 21yrs 70cl  X,106,Drinks,Beverages,5460,Glenfiddich,274,WILLIAM GRANTS AND SONS
26097,HENVSOP70CLPK1,Hennessy Vsop 70cl X,106,Drinks,Beverages,5461,HENNESSY,301,Hennessy
25851,HENVSOP70CL,Hennessy Vsop 70clx12,106,Drinks,Beverages,5461,HENNESSY,301,Hennessy
26467,HENVSCOGNACPK1,Hennessy Vs Cognac 70cl X,106,Drinks,Beverages,5461,HENNESSY,323,JAS HENNESSY & CO.
42625,MACFOWKY15YRS700ML,Macallan Fine Oak Whisky 15 Years 700ml X 1,106,Drinks,Beverages,5461,HENNESSY,199,Ekulo Group of Companies
42620,HENVS700ML,Hennessy Vs 700ml  X 6,106,Drinks,Beverages,5461,HENNESSY,199,Ekulo Group of Companies
42621,HENVSOP700MLX6,Hennessy Vsop 700ml  X 6,106,Drinks,Beverages,5461,HENNESSY,199,Ekulo Group of Companies
42622,HENXO700ML,Hennessy Xo 700ml X 6,106,Drinks,Beverages,5461,HENNESSY,199,Ekulo Group of Companies
46297,HENVS700MLX6,Hennessy Vs 700ml  X 6,106,Drinks,Beverages,5461,HENNESSY,199,Ekulo Group of Companies
25852,ESCUBLAN75CL,Escudorojo Sauvignon Blanc 75clx6,106,Drinks,Beverages,5462,ESCUDOROJO,276,Baron Phillipe De Rothschild
25853,FORCOU75CL,Four Cousins 75cl X12,106,Drinks,Beverages,5463,Four Cousins,277,Monument Distillers
26516,FORCOURED75CL,Four Cousins Sweet Red Wine 75cl X 12,106,Drinks,Beverages,5463,Four Cousins,277,Monument Distillers
26517,FORCOUWHITECL,Four Cousins  Sweet White Wine 75cl X 12,106,Drinks,Beverages,5463,Four Cousins,277,Monument Distillers
31546,CTMORSG75CLX1,Captain Morgan Spiced Gold 75cl X,106,Drinks,Beverages,5464,CAPTAIN MORGAN,93,DIAGEO
26011,CTMORSG75CL,Captain Morgan Spiced Gold 75cl X 12,106,Drinks,Beverages,5464,CAPTAIN MORGAN,93,DIAGEO
25871,CTMORSG70CL,Captain Morgan Spiced Gold 70clx 12,106,Drinks,Beverages,5464,CAPTAIN MORGAN,93,DIAGEO
26023,CTMORSG75CLPK3,Captain Morgan Spiced Gold 70cl X,106,Drinks,Beverages,5464,CAPTAIN MORGAN,93,DIAGEO
53304,CPTMRGMRGLD305ML,Captain Morgan Moringa Gold 305ml X 24,106,Drinks,Beverages,5464,CAPTAIN MORGAN,32,GUINNESS NIGERIA PLC
53306,CPTRGMRGLD75CL,Captain Morgan Moringa Gold 75cl X 12,106,Drinks,Beverages,5464,CAPTAIN MORGAN,32,GUINNESS NIGERIA PLC
25872,RCWHIS750ML,Royal Challenge Whiskey 750ml X 12,106,Drinks,Beverages,5465,WHISKEY,93,DIAGEO
25873,RCWHIS180ML,Royal Challenge Whiskey 180ml X 48,106,Drinks,Beverages,5465,WHISKEY,93,DIAGEO
31551,RCWHIS180MLX1,Royal Challenge Whiskey 180ml X,106,Drinks,Beverages,5465,WHISKEY,93,DIAGEO
31552,RCWHIS75MLX1,Royal Challenge Whiskey 750ml X,106,Drinks,Beverages,5465,WHISKEY,93,DIAGEO
25874,HARLACAN330ML,Harp Lager Can 330ml X 24,106,Drinks,Beverages,5466,HARP,93,DIAGEO
44283,HARPPLBE60CL,Harp Premium Larger Beer 60cl Bottles X 24,106,Drinks,Beverages,5466,HARP,93,DIAGEO
25875,SNAPCAN330ML,Snapp Can 330ml X 24,106,Drinks,Beverages,5467,SNAPP,93,DIAGEO
25881,VINATDSH225ML,Vinoz Anti-dandruff Shampoo 225ml,114,Personal Care & Beauty,HC+PC,5468,VINOZ,278,VINTAGE INDUSTRIES
25882,VINATDSH225MLx12,Vinoz Anti-dandruff Shampoo 225ml X 12,114,Personal Care & Beauty,HC+PC,5468,VINOZ,278,VINTAGE INDUSTRIES
25883,VINATDCND225ML,Vinoz Anti-dandruff Conditioner 225ml,114,Personal Care & Beauty,HC+PC,5468,VINOZ,278,VINTAGE INDUSTRIES
25884,VINATDCND225MLx12,Vinoz Anti-dandruff Conditioner 225ml X 12,114,Personal Care & Beauty,HC+PC,5468,VINOZ,278,VINTAGE INDUSTRIES
25885,VINATDSH450ML,Vinoz Anti-dandruff Shampoo 450ml,114,Personal Care & Beauty,HC+PC,5468,VINOZ,278,VINTAGE INDUSTRIES
25886,VINATSH450MLx12,Vinoz Anti-dandruff Shampoo 450ml X 12,114,Personal Care & Beauty,HC+PC,5468,VINOZ,278,VINTAGE INDUSTRIES
25887,VINATDCND450ML,Vinoz Anti-dandruff Conditioner 450ml,114,Personal Care & Beauty,HC+PC,5468,VINOZ,278,VINTAGE INDUSTRIES
25888,VINATDCND450MLx12,Vinoz Anti-dandruff Conditioner 450ml X 12,114,Personal Care & Beauty,HC+PC,5468,VINOZ,278,VINTAGE INDUSTRIES
25889,PETALSH1LTR,Petals Shampoo 1ltr,114,Personal Care & Beauty,HC+PC,5469,PETALS,279,FRANEMM INDUSTRIES
25890,PETALSH1LTRx12,Petals Shampoo 1ltr X 12,114,Personal Care & Beauty,HC+PC,5469,PETALS,279,FRANEMM INDUSTRIES
25891,PETALINHCND1LTR,Petals Instant Hair Conditioner 1ltr,114,Personal Care & Beauty,HC+PC,5469,PETALS,279,FRANEMM INDUSTRIES
25892,PETALINHCND1LTRx12,Petals Instant Hair Conditioner 1ltr X 12,114,Personal Care & Beauty,HC+PC,5469,PETALS,279,FRANEMM INDUSTRIES
25893,PETALSH2LTR,Petals Shampoo 2ltr,114,Personal Care & Beauty,HC+PC,5469,PETALS,279,FRANEMM INDUSTRIES
25894,PETALSH2LTRx6,Petals Shampoo 2ltr X,114,Personal Care & Beauty,HC+PC,5469,PETALS,279,FRANEMM INDUSTRIES
25895,PETALINHCND2LTR,Petals Instant Hair Conditioner 2ltr,114,Personal Care & Beauty,HC+PC,5469,PETALS,279,FRANEMM INDUSTRIES
25896,PETALINHCND2LTRx12,Petals Instant Hair Conditioner 2ltr X 12,114,Personal Care & Beauty,HC+PC,5469,PETALS,279,FRANEMM INDUSTRIES
45457,EXTRACTSOAP125G,Extract Soap 6 Bundles X 72,114,Personal Care & Beauty,HC+PC,5469,PETALS,279,FRANEMM INDUSTRIES
25905,PETALNEUSH1LTRx12,Petals Neutralizing Shampoo 1ltr X 12,114,Personal Care & Beauty,HC+PC,5469,PETALS,279,FRANEMM INDUSTRIES
25906,PETALNEUSH1LTR,Petals Neutralizing Shampoo 1ltr,114,Personal Care & Beauty,HC+PC,5469,PETALS,279,FRANEMM INDUSTRIES
25907,PETALNEUSH2LTRx6,Petals Neutralizing Shampoo 2ltr X,114,Personal Care & Beauty,HC+PC,5469,PETALS,279,FRANEMM INDUSTRIES
25908,PETALNEUSH2LTR,Petals Neutralizing Shampoo 2ltr,114,Personal Care & Beauty,HC+PC,5469,PETALS,279,FRANEMM INDUSTRIES
26290,BEVACCRXSMS185G,Beva Conditioning Crème Relaxer - Small Size - 185g  X,114,Personal Care & Beauty,HC+PC,5470,BEVA,279,FRANEMM INDUSTRIES
26291,BEVACCRXMDS250G,Beva Conditioning Crème Relaxer - Medium Size - 250g  X,114,Personal Care & Beauty,HC+PC,5470,BEVA,279,FRANEMM INDUSTRIES
26292,BEVACCRXBGS425G,Beva Conditioning Crème Relaxer - Big Size - 425g  X,114,Personal Care & Beauty,HC+PC,5470,BEVA,279,FRANEMM INDUSTRIES
25897,BVCNDCRRLX425Gx12,Beva Conditioning Creme Relaxer 425g X 12,114,Personal Care & Beauty,HC+PC,5470,BEVA,279,FRANEMM INDUSTRIES
25898,BVCNDCRRLX425G,Beva Conditioning Creme Relaxer 425g X,114,Personal Care & Beauty,HC+PC,5470,BEVA,279,FRANEMM INDUSTRIES
25899,BVCNDCRRLX250G,Beva Conditioning Creme Relaxer 250g X,114,Personal Care & Beauty,HC+PC,5470,BEVA,279,FRANEMM INDUSTRIES
25900,BVCNDCRRLX250Gx24,Beva Conditioning Creme Relaxer 250g X 24,114,Personal Care & Beauty,HC+PC,5470,BEVA,279,FRANEMM INDUSTRIES
25901,BVCNDCRRLX185Gx24,Beva Conditioning Creme Relaxer 185g X 24,114,Personal Care & Beauty,HC+PC,5470,BEVA,279,FRANEMM INDUSTRIES
25902,BVCNDCRRLX185G,Beva Conditioning Creme Relaxer 185g X,114,Personal Care & Beauty,HC+PC,5470,BEVA,279,FRANEMM INDUSTRIES
25903,BVCNDCRRLXXLx12,Beva Conditioning Creme Relaxer Xl X 12,114,Personal Care & Beauty,HC+PC,5470,BEVA,279,FRANEMM INDUSTRIES
25904,BVCNDCRRLXXL,Beva Conditioning Creme Relaxer Xl X,114,Personal Care & Beauty,HC+PC,5470,BEVA,279,FRANEMM INDUSTRIES
25913,Dera Conditioning Shampoo 500ml X 12,Dera Conditioning Shampoo 500ml X 12,114,Personal Care & Beauty,HC+PC,5471,DERA,281,Wey laboratories and Chemical Limited
25915,DEICND500ML,Dera Instant Conditioner 500ml,114,Personal Care & Beauty,HC+PC,5471,DERA,281,Wey laboratories and Chemical Limited
25916,DEICND500MLx12,Dera Instant Conditioner 500ml X 12,114,Personal Care & Beauty,HC+PC,5471,DERA,281,Wey laboratories and Chemical Limited
25914,DECNDSH500ML,Dera Conditioning Shampoo 500ml,114,Personal Care & Beauty,HC+PC,5471,DERA,196,WEST AFRICA SEASONING COMPANY LIMITED
45741,DECOSH500,Dera Conditioning Shampoo 500ml X 12,114,Personal Care & Beauty,HC+PC,5471,DERA,196,WEST AFRICA SEASONING COMPANY LIMITED
25917,XPRSSBRC1,X-pression Super Braid - Colour,114,Personal Care & Beauty,HC+PC,5472,X-PRESSION,282,Solpia Nigeria Limited
25918,XPRSSBRC27,X-pression Super Braid - Colour 27,114,Personal Care & Beauty,HC+PC,5472,X-PRESSION,282,Solpia Nigeria Limited
25929,XPRSSBRC33,X-pression Super Braid - Colour 33,114,Personal Care & Beauty,HC+PC,5472,X-PRESSION,282,Solpia Nigeria Limited
25930,XPRSRBRC1,X-pression Rich Braid - Colour,114,Personal Care & Beauty,HC+PC,5472,X-PRESSION,282,Solpia Nigeria Limited
25931,XPRSRBRC2,X-pression Rich Braid - Colour,114,Personal Care & Beauty,HC+PC,5472,X-PRESSION,282,Solpia Nigeria Limited
25932,XPRSRBRC30,X-pression Rich Braid - Colour 30,114,Personal Care & Beauty,HC+PC,5472,X-PRESSION,282,Solpia Nigeria Limited
25933,XPRSRBRC33,X-pression Rich Braid - Colour 33,114,Personal Care & Beauty,HC+PC,5472,X-PRESSION,282,Solpia Nigeria Limited
25934,XPRSRBAZ,X-pression Rich Braid - Azure,114,Personal Care & Beauty,HC+PC,5472,X-PRESSION,282,Solpia Nigeria Limited
25935,XPRSUBRC1,X-pression Ultra Braid- Colours,114,Personal Care & Beauty,HC+PC,5472,X-PRESSION,282,Solpia Nigeria Limited
25936,XPRSUBRC2,X-pression Ultra Braid - Colours,114,Personal Care & Beauty,HC+PC,5472,X-PRESSION,282,Solpia Nigeria Limited
25937,XPRSUBRC33,X-pression Ultra Braid - Colours 33,114,Personal Care & Beauty,HC+PC,5472,X-PRESSION,282,Solpia Nigeria Limited
25938,XPRSUBRC35,X-pression Ultra Braid - Colours 35,114,Personal Care & Beauty,HC+PC,5472,X-PRESSION,282,Solpia Nigeria Limited
25939,XPRSLBRC2,X-pression Lagos Braid - Colour,114,Personal Care & Beauty,HC+PC,5472,X-PRESSION,282,Solpia Nigeria Limited
26345,XPRSBAT330GB1,"X-pression Super Braid Attachment 330g X 100"" - Black  X",114,Personal Care & Beauty,HC+PC,5472,X-PRESSION,282,Solpia Nigeria Limited
26346,XPRSBAT330GC613,"X-pression Super Braid Attachment 330g X 100"" - Colour 613 X",114,Personal Care & Beauty,HC+PC,5472,X-PRESSION,282,Solpia Nigeria Limited
26347,XPRSBAT330GC2,"X-pression Super Braid Attachment 330g X 100"" - Colour 2  X",114,Personal Care & Beauty,HC+PC,5472,X-PRESSION,282,Solpia Nigeria Limited
26348,XPRSBAT330GC33,"X-pression Super Braid Attachment 330g X 100"" - Colour 33  X",114,Personal Care & Beauty,HC+PC,5472,X-PRESSION,282,Solpia Nigeria Limited
26349,XPRULBAT165GB1,"X-pression Ultra Braid Attachment 165g X 82"" - Black  X",114,Personal Care & Beauty,HC+PC,5472,X-PRESSION,282,Solpia Nigeria Limited
26350,XPRULBAT165GC2,"X-pression Ultra Braid Attachment 165g X 82"" - Colour 2  X",114,Personal Care & Beauty,HC+PC,5472,X-PRESSION,282,Solpia Nigeria Limited
26351,XPRULBAT165GC27,"X-pression Ultra Braid Attachment 165g X 82"" - Colour 27  X",114,Personal Care & Beauty,HC+PC,5472,X-PRESSION,282,Solpia Nigeria Limited
26352,XPRULBAT165GC33,"X-pression Ultra Braid Attachment 165g X 82"" - Colour 33  X",114,Personal Care & Beauty,HC+PC,5472,X-PRESSION,282,Solpia Nigeria Limited
26353,XPRULBAT165GC35,"X-pression Ultra Braid Attachment 165g X 82"" - Colour 35  X",114,Personal Care & Beauty,HC+PC,5472,X-PRESSION,282,Solpia Nigeria Limited
26354,XPRULBAT165GC99J,"X-pression Ultra Braid Attachment 165g X 82"" - Colour 99j X",114,Personal Care & Beauty,HC+PC,5472,X-PRESSION,282,Solpia Nigeria Limited
26355,XPRULBAT165GC350,"X-pression Ultra Braid Attachment 165g X 82"" - Colour 350  X",114,Personal Care & Beauty,HC+PC,5472,X-PRESSION,282,Solpia Nigeria Limited
26356,XPR3XPSBAT240GB1,"X-pression 3x Pre Stretched Braids Attachment 240g X 50"" - B X",114,Personal Care & Beauty,HC+PC,5472,X-PRESSION,282,Solpia Nigeria Limited
26357,XPR3XPSBAT240GCT1BG,"X-pression 3x Pre Stretched Attachment 240g X 50"" - T1-bg X",114,Personal Care & Beauty,HC+PC,5472,X-PRESSION,282,Solpia Nigeria Limited
26358,XPRDAT240GCT1/350,"X-pression Double Attachment 300g X 50"" - Colour T1/350  X",114,Personal Care & Beauty,HC+PC,5472,X-PRESSION,282,Solpia Nigeria Limited
26359,XPRDAT240GCT1/33R,"X-pression Double Attachment 300g X 50"" - Colour T1/33r  X",114,Personal Care & Beauty,HC+PC,5472,X-PRESSION,282,Solpia Nigeria Limited
26360,XPRDAT300GCT1/30R,"X-pression Double Attachment 300g X 50"" - Colour T1/30r X",114,Personal Care & Beauty,HC+PC,5472,X-PRESSION,282,Solpia Nigeria Limited
26361,XPREZKBAT200GB1,"X-pression Ez Knotless Braids Attachment 200g X 65"" - Black  X",114,Personal Care & Beauty,HC+PC,5472,X-PRESSION,282,Solpia Nigeria Limited
26362,XPREZKBAT200GC27,"X-pression Ez Knotless Braids Attachment 200g X 65""-color27 X",114,Personal Care & Beauty,HC+PC,5472,X-PRESSION,282,Solpia Nigeria Limited
26363,XPREZKBAT200GC33,"X-pression Ez Knotless Braids Attachment 200g X 65""-colour33 X",114,Personal Care & Beauty,HC+PC,5472,X-PRESSION,282,Solpia Nigeria Limited
26364,XPREZKBAT200GC35,"X-pression Ez Knotless Braids Attachment 200g X 65""-colour35 X",114,Personal Care & Beauty,HC+PC,5472,X-PRESSION,282,Solpia Nigeria Limited
26365,XPREZKBAT200GC39,"X-pression Ez Knotless Braids Attachment 200g X 65""-colour39 X",114,Personal Care & Beauty,HC+PC,5472,X-PRESSION,282,Solpia Nigeria Limited
26366,XPRLAGBAT170GB1,"X-pression Lagos Braid Attachment 170g X 42"" - Black  X",114,Personal Care & Beauty,HC+PC,5472,X-PRESSION,282,Solpia Nigeria Limited
26367,XPRLAGBAT170GCT1/27,"X-pression Lagos Braid Attachment 170g X 42"" - Colour T1/27  X",114,Personal Care & Beauty,HC+PC,5472,X-PRESSION,282,Solpia Nigeria Limited
44937,CLORBLCH75ML,Clor Regular Bleach 75ml X 100 + 5,108,Home Care and Laundry,HC+PC,6337,CLOR,230,EXTREME MANUFACTURING NIG LTD
44974,AMBENGCAN25CL,Amber Energy Can Drink 25cl X 24,106,Drinks,Beverages,6338,AMBER,793,AMBER DRINKS LIMITED
44976,AMBENGPET50CL,Amber Energy Pet Drink 50cl X 12,106,Drinks,Beverages,6338,AMBER,793,AMBER DRINKS LIMITED
45010,UTOMA4000ML,Uto Mayonnaise 4000ml X 4,105,Condiments,Food,6339,UTO,794,THE AGRIC & CULTURE COMPANY
45008,RBSRINK1KG,Rainbow Sprinkler 1kg X 1,100,Baking ,Commodities,6340,Rainbow Sprinkler,795,Baking Accessories
45038,FRTHIS250G,Frolic Thousand Island 250g  X 12,105,Condiments,Food,6341,Frolic,796,Zaika Foods Limited
45866,FBS410GX12,Frolic Barbecue Sauce 410g X 12,105,Condiments,Food,6341,Frolic,796,Zaika Foods Limited
53227,FSC250GX12,Frolic Salad Cream 250g X 12,105,Condiments,Food,6341,Frolic,796,Zaika Foods Limited
45042,PAMOS340GX2,Pam Canola Oil Spray 340g X 2,135,Oil,Food,6342,PAM,797,Conagra Brands
45044,AANIALM750GX1,Aani Almonds Nuts 750g X 1,144,dry fruit,Commodities,6343,Aani,798,Aani Foods
45062,SDPSUPCHK70G,Sedaap Supreme Tasty Chicken 70g X 40,129,Noodles,Food,6344,Sedaap Supreme,659,EUROMEGA
45064,SDSUPCHI100G,Sedaap Supreme Tasty Chicken 100g X 40,129,Noodles,Food,6344,Sedaap Supreme,659,EUROMEGA
45066,SDPSUPCHK120G,Sedaap Supreme Tasty Chicken 120g X 40,129,Noodles,Food,6344,Sedaap Supreme,659,EUROMEGA
45068,SDPSUPSPI72G,Sedaap Supreme Rich Spice 72g X 40,129,Noodles,Food,6344,Sedaap Supreme,659,EUROMEGA
45070,SDPSUPSPI122G,Sedaap Supreme Rich Spice 122g X 40 X 40,129,Noodles,Food,6344,Sedaap Supreme,659,EUROMEGA
45076,AJWAPARBOILEDRICE50K,Ajwa Pemium Parbioled Long Grain Rice  50kg X 1  X 1,152,Rice,Commodity,6345,AJWA FARMING & PROCESSING ENTERPRISE  ,799,AJWA FARMING & PROCESSING ENTERPRISE  
45078,LAVCOF250GX1,Lavazza Espresso Blended Italian Coffee 250g  X 1,104,Coffee & Tea,Food,6346,Lavazza,800,Lavazza Italian Coffee Company
45090,BAMTOOT12X40,Bamboo Toothpick 12 X 40,108,Home Care and Laundry,HC+PC,6347,Toothpick,801,Nature Bamboo Toothpick
54155,WRPTPK1000X1,Wrapped Toothpick 1000 X 1,108,Home Care and Laundry,HC+PC,6347,Toothpick,801,Nature Bamboo Toothpick
54158,WGC750MLX12,?windolene Glass Cleaner 750ml X 12,108,Home Care and Laundry,HC+PC,6348,Limpo Clean,802,Limpo Ventures
55067,LGC750MLX12,Limpo Glass Cleaner 750ml X 12,108,Home Care and Laundry,HC+PC,6348,Limpo Clean,802,Limpo Ventures
45092,LIMFLCL4LTRX4,Limpo Floor Cleaner 4ltr X 4,108,Home Care and Laundry,HC+PC,6348,Limpo Clean,802,Limpo Ventures
45096,NIGDIS4LTRX1,Nigertol Disinfectant 4ltr X 1,108,Home Care and Laundry,HC+PC,6349,NIGERTOL,803,NIGERTOL LIMITED
45102,FACTOWX12,Face Towel  X 12,108,Home Care and Laundry,HC+PC,6350,Face Towel,804,Towel
54325,FACTOWELX1,Face Towel  X 1,108,Home Care and Laundry,HC+PC,6350,Face Towel,804,Towel
54403,LFACETX1,Long Face Towel X 1,108,Home Care and Laundry,HC+PC,6350,Face Towel,804,Towel
45104,HAIRNET100X20,Hair Nets 100  X 20,108,Home Care and Laundry,HC+PC,6351,HAIR NETS,805,HAIRNETS
45106,SCOPD5X12,Scouring Pad 5 X 12,108,Home Care and Laundry,HC+PC,6352,Scouring Pad,806,Emilly Limited
53268,SPF10X1,Scouring Pad Foam 10 X 1,108,Home Care and Laundry,HC+PC,6352,Scouring Pad,806,Emilly Limited
45108,WPF100X30,White Plastic Fork 100  X 30,108,Home Care and Laundry,HC+PC,6353,White Fork,807,Plastic Cutlery
45184,ACEROO50cl,Ace Root 24 * 50cl ,106,Drinks,Beverages,6362,ACE,2,NIGERIAN BREWERIES PLC
45225,GERAWA50KGX1,Gerawa Premium Perboiled Rice 50kgx 1,152,Rice,Commodity,6373,GERAWA,813,ANWAR SHEU FARMS
45247,IZAL140ML,Izal Germicide 140g X 36,108,Home Care and Laundry,HC+PC,6376,Izal ,823,Newton Chambers & Co
45253,DELFBLWH75CL,Delta Force Blue Whisky 75cl X 12,106,Drinks,Beverages,6380,DELTAFORCE,824,Delta Distrilleries PVT. LTD
46120,DELFBLWH75CLX2,Delta Force Blue Whisky 75cl X 2,106,Drinks,Beverages,6380,DELTAFORCE,824,Delta Distrilleries PVT. LTD
45266,SARAFRICE50KGX1,Sarafaa Rice 50kg X X 1,152,Rice,Commodity,6381,SARAFAA,825,FBB RICE MILL NIGERIA LTD.
45268,PATRIOTRICE50KG,Patriot Rice 50kg X 1 X 1,152,Rice,Commodity,6382,PATRIOT,13,WEST AFRICAN COTTON COMPANY (WACOT)
54044,SOFWAVTIS,Softwave White Tissue 8 X 6,108,Home Care and Laundry,HC+PC,6384,SOFTWAVE,60,BEL IMPEX LIMITED
45273,SWWSX18,Softwave White Serviette X 18,108,Home Care and Laundry,HC+PC,6384,SOFTWAVE,60,BEL IMPEX LIMITED
46036,SOFTWSX36,Softwave White Serviette X 36,108,Home Care and Laundry,HC+PC,6384,SOFTWAVE,60,BEL IMPEX LIMITED
45275,STPSW100X30,Sacvin Takeaway Plastic Spoon White 100 X 30,108,Home Care and Laundry,HC+PC,6385,White Plastic Spoon,807,Plastic Cutlery
46309,STPSW100X20,Sacvin Takeaway Plastic Spoon White 100 X 20,108,Home Care and Laundry,HC+PC,6385,White Plastic Spoon,807,Plastic Cutlery
55094,DSB150MLX1,Disposable Salad Bowl 150ml X 1,108,Home Care and Laundry,HC+PC,6386,Plastic Bowl,807,Plastic Cutlery
45277,DSB150ML,Disposable Salad Bowl 150ml X 500,108,Home Care and Laundry,HC+PC,6386,Plastic Bowl,807,Plastic Cutlery
46327,SCB360MLX500,Salad / Coleslaw Bow 360ml X 500,108,Home Care and Laundry,HC+PC,6386,Plastic Bowl,807,Plastic Cutlery
54400,PSB500MLX12,Pepper Soup Bowl 1000ml X 12,108,Home Care and Laundry,HC+PC,6386,Plastic Bowl,807,Plastic Cutlery
45287,PAREXCLRICE,Par Excellence Rice 45.36kg  X 1,152,Rice,Commodity,6387,Par Excellence ,583,GM FOOD INDUSTRIES LTD
44595,KIABORGURICE50KG,Kiara's Borgu Nigerian Parboiled Rice 50kg  X 1,152,Rice,Commodity,6388,KIARA,338,KIARA RICE MILLS LTD
44599,KIARARICENG50KG,Kiara's Proudly Nigerian Parboiled Rice 50kg  X 1,152,Rice,Commodity,6388,KIARA,338,KIARA RICE MILLS LTD
44613,KIARAFRIKING50KG,Kiara African King Rice 50kg  X 1,152,Rice,Commodity,6388,KIARA,338,KIARA RICE MILLS LTD
44615,KIARARED50KG,Kiara Red Eagle 50kg  X 1,152,Rice,Commodity,6388,KIARA,338,KIARA RICE MILLS LTD
45299,EURBL50GX40,Euroma Bay Leaves 50g X 40,117,Seasoning cubes & Spices,Food,6389,EUROMA,829,EUROMA
46289,EUROCUR100GX30,Euroma Curry 100g X 30,117,Seasoning cubes & Spices,Food,6389,EUROMA,263,TIGER FOODS LIMITED
46281,EBL125GX1,Euroma Bay Leaves 125g X 1,117,Seasoning cubes & Spices,Food,6389,EUROMA,263,TIGER FOODS LIMITED
46283,EBL125GX10,Euroma Bay Leaves 125g X 10,117,Seasoning cubes & Spices,Food,6389,EUROMA,263,TIGER FOODS LIMITED
45305,WPRKB400G,White Pearl Red Kidney Beans 400g X 12,105,Condiments,Food,6390,White Pearl,830,White Pearl Foods
45436,RKDB400GX12,Red Kidney Beans 400g X 12,105,Condiments,Food,6390,White Pearl,830,White Pearl Foods
45923,PRKB200GX24,Pearl Red Kidney Beans 200g X 24 ,105,Condiments,Food,6390,White Pearl,830,White Pearl Foods
45336,BOBOAPPL180ML,Bobo Apple Milk Drink 180ml X 24 ,106,Drinks,Beverages,6394,BOBO,833,BOBO FOODS AND BEVERAGES
45344,YUGOPLN500ML,Yugo Plain Yoghurt Drink 500ml X 12 ,106,Drinks,Beverages,6394,BOBO,833,BOBO FOODS AND BEVERAGES
45346,BOBORNG180ML,Bobo Orange Milk Drink 180ml X 24 ,106,Drinks,Beverages,6394,BOBO,833,BOBO FOODS AND BEVERAGES
45348,BOBOVNLA180ML,Bobo Vanilla Milk Drink 180ml X 24 ,106,Drinks,Beverages,6394,BOBO,833,BOBO FOODS AND BEVERAGES
45350,YUGOAPPL500ML,Yugo Apple Yoghurt Drink 500ml X 12 ,106,Drinks,Beverages,6394,BOBO,833,BOBO FOODS AND BEVERAGES
45352,YUGOBANA500ML,Yugo Banana Yoghurt Drink 500ml X 12 ,106,Drinks,Beverages,6394,BOBO,833,BOBO FOODS AND BEVERAGES
45354,YUGOMXD500ML,Yugo Mixed Yoghurt Drink 500ml X 12 ,106,Drinks,Beverages,6394,BOBO,833,BOBO FOODS AND BEVERAGES
45356,YUGOPLN330ML,Yugo Plain Yoghurt Drink 330ml X 12 ,106,Drinks,Beverages,6394,BOBO,833,BOBO FOODS AND BEVERAGES
45358,YUGOAPPL330ML,Yugo Apple Yoghurt Drink 330ml X 12 ,106,Drinks,Beverages,6394,BOBO,833,BOBO FOODS AND BEVERAGES
45360,YUGOBANA330ML,Yugo Banana Yoghurt Drink 330ml X 12,106,Drinks,Beverages,6394,BOBO,833,BOBO FOODS AND BEVERAGES
45362,YUGOMXD330ML,Yugo Mixed Yoghurt Drink 330ml X 12 ,106,Drinks,Beverages,6394,BOBO,833,BOBO FOODS AND BEVERAGES
53615,nutrigran,Nutrisnax Nutribar 20gr X 72,101,Biscuits & Sweets,Food,6397,Nutrisnax,836,NUTRIFOODS GHANA LIMITED
45426,COSTUSRICE50KG,Costus Rice 50kg X 1,152,Rice,Commodity,6400,COSTUS,837,Rice Field Agri Industries Limited 
45432,SANITOLHW500ML,Sanitol Hand Wash 500ml X 12,108,Home Care and Laundry,HC+PC,6401,SANITOL,838,CLEANEAT
45434,EASYONSTARCH567G,Easy On Spray Starch 567g X 12,108,Home Care and Laundry,HC+PC,6402,EASYON,839,"Guangdong Dream Fine Daily Chemical Co., Ltd."
45507,BGINSECT300ML,Baygon Insecticide 300ml X 20,108,Home Care and Laundry,HC+PC,6404,BAYGON,840,RECKIT
45444,BAYGONSTICIDE500ML,Baygon Insecticide 500ml X 12,108,Home Care and Laundry,HC+PC,6404,BAYGON,6,RECKITT
45446,7TO7COCONUT40G,Mamuda 7 To 7 Coconut Biscuit 40g X 48,101,Biscuits & Sweets,Food,6405,MAMUDA FOODS,103,Mamuda Groups of Companies
45475,BNCINSECTICIDE300ML,Bnc Insecticide 350ml  X 24,108,Home Care and Laundry,HC+PC,6406,BNC,387,GONGONI COMPANY
45479,ANGELBABYWIPE,Angel Wipes X 24,99,Baby Care,HC+PC,6407,LITTLE ANGEL,845,SOLSTAN NIGERIA LIMITED
45495,SPLSS150GX20,Splash Strawberry Sweet 150g X 20,123,"Snacks, Sweets & Wafers",Food,6408,Splash Strawberry,846,Sweetco Foods Ltd
45497,NOMPS250GX24,Niceone Multi-purpose Soap 250g X 24,108,Home Care and Laundry,HC+PC,6409,NICEONE,847,Fromatoz Limited
45499,CHSB33GX48,Choco Snaps Biscuit 33g X 48,101,Biscuits & Sweets,Food,6410,CHOCO SNAP,842,MAMUDA FOODS
45505,ABPYF900G,Ade-bisi Poundo Yam Flour 900g X 10,153,Swallow,Commodities,6411,Ade-Bisi,848,Adebisi Foods
45509,LUCBELAROSE75CL,Belaire Rose 75cl X 6,106,Drinks,Beverages,6412,LUC BELAIRE RARE,849,SOVEREIGN BRAND
45511,LUCBELFANTOME75CL,Belaire Rose Fantome 75cl X 6,106,Drinks,Beverages,6412,LUC BELAIRE RARE,849,SOVEREIGN BRAND
45527,DEVINA75CL,De Vina Sparkling Wine 75cl X 12,106,Drinks,Beverages,6414,DE VINA,851,DE VINA DRINKS
45531,TEEZERSLIME40CL,Teezers Lime & Lemon 40cl X 12 ,106,Drinks,Beverages,6415,TEEZERS,4,INTERCONTINENTAL DISTILLERS LIMITED (IDL)
45533,TEEZERSORNG40CL,Teezers Orange 40 Cl X12 ,106,Drinks,Beverages,6415,TEEZERS,4,INTERCONTINENTAL DISTILLERS LIMITED (IDL)
45535,TEEZERSLMN40CL,Teezers Lemon & Ginger 40 Cl X12 ,106,Drinks,Beverages,6415,TEEZERS,4,INTERCONTINENTAL DISTILLERS LIMITED (IDL)
45539,TEEZERSAPPL40CL,Teezers Apple 40 Cl X12 ,106,Drinks,Beverages,6415,TEEZERS,4,INTERCONTINENTAL DISTILLERS LIMITED (IDL)
45537,ARIZONAWM650G,Arizona Watermelon Juice 650g X 24,106,Drinks,Beverages,6416,ARIZONA,852,ARIZONA BEVERAGES
45543,OCEANSPCRAN1LIT,Ocean Spray Cranberry Juice 1liter X 12,106,Drinks,Beverages,6417,OCEAN SPRAY FRUITS JUICE,853,Ocean Spray
45555,JWTF80G,John West Tuna Fish 80g X 48,105,Condiments,Food,6420,John West,854,John West Foods
45560,HAKEFISH,Hake Fish 10kg X 1,107,Fresh Food,Fresh Food,6421,Hake,507,Aim Distribution
45564,TPOSP50MM,Thermal Pos Paper 50mm X 30m ,108,Home Care and Laundry,HC+PC,6422,POS Paper Roll,855,Thermal Paper
54277,TPP80MMX10,Thermal Pos Paper 80mm X 10,108,Home Care and Laundry,HC+PC,6422,POS Paper Roll,855,Thermal Paper
54406,TPP80MMX5,Thermal Pos Paper 80mm X 5,108,Home Care and Laundry,HC+PC,6422,POS Paper Roll,855,Thermal Paper
45602,LAMAYO946ML,La Mayo Mayonnaise 946ml X 12,105,Condiments,Food,6425,La Mayo,49,APPLE & PEARS LTD
53617,ttpo12,Tasty Tom Onion & Pepper  Mix 60gr X 50 (half Carton),117,Seasoning cubes & Spices,Food,6426,TASTY TOM TOMATO,836,NUTRIFOODS GHANA LIMITED
53618,TTPO60,Tasty Tom Onion & Pepper  Mix 60gr X 100,117,Seasoning cubes & Spices,Food,6426,TASTY TOM TOMATO,836,NUTRIFOODS GHANA LIMITED
45613,DEVIVO25LTR,De-vino Pure Vegetable Oil 25ltr X 1,135,Oil,Food,6427,De Vino,857,De Unique Global Concept
45617,TOOCLEAN,Too Clean Multipurpose Soap 250g X 24,108,Home Care and Laundry,HC+PC,6428,MAMUDA CARE,103,Mamuda Groups of Companies
45641,FESTOCH24G,Festo Chocolate Milk Shortcake 24g X 48 Pkt ,101,Biscuits & Sweets,Food,6429,FESTOS,233,Parle
45643,QUAKEROAT350G,Quaker Oat 350g X 16,103,Cereal & Breakfast,Food,6430,QUAKER OAT,858,QUAKER
45663,VBCHP30CL,Vibe Chapman Pet Bottle 30cl X 12 ,106,Drinks,Beverages,6432,VIBE,1,SEVEN-UP BOTTLING COMPANY
45669,EGESE50CL,Empties Glass Bottle + Crate 50cl X 24 ,106,Drinks,Beverages,6433,EMPTIES,1,SEVEN-UP BOTTLING COMPANY
45671,EGESE35CL,Empties Glass Bottle + Crate 35cl X 24 ,106,Drinks,Beverages,6433,EMPTIES,1,SEVEN-UP BOTTLING COMPANY
45673,EGESE25CL,Empties Glass Bottle + Crate 25cl X 24 ,106,Drinks,Beverages,6433,EMPTIES,1,SEVEN-UP BOTTLING COMPANY
45691,PUCKCT120GX40,Puck Cheese Triangle 120g X 40,133,Dairy,Food,6434,Puck,179,TG ARLA
45701,SKCM25X39,Skiddo Celebration Milk 25g X 39 ,118,Snacks and Chin Chin,Food,6435,SKIDDO,860,Fumman
45703,SKSC25X39,Skiddo Star Crunch 25g X 39 ,118,Snacks and Chin Chin,Food,6435,SKIDDO,860,Fumman
45787,BRACIVINE473ML,Bragg Apple Cider Vinegar 473ml  X 12,105,Condiments,Food,6436,BRAGG,861,BRAGG LIVE FOOD PRODUCT
45791,NISSINB200G,Nissin Butter Coconut Biscuit 200g X 24,101,Biscuits & Sweets,Food,6437,NISSIN,862,MONDE NISSIN CORPORATION
45824,BAKEWELL50KG,Bakewell Flour 50kg X 1,124,Flour,Commodities,6442,Bakewell,27,CROWN FLOUR MILL LIMITED
45878,MPH500G,Maling Pure Honey 500g  X 12,105,Condiments,Food,6443,Maling,864, MALING APICULTURE
45962,GCSWEETCORN340G,Golden Country Sweet Corn 340g X 12,105,Condiments,Food,6446,GOLDEN COUNTRY,866,ANABET LIZZY
45964,FOLAY002,Pocco Bunnies 350g X 12,103,Cereal & Breakfast,Food,6447,POCCO CEREAL,868,Folay Foods
45966,FOLAY001,Pocco Cornflakes 350g X 12,103,Cereal & Breakfast,Food,6447,POCCO CEREAL,868,Folay Foods
46188,POBUN25G,Pocco Bunnies 25g X 120 ,103,Cereal & Breakfast,Food,6447,POCCO CEREAL,868,Folay Foods
46190,POCOFK25G,Pocco Cornflakes 25g X 120,103,Cereal & Breakfast,Food,6447,POCCO CEREAL,868,Folay Foods
46000,SCUP100X20,Sauce Cup 100 X 20,108,Home Care and Laundry,HC+PC,6448,Sauce Cup,807,Plastic Cutlery
46002,FPMEDIUMX10,Foil Plate Medium  X 10,108,Home Care and Laundry,HC+PC,6449,Foil Plate,807,Plastic Cutlery
46006,FPBIGX5,Foil Plate Big X 5,108,Home Care and Laundry,HC+PC,6449,Foil Plate,807,Plastic Cutlery
46004,TURAMED66G,Tura Medicated 65g X 144,114,Personal Care & Beauty,HC+PC,6450,TURA,869,TURA INTERNATIONAL LTD
46008,FRESHGLOW130G,Freshglow 130g X 48,114,Personal Care & Beauty,HC+PC,6451,FRESH GLOW,272,GODREJ CONSUMER PRODUCTS LIMITED
46038,MARQUBUTTER200G,Marquis Unsalted Butter 200g  X 20,134,Margarine,Commodities,6452,MARQUIS,871,ELLE & VIRE
46061,ZAVAYOG250MLX24,Vanilla Yoghurt 250ml X 24 ,133,Dairy,Food,6454,ZAYITH,873,ZAYITH FOOD COMPANY
46063,ZASTYOG250MLX24,Strawberry Yoghurt 250ml X 24 ,133,Dairy,Food,6454,ZAYITH,873,ZAYITH FOOD COMPANY
46065,ZAVAYOG500MLX12,Vanilla Yoghurt 500ml X 12 ,133,Dairy,Food,6454,ZAYITH,873,ZAYITH FOOD COMPANY
46067,ZASTYOG500MLX12,Strawberry Yoghurt 500ml X 12 ,133,Dairy,Food,6454,ZAYITH,873,ZAYITH FOOD COMPANY
46069,ZALFGYS500MX12,Low Fat Greek Yoghurt Sweetened 500ml X 12,133,Dairy,Food,6454,ZAYITH,873,ZAYITH FOOD COMPANY
46071,ZALFGYUS500MX12,Low Fat Greek Yoghurt Unsweetened 500ml X 12 ,133,Dairy,Food,6454,ZAYITH,873,ZAYITH FOOD COMPANY
46073,ZALFGYS1LTRX6,Low Fat Greek Yoghurt Sweetened 1 Ltr X 6,133,Dairy,Food,6454,ZAYITH,873,ZAYITH FOOD COMPANY
46075,ZALFGYUS1LTRX6,Low Fat Greek Yoghurt Unsweetened 1 Ltr X 6,133,Dairy,Food,6454,ZAYITH,873,ZAYITH FOOD COMPANY
46077,ZAHPGYS500MX12,High Protein Greek Yoghurt Sweetened 500ml X 12 ,133,Dairy,Food,6454,ZAYITH,873,ZAYITH FOOD COMPANY
46079,ZAHPGYUS500MX12,High Protein Greek Yoghurt Unsweetened 500ml X 12 ,133,Dairy,Food,6454,ZAYITH,873,ZAYITH FOOD COMPANY
46081,ZAHPGYS1LTRX6,High Protein Greek Yoghurt Sweetened 1 Ltr X 6 ,133,Dairy,Food,6454,ZAYITH,873,ZAYITH FOOD COMPANY
46083,ZAHPGYUS1LTRX6,High Protein Greek Yoghurt Unsweetened 1 Ltr X 6 ,133,Dairy,Food,6454,ZAYITH,873,ZAYITH FOOD COMPANY
54818,ZAYITHVNDRHFCTN250ML,Zayith Vanilla Drinkable Yoghurt 250ml Half Ctn X 12,107,Fresh Food,Fresh Food,6454,ZAYITH,873,ZAYITH FOOD COMPANY
54667,ZAYSTRDRYGTHCT500ML,Zayith Strawberry Drinkable Yoghurt 500ml Half Carton  X 6,107,Fresh Food,Fresh Food,6454,ZAYITH,873,ZAYITH FOOD COMPANY
54670,ZAYVANYGTHFCT500ML,Zayith Vanilla Drinkable Yoghurt Half Carton 500ml X 6,107,Fresh Food,Fresh Food,6454,ZAYITH,873,ZAYITH FOOD COMPANY
54622,ZAYLWFATGRKHALF500ML,Zayith Low Fat Swtnd Greek Yoghurt 500ml - Half Carton X 6,107,Fresh Food,Fresh Food,6454,ZAYITH,873,ZAYITH FOOD COMPANY
54625,ZAYLWFATUNSWTND500ML,Zayith Low Fat Unswtnd Greek Yoghurt 500ml Half Carton X 6,107,Fresh Food,Fresh Food,6454,ZAYITH,873,ZAYITH FOOD COMPANY
54628,ZAYHGHPRSWTHALF500ML,Zayith High Protein Swtnd Greek Yoghurt 500ml Half Carton X 6,107,Fresh Food,Fresh Food,6454,ZAYITH,873,ZAYITH FOOD COMPANY
54631,ZAYHGHPRHALF500ML,Zayith High Protein Unswtd Greek Yoghurt 500ml Half Carton X 6,107,Fresh Food,Fresh Food,6454,ZAYITH,873,ZAYITH FOOD COMPANY
54634,ZAYSTRYGTHFC250ML,Zayith Strawberry Drinkable Yoghurt 250ml Half Carton X 12,107,Fresh Food,Fresh Food,6454,ZAYITH,873,ZAYITH FOOD COMPANY
54984,ZAYLFPCS500ML,Zayith Low Fat Sweetened Yoghurt Per Pcs 500ml X 1,107,Fresh Food,Fresh Food,6454,ZAYITH,873,ZAYITH FOOD COMPANY
53330,ZAYVAN250ML,Zayith Drinkable Vanilla Yoghurt 250ml X 24,107,Fresh Food,Fresh Food,6454,ZAYITH,873,ZAYITH FOOD COMPANY
53334,ZAYYOGVAN250ML,Zayith Strawberry Yoghurt 250ml X 24,107,Fresh Food,Fresh Food,6454,ZAYITH,873,ZAYITH FOOD COMPANY
53337,ZAYVANYOG500ML,Zayith Vanilla Yoghurt 500ml X 12,107,Fresh Food,Fresh Food,6454,ZAYITH,873,ZAYITH FOOD COMPANY
53340,ZAYSTRWYOG500ML,Zayith Strawberry Yoghurt 500ml X 12,107,Fresh Food,Fresh Food,6454,ZAYITH,873,ZAYITH FOOD COMPANY
53343,ZAYLWFATSWE500L,Zayith Low Fat Sweetened Greek Yoghurt 500ml X 12,107,Fresh Food,Fresh Food,6454,ZAYITH,873,ZAYITH FOOD COMPANY
53346,ZAYUNSWLWFATYOG500ML,Zayith Low  Fat Greek Yoghurt Unsweetened 500ml X 12,107,Fresh Food,Fresh Food,6454,ZAYITH,873,ZAYITH FOOD COMPANY
53349,ZAYLWFATSWTN1L,Zayith Low Fat Greek Yoghurt Sweetened 1l X 6,107,Fresh Food,Fresh Food,6454,ZAYITH,873,ZAYITH FOOD COMPANY
53352,ZAYHIPRSWYG500ML,Zayith High Protein Sweetened Greek Yoghurt 500ml X 12,107,Fresh Food,Fresh Food,6454,ZAYITH,873,ZAYITH FOOD COMPANY
53355,ZAYHIPRTUNSGRK500ML,Zayith High  Protein Unsweetened Greek Yoghurt 500ml X 12,107,Fresh Food,Fresh Food,6454,ZAYITH,873,ZAYITH FOOD COMPANY
53358,ZAYHGPRTSWTGRK1L,Zayith High Protein Greek Sweetened Yoghurt 1l X 6,107,Fresh Food,Fresh Food,6454,ZAYITH,873,ZAYITH FOOD COMPANY
53361,ZAYHGHPRTUSWTGRK1L,Zayith High Protein Greek Unsweetened Yoghurt 1l X 6,107,Fresh Food,Fresh Food,6454,ZAYITH,873,ZAYITH FOOD COMPANY
53364,ZAYLWFATUNSGRK1L,Zayith Low Fat Greek Unsweetened Yoghurt 1l X 6,107,Fresh Food,Fresh Food,6454,ZAYITH,873,ZAYITH FOOD COMPANY
46085,LTK500GX12,Laziz Tomato Ketchup 500g X 12,105,Condiments,Food,6455,Laziz Ketchup,294,LAZIZ
46157,CPH500GX12,Commy's Pure Honey 500g X 12,105,Condiments,Food,6462,Commy's,877,Honey Communication Limited
46247,NPRW75CLX6,Nederburg Pinotage Red Wine 75cl X 6,106,Drinks,Beverages,6475,Nederburg Wine,879,Heineken Beverages S/A Limited
46249,CASMIGOTEQ75CL,Casamigos Tequila 75cl X 12,106,Drinks,Beverages,6476,CASAMIGOS,93,DIAGEO
46253,ANGBITERS200ML,Angostura Bitters 200ml X 12,106,Drinks,Beverages,6477,ANGOSTURA,880,HOUSE OF ANGOSTURA
46275,LORDSDRYGIN75CL,Lord Dry Gin 75cl X 12,106,Drinks,Beverages,6478,LORD'S,346,Grand Oak
46331,SNICKERS50GX24,Snickers Bar 50g  X 24,123,"Snacks, Sweets & Wafers",Food,6481,Snickers ,884,Snickers
46349,NIGTRAINWSKY75CL,Night Train Express Citrus Wine 75cl X 12,106,Drinks,Beverages,6482,NIGHT TRAIN,201,E & J Gallo Winery
46351,BOUTCHOC57G,Bounty Chocolate Bar 57g X 24,123,"Snacks, Sweets & Wafers",Food,6483,BOUNTY,885,MARS INC.
46353,SYRNEEDLE,5ml Needle And Syringe  X 24,121,Health ,HC+PC,6484,syringe,385,Shalina
46355,HAWAIIGLD200G,Hawaii Gold Premium Soap 200g  X 24,114,Personal Care & Beauty,HC+PC,6485,HAWAII,234,EVANS INDUSTRIES
46359,DOBCOLN100ML,Doobai Spray  Cologne 100ml  X 24,114,Personal Care & Beauty,HC+PC,6486,DOOBAI,886,ARD AL ZAAFARAAN
46363,BAYARANUT300G,Bayara Pistachios Salted 300g x 1 X 1,118,Snacks and Chin Chin,Food,6487,BAYARA ,887,BAYARA UAE
46365,NALWNS500,Nals Walnut Seed 500g  X 1,118,Snacks and Chin Chin,Food,6488,LULU,777,NALS
52584,MACEMIVEG400G,Macedonia Mixed Vegies 400g X 12,105,Condiments,Food,6489,MACEDOINE,889,A LEGAL
52626,MAMJOYFLR180G,Mama Joy Detergent Floral 180g X 26 ,108,Home Care and Laundry,HC+PC,6490,Mama Joy,103,Mamuda Groups of Companies
52629,MAMJOYLMN180G,Mama Joy Detergent Fresh Lemon 180g X 26 ,108,Home Care and Laundry,HC+PC,6490,Mama Joy,103,Mamuda Groups of Companies
52632,MAMJOYROS180G,Mama Joy Detergent Fresh Rose 180g X 26,108,Home Care and Laundry,HC+PC,6490,Mama Joy,103,Mamuda Groups of Companies
52610,MAMJOYFLR22G,Mama Joy Detergent Floral 22g X 162 ,108,Home Care and Laundry,HC+PC,6490,Mama Joy,103,Mamuda Groups of Companies
52613,MAMJOYLMN22G,Mama Joy Detergent Fresh Lemon 22g X 162,108,Home Care and Laundry,HC+PC,6490,Mama Joy,103,Mamuda Groups of Companies
52616,MAMJOYROS22G,Mama Joy Detergent Fresh Rose 22g X 162,108,Home Care and Laundry,HC+PC,6490,Mama Joy,103,Mamuda Groups of Companies
52657,BOUWHLCHK1KG,Bounty Whole Chicken 1.5kg- 1.0kg X 1,107,Fresh Food,Fresh Food,6492,BONTY,891,BOUNTY CHICKEN
52660,BOUCHKGIZ1KG,Bounty Chicken Gizzard 1.5kg - 1.0kg X 1,107,Fresh Food,Fresh Food,6492,BONTY,891,BOUNTY CHICKEN
52729,FIEEXTCRUFRI25KG,Fiesta Extra Crunchies Fries 2.5 Kg X 4,107,Fresh Food,Fresh Food,6493,FIESTA,892,SAYED FARMS
52823,FIEWHIFISFIL1KG,Fiesta White Fish Fillet 1kg X 10,107,Fresh Food,Fresh Food,6493,FIESTA,892,SAYED FARMS
52749,FIEUNSABUT200G,Fiesta Unsalted Butter 200g X 20,107,Fresh Food,Fresh Food,6493,FIESTA,892,SAYED FARMS
52751,FIEUNSABUT100G,Fiesta Unsalted Butter 100g X 40,107,Fresh Food,Fresh Food,6493,FIESTA,892,SAYED FARMS
52754,FIECOBABLEBUT200G,Fiesta Cook & Bake/butter Blend 200g X 20,107,Fresh Food,Fresh Food,6493,FIESTA,892,SAYED FARMS
52757,FIEUNSBUPOR8G,Fiesta Unsalted Butter Portions 8g X 100,107,Fresh Food,Fresh Food,6493,FIESTA,892,SAYED FARMS
52688,FIECUTCHI1KG, Fiesta Special Chicken -cut 4 (1.5kg -1.0kg) X 1,107,Fresh Food,Fresh Food,6493,FIESTA,892,SAYED FARMS
52691,FIEWHOCHI1KG,Fiesta Whole Chicken 2.0kg - 1.0kg X 1,107,Fresh Food,Fresh Food,6493,FIESTA,892,SAYED FARMS
52694,FIEORISAU340G,Fiesta Original Sausage 340g X 24,107,Fresh Food,Fresh Food,6493,FIESTA,892,SAYED FARMS
52697,FIEHOSPCHISAU340G,Fiesta Hot & Spicy Chicken Sausage 340g  X 24,107,Fresh Food,Fresh Food,6493,FIESTA,892,SAYED FARMS
52700,FIECHIFRANSAU250G,Fiesta Chicken Frankfurter 250g X 24,107,Fresh Food,Fresh Food,6493,FIESTA,892,SAYED FARMS
52712,FIEPOMFRI25KG,Fiesta Pommes Frites 2.5kg X 4,107,Fresh Food,Fresh Food,6493,FIESTA,892,SAYED FARMS
52715,FIEPOMFRI1KG,Fiesta Pommes Frites 1kg X 10,107,Fresh Food,Fresh Food,6493,FIESTA,892,SAYED FARMS
52718,FIEPOMALUFRI25KG,Fiesta Pommes Allumetes 2.5kg X 4,107,Fresh Food,Fresh Food,6493,FIESTA,892,SAYED FARMS
52721,FIEPOMALUFRI1KG,Fiesta Pommes Allumetes 1kg X 10,107,Fresh Food,Fresh Food,6493,FIESTA,892,SAYED FARMS
53412,FIESCHIBRST20KG,Fiesta Chicken Breast Kg X 1,107,Fresh Food,Fresh Food,6493,FIESTA,892,SAYED FARMS
53415,FIESTCHILAP,Fiesta Chicken Laps 1kg X 1,107,Fresh Food,Fresh Food,6493,FIESTA,892,SAYED FARMS
53726,FIEBREAST1KG,Fiesta Chicken Breast 1kg X 1,107,Fresh Food,Fresh Food,6493,FIESTA,892,SAYED FARMS
53846,FIESTCHFRNK250,Fiesta Chicken Frankfurter 250g X 24,107,Fresh Food,Fresh Food,6493,FIESTA,892,SAYED FARMS
54821,FIECUT4CHI,Fiesta Chicken Cut 4 2.0 -1.0kg X 10,107,Fresh Food,Fresh Food,6493,FIESTA,892,SAYED FARMS
54814,FISTCHWIN1KG,Fiesta Chicken Wings 1kg X 12,107,Fresh Food,Fresh Food,6493,FIESTA,892,SAYED FARMS
54047,EMBORGBSLICE200G,Emborg Perfect Burger Slices 200g X 24,133,Dairy,Food,6494,EMBORG,892,SAYED FARMS
54676,EMBWHITP1LBY6,Emborg Whip Topping 1l X 6,107,Fresh Food,Fresh Food,6494,EMBORG,892,SAYED FARMS
52709,EMBCHIFRAN340G,Emborg Chicken Franks 340g X 32,107,Fresh Food,Fresh Food,6494,EMBORG,892,SAYED FARMS
54574,EMBUHTFCM1L,Emborg Uht Full Cream 1l X 12,107,Fresh Food,Fresh Food,6494,EMBORG,892,SAYED FARMS
52703,EMBSPICHIFRA340G,Emborg Spicy Chicken Franks 340g X 32,107,Fresh Food,Fresh Food,6494,EMBORG,892,SAYED FARMS
52760,EMBCOBABUT200G,Emborg Cook & Bake Butter 200g X 20,107,Fresh Food,Fresh Food,6494,EMBORG,892,SAYED FARMS
52763,EMBBUT200G,Emborg Butter 200g X 20,107,Fresh Food,Fresh Food,6494,EMBORG,892,SAYED FARMS
52766,EMBSPRSALBUT225G,"Emborg Spreadable Salted, 75% Total Fat Portion 225g X 24",107,Fresh Food,Fresh Food,6494,EMBORG,892,SAYED FARMS
52769,EMBPORBUT8G,Emborg Butter Portion 8g X 24,107,Fresh Food,Fresh Food,6494,EMBORG,892,SAYED FARMS
52893,EMBCHSPIN450G,Emborg Chopped Spinach Portion 450g X 24,107,Fresh Food,Fresh Food,6494,EMBORG,892,SAYED FARMS
52780,EMBSPRUNSABUT225G,"Emborg Spreadable Unsalted, 75% Total Fat Portion 225g X 24",107,Fresh Food,Fresh Food,6494,EMBORG,892,SAYED FARMS
52783,EMBCOOCRE200ML,Emborg Cooking Cream 20% Uht 200ml X 27,107,Fresh Food,Fresh Food,6494,EMBORG,892,SAYED FARMS
52786,EMBCOOCRE1L,Emborg Uht Cooking Cream 20% 1 Ltr X 12,107,Fresh Food,Fresh Food,6494,EMBORG,892,SAYED FARMS
52789,EMBWHICRE1L,"Emborg Whipping Cream 35,1% Uht 1 Ltr X 12",107,Fresh Food,Fresh Food,6494,EMBORG,892,SAYED FARMS
52737,EMBSHOFRI1KG,Emborg French Fries Shoestring 1kg X 10,107,Fresh Food,Fresh Food,6494,EMBORG,892,SAYED FARMS
52740,EMBCRICUTFRI1KG,Emborg French Fries Crinkle Cut 1kg X 10,107,Fresh Food,Fresh Food,6494,EMBORG,892,SAYED FARMS
52743,EMBFREFRISTR25KG,Emborg French Fries Straight Cut 2.5kg X 4,107,Fresh Food,Fresh Food,6494,EMBORG,892,SAYED FARMS
52746,EMBSTRAFRI1KG,Emborg French Fries Straight Cut 1kg X 10,107,Fresh Food,Fresh Food,6494,EMBORG,892,SAYED FARMS
52826,EMBPEACARDICVEG450G,Emborg Peas And Carrots Diced 450g X 24,107,Fresh Food,Fresh Food,6494,EMBORG,892,SAYED FARMS
52829,EMBPECARDICVEG900G,Emborg Peas And Carrots Diced 900g X 12,107,Fresh Food,Fresh Food,6494,EMBORG,892,SAYED FARMS
52831,EMBGREPEA450G,Emborg Garden Peas 450g X 24,107,Fresh Food,Fresh Food,6494,EMBORG,892,SAYED FARMS
52834,EMBGREPEA900G,Emborg Garden Peas 900g X 12,107,Fresh Food,Fresh Food,6494,EMBORG,892,SAYED FARMS
52882,EMBSTRA450G,Emborg Strawberries 450g X 24,107,Fresh Food,Fresh Food,6494,EMBORG,892,SAYED FARMS
52884,EMBBLUEBER400G,Emborg Blueberries 400g X 20,107,Fresh Food,Fresh Food,6494,EMBORG,892,SAYED FARMS
52887,EMBRASPBER300G,Emborg Raspberries 300g X 20,107,Fresh Food,Fresh Food,6494,EMBORG,892,SAYED FARMS
52795,EMBWHICRE200ML,Emborg Whipping Cream 35.1% Uht 200ml X 27,107,Fresh Food,Fresh Food,6494,EMBORG,892,SAYED FARMS
52798,EMBWHITOP1KG,Emborg Whip Topping 1kg X 12,107,Fresh Food,Fresh Food,6494,EMBORG,892,SAYED FARMS
52800,EMBPERPASCRE1L,Emborg Perfect Pasta Cream 1l X 10,107,Fresh Food,Fresh Food,6494,EMBORG,892,SAYED FARMS
52803,EMBWHICRESPR250ML,Emborg Whipped Cream 30% Sweetened Spray 250ml X 12,107,Fresh Food,Fresh Food,6494,EMBORG,892,SAYED FARMS
52806,EMBCULCOO1L,Emborg Culinary Cooking 1l X 12,107,Fresh Food,Fresh Food,6494,EMBORG,892,SAYED FARMS
52808,EMBCOOWHI1KG,Emborg Cook & Whip 1kg X 12,107,Fresh Food,Fresh Food,6494,EMBORG,892,SAYED FARMS
52811,FIEMOZA23KG,Fiesta - Mozarella Blocks ±2.3 Kg X 4,107,Fresh Food,Fresh Food,6494,EMBORG,892,SAYED FARMS
52814,EMBCHETRI140G,Emborg Cheese Triangles 140g X 36,107,Fresh Food,Fresh Food,6494,EMBORG,892,SAYED FARMS
52816,EMBMILUHT1L,Emborg Milk Uht 1l X 12,107,Fresh Food,Fresh Food,6494,EMBORG,892,SAYED FARMS
52856,EMBSWECORN450G,Emborg Sweet Corn 450g X 24,107,Fresh Food,Fresh Food,6494,EMBORG,892,SAYED FARMS
52859,EMBMIXVEG450G,Emborg Mixed Vegetable 450g X 24,107,Fresh Food,Fresh Food,6494,EMBORG,892,SAYED FARMS
52862,EMBMIXVEG900G,Emborg Mixed Vegetable 900g X 12,107,Fresh Food,Fresh Food,6494,EMBORG,892,SAYED FARMS
52865,EMBBROMIX750G,Emborg Broccoli Mix 750g X 12,107,Fresh Food,Fresh Food,6494,EMBORG,892,SAYED FARMS
52868,EMBCUTBEAN450G,Emborg Cut Beans 450g X 24,107,Fresh Food,Fresh Food,6494,EMBORG,892,SAYED FARMS
52870,EMBBROC450G,Emborg Broccoli 450g X 20,107,Fresh Food,Fresh Food,6494,EMBORG,892,SAYED FARMS
52873,EMBEDAMSOY400G,"Emborg Edamame, Whole Green Soybeans 400g X 20",107,Fresh Food,Fresh Food,6494,EMBORG,892,SAYED FARMS
52706,PERCORNBE340G,Perdix Corned Beef 340g X 24,107,Fresh Food,Fresh Food,6495,Perdix,892,SAYED FARMS
52778,OMGSARD125G,Omega Sardine 125g X 50,105,Condiments,Food,6496,OMEGA,893,CENTURY PACIFIC FOOD INC.
52819,SIWHIFISFIL1KG,Sirella White Fish Fillets 1kg X 10,107,Fresh Food,Fresh Food,6497,SIRELLA,892,SAYED FARMS
52821,AKWWHIFISFIL1KG,Akwa White Fish Fillet 1kg X 10,107,Fresh Food,Fresh Food,6497,SIRELLA,892,SAYED FARMS
52837,PLESOLGREPEA400G,Plein Soleil Green Peas 400g X 20,107,Fresh Food,Fresh Food,6499,PLEIN SOLEIL,892,SAYED FARMS
52840,PLESOLGREPEA900G,Plein Soleil Green Peas 900g X 10,107,Fresh Food,Fresh Food,6499,PLEIN SOLEIL,892,SAYED FARMS
52843,PLESOLPECAR400G,Plein Soleil Peas & Carrots 400g X 20,107,Fresh Food,Fresh Food,6499,PLEIN SOLEIL,892,SAYED FARMS
52845,PLESOLGREPECAR900G,Plein Soleil Green Peas & Carrots 900g X 10,107,Fresh Food,Fresh Food,6499,PLEIN SOLEIL,892,SAYED FARMS
52847,PLESOLSWECORN400G,Plein Soleil Sweet Corn Kernels 400g X 20,107,Fresh Food,Fresh Food,6499,PLEIN SOLEIL,892,SAYED FARMS
52850,PLESOMIXVEG400G,Plein Soleil Mixed Vegetables 400g X 20,107,Fresh Food,Fresh Food,6499,PLEIN SOLEIL,892,SAYED FARMS
52912,PLESOLSPIN400G,Plein Soleil Spinach Leaves 400g X 20,107,Fresh Food,Fresh Food,6499,PLEIN SOLEIL,892,SAYED FARMS
52903,PLESOLOKRO900G,Plein Soleil Green Okra 900g X 10,107,Fresh Food,Fresh Food,6499,PLEIN SOLEIL,892,SAYED FARMS
52906,PLESOLBROBEAN400G,Plein Soleil Broad Beans 400g X 20,107,Fresh Food,Fresh Food,6499,PLEIN SOLEIL,892,SAYED FARMS
52876,PLESOBROC400G,Plein Soleil Broccoli 400g X 20,107,Fresh Food,Fresh Food,6499,PLEIN SOLEIL,892,SAYED FARMS
52879,PLESOLCOR200G,Plein Soleil Chopped Coriander 200g X 40,107,Fresh Food,Fresh Food,6499,PLEIN SOLEIL,892,SAYED FARMS
52896,PLESOIWHOSTRAW400G,Plein Soleil Whole Strawberry 400g X 20,107,Fresh Food,Fresh Food,6499,PLEIN SOLEIL,892,SAYED FARMS
52898,PLESOLOKRO400G,Plein Soleil Green Okra 400g X 20,107,Fresh Food,Fresh Food,6499,PLEIN SOLEIL,892,SAYED FARMS
52853,ASLH500MLX12,Asssa Liquid Handwash 500ml X 12,108,Home Care and Laundry,HC+PC,6500,ASSSA,895,ASSSA PEARL INDUSTRY AND MARKETING COMPANY LIMITED
52915,LEEKMILYAMCH25KG,Leekymill Frozen Yam Fries 2.5kg X 5,107,Fresh Food,Fresh Food,6501,LEEKYMILL,898,LEEKYMILLS LIMITED
52918,LEKMILFRI600G,Leekymill Frozen Yam Fries 600g X 15,107,Fresh Food,Fresh Food,6501,LEEKYMILL,898,LEEKYMILLS LIMITED
53768,LEKYCLASICCHIPS30G,Lekymills Yam Chips Snack 30g X 60,101,Biscuits & Sweets,Food,6501,LEEKYMILL,898,LEEKYMILLS LIMITED
53771,LEKYYAMCHIPSONI30G,Lekymills Yam Chips Onions 30g X 60,101,Biscuits & Sweets,Food,6501,LEEKYMILL,898,LEEKYMILLS LIMITED
53774,LEEKYYAMCHIPSTIC600G,Leky Yam Sticks 600g X 15,107,Fresh Food,Fresh Food,6501,LEEKYMILL,898,LEEKYMILLS LIMITED
52921,TIGNUTMILKORISIG500M,Tigernut Milk Original Signature 500ml X 10,107,Fresh Food,Fresh Food,6502,Tigernut Republic,899,OZIBANA LIMITED
52923,TIGNUTMLKCLAS500ML,Tigernut Milk Classic Signature 500ml X 10,107,Fresh Food,Fresh Food,6502,Tigernut Republic,899,OZIBANA LIMITED
52925,TIGNUTMILDATY500ML,Tigernut Milk Datey Signature 500ml X 10,107,Fresh Food,Fresh Food,6502,Tigernut Republic,899,OZIBANA LIMITED
52928,TIGNUTMLKPINE500ML,Tignutmlkpine500ml X 10,107,Fresh Food,Fresh Food,6502,Tigernut Republic,899,OZIBANA LIMITED
52930,TIGNUTMLKBANA500ML,Tigernut Milk Banana Mix 500ml X 10,107,Fresh Food,Fresh Food,6502,Tigernut Republic,899,OZIBANA LIMITED
52945,TIGNUTMLKCHOCO500ML,Tigernut Milk Chocolatey Signature 500ml X 10,107,Fresh Food,Fresh Food,6502,Tigernut Republic,899,OZIBANA LIMITED
52948,TIGNUTMLKCOF500ML,Tigernut Milk Coffee 500ml X 10,107,Fresh Food,Fresh Food,6502,Tigernut Republic,899,OZIBANA LIMITED
52951,TIGNUTMLKTUM500ML,Tigernut Milk Tumeric Boost 500ml X 10,107,Fresh Food,Fresh Food,6502,Tigernut Republic,899,OZIBANA LIMITED
52953,TIGNUTMLKUGWU500ML,Tigernut Milk Ugwu Mix 500ml X 10,107,Fresh Food,Fresh Food,6502,Tigernut Republic,899,OZIBANA LIMITED
52956,TIGNUTMLKZOBO500ML,Tigernut Milk Zobo Burst  500ml X 10,107,Fresh Food,Fresh Food,6502,Tigernut Republic,899,OZIBANA LIMITED
52958,TIGNUTMLKMORIN500ML,Tigernut Milk Moringa 500ml X 10,107,Fresh Food,Fresh Food,6502,Tigernut Republic,899,OZIBANA LIMITED
52960,TIGNUTMLKMANGO500ML,Tigernut Milk Mango 500ml X 10,107,Fresh Food,Fresh Food,6502,Tigernut Republic,899,OZIBANA LIMITED
52962,TIGNUTLKSWMEL500ML,Tigernut Milk Sweet Melon 500ml X 10,107,Fresh Food,Fresh Food,6502,Tigernut Republic,899,OZIBANA LIMITED
52964,TIGNUTMLKBITCOL500ML,Tigernut Milk Bittercola Mix 500ml X 10,107,Fresh Food,Fresh Food,6502,Tigernut Republic,899,OZIBANA LIMITED
52966,TIGNUTMLKSIMGIN50ML,Tigernut Milk Sympli With Ginger 500ml X 10,107,Fresh Food,Fresh Food,6502,Tigernut Republic,899,OZIBANA LIMITED
52969,TIGNUTMLKCREAM500ML,Tigernut Milk Creamyplus 500ml X 10,107,Fresh Food,Fresh Food,6502,Tigernut Republic,899,OZIBANA LIMITED
52972,TIGNUTMLKSIM500ML,Tigernut Milk Simply Tigernuts  500ml X 10,107,Fresh Food,Fresh Food,6502,Tigernut Republic,899,OZIBANA LIMITED
52974,TIGNUTMLKCOUNS500ML,Tigernut Milk Cocoa Unsweetenned 500ml X 10,107,Fresh Food,Fresh Food,6502,Tigernut Republic,899,OZIBANA LIMITED
52977,TIGNUTMLKLACT500ML,Tigernut Milk Lactation 500ml X 10,107,Fresh Food,Fresh Food,6502,Tigernut Republic,899,OZIBANA LIMITED
52979,TIGNUTMLKFRUI500ML,Tigernut Milk Fruitymix 500ml X 10,107,Fresh Food,Fresh Food,6502,Tigernut Republic,899,OZIBANA LIMITED
52981,TIGNUTMLKSOSP500ML,Tigernut Milk Soursop Mix 500ml X 10,107,Fresh Food,Fresh Food,6502,Tigernut Republic,899,OZIBANA LIMITED
52983,TIGNUTCRYOG500ML,Tigernut Milk Creamy Yoghurt 500ml X 10,107,Fresh Food,Fresh Food,6502,Tigernut Republic,899,OZIBANA LIMITED
52986,TIGNUTMLKKID500ML,Tigernut Milk Kiddies Mix 500ml X 10,107,Fresh Food,Fresh Food,6502,Tigernut Republic,899,OZIBANA LIMITED
52989,TIGNUTMLKCRESH500ML,Tigernut Cilk Creamy Shakes 500ml X 10,107,Fresh Food,Fresh Food,6502,Tigernut Republic,899,OZIBANA LIMITED
52932,PANLA20KG,Bw 50-100(panla Fish)20-25kg X 1,107,Fresh Food,Fresh Food,6503,PANLA,900,TAAG AGRO LIMITED
52934,HAKE4BY6FISH,Hake 4/6-10-20kg X 1,107,Fresh Food,Fresh Food,6504,Hake fish,900,TAAG AGRO LIMITED
52937,HMKOTE20KG,Horse Mackerel 5/9 (kote) 25kg-20kg X 1,107,Fresh Food,Fresh Food,6506,HORSE MACKEREL (KOTE),900,TAAG AGRO LIMITED
52939,HMKOTEFISH9BY20KG,Horse Mackerel 9+(kote) 25kg-20kg X 1,107,Fresh Food,Fresh Food,6506,HORSE MACKEREL (KOTE),900,TAAG AGRO LIMITED
52942,MK2BY4TITUS20KG,Mackerel 2/4(titus)25kg-20kg X 1,107,Fresh Food,Fresh Food,6507,TITUS FISH,900,TAAG AGRO LIMITED
52993,COBR10KG,Cook Brand Margarine 10kg X 1,134,Margarine,Commodities,6508,Cook Brand,901,Smilde Foods BV
52999,BOMSKYBACO500ML,Boomsky Banana & Coconut Milk Smoothies 500ml X 12,107,Fresh Food,Fresh Food,6509,BOOMSKY,902,BOOMSKY SMOOTHIES
53001,BOMSKYPINOR500ML,Boomsky Pineapple & Orange Smoothies 500ml X 12,107,Fresh Food,Fresh Food,6509,BOOMSKY,902,BOOMSKY SMOOTHIES
53004,BOMSKYWAPIN500ML,Boomsky Watermelon & Pineapple Smoothies 500ml X 12,107,Fresh Food,Fresh Food,6509,BOOMSKY,902,BOOMSKY SMOOTHIES
53007,BOMSKYOPM500ML,"Boomsky Orange, Pineapple & Mango Smoothies 500ml X 12",107,Fresh Food,Fresh Food,6509,BOOMSKY,902,BOOMSKY SMOOTHIES
53010,BOMSKYBWP500ML,"Boomsky Banana,watermelon & Pineapple Smoothiies 500ml X 12",107,Fresh Food,Fresh Food,6509,BOOMSKY,902,BOOMSKY SMOOTHIES
53013,BOMSKYPG500ML,Boomsky Ginger & Pineapple Smoothies 500ml X 12,107,Fresh Food,Fresh Food,6509,BOOMSKY,902,BOOMSKY SMOOTHIES
53019,BOMSKYPWG500ML,"Boomsky Pineapple, Watermelon & Ginger Smoothies 500ml X 12",107,Fresh Food,Fresh Food,6509,BOOMSKY,902,BOOMSKY SMOOTHIES
53031,BOMSKYCP500ML,Bommsky Cucumber & Pineapple Smoothies 500ml X 12,107,Fresh Food,Fresh Food,6509,BOOMSKY,902,BOOMSKY SMOOTHIES
53034,BOMSKYPINE500ML,Boomsky Pineapple Juice 500ml X 12,107,Fresh Food,Fresh Food,6509,BOOMSKY,902,BOOMSKY SMOOTHIES
53037,BOMSKYORAN500ML,Boomsky Orange Juice 500ml X 12,107,Fresh Food,Fresh Food,6509,BOOMSKY,902,BOOMSKY SMOOTHIES
53040,ORITIGDRINK500ML,Orisirsi Tigernut Drink 50cl X 12,107,Fresh Food,Fresh Food,6510,ORISIRISI,903,ORISIRISI CATERING SERVICES
53046,ORISORZOBO500ML,Orisirisi Soriel Drink With Date 50cl X 12,107,Fresh Food,Fresh Food,6510,ORISIRISI,903,ORISIRISI CATERING SERVICES
53048,ORISIZOSUG500ML,Orisirisi Soriel Drink With Sugar 50cl X 12,107,Fresh Food,Fresh Food,6510,ORISIRISI,903,ORISIRISI CATERING SERVICES
53051,ORISWALDATE35CL,Orisirisi Walnut Drik With Ginger 35cl X 12,107,Fresh Food,Fresh Food,6510,ORISIRISI,903,ORISIRISI CATERING SERVICES
53054,ORISWALDRWTGIN35CL,Orisirisi Walnut Drink Without Ginger 35cl X 24,107,Fresh Food,Fresh Food,6510,ORISIRISI,903,ORISIRISI CATERING SERVICES
53057,ORISWALDRIWGIN35CL,Orisirisi Walnut Drink With Ginger 35cl X 24,107,Fresh Food,Fresh Food,6510,ORISIRISI,903,ORISIRISI CATERING SERVICES
53058,ORISSWEGRE500ML,Sweetened Greek Yogurt 500ml X 12,107,Fresh Food,Fresh Food,6510,ORISIRISI,903,ORISIRISI CATERING SERVICES
53061,ORISSWGREYOG300ML,Orisirisi Sweetened Greek Yoghurt 300ml X 12,107,Fresh Food,Fresh Food,6510,ORISIRISI,903,ORISIRISI CATERING SERVICES
53064,LJGINBLMZOBO500L,Limitless Junction Ginger Bloom Zobo Drink 500ml X 10,107,Fresh Food,Fresh Food,6511,LIMITLESS JUNCTION,899,OZIBANA LIMITED
53067,LJBERESSZOBO500ML,Limitless Junction Berry Essence Zobo 500ml X 10,107,Fresh Food,Fresh Food,6511,LIMITLESS JUNCTION,899,OZIBANA LIMITED
53069,LJBERRYESSZOBO500ML,Limitless Junction Banana Bliss 500ml X 10,107,Fresh Food,Fresh Food,6511,LIMITLESS JUNCTION,899,OZIBANA LIMITED
53072,LJORANTWISTZOBO500ML,Limitless Junction Orange Twist Zobo Drink 500ml X 10,107,Fresh Food,Fresh Food,6511,LIMITLESS JUNCTION,899,OZIBANA LIMITED
53075,LJFEGBLKSDZOBO500ML,Limitless Junction Fenugreek & Black Seed 500ml X 10,107,Fresh Food,Fresh Food,6511,LIMITLESS JUNCTION,899,OZIBANA LIMITED
53078,LJMORBLAZOBO500ML,Limitless Junction Moringa & Black Seed Zobo Drink 500ml  X 10,107,Fresh Food,Fresh Food,6511,LIMITLESS JUNCTION,899,OZIBANA LIMITED
53081,LJLGBSZOBO500ML,Tigernut Zobo Lemon Grass & Black Seed 500ml X 10,107,Fresh Food,Fresh Food,6511,LIMITLESS JUNCTION,899,OZIBANA LIMITED
53083,LJPURBLZOBO500ML,Tigernut Zobo Pure Bliss 500ml X 10,107,Fresh Food,Fresh Food,6511,LIMITLESS JUNCTION,899,OZIBANA LIMITED
53108,699120,Dubic Malt 330ml Can 24x01 ,106,Drinks,Beverages,6512,Dubicc,904,Dubic
53608,hmominimee1,Combo Deal - Indomie Hmo 180gr X 25 + Minime Astomo  X 1,137,combos & bundle,Bundles,6513,Indomie + minime,240,DE UNITED FOODS IND GH LTD
53612,minimejollof,Minimie Jollof 70gr X 40,129,Noodles,Food,6513,Indomie + minime,240,DE UNITED FOODS IND GH LTD
53162,EXCORN200G,Exeter Corned Beef 200g X 24,105,Condiments,Food,6514,EXETER,327,HORMEL FOODS
53171,RRO50MLX1,Rexona Roll On 50ml X 1,114,Personal Care & Beauty,HC+PC,6515,Rexano,24,UNILEVER
53216,NSM50X1,Nose Safety Mask 50 X 1,121,Health ,HC+PC,6516,Test Kits,906,Medical Equipment
53176,TYPTKX1,Typhoid Test Kits X 1,121,Health ,HC+PC,6516,Test Kits,906,Medical Equipment
53178,PTSTRIPSX1,Pregnancy Test Strips X 1,121,Health ,HC+PC,6516,Test Kits,906,Medical Equipment
53181,IVGS1PO50X1,Iv Giving Set 1 Pack Of 50 X 1,121,Health ,HC+PC,6516,Test Kits,906,Medical Equipment
53184,MEDND23GX1,Medical Needle 23g X 1,121,Health ,HC+PC,6516,Test Kits,906,Medical Equipment
53187,MEDND21GX1,Medical Needle 21g X 1,121,Health ,HC+PC,6517,Medical TOOLS,906,Medical Equipment
53190,SYRG10MLX100,Syringes 10ml X 100,121,Health ,HC+PC,6517,Medical TOOLS,906,Medical Equipment
53193,SYRG5MLX100,Syringes 5ml X 100,121,Health ,HC+PC,6517,Medical TOOLS,906,Medical Equipment
53196,SYRG2MLX100,Syringes 2ml X 100,121,Health ,HC+PC,6517,Medical TOOLS,906,Medical Equipment
53199,MEDEG1X100,Medical Examination Gloves 1 X 100,121,Health ,HC+PC,6517,Medical TOOLS,906,Medical Equipment
53208,SCVE23GX1,Scalp Vein 23g X 1,121,Health ,HC+PC,6517,Medical TOOLS,906,Medical Equipment
53210,MALTKX1,Malaria Test Kits  X 1,121,Health ,HC+PC,6517,Medical TOOLS,906,Medical Equipment
53213,ECCP50GX12,Emma Coconut Cream Powder 50g X 12,105,Condiments,Food,6518,EMMA,909,EMMA FOODS
53219,TROPSUNFOIL5L,Tropical Sunflower Oil 5l X 4,135,Oil,Food,6519,TROPICAL,907,Tropical sun limited
53222,FSWS10X10,Foam Sponge With Scrub 10  X 10,108,Home Care and Laundry,HC+PC,6520,Foam Sponge,807,Plastic Cutlery
53246,BPTP2IN1X50,Black Plastic Takeaway Plate 2 In 1 X 50,108,Home Care and Laundry,HC+PC,6521,Plastic Plate,807,Plastic Cutlery
53277,BPS50X1,Black Plastic Spoon 50 X 1,108,Home Care and Laundry,HC+PC,6521,Plastic Plate,807,Plastic Cutlery
53232,PTP1000MLX100,Plastic Takeaway Plate 1000ml X 100,108,Home Care and Laundry,HC+PC,6521,Plastic Plate,807,Plastic Cutlery
53235,PTP700MLX100,Plastic Takeaway Plate 700ml X 100,108,Home Care and Laundry,HC+PC,6521,Plastic Plate,807,Plastic Cutlery
53238,BPS50X25,Black Plastic Spoon 50 X 25,108,Home Care and Laundry,HC+PC,6521,Plastic Plate,807,Plastic Cutlery
54283,BPTP1000MLX100,Black Plastic Takeaway Plate 1000ml X 100,108,Home Care and Laundry,HC+PC,6521,Plastic Plate,807,Plastic Cutlery
53240,BPK50X25,Black Plastic Knife 50 X 25,108,Home Care and Laundry,HC+PC,6522,Plastic Cutlery,807,Plastic Cutlery
53243,BPF50X25,Black Plastic Fork 50 X 25,108,Home Care and Laundry,HC+PC,6522,Plastic Cutlery,807,Plastic Cutlery
53271,BPF50X1,Black Plastic Fork 50 X 1,108,Home Care and Laundry,HC+PC,6522,Plastic Cutlery,807,Plastic Cutlery
53274,BPK50X1,Black Plastic Knife 50 X 1,108,Home Care and Laundry,HC+PC,6522,Plastic Cutlery,807,Plastic Cutlery
53296,RCD250GX6,Remia Caesar Dressing 250g X 6,105,Condiments,Food,6525,Remia,912,Remia International
53288,RCD250GX12,Remia Caesar Dressing 250g X 12,105,Condiments,Food,6525,Remia,912,Remia International
53609,DANO001,Dano 25kgx 1,133,Dairy,Food,6526,LAIT DANO,913,ARLA FOODS AMBA
53299,DONRYLBSD305ML,Don Royale Brandy Flavored Spirit 305ml X 24,106,Drinks,Beverages,6527,THE DON ROYALE,32,GUINNESS NIGERIA PLC
53301,DONRYLGIN305ML,Don Royale Gin 305ml X 24,106,Drinks,Beverages,6527,THE DON ROYALE,32,GUINNESS NIGERIA PLC
53370,FAF250GX8,Febreze Air Freshener 250g  X 8,108,Home Care and Laundry,HC+PC,6528,Febreze,86,P&G
53810,FAF185GX8,Febreze Air Freshener 185ml X 8,108,Home Care and Laundry,HC+PC,6528,Febreze,86,P&G
53432,TEELWHSK70CL,Teeling Small Batch Whiskey 70cl X 6,106,Drinks,Beverages,6530,TEELING,360,BARCARDI
53435,REVRSWYGT350ML,Rev Up Regular Plain Sweetened Yoghurt 350ml X 12,107,Fresh Food,Fresh Food,6532,REVUP,918,REV FOODS AND BEVERAGES LIMITED
53438,REVRPLLWYGT350ML,Rev Up Regular Plain Low Fat/sugar Yoghurt 350ml X 12,107,Fresh Food,Fresh Food,6532,REVUP,918,REV FOODS AND BEVERAGES LIMITED
53441,REVRPLNSYGT350ML,Rev Up Regular Plain No Sugar Added Yoghurt 350ml X 12,107,Fresh Food,Fresh Food,6532,REVUP,918,REV FOODS AND BEVERAGES LIMITED
53444,REVRPSWYGT750ML,Rev Up Regular Plain Sweetened Yoghurt 750ml X 12,107,Fresh Food,Fresh Food,6532,REVUP,918,REV FOODS AND BEVERAGES LIMITED
53447,REVRPLLWYGT750ML,Rev Up Regular Plain Low Fat/sugar Yoghurt 750ml X 12,107,Fresh Food,Fresh Food,6532,REVUP,918,REV FOODS AND BEVERAGES LIMITED
53450,REVRPLNSUYGT750ML,Rev Up Regular Plain No Sugar Added Yoghurt  750ml X 12,107,Fresh Food,Fresh Food,6532,REVUP,918,REV FOODS AND BEVERAGES LIMITED
53596,REVGNFYGT750ML,Rev Up Greek Non Fat Yoghurt 750ml X 12,107,Fresh Food,Fresh Food,6532,REVUP,918,REV FOODS AND BEVERAGES LIMITED
53599,REVGSWYGT1200ML,Rev Up Greek Sweetened Yoghurt  1200ml X 12,107,Fresh Food,Fresh Food,6532,REVUP,918,REV FOODS AND BEVERAGES LIMITED
53602,REVGRUNSYGT1200ML,Rev Up Greek Unsweetened  Yoghurt 1200ml X 12,107,Fresh Food,Fresh Food,6532,REVUP,918,REV FOODS AND BEVERAGES LIMITED
53456,REVRFSWVAYGT350ML,Rev Up Regular Flavored Sweetened Vanilla Yoghurt 350ml X 12,107,Fresh Food,Fresh Food,6532,REVUP,918,REV FOODS AND BEVERAGES LIMITED
53459,REVRFSWVAYGT750ML,Rev Up Regular Flavored Sweetened Vanilla Yoghurt 750ml X 12,107,Fresh Food,Fresh Food,6532,REVUP,918,REV FOODS AND BEVERAGES LIMITED
53462,REVRFSWSTYGT350ML,Rev Up Regular Flavored Sweetened Strawberry Yoghurt 350ml X 12,107,Fresh Food,Fresh Food,6532,REVUP,918,REV FOODS AND BEVERAGES LIMITED
53465,REVRFSWSTYGT750ML,Rev Up Regular Flavored Sweetened Strawberry Yoghurt 750ml X 12,107,Fresh Food,Fresh Food,6532,REVUP,918,REV FOODS AND BEVERAGES LIMITED
53468,REVRFSWBYGT350ML,Rev Up Regular Flavored  Sweetened Banana Yoghurt 350ml X 12,107,Fresh Food,Fresh Food,6532,REVUP,918,REV FOODS AND BEVERAGES LIMITED
53471,REVRFSWBAYGT750ML,Rev Up Regular Flavored Sweetened Banana Yoghurt 750ml X 12,107,Fresh Food,Fresh Food,6532,REVUP,918,REV FOODS AND BEVERAGES LIMITED
53474,REVRFUWYGT350ML,Rev Up Regular Flavored Unsweetened Vanilla Yoghurt 350ml X 12,107,Fresh Food,Fresh Food,6532,REVUP,918,REV FOODS AND BEVERAGES LIMITED
53477,REVRFUWYGT750ML,Rev Up Regular Flavored Unsweetened Vanilla Yoghurt 750ml X 12,107,Fresh Food,Fresh Food,6532,REVUP,918,REV FOODS AND BEVERAGES LIMITED
53480,REVRPGSWTYGT350ML,Rev Up Greek Sweetened Yoghurt  350ml X 12,107,Fresh Food,Fresh Food,6532,REVUP,918,REV FOODS AND BEVERAGES LIMITED
53483,REVRPGUNSWTYGT350ML,Rev Up Greek Unsweetened Yoghurt 350ml X 12,107,Fresh Food,Fresh Food,6532,REVUP,918,REV FOODS AND BEVERAGES LIMITED
53486,REVRGNFATYGT350ML,Rev Up Greek Non Fat Yoghurt 350ml X 12,107,Fresh Food,Fresh Food,6532,REVUP,918,REV FOODS AND BEVERAGES LIMITED
53489,REVRPGSWTYGT750ML,Rev Up Greek Sweetened Yoghurt 750ml X 12,107,Fresh Food,Fresh Food,6532,REVUP,918,REV FOODS AND BEVERAGES LIMITED
53492,REVGUNSWTYGT750ML,Rev Up Greek Unsweetened Yoghurt  750ml X 12,107,Fresh Food,Fresh Food,6532,REVUP,918,REV FOODS AND BEVERAGES LIMITED
53638,REVGRNFYGT1200ML,Rev Up Greek Non Fat Yoghurt  1200ml X 12,107,Fresh Food,Fresh Food,6532,REVUP,918,REV FOODS AND BEVERAGES LIMITED
53641,REVGRSWTVANYGT750ML,Rev Up Greek Sweetened Vanilla  Yoghurt  750ml X 12,107,Fresh Food,Fresh Food,6532,REVUP,918,REV FOODS AND BEVERAGES LIMITED
53644,REVGRSWTLMN750ML,Rev Up Greek Sweetened Lemon Yoghurt 750ml X 12,107,Fresh Food,Fresh Food,6532,REVUP,918,REV FOODS AND BEVERAGES LIMITED
53647,REVSWTPLYGT350ML,Rev Up Greek  Sweetened Strawberry Yoghurt 750ml X 12,107,Fresh Food,Fresh Food,6532,REVUP,918,REV FOODS AND BEVERAGES LIMITED
53650,REVSWPLYGT500ML,Rev Up Sweetened Plain Yoghurt Drink 500ml X 12,107,Fresh Food,Fresh Food,6532,REVUP,918,REV FOODS AND BEVERAGES LIMITED
53653,REVSWPLYGT1000ML,Rev Up  Sweetened Plain Yoghurt Drink 1000ml X 12,107,Fresh Food,Fresh Food,6532,REVUP,918,REV FOODS AND BEVERAGES LIMITED
53656,REVSTRAYGTDR500ML,Rev Up Strawberry Yoghurt  Drink 500ml X 12,107,Fresh Food,Fresh Food,6532,REVUP,918,REV FOODS AND BEVERAGES LIMITED
53659,REVLEMYGTDRK500ML,Rev Up Lemon  Yoghurt Drink 500ml X 12,107,Fresh Food,Fresh Food,6532,REVUP,918,REV FOODS AND BEVERAGES LIMITED
53662,REVVANYOGDRINK500ML,Rev Up Vanilla Yoghurt  Drink 500ml X 12,107,Fresh Food,Fresh Food,6532,REVUP,918,REV FOODS AND BEVERAGES LIMITED
53495,SOFSYLSERV36,Soft Sylvia Table Napkin X 36,108,Home Care and Laundry,HC+PC,6534,Soft sylvia serviette,920,HIFIDEL PAPER MILLS AND ROLLS LTD
53723,SAF500MLX12,Swiss Air Freshener 500ml X 12,108,Home Care and Laundry,HC+PC,6541,Swiss,924,Stova Industries Limited
53807,MRSC300MLX12,Mr Sheen Cleaner 300ml  X 12,108,Home Care and Laundry,HC+PC,6545,Mr Sheen,928,Mr Sheen Homecare Products
53922,OLAPY45,Ola Ola Poundo Yam 2.2kg By 8 X 4,153,Swallow,Commodities,6559,OLA OLA,934,OLAOLA
53928,OLAPY22,Ola Ola Poundo Yam 2.2kg By 8 ,153,Swallow,Commodities,6559,OLA OLA,934,OLAOLA
53931,OLAPYAM45,Ola Ola Poundo Yam 4.5kg By 4 ,153,Swallow,Commodities,6559,OLA OLA,934,OLAOLA
54140,TNBWX100,Takeaway Nylon Bag White X 100,108,Home Care and Laundry,HC+PC,6573,Nylon Bag,807,Plastic Cutlery
54143,TNBCX100,Takeaway Nylon Bag Colored X 100,108,Home Care and Laundry,HC+PC,6573,Nylon Bag,807,Plastic Cutlery
54280,A4PAP500X5,A4 Paper 500 X 5,108,Home Care and Laundry,HC+PC,6595,Paper,807,Plastic Cutlery
54367,CF3G,Center Fresh  3g18 X 88,101,Biscuits & Sweets,Food,6597,CENTER FRESH,117,PERFETTI VAN MELLE
54370,CFP3G,Center Fresh Peppermints 3g 12x 20,101,Biscuits & Sweets,Food,6597,CENTER FRESH,117,PERFETTI VAN MELLE
54373,CFST3G,Center Fruit Strawberry 3g 12 X 20,101,Biscuits & Sweets,Food,6597,CENTER FRESH,117,PERFETTI VAN MELLE
54382,WILDTURK7OCL,Wild Turkey 81 Proof 70cl X 1,106,Drinks,Beverages,6598,WILD TURKEY,637,CAMPARI GROUP
54444,VITALRICE50KG,Vitali Rice 50kg X 1,116,"Rice, Swallow, and Flour",Commodities,6599,VITALI RICE,507,Aim Distribution
54553,DADANGRICE50KG,Dada Nigeria Rice 50kg X 1,116,"Rice, Swallow, and Flour",Commodities,6601,DADA,35,OLAM INTERNATIONAL
54541,SOYBISUYSPI80G,Sooyah Bistro Suya Mixed Spice 80g X 12,117,Seasoning cubes & Spices,Food,6602,SOOYAH,944, SOOYAH FOODS LIMITED
54550,SOYBISSUYHTT80G,Sooyah Bistro  Suya All Purpose Hotter Spice 80g X 12,117,Seasoning cubes & Spices,Food,6602,SOOYAH,944, SOOYAH FOODS LIMITED
54544,KIGOLEBAS5KG,Kingstar Golden Stella Basmatic Rice 5kg X 1,116,"Rice, Swallow, and Flour",Commodities,6603,kingstar,507,Aim Distribution
54547,TROPRIBAS2KG,Tropical Island Basmatic Rice 2kg X 10,116,"Rice, Swallow, and Flour",Commodities,6604,Tropical Island,507,Aim Distribution
54845,TROISLBASM10KG,Tropical Island Basmatic Rice 10kg X 2,116,"Rice, Swallow, and Flour",Commodities,6604,Tropical Island,507,Aim Distribution
54571,IRONSP30GX6,Iron Sponge 30g X 6,108,Home Care and Laundry,HC+PC,6606,Iron Sponge,807,Plastic Cutlery
54604,PURTOTBRSH3G,Pureal Toothbrush 3g X 12,114,Personal Care & Beauty,HC+PC,6607,PUREAL,945,PUREAL PRODUCTS LTD
54686,PTBSH12,Pureal Charcoal Infused Toothbrush X 12,114,Personal Care & Beauty,HC+PC,6607,PUREAL,945,PUREAL PRODUCTS LTD
54577,PURTTHBRUSH,Pureal Charcoal Infused Toothbrush 3g X 12,114,Personal Care & Beauty,HC+PC,6607,PUREAL,945,PUREAL PRODUCTS LTD
54583,FLIRTVODKA1LITER,Flirt Vodka 1 Liter X 12,106,Drinks,Beverages,6608,FLIRT,946,VP BRAND
54586,LONGJACKBIT200ML,Long Jack Bitters 200ml X 24,106,Drinks,Beverages,6609,LONG JACK,947,CHUBY ZION
54607,REDAPPLE,Apple Red X 1,107,Fresh Food,Fresh Food,6610,FRUITS,949,Y&G FARMS
54610,APPLEGREEN,Apple Green X 1,107,Fresh Food,Fresh Food,6610,FRUITS,949,Y&G FARMS
54613,LEMONIMP,Lemon Fruit X 1,107,Fresh Food,Fresh Food,6610,FRUITS,949,Y&G FARMS
54616,PEARIMPRT,Pear Fruit X 1,107,Fresh Food,Fresh Food,6610,FRUITS,949,Y&G FARMS
54619,GRAPEREDSEEDED,Grape Seeded Fruit X 1,107,Fresh Food,Fresh Food,6610,FRUITS,949,Y&G FARMS
54692,SWTLPS75CL,Sweet Lips White 75cl  X 12,106,Drinks,Beverages,6611,The Distillery,950,The distillery
54727,SWEETLRED75CL,Sweet Lips Red 75cl   X 12,106,Drinks,Beverages,6611,The Distillery,950,The distillery
54712,REDBNS5KG,Red Beans 5kg X 1,158,Grains,Commodities,6612,FOLAY FOODS,868,Folay Foods
54715,ELUBOYF50KG,Yam Flour (elubo) 50kg X 1,124,Flour,Commodities,6613,LAYEM FOODS LTD,951,LAYEM FOODS LTD
54808,OLPR1KG,Olalight Poundo Rice 1kg X 10 X 10,153,Swallow,Commodities,6616,OLALIGHT,954,OLALIGHT AGRO LIMITED
54842,CHW250GX12,Carex Hand Wash 250g X 12,108,Home Care and Laundry,HC+PC,6617,Carex,53,PZ CUSSONS
54864,MJBFSAMO450G,M&j Beef Samosa 450g X 20,107,Fresh Food,Fresh Food,6618,M&J,955,M & J COMESTIBLES LTD
54867,MJCHISAMO450G,M&j Chicken Samosa 450g X 20,107,Fresh Food,Fresh Food,6618,M&J,955,M & J COMESTIBLES LTD
54870,MJVEGSAM450G,M&j Vegetable Samosa 450g X 20,107,Fresh Food,Fresh Food,6618,M&J,955,M & J COMESTIBLES LTD
54873,MJBFSPRG450G,M&j Beef Springrolls 450g X 20,107,Fresh Food,Fresh Food,6618,M&J,955,M & J COMESTIBLES LTD
54875,MJCHSPRG450G,M & J Chicken Springrolls  450g X 20,107,Fresh Food,Fresh Food,6618,M&J,955,M & J COMESTIBLES LTD
54888,RAFDET22GX150P12F,Rafa Detergent Sachet 22g X 150 + 12 Free,108,Home Care and Laundry,HC+PC,6619,RAFA,20,BUA GROUP
54891,RAFDET900GX6P1F,Rafa Detergent Sachet 900g X 6 + 1 Free,108,Home Care and Laundry,HC+PC,6619,RAFA,20,BUA GROUP
54894,RAFDET45GX78P6F,Rafa Detergent Sachet 45g X 78 + 6 Free ,108,Home Care and Laundry,HC+PC,6619,RAFA,20,BUA GROUP
54897,RAFDET85GX48P4F,Rafa Detergent Sachet 85g X 48 + 4 Free,108,Home Care and Laundry,HC+PC,6619,RAFA,20,BUA GROUP
54900,RAFDET150GX24P2F,Rafa Detergent Sachet 22g X 150 + 12 Free,108,Home Care and Laundry,HC+PC,6619,RAFA,20,BUA GROUP
54915,AMAWOJOLF100G,Ama Wonda Jollof Rice Spice X 60,117,Seasoning cubes & Spices,Food,6620,Ama Wonda,507,Aim Distribution
54918,AMAWOFR100G,Ama Wonda Fried Rice Spice 100g X 60,117,Seasoning cubes & Spices,Food,6620,Ama Wonda,507,Aim Distribution
54930,SQUABLDR375ML,Squadron Blended Dark Rum 375ml X 12,106,Drinks,Beverages,6621,Squadron,956,squadron Intercontinental distillers limited
54933,SQUABLDKR200ML,Squadron Blended Dark Run 200ml X 24,106,Drinks,Beverages,6621,Squadron,956,squadron Intercontinental distillers limited
54924,SQUABLEDR750ML,Squadron Blended Dark Rum 750ml X 12,106,Drinks,Beverages,6621,Squadron,956,squadron Intercontinental distillers limited
54945,RODOFQALI75CL,Rotwild Dornfelder Qba Lieblich 750ml X 6,106,Drinks,Beverages,6622,ROTWILD,957,Peter Mertes KG
54978,UNSWEMMCOPD50G,Unsweetened Emma Coconut Milk Powder - 50g X 3 Sachets X 3,111,Milk & Dairy,Food,6624,Emma coconut milk,959,SEGERA
54987,TURKGIZPEKG,Turkey Gizzard Per Kg X 1,107,Fresh Food,Fresh Food,6625,FROZEN CHOPS,960,FROZEN CHOPS NIG. LTD
54990,SNAIL500G,Frozen Snail 500g X 1,107,Fresh Food,Fresh Food,6625,FROZEN CHOPS,960,FROZEN CHOPS NIG. LTD
54993,PEELPRAWN500G,Peeled Tiger Prawns 500g X 1,107,Fresh Food,Fresh Food,6625,FROZEN CHOPS,960,FROZEN CHOPS NIG. LTD
54996,CALAMARIRG500G,Calamari Rings 500g X 1,107,Fresh Food,Fresh Food,6625,FROZEN CHOPS,960,FROZEN CHOPS NIG. LTD
55058,FRZSHRPS250G,Frozen Chops Shrimps 250g X 1,107,Fresh Food,Fresh Food,6625,FROZEN CHOPS,960,FROZEN CHOPS NIG. LTD
55061,CRKERSTEAK1KG,Fresh Croacker Steak 1kg  X 1,107,Fresh Food,Fresh Food,6625,FROZEN CHOPS,960,FROZEN CHOPS NIG. LTD
55017,BLABUDR250GM,Black Bullet Drink 250g X 24,106,Drinks,Beverages,6626,ENERGY DRINK,961,J.I Ejison - International
55026,ALLSEAWISK750ML,All Seasons Whisky 750 Ml X 12,106,Drinks,Beverages,6629,Oasis Group India,963,Oasis Group
55044,IGBOBIT750ML,Igboya Bitter 750ml X 750,106,Drinks,Beverages,6633,IGBOYA BRANDS,967,IGBOYA BITTERS
55082,FACBAMTP02G,Falcon Bamboo Toothpick 0.2g X 500,121,Health ,HC+PC,6635,Falconpacks,968,Falcon
26368,XPRLAGBAT170GCT1/33,"X-pression Lagos Braid Attachment 170g X 42"" - Colour T1/33  X",114,Personal Care & Beauty,HC+PC,5472,X-PRESSION,282,Solpia Nigeria Limited
26369,XPRLAGBAT170GCT1/30,"X-pression Lagos Braid Attachment 170g X 42"" - Colour T1/30  X",114,Personal Care & Beauty,HC+PC,5472,X-PRESSION,282,Solpia Nigeria Limited
26370,XPRLAGBAT170GCT1/35,"X-pression Lagos Braid Attachment 170g X 42"" - Colour T1/35  X",114,Personal Care & Beauty,HC+PC,5472,X-PRESSION,282,Solpia Nigeria Limited
26371,XPRLAGBAT170GCT1/39,"X-pression Lagos Braid Attachment 170g X 42"" - Colour T1/39  X",114,Personal Care & Beauty,HC+PC,5472,X-PRESSION,282,Solpia Nigeria Limited
26372,XPRLAGBAT170GCT1/60,"X-pression Lagos Braid Attachment 170g X 42"" - Colour T1/60  X",114,Personal Care & Beauty,HC+PC,5472,X-PRESSION,282,Solpia Nigeria Limited
26373,XPRLAGBAT170GCT1/350,"X-pression Lagos Braid Attachment 170g X 42"" - Colour T1/350 X",114,Personal Care & Beauty,HC+PC,5472,X-PRESSION,282,Solpia Nigeria Limited
26374,XPRLAGBAT170GCT1/BG,"X-pression Lagos Braid Attachment 170g X 42"" - Colour T1/bg  X",114,Personal Care & Beauty,HC+PC,5472,X-PRESSION,282,Solpia Nigeria Limited
26375,XPRLAGBAT170GCT1/BL,"X-pression Lagos Braid Attachment 170g X 42"" - Colourt1/blue X",114,Personal Care & Beauty,HC+PC,5472,X-PRESSION,282,Solpia Nigeria Limited
26376,XPRLAGBAT170GCT1/PRP,"X-pression Lagos Braid Attachment 170gx42""-colour T1/purple X",114,Personal Care & Beauty,HC+PC,5472,X-PRESSION,282,Solpia Nigeria Limited
26377,XPRLAGBAT170GCT1/RED,"X-pression Lagos Braid Attachment 170g X 42"" - Colour T1/red X",114,Personal Care & Beauty,HC+PC,5472,X-PRESSION,282,Solpia Nigeria Limited
26378,XPRCKAT150GB1,"X-pression Ceres Kinky Attachment 150g X 12"" - Black  X",114,Personal Care & Beauty,HC+PC,5472,X-PRESSION,282,Solpia Nigeria Limited
26379,XPRCKAT150GC2,"X-pression Ceres Kinky Attachment 150g X 12"" - Colour 2  X",114,Personal Care & Beauty,HC+PC,5472,X-PRESSION,282,Solpia Nigeria Limited
26380,XPRCKAT150GC27,"X-pression Ceres Kinky Attachment 150g X 12"" - Colour 27  X",114,Personal Care & Beauty,HC+PC,5472,X-PRESSION,282,Solpia Nigeria Limited
26381,XPRCKAT150GC33,"X-pression Ceres Kinky Attachment 150g X 12"" - Colour 33  X",114,Personal Care & Beauty,HC+PC,5472,X-PRESSION,282,Solpia Nigeria Limited
26382,XPRCKAT150GC39,"X-pression Ceres Kinky Attachment 150g X 12"" - Colour 39  X",114,Personal Care & Beauty,HC+PC,5472,X-PRESSION,282,Solpia Nigeria Limited
26383,XPRBOKAT100GB1,"X-pression Bouncy Kinky Attachment 100g X 53""- Black  X",114,Personal Care & Beauty,HC+PC,5472,X-PRESSION,282,Solpia Nigeria Limited
26384,XPRBOKAT100GC33,"X-pression Bouncy Kinky Attachment 100g X 53""- Colour 33  X",114,Personal Care & Beauty,HC+PC,5472,X-PRESSION,282,Solpia Nigeria Limited
26385,XPRCPAT100GB1,X-pression Curly Piece Attachment 100g - Black  X,114,Personal Care & Beauty,HC+PC,5472,X-PRESSION,282,Solpia Nigeria Limited
26386,XPRKAT140GB1,X-pression Kinky Attachment 140g - Black X,114,Personal Care & Beauty,HC+PC,5472,X-PRESSION,282,Solpia Nigeria Limited
26387,XPRLOCAT400GB1,"X-pression Locstar Attachment 400g X 60"" - Black  X",114,Personal Care & Beauty,HC+PC,5472,X-PRESSION,282,Solpia Nigeria Limited
26388,XPRMENAT300GB1,"X-pression Mento Attachment 300g X 48""- Black  X",114,Personal Care & Beauty,HC+PC,5472,X-PRESSION,282,Solpia Nigeria Limited
26389,XPRMENAT300GC27,"X-pression Mento Attachment 300g X 48"" - Colour 27  X",114,Personal Care & Beauty,HC+PC,5472,X-PRESSION,282,Solpia Nigeria Limited
26390,XPRMULAT300GB55,"X-pression Multi Attachment 85g X 55"" - Black  X",114,Personal Care & Beauty,HC+PC,5472,X-PRESSION,282,Solpia Nigeria Limited
26391,XPRREMAT350GB1,"X-pression Reggae Max Attachment 350g X 48"" - Black  X",114,Personal Care & Beauty,HC+PC,5472,X-PRESSION,282,Solpia Nigeria Limited
26392,XPR4FLOW148GC33,"X-pression 4flowers Weavon 148g X 4"" - Colour 33 X",114,Personal Care & Beauty,HC+PC,5472,X-PRESSION,282,Solpia Nigeria Limited
26393,XPR4FLOW148GC1,"X-pression 4flowers Weavon 148g X 4"" - Colour 1/39 X",114,Personal Care & Beauty,HC+PC,5472,X-PRESSION,282,Solpia Nigeria Limited
26394,XPRBOW150GB1,"X-pression Bounce Weavon 150g X 20"" - Black  X",114,Personal Care & Beauty,HC+PC,5472,X-PRESSION,282,Solpia Nigeria Limited
26395,XPRBOW150GC33,"X-pression Bounce Weavon 150g X 20"" - Colour 33  X",114,Personal Care & Beauty,HC+PC,5472,X-PRESSION,282,Solpia Nigeria Limited
26396,XPRBOW150GC30,"X-pression Bounce Weavon 150g X 20"" - Colour 30  X",114,Personal Care & Beauty,HC+PC,5472,X-PRESSION,282,Solpia Nigeria Limited
26397,XPRBOW150GC4,"X-pression Bounce Weavon 150g X 20"" - Colour 4 X",114,Personal Care & Beauty,HC+PC,5472,X-PRESSION,282,Solpia Nigeria Limited
26398,XPRDAW150GBC1B/30,"X-pression Daniela Weavon 150g X 15"" - Colour 1b/30 X",114,Personal Care & Beauty,HC+PC,5472,X-PRESSION,282,Solpia Nigeria Limited
26399,XPRDAW150GBB1,"X-pression Daniela Weavon 150g X 15"" - Black  X",114,Personal Care & Beauty,HC+PC,5472,X-PRESSION,282,Solpia Nigeria Limited
26400,XPRMINMIW140GB1,"X-pression Mini Mirreille Weavon 140g X 12"" - Black  X",114,Personal Care & Beauty,HC+PC,5472,X-PRESSION,282,Solpia Nigeria Limited
26401,XPRNAW150GB1,"X-pression Natural Weavon 150g X 11"" - Black  X",114,Personal Care & Beauty,HC+PC,5472,X-PRESSION,282,Solpia Nigeria Limited
26402,XPRRACW100GB1,"X-pression Razor Cut Weavon 100g X 2"" - Black  X",114,Personal Care & Beauty,HC+PC,5472,X-PRESSION,282,Solpia Nigeria Limited
26403,XPRRIBW230GB1,"X-pression Ring Bob Weavon 230g X 8"" - Black  X",114,Personal Care & Beauty,HC+PC,5472,X-PRESSION,282,Solpia Nigeria Limited
26404,XPRSCHW150GB1,"X-pression Schary Weavon 150g X 7""- Black  X",114,Personal Care & Beauty,HC+PC,5472,X-PRESSION,282,Solpia Nigeria Limited
26405,XPRSCHW150GC2,"X-pression Schary Weavon 150g X 7""- Colour 2  X",114,Personal Care & Beauty,HC+PC,5472,X-PRESSION,282,Solpia Nigeria Limited
26406,XPRSCHW150GC4,"X-pression Schary Weavon 150g X 7""- Colour 4  X",114,Personal Care & Beauty,HC+PC,5472,X-PRESSION,282,Solpia Nigeria Limited
26407,XPRSCHW150GC30,"X-pression Schary Weavon 150g X 7""- Colour 30 X",114,Personal Care & Beauty,HC+PC,5472,X-PRESSION,282,Solpia Nigeria Limited
26408,XPRSCHW150GC30/27,"X-pression Schary Weavon 150g X 7""- Colour 30/27  X",114,Personal Care & Beauty,HC+PC,5472,X-PRESSION,282,Solpia Nigeria Limited
26409,XPRSCHW150GC1/39,"X-pression Schary Weavon 150g X 7""- Colour 1/39  X",114,Personal Care & Beauty,HC+PC,5472,X-PRESSION,282,Solpia Nigeria Limited
26410,XPRACW210GB1,"X-pression Active Weavon 210g X 20"" - Black X",114,Personal Care & Beauty,HC+PC,5472,X-PRESSION,282,Solpia Nigeria Limited
26411,XPRACW210GC1/39,"X-pression Active Weavon 210g X 20"" - Colour 1/39  X",114,Personal Care & Beauty,HC+PC,5472,X-PRESSION,282,Solpia Nigeria Limited
26412,XPRDIW120GB1,X-pression Diva Weavon 120g X 7 - Black  X,114,Personal Care & Beauty,HC+PC,5472,X-PRESSION,282,Solpia Nigeria Limited
26413,XPRDIW120GC2,X-pression Diva Weavon 120g X 7 - Colour 2  X,114,Personal Care & Beauty,HC+PC,5472,X-PRESSION,282,Solpia Nigeria Limited
26414,XPRDIW120GC4,X-pression Diva Weavon 120g X 7 - Colour 4  X,114,Personal Care & Beauty,HC+PC,5472,X-PRESSION,282,Solpia Nigeria Limited
26415,XPRDIW120GC33,X-pression Diva Weavon 120g X 7 - Colour 33  X,114,Personal Care & Beauty,HC+PC,5472,X-PRESSION,282,Solpia Nigeria Limited
26416,XPRDIW120GC30/27,X-pression Diva Weavon 120g X 7 - Colour 30/27 X,114,Personal Care & Beauty,HC+PC,5472,X-PRESSION,282,Solpia Nigeria Limited
26417,XPRDIW120GC1/30,X-pression Diva Weavon 120g X 7 - Colour 1/30  X,114,Personal Care & Beauty,HC+PC,5472,X-PRESSION,282,Solpia Nigeria Limited
26418,XPRFOW140GB1,"X-pression Forever Weavon 140g X 17"" - Black  X",114,Personal Care & Beauty,HC+PC,5472,X-PRESSION,282,Solpia Nigeria Limited
26419,XPRFOW140GC33,"X-pression Forever Weavon 140g X 17"" - Colour 33 X",114,Personal Care & Beauty,HC+PC,5472,X-PRESSION,282,Solpia Nigeria Limited
26420,XPRFOW140GC1/30,"X-pression Forever Weavon 140g X 17"" - Colour 1/30  X",114,Personal Care & Beauty,HC+PC,5472,X-PRESSION,282,Solpia Nigeria Limited
26421,XPRFUW75GB1,"X-pression Funky Weavon 75g X 8""- Black  X",114,Personal Care & Beauty,HC+PC,5472,X-PRESSION,282,Solpia Nigeria Limited
26422,XPRRODW120GB1,X-pression Rose Deep Weavon 120g X 16 - Black X,114,Personal Care & Beauty,HC+PC,5472,X-PRESSION,282,Solpia Nigeria Limited
26423,XPRRODW120GC1/27,X-pression Rose Deep Weavon - 120g X 16 Colour 4  X,114,Personal Care & Beauty,HC+PC,5472,X-PRESSION,282,Solpia Nigeria Limited
26424,XPRRODW120GC1/33,X-pression Rose Deep Weavon - 120g X 16 Colour 1/33 X,114,Personal Care & Beauty,HC+PC,5472,X-PRESSION,282,Solpia Nigeria Limited
26425,XPRVOGW120GB1,X-pression Vogue Curl Weavon 120g X 11 - Black  X,114,Personal Care & Beauty,HC+PC,5472,X-PRESSION,282,Solpia Nigeria Limited
26426,XPRVOGW120GC1-340,X-pression Vogue Curl Weavon 120g X 11 - Colour 1-340 X,114,Personal Care & Beauty,HC+PC,5472,X-PRESSION,282,Solpia Nigeria Limited
26427,XPRVOGW120GC1-39,X-pression Vogue Curl Weavon 120g X 11 - Colour 1-39  X,114,Personal Care & Beauty,HC+PC,5472,X-PRESSION,282,Solpia Nigeria Limited
26428,VICLABW140GB1,Vicher La Belle Weavon 140g X 4 - Black  X,114,Personal Care & Beauty,HC+PC,5472,X-PRESSION,282,Solpia Nigeria Limited
26429,XPRDIW120GC1/340,X-pression Diva Weavon 120g X 7 - Colour 1/340  X,114,Personal Care & Beauty,HC+PC,5472,X-PRESSION,282,Solpia Nigeria Limited
26335,XPRCHBAT240GB1,"X-pression Rich Braid Attachment 240g X 78"" - Black  X",114,Personal Care & Beauty,HC+PC,5472,X-PRESSION,282,Solpia Nigeria Limited
26336,XPRCHBAT240GC51,"X-pression Rich Braid Attachment 240g X 78"" - Colour 51 X",114,Personal Care & Beauty,HC+PC,5472,X-PRESSION,282,Solpia Nigeria Limited
26337,XPRCHBAT240GC60,"X-pression Rich Braid Attachment 240g X 78"" - Colour 60 X",114,Personal Care & Beauty,HC+PC,5472,X-PRESSION,282,Solpia Nigeria Limited
26338,XPRCHBAT240GC350,"X-pression Rich Braid Attachment 240g X 78"" - Colour 350 X",114,Personal Care & Beauty,HC+PC,5472,X-PRESSION,282,Solpia Nigeria Limited
26339,XPRCHBAT240GCBG,"X-pression Rich Braid Attachment 240g X 78"" - Colour Bg X",114,Personal Care & Beauty,HC+PC,5472,X-PRESSION,282,Solpia Nigeria Limited
26340,XPRCHBAT240GC30,"X-pression Rich Braid Attachment 240g X 78"" - Colour 30  X",114,Personal Care & Beauty,HC+PC,5472,X-PRESSION,282,Solpia Nigeria Limited
26341,XPRCHBAT240GCGLD,"X-pression Rich Braid Attachment 240g X 78"" - Colour Gold  X",114,Personal Care & Beauty,HC+PC,5472,X-PRESSION,282,Solpia Nigeria Limited
26342,XPRCHBAT240GCPNK,"X-pression Rich Braid Attachment 240g X 78"" - Colour Pink X",114,Personal Care & Beauty,HC+PC,5472,X-PRESSION,282,Solpia Nigeria Limited
26343,XPRCHBAT240GCGRN,"X-pression Rich Braid Attachment 240g X 78"" - Colour Green X",114,Personal Care & Beauty,HC+PC,5472,X-PRESSION,282,Solpia Nigeria Limited
26655,XPRCHBAT240GX78C27,"X-pression Rich Braid Attachment 240g  X 78"" Colour 27",114,Personal Care & Beauty,HC+PC,5472,X-PRESSION,282,Solpia Nigeria Limited
26656,XPRCHBAT240Gx78CBLU,"X-pression Rich Braid Attachment 240g  X 78"" - Colour Blue",114,Personal Care & Beauty,HC+PC,5472,X-PRESSION,282,Solpia Nigeria Limited
26657,XPRCHBAT240Gx78CBG,"X-pression Rich Braid Attachment 240g  X 78"" - Colour Bg",114,Personal Care & Beauty,HC+PC,5472,X-PRESSION,282,Solpia Nigeria Limited
26658,XPRCHBAT240Gx78C1,"X-pression Rich Braid Attachment 240g  X 78"" -colour",114,Personal Care & Beauty,HC+PC,5472,X-PRESSION,282,Solpia Nigeria Limited
26662,XPRCHBAT240Gx78C35,"X-pression Rich Braid Attachment 240g  X 78"" - Colour 35",114,Personal Care & Beauty,HC+PC,5472,X-PRESSION,282,Solpia Nigeria Limited
26663,XPRSBAT330GC27,X-pression Super Braid Attachment 330g -colour  27,114,Personal Care & Beauty,HC+PC,5472,X-PRESSION,282,Solpia Nigeria Limited
26664,XPRCHBAT240GX78C2,X-pression Rich Braid Attachment 240g- Colour,114,Personal Care & Beauty,HC+PC,5472,X-PRESSION,282,Solpia Nigeria Limited
26660,XPRCHBAT240Gx78C33,"X-pression Rich Braid Attachment 240g  X 78"" - Colour 33",114,Personal Care & Beauty,HC+PC,5472,X-PRESSION,282,Solpia Nigeria Limited
30287,XPRCHBAT240GX78PV,"X-pression Rich Braid Attachment 240g  X 78"" - Pviolet",114,Personal Care & Beauty,HC+PC,5472,X-PRESSION,282,Solpia Nigeria Limited
30288,XPRBAT240G78CRW,"X-pression Rich Braid Attachment 240g  X 78""-colour Rosewood",114,Personal Care & Beauty,HC+PC,5472,X-PRESSION,282,Solpia Nigeria Limited
30289,XPRCHBAT240GX78CH,"X-pression Rich Braid Attachment 240g  X 78""-colour Horizon",114,Personal Care & Beauty,HC+PC,5472,X-PRESSION,282,Solpia Nigeria Limited
25919,SMAHCNDP25G,Soulmate Hair Conditioner Plus 25g,114,Personal Care & Beauty,HC+PC,5473,SOULMATE,284,SOULMATE INDUSTRIES LTD
25920,SMAHCNDP25Gx20,Soulmate Hair Conditioner Plus 25g X 20,114,Personal Care & Beauty,HC+PC,5473,SOULMATE,284,SOULMATE INDUSTRIES LTD
25921,SMAHCNDP50G,Soulmate Hair Conditioner Plus 50g,114,Personal Care & Beauty,HC+PC,5473,SOULMATE,284,SOULMATE INDUSTRIES LTD
25922,SMAHCNDP50Gx48,Soulmate Hair Conditioner Plus 50g X 48,114,Personal Care & Beauty,HC+PC,5473,SOULMATE,284,SOULMATE INDUSTRIES LTD
25923,SMAHCNDP100G,Soulmate Hair Conditioner Plus 100g,114,Personal Care & Beauty,HC+PC,5473,SOULMATE,284,SOULMATE INDUSTRIES LTD
25924,SMAHCNDP100Gx24,Soulmate Hair Conditioner Plus 100g X 24,114,Personal Care & Beauty,HC+PC,5473,SOULMATE,284,SOULMATE INDUSTRIES LTD
25925,SMAHCNDP330G,Soulmate Hair Conditioner Plus 330g,114,Personal Care & Beauty,HC+PC,5473,SOULMATE,284,SOULMATE INDUSTRIES LTD
25926,SMAHCNDP330Gx24,Soulmate Hair Conditioner Plus 330g X 24,114,Personal Care & Beauty,HC+PC,5473,SOULMATE,284,SOULMATE INDUSTRIES LTD
25927,SMAHCNDP650G,Soulmate Hair Conditioner Plus 650g,114,Personal Care & Beauty,HC+PC,5473,SOULMATE,284,SOULMATE INDUSTRIES LTD
25928,SMAHCNDP650Gx12,Soulmate Hair Conditioner Plus 650g X 12,114,Personal Care & Beauty,HC+PC,5473,SOULMATE,284,SOULMATE INDUSTRIES LTD
25940,ELMTHSH500ML,Elan Mentholated Shampoo 500ml,114,Personal Care & Beauty,HC+PC,5474,ELAN ,285,N.N.FEMS Industries Ltd.
25941,ELMTHSH500MLx12,Elan Mentholated Shampoo 500ml X 12,114,Personal Care & Beauty,HC+PC,5474,ELAN ,285,N.N.FEMS Industries Ltd.
25942,ELMTHCND500ML,Elan Mentholated Conditioner 500ml,114,Personal Care & Beauty,HC+PC,5474,ELAN ,285,N.N.FEMS Industries Ltd.
25943,ELMTHCND500MLx12,Elan Mentholated Conditioner 500ml X 12,114,Personal Care & Beauty,HC+PC,5474,ELAN ,285,N.N.FEMS Industries Ltd.
26027,MACJGPEA4OOG,Marc Joseph Green Peas 400g  X 12,105,Condiments,Food,5476,MARC JOSEPH,286,FOOD SOLUTIONS GLOBAL CONCEPTS LIMITED
26028,MACJSCRN115G,Marc Joseph Sweet Corn 115g X 24,105,Condiments,Food,5476,MARC JOSEPH,286,FOOD SOLUTIONS GLOBAL CONCEPTS LIMITED
26029,MACJSCRN340G,Marc Joseph Sweet Corn 340g  X 12,105,Condiments,Food,5476,MARC JOSEPH,286,FOOD SOLUTIONS GLOBAL CONCEPTS LIMITED
26030,MACJREDKD400G,Marc Joseph Red Kidney 400g X 12,105,Condiments,Food,5476,MARC JOSEPH,286,FOOD SOLUTIONS GLOBAL CONCEPTS LIMITED
26031,MACJMIXVG400G,Marc Joseph Mixed Vegetables 400g  X 12,105,Condiments,Food,5476,MARC JOSEPH,286,FOOD SOLUTIONS GLOBAL CONCEPTS LIMITED
26032,MACJMACK155G,Marc Joseph Mackerel 155g  X 50,105,Condiments,Food,5476,MARC JOSEPH,286,FOOD SOLUTIONS GLOBAL CONCEPTS LIMITED
26033,MACJTUNC170G,Marc Joseph Tuna Chunk 170g X 48,105,Condiments,Food,5476,MARC JOSEPH,286,FOOD SOLUTIONS GLOBAL CONCEPTS LIMITED
26034,MACJSDINE125G,Marc Joseph Sardine 125g X 50,105,Condiments,Food,5476,MARC JOSEPH,286,FOOD SOLUTIONS GLOBAL CONCEPTS LIMITED
26052,MACJBKB4OOG,Marc Joseph Baked Beans 400g X 12,105,Condiments,Food,5476,MARC JOSEPH,286,FOOD SOLUTIONS GLOBAL CONCEPTS LIMITED
26049,MACJMUSRM400G,Marc Joseph Whole Mushroom 400g X 12,105,Condiments,Food,5476,MARC JOSEPH,286,FOOD SOLUTIONS GLOBAL CONCEPTS LIMITED
26016,MACJBB4OOG,Marc Joseph Whole Mushroom 400g X 12 X,105,Condiments,Food,5476,MARC JOSEPH,286,FOOD SOLUTIONS GLOBAL CONCEPTS LIMITED
26017,GLBCAPCINO400G,Golden Break Capuccino Wafer 400g  X 12,101,Biscuits & Sweets,Food,5477,GOLDEN BREAK,286,FOOD SOLUTIONS GLOBAL CONCEPTS LIMITED
26043,GLBKVILA400G,Golden Break Vanilla Cream Wafer 400g X 12,101,Biscuits & Sweets,Food,5477,GOLDEN BREAK,286,FOOD SOLUTIONS GLOBAL CONCEPTS LIMITED
26044,GLBHAZEL400G,Golden Break Hazelnut Chocolate Wafer 400g  X 12,101,Biscuits & Sweets,Food,5477,GOLDEN BREAK,286,FOOD SOLUTIONS GLOBAL CONCEPTS LIMITED
26045,GLBDKCHOCO400G,Golden Break Dark Chocolate Wafer 400g X 12,101,Biscuits & Sweets,Food,5477,GOLDEN BREAK,286,FOOD SOLUTIONS GLOBAL CONCEPTS LIMITED
30823,SUPNOOD120GX20,Supreme Noodles 120g X 20,129,Noodles,Food,5478,SUPREME N,44,EKO SUPREME RESOURCES NIGERIA LIMITED
44617,SUPNOOD120x40,Supreme Noodles 120g X 40 +4,129,Noodles,Food,5478,SUPREME N,44,EKO SUPREME RESOURCES NIGERIA LIMITED
44435,SUPNOOD70Gx4,Supreme Noodles 70g X 40+4,129,Noodles,Food,5478,SUPREME N,44,EKO SUPREME RESOURCES NIGERIA LIMITED
23657,SUPNOOD120G,Supreme Noodles 120g X 40,129,Noodles,Food,5478,SUPREME N,44,EKO SUPREME RESOURCES NIGERIA LIMITED
23658,SUPNOOD70G,Supreme Noodles 70g X 40,129,Noodles,Food,5478,SUPREME N,44,EKO SUPREME RESOURCES NIGERIA LIMITED
24258,SUPNOOD70Gx20,Supreme Noodles 70g X 20,129,Noodles,Food,5478,SUPREME N,44,EKO SUPREME RESOURCES NIGERIA LIMITED
42536,SUPNOOD100G,Supreme Instant Chicken Noodles 100g X 40,129,Noodles,Food,5478,SUPREME N,44,EKO SUPREME RESOURCES NIGERIA LIMITED
24002,LACAPPL35CL,La Casera Apple Pet Bottle 35cl X 12,106,Drinks,Beverages,5479,LACASERA,18,THE LA CASERA COMPANY PLC
24994,LACAPPL35CLx6,La Casera Apple Pet Bottle 35cl X,106,Drinks,Beverages,5479,LACASERA,18,THE LA CASERA COMPANY PLC
26101,COBCAPSUG12.5G,Cobizco Cappuccino Choco Granules No Added Sugar 12.5g  X 40,110,Hot Chocolate Drinks,Food,5480,COBIZCO,286,FOOD SOLUTIONS GLOBAL CONCEPTS LIMITED
26102,COB3IN1CLAS20G,Cobizco Classic 3 In 1 Premix Coffee 20g  X 40,104,Coffee & Tea,Food,5480,COBIZCO,286,FOOD SOLUTIONS GLOBAL CONCEPTS LIMITED
26103,COB3IN1HOT20G,Cobizco 3 In 1 Hot Chocolate 20g  X 40,110,Hot Chocolate Drinks,Food,5480,COBIZCO,286,FOOD SOLUTIONS GLOBAL CONCEPTS LIMITED
26104,COBOVICHOCO30G,Cobizco Oviten Chocolate Malt Drink 30g  X 45,110,Hot Chocolate Drinks,Food,5480,COBIZCO,286,FOOD SOLUTIONS GLOBAL CONCEPTS LIMITED
26035,COBSLMTEA50G,Cobizco Slimming Tea 50g  X 24,104,Coffee & Tea,Food,5480,COBIZCO,286,FOOD SOLUTIONS GLOBAL CONCEPTS LIMITED
26036,COBGRNTEA50G,Cobizco Green Tea 50g  X 24,104,Coffee & Tea,Food,5480,COBIZCO,286,FOOD SOLUTIONS GLOBAL CONCEPTS LIMITED
26037,COBAPPCIN50G,Cobizco Green Tea Apple & Cinnamon 50g X 24,104,Coffee & Tea,Food,5480,COBIZCO,286,FOOD SOLUTIONS GLOBAL CONCEPTS LIMITED
26038,COBGNLEM50G,Cobizco Green Tea Ginger & Lemon 50g X 24,104,Coffee & Tea,Food,5480,COBIZCO,286,FOOD SOLUTIONS GLOBAL CONCEPTS LIMITED
26039,COBJASMIN50G,Cobizco Green Tea & Jasmine 50g X 24,104,Coffee & Tea,Food,5480,COBIZCO,286,FOOD SOLUTIONS GLOBAL CONCEPTS LIMITED
26040,COBMINT50G,Cobizco Green Tea & Mint 50g X 24,104,Coffee & Tea,Food,5480,COBIZCO,286,FOOD SOLUTIONS GLOBAL CONCEPTS LIMITED
26041,COBMRGA50G,Cobizco Green Tea & Moringa 50g X 24,104,Coffee & Tea,Food,5480,COBIZCO,286,FOOD SOLUTIONS GLOBAL CONCEPTS LIMITED
26042,COBBLACK50G,Cobizco Black Tea 50g X 40 X 40,104,Coffee & Tea,Food,5480,COBIZCO,286,FOOD SOLUTIONS GLOBAL CONCEPTS LIMITED
26057,CHKDEVILLA80G,Chak De Vanilla Wafer 80g  X 48,101,Biscuits & Sweets,Food,5482,CHAK DE,235,Merchant Investors Limited
26058,CHKDEVILLA40G,Chak De Vanilla Wafer 40g  X 48,101,Biscuits & Sweets,Food,5482,CHAK DE,235,Merchant Investors Limited
26059,CHKDECHOCO80G,Chak De Choco Wafer 80g  X 48,101,Biscuits & Sweets,Food,5482,CHAK DE,235,Merchant Investors Limited
26060,CHKDECHOCO40G,Chak De Choco Wafer 40g  X 48,101,Biscuits & Sweets,Food,5482,CHAK DE,235,Merchant Investors Limited
26061,CHKDECHOCO27G,Chak De Choco Wafer 27g  X 96,101,Biscuits & Sweets,Food,5482,CHAK DE,235,Merchant Investors Limited
26062,CHKDEORG27G,Chak De Orange Wafer 27g X 96,101,Biscuits & Sweets,Food,5482,CHAK DE,235,Merchant Investors Limited
26063,CHKDEVILLA27G,Chak De Vanilla Wafer 27g  X 96,101,Biscuits & Sweets,Food,5482,CHAK DE,235,Merchant Investors Limited
26556,LUVWFER70G,Luvit Milk Cream Wafer 70g  X 48,101,Biscuits & Sweets,Food,5482,CHAK DE,235,Merchant Investors Limited
26066,ROYCWSKY180ML,Royal Circle Whiskey 180ml  X 48,106,Drinks,Beverages,5483,ROYAL CIRCLE,287,YOBINAM LIMITED
26067,ROYCWSKY750ML,Royal Circle Whiskey 750ml  X 12,106,Drinks,Beverages,5483,ROYAL CIRCLE,287,YOBINAM LIMITED
26209,ROYCWSKY180PCS1,Royal Circle Whiskey 180ml  X,106,Drinks,Beverages,5483,ROYAL CIRCLE,287,YOBINAM LIMITED
26210,ROYCWSKY750PCS1,Royal Circle Whiskey 750ml  X,106,Drinks,Beverages,5483,ROYAL CIRCLE,287,YOBINAM LIMITED
26495,ROYCWSKY180MLPKT4,Royal Circle Whiskey 180ml  X 12,106,Drinks,Beverages,5483,ROYAL CIRCLE,287,YOBINAM LIMITED
42469,RYCPESWKY200ML,Royal Circle Premium Extra Smooth Whisky 200ml X 48,106,Drinks,Beverages,5483,ROYAL CIRCLE,287,YOBINAM LIMITED
42470,RYCPESWKY750ML,Royal Circle Premium Extra Smooth Whisky 750ml X 12,106,Drinks,Beverages,5483,ROYAL CIRCLE,287,YOBINAM LIMITED
42563,RYCPESWKY200MLX12 Ro,Royal Circle Premium Extra Smooth Whisky 200ml X 12,106,Drinks,Beverages,5483,ROYAL CIRCLE,287,YOBINAM LIMITED
42912,ROYCWSKY200ML,Royal Circle Whiskey 200ml X 48,106,Drinks,Beverages,5483,ROYAL CIRCLE,287,YOBINAM LIMITED
42832,RYCPESWKY750MLX1PC,Royal Circle Premium Extra Smooth Whisky 750ml X 1,106,Drinks,Beverages,5483,ROYAL CIRCLE,287,YOBINAM LIMITED
45763,RYCPESWKY200,Royal Circle Premium Extra Smooth Whisky 200ml X 12,106,Drinks,Beverages,5483,ROYAL CIRCLE,287,YOBINAM LIMITED
45765,RYCPESWKY375,Royal Circle Premium Whisky 375ml Pack Size  X 6,106,Drinks,Beverages,5483,ROYAL CIRCLE,287,YOBINAM LIMITED
43239,RYCPESWKY375ML,Royal Circle Premium Whisky 375ml X 24,106,Drinks,Beverages,5483,ROYAL CIRCLE,287,YOBINAM LIMITED
43240,RYCPESWKY1000ML,Royal Circle Premium Whisky 1000ml X 12,106,Drinks,Beverages,5483,ROYAL CIRCLE,287,YOBINAM LIMITED
43263,RYCPESWKY375ML PCK6,Royal Circle Premium Whisky 375ml Pack Size  X 6,106,Drinks,Beverages,5483,ROYAL CIRCLE,287,YOBINAM LIMITED
43325,RYCPESWKY200MLX1,Royal Circle Premium Extra Smooth Whisky 200ml X 1,106,Drinks,Beverages,5483,ROYAL CIRCLE,287,YOBINAM LIMITED
43326,RYCPWSKY1000MLX1,Royal Circle Premium Whisky 1000ml X 1,106,Drinks,Beverages,5483,ROYAL CIRCLE,287,YOBINAM LIMITED
43327,RYCPWSKY375MLX1,Royal Circle Premium Whisky 375ml X 1,106,Drinks,Beverages,5483,ROYAL CIRCLE,287,YOBINAM LIMITED
26110,Veuduver70CLX6,Veuve Du Vernay Sparkling Wine 70cl X,106,Drinks,Beverages,5484,Veuve De Varnay,233,Parle
26068,Veuduver70cl,Veuve Du Vernay Sparkling Wine 70cl X 12,106,Drinks,Beverages,5484,Veuve De Varnay,233,Parle
26120,Gorlondry750ML,Gordon's London Dry Gin 750ml X 12,106,Drinks,Beverages,5485,Gordon's London Dry Gin,93,DIAGEO
26069,Gorlondry70cl,Gordon's London Dry Gin 70cl X 12,106,Drinks,Beverages,5485,Gordon's London Dry Gin,93,DIAGEO
30524,IMPORTED,Gordon's London Dry Gin 70cl X 12 (imported),106,Drinks,Beverages,5485,Gordon's London Dry Gin,93,DIAGEO
30526,GORLONGIN70CL,Gordon's London Dry Gin 70cl X 12 (imported),106,Drinks,Beverages,5485,Gordon's London Dry Gin,93,DIAGEO
31550,GORLONDRY70CLX1,Gordon's London Dry Gin 70cl X,106,Drinks,Beverages,5485,Gordon's London Dry Gin,93,DIAGEO
45481,GORDONSDRYGIN180ML,Gordons Dry Gin 180ml X 48,106,Drinks,Beverages,5485,Gordon's London Dry Gin,93,DIAGEO
46305,GMCB70CLX12,Gordons Moringa Citrus Blend 70cl X 12,106,Drinks,Beverages,5485,Gordon's London Dry Gin,93,DIAGEO
55035,GORLODRGIN750ML,Gordon's London Dry Gin 750ml X 12,106,Drinks,Beverages,5485,Gordon's London Dry Gin,93,DIAGEO
55038,GORDRGIN18CL,Gordon's Dry Gin 18cl X48,106,Drinks,Beverages,5485,Gordon's London Dry Gin,93,DIAGEO
42683,GORDONMORINGA180ML,Gordons Moringa Citrus Blend 180ml X 48,106,Drinks,Beverages,5485,Gordon's London Dry Gin,93,DIAGEO
44840,GORDONSGINTONIC330ML,Gordons Pink Mix Berries Gin & Tonic 330ml Can 24 X 1,106,Drinks,Beverages,5485,Gordon's London Dry Gin,93,DIAGEO
26091,KLENANTIBORG500ML,Kleanmate Orange Liquid Antibacterial Handwash 500ml  X 12,114,Personal Care & Beauty,HC+PC,5486,KLEANMATE,290,KLEANMATE
26092,KLENANTIBGRN500ML,Kleanmate Green Liquid Antibacterial Handwash 500ml  X 12,114,Personal Care & Beauty,HC+PC,5486,KLEANMATE,290,KLEANMATE
26093,KLENTOLET750ML,Kleanmate Toilet Cleaner 750ml  X 12,108,Home Care and Laundry,HC+PC,5486,KLEANMATE,290,KLEANMATE
26094,KLENFLCLN500ML,Kleanmate Floor Cleaner 500ml  X 24,108,Home Care and Laundry,HC+PC,5486,KLEANMATE,290,KLEANMATE
26095,KLENFLCLN4LTR,Kleanmate Floor Cleaner 4ltr X,108,Home Care and Laundry,HC+PC,5486,KLEANMATE,290,KLEANMATE
26073,KLENPINK500ML,Kleanmate Liquid Pink Handwash 500ml X 12,114,Personal Care & Beauty,HC+PC,5486,KLEANMATE,290,KLEANMATE
26074,KLENLAVD500ML,Kleanmate Liquid Lavender Handwash 500ml X 12,114,Personal Care & Beauty,HC+PC,5486,KLEANMATE,290,KLEANMATE
26075,KLENYELW500ML,Kleanmate Liquid Yellow Rose Handwash 500ml X 12,114,Personal Care & Beauty,HC+PC,5486,KLEANMATE,290,KLEANMATE
26076,KLENBLUE500ML,Kleanmate Liquid Blue Rose Handwash 500ml X 12,114,Personal Care & Beauty,HC+PC,5486,KLEANMATE,290,KLEANMATE
26077,KLENCITRS500ML,Kleanmate Liquid Citrus Handwash 500ml X 12,114,Personal Care & Beauty,HC+PC,5486,KLEANMATE,290,KLEANMATE
26078,KLENAPPGR500ML,Kleanmate Liquid Apple Green Handwash 500ml X 12,114,Personal Care & Beauty,HC+PC,5486,KLEANMATE,290,KLEANMATE
26080,KLENLAVS300ML,Kleanmate Lavender & Shea Butter Handwash 300ml X 12,114,Personal Care & Beauty,HC+PC,5486,KLEANMATE,290,KLEANMATE
26081,KLENMORL300ML,Kleanmate Moringa & Lemon Grass Handwash 300ml X 12,114,Personal Care & Beauty,HC+PC,5486,KLEANMATE,290,KLEANMATE
26082,KLENPINK4LTR,Kleanmate Liquid Pink Handwash 4ltr X,114,Personal Care & Beauty,HC+PC,5486,KLEANMATE,290,KLEANMATE
26083,KLENGLSBLU500ML,Kleanmate Blue Liquid Glass Cleaner 500ml X 12,108,Home Care and Laundry,HC+PC,5486,KLEANMATE,290,KLEANMATE
26084,KLENGLSPNK500ML,Kleanmate Pink Liquid Glass Cleaner 500ml X 12,108,Home Care and Laundry,HC+PC,5486,KLEANMATE,290,KLEANMATE
26085,KLENGLSWHT500ML,Kleanmate White Liquid Glass Cleaner 500ml X 12,108,Home Care and Laundry,HC+PC,5486,KLEANMATE,290,KLEANMATE
26086,KLENBLCH4LTR,Kleanmate Perfumed Bleach 4ltr X,108,Home Care and Laundry,HC+PC,5486,KLEANMATE,290,KLEANMATE
26087,KLENVILLA300ML,Kleanmate  Vanilla & Appple Blossom Handwash 300ml X 12,114,Personal Care & Beauty,HC+PC,5486,KLEANMATE,290,KLEANMATE
26088,KLENJASWOD300ML,Kleanmate Jasmine & Sandal Wood Handwash 300ml X 12,114,Personal Care & Beauty,HC+PC,5486,KLEANMATE,290,KLEANMATE
26518,KLENPINK500MLPROMO,Kleanmate Liquid Pink Handwash 500ml X 9+ 1 Small Handwash,108,Home Care and Laundry,HC+PC,5486,KLEANMATE,290,KLEANMATE
26519,KLENLAVD500MLPROMO,Kleanmate Liquid Lavender Handwash 500ml X 9+1 Small Handwas,114,Personal Care & Beauty,HC+PC,5486,KLEANMATE,290,KLEANMATE
26520,KLENYELW500MLPROMO,Kleanmate Liquid Yellow Rose Handwash 500ml X 9+1 Small Hand,108,Home Care and Laundry,HC+PC,5486,KLEANMATE,290,KLEANMATE
26521,KLENBLUE500MLPROMO,Kleanmate Liquid Blue Rose Handwash 500ml X 9+ 1 Small Handw,114,Personal Care & Beauty,HC+PC,5486,KLEANMATE,290,KLEANMATE
26522,KLENCITRS500MLPROMO,Kleanmate Liquid Citrus Handwash 500ml X 9+1 Small Handwash,108,Home Care and Laundry,HC+PC,5486,KLEANMATE,290,KLEANMATE
26523,KLENAPPGR500MLPROMO,Kleanmate Liquid Apple Green Handwash 500ml X 9+1 Small Hand,114,Personal Care & Beauty,HC+PC,5486,KLEANMATE,290,KLEANMATE
26524,KLENANTIBORG500MLPRO,Kleanmate Orange Liquid Antibact Hand Wash 500mlx9+1small Hw,114,Personal Care & Beauty,HC+PC,5486,KLEANMATE,290,KLEANMATE
26525,KLENANTIBGRN500MLPRO,Kleanmate Green Liquid Antibact Handwash 500mlx9+1 Small H,108,Home Care and Laundry,HC+PC,5486,KLEANMATE,290,KLEANMATE
26096,XTRETFRSH130GPK10,Xtreme Toothpaste Fresh & Shine 130g  X 5 X1,114,Personal Care & Beauty,HC+PC,5487,XTREME,34,DARAJU
26098,XTRETANT145PK10,Xtreme Toothpaste Anticav 145g X 5 X,114,Personal Care & Beauty,HC+PC,5487,XTREME,34,DARAJU
26099,XTRETCHA130GPK10,Xtreme Toothpaste Charcoal 130g  X 5 X,114,Personal Care & Beauty,HC+PC,5487,XTREME,34,DARAJU
44336,XTRPR012,Xtreme Pro Toothbrush Medium 12,114,Personal Care & Beauty,HC+PC,5487,XTREME,34,DARAJU
26268,XPTBHPK12,Xtreme Pro Toothbrush Hard  X 12,114,Personal Care & Beauty,HC+PC,5487,XTREME,34,DARAJU
26266,XFSRGFT130GPK10,Xtreme Fresh & Shine Red Gel Flouride Toothpaste 130g  X 10,114,Personal Care & Beauty,HC+PC,5487,XTREME,34,DARAJU
26241,XTRETFRSH130GPK5,Xtreme Toothpaste Fresh & Shine 130g  X 10,114,Personal Care & Beauty,HC+PC,5487,XTREME,34,DARAJU
26242,XTREMTANT145PK10,Xtreme Toothpaste Anticav 145g X 10,114,Personal Care & Beauty,HC+PC,5487,XTREME,34,DARAJU
26243,XTREMTCHA130GPK10,Xtreme Toothpaste Charcoal 130g  X 10,114,Personal Care & Beauty,HC+PC,5487,XTREME,34,DARAJU
26249,XTREMTCHA130GPK5,Xtreme Toothpaste Charcoal 130g  X 10,114,Personal Care & Beauty,HC+PC,5487,XTREME,34,DARAJU
26250,XTREMTANT145PK5,Xtreme Toothpaste Anticav 145g X 10,114,Personal Care & Beauty,HC+PC,5487,XTREME,34,DARAJU
26100,MABCOBIS24G,Mabisco Coaster Biscuits 24g X 144,101,Biscuits & Sweets,Food,5488,MABISCO,129,MABISCO
26608,SWNBMOSQ60PCK,Swan Black Mosquito Coil 8hr X 60pcks,108,Home Care and Laundry,HC+PC,5489,SWAN,235,Merchant Investors Limited
26609,SWNFMOSQ60PCK,Swan Fiber Mosquito Coil  X 60pcks,108,Home Care and Laundry,HC+PC,5489,SWAN,235,Merchant Investors Limited
26610,SWNGMOSQ60PCK,Swan Green Mosquito Coil 8hr  X 60pcks,108,Home Care and Laundry,HC+PC,5489,SWAN,235,Merchant Investors Limited
26611,SWNBJMOSQ60PCK,Swan Black Jumbo Mosquito Coil 12hr  X 60pcks,108,Home Care and Laundry,HC+PC,5489,SWAN,235,Merchant Investors Limited
26612,SWNACTJMOSQ60PCK,Swan Activ+ Mosquito Coil 12hr  X 60pcks,108,Home Care and Laundry,HC+PC,5489,SWAN,235,Merchant Investors Limited
26613,SWNACTMOSQ60PCK,Swan Activ+ Mini Mosquito Coil  X 60pcks,108,Home Care and Laundry,HC+PC,5489,SWAN,235,Merchant Investors Limited
26105,SWAN300ML,Swan Insecticide Aerosol 300ml  X 24,108,Home Care and Laundry,HC+PC,5489,SWAN,235,Merchant Investors Limited
26106,SWAN600ML,Swan Insecticide Aerosol 600ml  X 24,108,Home Care and Laundry,HC+PC,5489,SWAN,235,Merchant Investors Limited
26107,ALLOUT300ML,All Out Insecticide Aerosol 300ml  X 24,108,Home Care and Laundry,HC+PC,5490,ALL OUT,235,Merchant Investors Limited
26117,Veuduvericros750ml,Veuve Du Vernay Sparkling Wine Ice Rose  750ml  X,106,Drinks,Beverages,5491,VEUVE DE VARANY,288,PATRIACHE
26118,VeuduverIce750ml,Veuve De Varnay Sparkling Wine Ice 750ml  X,106,Drinks,Beverages,5491,VEUVE DE VARANY,288,PATRIACHE
26558,CHIVAS1870CLPK1,Chivas Regal 18yrs 70cl X,106,Drinks,Beverages,5492,CHIVAS BROTHERS,291,CHIVAS
26123,CHIREG1870CLPK1,Chivas Regal 18yrs 70cl X 6 X,106,Drinks,Beverages,5492,CHIVAS BROTHERS,291,CHIVAS
26128,ELVITALCH750ML,Elvita Bitters Alcholic Drink 200ml X 24,106,Drinks,Beverages,5493,ELVITA,293,ELVITA BEVERAGE & FOOD LTD
26129,ELVITALC200ML,Elvita Bitters Alcholic Drink 200ml X 24,106,Drinks,Beverages,5493,ELVITA,293,ELVITA BEVERAGE & FOOD LTD
26130,ELVITALC750ML,Elvita Bitters Alcholic Drink 750ml X 12,106,Drinks,Beverages,5493,ELVITA,293,ELVITA BEVERAGE & FOOD LTD
26131,ELVITALCH100ML,Elvita Bitters Alcholic Drink 100ml  X 48,106,Drinks,Beverages,5493,ELVITA,293,ELVITA BEVERAGE & FOOD LTD
26133,SKYPLVDFRSH250ML,Skypower Lavender Airfreshner 250ml X 24,108,Home Care and Laundry,HC+PC,5494,SKYPOWER,235,Merchant Investors Limited
26134,SKYPLVDFRSH500ML,Skypower Lavender Airfreshner 500ml X 12,108,Home Care and Laundry,HC+PC,5494,SKYPOWER,235,Merchant Investors Limited
26135,SKYPFRSHWAV250ML,Skypower Fresh Wave Airfreshner 250ml  X 24,108,Home Care and Laundry,HC+PC,5494,SKYPOWER,235,Merchant Investors Limited
26136,SKYPFRSHWAV500ML,Skypower Fresh Wave Airfreshner 500ml  X 12,108,Home Care and Laundry,HC+PC,5494,SKYPOWER,235,Merchant Investors Limited
26171,MMGRNVK750ML,Magic Moments Grain Vodka 750ml  X 12,106,Drinks,Beverages,5495,MAGIC MOMENTS,295,AAROHI NIGERIA LIMITED
26172,MMLEMVK750ML,Magic Moments Remix Lemon Vodka 750ml  X 12,106,Drinks,Beverages,5495,MAGIC MOMENTS,295,AAROHI NIGERIA LIMITED
26173,MMLEMGRSVK750ML,Magic Moments Lemongrass & Ginger Vodka 750ml  X 12,106,Drinks,Beverages,5495,MAGIC MOMENTS,295,AAROHI NIGERIA LIMITED
26174,MMAPPLEVK750ML,Magic Moments Green Apple Flavoured Vodka 750ml  X 12,106,Drinks,Beverages,5495,MAGIC MOMENTS,295,AAROHI NIGERIA LIMITED
26175,MMORNGVK750ML,Magic Moments Orange Flavoured Vodka 750ml  X 12,106,Drinks,Beverages,5495,MAGIC MOMENTS,295,AAROHI NIGERIA LIMITED
26176,MMCHOCOVK750ML,Magic Moments Chocolate Flavoured Vodka 750ml X 12,106,Drinks,Beverages,5495,MAGIC MOMENTS,295,AAROHI NIGERIA LIMITED
26177,MMRASPBVK750ML,Magic Moments Raspbery Flavoured Vodka 750ml  X 12,106,Drinks,Beverages,5495,MAGIC MOMENTS,295,AAROHI NIGERIA LIMITED
26181,CREMICLIQU750ML,Cremica Cream Liqueur 750ml  X 12,106,Drinks,Beverages,5496,CREMICA,295,AAROHI NIGERIA LIMITED
26182,8PMHONLQU750ML,8pm Honey Liqueur 750ml X 12,106,Drinks,Beverages,5497,8PM,295,AAROHI NIGERIA LIMITED
26183,8PMFIRELQU750ML,8pm Fire Cinnamon Liqueur 750ml X 12,106,Drinks,Beverages,5497,8PM,295,AAROHI NIGERIA LIMITED
26184,8PMRARELQU750ML,8pm Rare Blend Whisky 750ml  X 12,106,Drinks,Beverages,5497,8PM,295,AAROHI NIGERIA LIMITED
26185,AFTGRNWSKY750ML,After Dark Fine Grain Whisky 750ml  X 12,106,Drinks,Beverages,5498,AFTER DARK,295,AAROHI NIGERIA LIMITED
26207,CAMBITTERS100clx6,Campari Bitters 100cl  X,106,Drinks,Beverages,5499,CAMPARI,296,Davide Campari-Milano N.V
26208,CAMPBITTERS100CL,Campari Bitters 100cl  X,106,Drinks,Beverages,5499,CAMPARI,296,Davide Campari-Milano N.V
26202,CAMBITTERS100cl,Campari Bitters 100cl X 12,106,Drinks,Beverages,5499,CAMPARI,296,Davide Campari-Milano N.V
37826,CAMPBIG1LTR,Campari Big 1ltr X 6,106,Drinks,Beverages,5499,CAMPARI,199,Ekulo Group of Companies
37827,CAMPSML0.2LTR,Campari Small 0.2ltr X 24,106,Drinks,Beverages,5499,CAMPARI,199,Ekulo Group of Companies
54701,CAMP70CL,Campari Big 70cl X 6,106,Drinks,Beverages,5499,CAMPARI,199,Ekulo Group of Companies
26203,MOETROSE70cl,Moet & Chandon Nectar Imperial Rose 70cl X,106,Drinks,Beverages,5500,MOET&CHANDON,297,Tiffany & Co
26204,MOETBRUT70cl,Moet & Chandon Nectar Imperial Brut 70cl X,106,Drinks,Beverages,5500,MOET&CHANDON,297,Tiffany & Co
26217,MOETROSE75cl,Moet & Chandon Nectar Imperial Rose 75cl X,106,Drinks,Beverages,5500,MOET&CHANDON,297,Tiffany & Co
26218,MOETBRUT75cl,Moet & Chandon Nectar Imperial Brut 75cl X,106,Drinks,Beverages,5500,MOET&CHANDON,297,Tiffany & Co
26219,VEUVEBRUT75cl,Veuve Cliquot Brut 75cl X,106,Drinks,Beverages,5501,VEUVE CLIQUOT,298,Louis Vuitton Moët Hennessy group 
26205,VEUVEBRUT70cl,Veuve Cliquot Brut 70cl X,106,Drinks,Beverages,5501,VEUVE CLIQUOT,298,Louis Vuitton Moët Hennessy group 
26206,VEUVEROSE70cl,Veuve Cliquot Rose 70cl X,106,Drinks,Beverages,5501,VEUVE CLIQUOT,298,Louis Vuitton Moët Hennessy group 
26470,VEUCLICROSE75cl,Veuve Clicquot Rose 75cl X,106,Drinks,Beverages,5501,VEUVE CLIQUOT,298,Louis Vuitton Moët Hennessy group 
26244,MABSSCOBIS42G,Mabisco So Sweet Cookies 42g  X 24,101,Biscuits & Sweets,Food,5503,COOKIES,129,MABISCO
26245,MABSHBIS55G,Mabisco Sweet Hearts Sweet Biscuit 55g X 48 X 48,101,Biscuits & Sweets,Food,5504,BISCUIT,129,MABISCO
26246,MABSBCOCOBIS45G,Mabisco So Blissfull Coconut Biscuit 45g X 48,101,Biscuits & Sweets,Food,5504,BISCUIT,129,MABISCO
26253,FRMPTRP500ML,Farm Pride Tropical Blast Juice Pet 500ml  X 12,106,Drinks,Beverages,5505,FARM PRIDE,300,NIYYA FOODS & DRINKS COMPANY
26254,FRMPORG500ML,Farm Pride Orange Juice Pet 500ml  X 12,106,Drinks,Beverages,5505,FARM PRIDE,300,NIYYA FOODS & DRINKS COMPANY
26255,FRMPORG1000ML,Farm Pride Orange Juice Pet 1000ml  X,106,Drinks,Beverages,5505,FARM PRIDE,300,NIYYA FOODS & DRINKS COMPANY
26256,FRMPTRP1000ML,Farm Pride Tropical Blast Juice Pet 1000ml  X,106,Drinks,Beverages,5505,FARM PRIDE,300,NIYYA FOODS & DRINKS COMPANY
26257,FRMPSWTY1000ML,Farm Pride Sweetened Yoghurt 1000ml  X,106,Drinks,Beverages,5505,FARM PRIDE,300,NIYYA FOODS & DRINKS COMPANY
26258,FRMPSWTY500ML,Farm Pride Sweetened Yoghurt 500ml X 12,106,Drinks,Beverages,5505,FARM PRIDE,300,NIYYA FOODS & DRINKS COMPANY
26259,FRMPSTRWY1000ML,Farm Pride Strawberry Yoghurt 1000ml  X,106,Drinks,Beverages,5505,FARM PRIDE,300,NIYYA FOODS & DRINKS COMPANY
26260,FRMPSTRWY500ML,Farm Pride Strawberry Yoghurt 500ml  X 12,106,Drinks,Beverages,5505,FARM PRIDE,300,NIYYA FOODS & DRINKS COMPANY
26263,GDWLHS1LX12,Green Dish Wash Lemon Hygenic Safe 1 Ltr  X 12,108,Home Care and Laundry,HC+PC,5506,Green Dish,34,DARAJU
26264,GDWBHS1LX12,Green Dish Wash Banana Hygenic Safe 1 Ltr  X 12,108,Home Care and Laundry,HC+PC,5506,Green Dish,34,DARAJU
26269,TPKSH1LTRX1,Topklass Shampoo 1ltr X,114,Personal Care & Beauty,HC+PC,5507,Topklass,278,VINTAGE INDUSTRIES
26270,TPKIHCON1LTRX1,Topklass Instant Hair Conditioner 1ltr  X,114,Personal Care & Beauty,HC+PC,5507,Topklass,278,VINTAGE INDUSTRIES
26271,TPKSUSL1.9Ltr X 1,Topklass Texturizer Super Setting Lotion 1.9ltr X,114,Personal Care & Beauty,HC+PC,5507,Topklass,278,VINTAGE INDUSTRIES
45771,TPKSUSL1,Topklass Texturizer Super Setting Lotion 1.9ltr X 1,114,Personal Care & Beauty,HC+PC,5507,Topklass,278,VINTAGE INDUSTRIES
26278,J5ACMACMG453.6g X 1,Jack-5ive Activator Moisturizer Gel 453.6g  X,114,Personal Care & Beauty,HC+PC,5509,Jack-5ive,304,Jack-5ive
45745,J5ACMACMG453,Jack-5ive Activator Moisturizer Gel 453.6g  X 1,114,Personal Care & Beauty,HC+PC,5509,Jack-5ive,304,Jack-5ive
26279,DACMGEL453.6gX1,Darmagrow Activator Moisturizer Gel 453.6g  X,114,Personal Care & Beauty,HC+PC,5510,Darmagrow,305,Darmagrow
26280,ECSPSGELK236mlx1,Eco Style Professional Styling Gel; Krystal 236ml X,114,Personal Care & Beauty,HC+PC,5511,Eco Style,306,Ecoco Inc Chicago
26281,ECSPSGELOO473mlx1,Eco Style Professional Styling Gel; Olive Oil 473ml X,114,Personal Care & Beauty,HC+PC,5511,Eco Style,306,Ecoco Inc Chicago
26282,ECSPSGELAO473mlx1,Eco Style Professional Styling Gel; Argan Oil 473ml X,114,Personal Care & Beauty,HC+PC,5511,Eco Style,306,Ecoco Inc Chicago
26284,REMYMARTVSOP70CL,Remy Martin Cognac Fine Champagne Vsop 70cl  X,106,Drinks,Beverages,5512,E Remy Martin,307,E Remy Martin
26286,ABHSP450ML,Above Hairspray 450ml X,114,Personal Care & Beauty,HC+PC,5513,Above,308,NN Hair & Beauty
26287,OLSPSCREAMYAO370ml X,Olives Creamy Aloe Shampoo 370ml  X,114,Personal Care & Beauty,HC+PC,5514,Olive,309,ORS Hair Care
26288,OLSPSOLIVESOO362mlx1,Olives Replenishing Conditioner 362ml X,114,Personal Care & Beauty,HC+PC,5514,Olive,309,ORS Hair Care
26304,OLSPSORSHR12,Olive Ors Hair Relaxer - 12 In 1 Pack 69g X 12,114,Personal Care & Beauty,HC+PC,5514,Olive,309,ORS Hair Care
26306,OLIORDP86G,Olive Organic Double Pack 86g  X,114,Personal Care & Beauty,HC+PC,5514,Olive,309,ORS Hair Care
26307,OLIORHR12,Olive Organic Hair Relaxer - 12 In 1 Pack 69g X,114,Personal Care & Beauty,HC+PC,5514,Olive,309,ORS Hair Care
45759,OLSPSCREAMYAO370,Olives Creamy Aloe Shampoo 370ml  X 1,114,Personal Care & Beauty,HC+PC,5514,Olive,309,ORS Hair Care
26289,TISPSTIGIWO73G,Tigi Wax Stick 73g  X,114,Personal Care & Beauty,HC+PC,5515,Tigi,310,Tigi S Factor
26293,OZOCCSMS175G,Ozone Conditioning Crème Relaxer - Small Size- 175g  X,114,Personal Care & Beauty,HC+PC,5516,OZONE,285,N.N.FEMS Industries Ltd.
26294,OZOCCMDS225G,Ozone Conditioning Crème Relaxer - Medium Size - 225g  X,114,Personal Care & Beauty,HC+PC,5516,OZONE,285,N.N.FEMS Industries Ltd.
26295,OZOCCBGS400G,Ozone Conditioning Crème Relaxer - Big Size - 400g X,114,Personal Care & Beauty,HC+PC,5516,OZONE,285,N.N.FEMS Industries Ltd.
26296,MEDLCM250ML,Mediana Leave-in Conditioner Milk 250ml  X,114,Personal Care & Beauty,HC+PC,5517,Mediana,311,"Mediana Co., Ltd"
26297,MEDHFHRC180G,Mediana 2 In 1 Hair Fertilizer And Hair Repair Cream 180g  X,114,Personal Care & Beauty,HC+PC,5517,Mediana,311,"Mediana Co., Ltd"
26298,DEBHSHD25ML,Dexe Black Hair Shampoo Dye 25ml  X,114,Personal Care & Beauty,HC+PC,5518,Dexe,312,Dexe Group Company
26299,MACHOT125ML,Macademia Healing Oil Treatment 125ml  X,114,Personal Care & Beauty,HC+PC,5519,Macademia,311,"Mediana Co., Ltd"
26300,MACHOS125ML,Macademia Healing Oil Spray 125ml X,114,Personal Care & Beauty,HC+PC,5519,Macademia,311,"Mediana Co., Ltd"
26301,NOVPHD2000W,Nova Professional Hair Dryer 2000w X,114,Personal Care & Beauty,HC+PC,5520,Nova,313,Nova Beauty Care Products Pvt. Ltd
26314,NOV2IN1HS,Nova 2 In 1 Hair Straightner 1.5kg X,114,Personal Care & Beauty,HC+PC,5520,Nova,313,Nova Beauty Care Products Pvt. Ltd
26315,NOVHS1.5Kg,Nova Hair Straightner 1.5kg X,114,Personal Care & Beauty,HC+PC,5520,Nova,313,Nova Beauty Care Products Pvt. Ltd
26302,LANAHBG30ML,Lanell Antifungul Hair Bonding Glue 30ml X,114,Personal Care & Beauty,HC+PC,5521,Lanell,314,Palms Fashion Inc.
26305,MAORHR12,Mamiya Organics Hair Relaxer - 12 In 1  Pack 69g  X 12,114,Personal Care & Beauty,HC+PC,5522,Mamiya,316,Bicu & Sons Ltd
26309,MAORKT500G,Mamiya Organics Kiddies Texturizer 500g X,114,Personal Care & Beauty,HC+PC,5522,Mamiya,316,Bicu & Sons Ltd
26308,LOUHO80G,Loudais Hair Oil 80g X,114,Personal Care & Beauty,HC+PC,5523,Loudais,317,Loudais
26311,DARLBBR500G,Dark & Lovely - Beautiful Beginning Relaxer 500g  X,114,Personal Care & Beauty,HC+PC,5524,DARK,318,L'Oréal Group
26312,DARLAMP500G,Dark & Lovely - Adult (mini Pack) 500g  X,114,Personal Care & Beauty,HC+PC,5524,DARK,318,L'Oréal Group
26313,DIMEWCB12,Diy Mesh Wig Cap - 10g - Black12  X,114,Personal Care & Beauty,HC+PC,5525,DIY,319,Magic Collection
26666,DARSBAT230G1,"Darling Superstar Braids Attachment 230g X 82"" -1",114,Personal Care & Beauty,HC+PC,5526,Darling,320,Lorna Nigeria
26668,DARSBAT230G33,"Darling Superstar Braids Attachment 230g X 82"" - 33",114,Personal Care & Beauty,HC+PC,5526,Darling,320,Lorna Nigeria
26669,DARSBAT230G30,"Darling Superstar Braids Attachment 230g X 82"" -30",114,Personal Care & Beauty,HC+PC,5526,Darling,320,Lorna Nigeria
26670,DARSBAT230G27,"Darling Superstar Braids Attachment 230g X 82""- 27",114,Personal Care & Beauty,HC+PC,5526,Darling,320,Lorna Nigeria
26671,DARSBAT230GCAMG,"Darling Superstar Braids Attachment 230g X 82"" - Camogreen",114,Personal Care & Beauty,HC+PC,5526,Darling,320,Lorna Nigeria
26726,DARNATWAT100C1,Darling Natural Twist Attachment 100g X 20 - Colour,114,Personal Care & Beauty,HC+PC,5526,Darling,320,Lorna Nigeria
26727,DARNATWAT100C27,Darling Natural Twist Attachment 100g X 20 - Colour 27,114,Personal Care & Beauty,HC+PC,5526,Darling,320,Lorna Nigeria
26728,DARNATWAT100C30,Darling Natural Twist Attachment 100g X 20 - Colour 30,114,Personal Care & Beauty,HC+PC,5526,Darling,320,Lorna Nigeria
26729,DARNATWAT100C33,Darling Natural Twist Attachment 100g X 20 - Colour33,114,Personal Care & Beauty,HC+PC,5526,Darling,320,Lorna Nigeria
26730,DAREMCB320GC1/27,Darling Empress Curly Braid 320g X 60 - Colour 1/27,114,Personal Care & Beauty,HC+PC,5526,Darling,320,Lorna Nigeria
26731,DAREMCB320GC1/30,Darling Empress Curly Braid 320g X 60 - Colour1/30,114,Personal Care & Beauty,HC+PC,5526,Darling,320,Lorna Nigeria
26732,DAREMCB320GC30/33,Darling Empress Curly Braid 320g X 60 - Colour 30/33,114,Personal Care & Beauty,HC+PC,5526,Darling,320,Lorna Nigeria
26733,DAREMCB320GC30,Darling Empress Curly Braid 320g X 60 - Colour30,114,Personal Care & Beauty,HC+PC,5526,Darling,320,Lorna Nigeria
26734,DAREMCB320GC27,Darling Empress Curly Braid 320g X 60 - Colour27,114,Personal Care & Beauty,HC+PC,5526,Darling,320,Lorna Nigeria
26735,DAREMLOB320GC1/27,Darling Empress Loose Braid 320g X 60 - Colour 1/27,114,Personal Care & Beauty,HC+PC,5526,Darling,320,Lorna Nigeria
26736,DAREMLOB320GC1/30,Darling Empress Loose Braid 320g X 60 - Colour1/30,114,Personal Care & Beauty,HC+PC,5526,Darling,320,Lorna Nigeria
26737,DAREMLOB320GC30,Darling Empress Loose Braid 320g X 60 - Colour30,114,Personal Care & Beauty,HC+PC,5526,Darling,320,Lorna Nigeria
26738,DAREMLOB320GC27,Darling Empress Loose Braid 320g X 60 - Colour27,114,Personal Care & Beauty,HC+PC,5526,Darling,320,Lorna Nigeria
26739,DAREMLOB320GC30/33,Darling Empress Loose Braid 320g X 60 - Colour30/33,114,Personal Care & Beauty,HC+PC,5526,Darling,320,Lorna Nigeria
26740,DARNATWL320GC1,Darling  Natural Twist Long 100g  X 20 - Colour1,114,Personal Care & Beauty,HC+PC,5526,Darling,320,Lorna Nigeria
26741,DARNA320GC27,Darling  Natural Twist Long 100g  X 20 - Colour27,114,Personal Care & Beauty,HC+PC,5526,Darling,320,Lorna Nigeria
26742,DARNA100GC1,Darling  Natural Twist Long 100g  X 20 - Colour1,114,Personal Care & Beauty,HC+PC,5526,Darling,320,Lorna Nigeria
26743,DARNA320GC30,Darling  Natural Twist Long 100g  X 20 - Colour30,114,Personal Care & Beauty,HC+PC,5526,Darling,320,Lorna Nigeria
26744,DARPTW60GC1,Darling Passion Twist 60g  X 30 - Colour1,114,Personal Care & Beauty,HC+PC,5526,Darling,320,Lorna Nigeria
26745,DARPTW60GC27,Darling Passion Twist 60g  X 30 - Colour27,114,Personal Care & Beauty,HC+PC,5526,Darling,320,Lorna Nigeria
26746,DARPTW60GC30,Darling Passion Twist 60g  X 30 - Colour30,114,Personal Care & Beauty,HC+PC,5526,Darling,320,Lorna Nigeria
26747,DARPTW60GC1/T,Darling Passion Twist 60g  X 30 - Colour1/teal,114,Personal Care & Beauty,HC+PC,5526,Darling,320,Lorna Nigeria
26748,DARWP215GC1,Darling Wrap Pony 215g X 24 - Colour1,114,Personal Care & Beauty,HC+PC,5526,Darling,320,Lorna Nigeria
26749,DARBRP215GC1,Darling Brazillian Pony 215g X 24 - Colour1,114,Personal Care & Beauty,HC+PC,5526,Darling,320,Lorna Nigeria
30391,XY23X12G,Xy23 X 12,114,Personal Care & Beauty,HC+PC,5526,Darling,320,Lorna Nigeria
26316,DARSBAT230GLEM,"Darling Superstar Braids Attachment  230g X 82"" Lemon X",114,Personal Care & Beauty,HC+PC,5526,Darling,320,Lorna Nigeria
26317,DARSBAT230GRBP,"Darling Superstar Braids Attachment 230g X 82"" - Ruby Pink X",114,Personal Care & Beauty,HC+PC,5526,Darling,320,Lorna Nigeria
26318,DARSBAT230GGLD,"Darling Superstar Braids Attachment 230g X 82"" - Gold  X",114,Personal Care & Beauty,HC+PC,5526,Darling,320,Lorna Nigeria
26319,DARSBAT230GPNK,"Darling Superstar Braids Attachment 230g X 82"" - Pink  X",114,Personal Care & Beauty,HC+PC,5526,Darling,320,Lorna Nigeria
26320,DARSBAT230G350,"Darling Superstar Braids Attachment  230g X 82"" - 350  X",114,Personal Care & Beauty,HC+PC,5526,Darling,320,Lorna Nigeria
26321,DARSBAT230GTLG,"Darling Superstar Braids Attachment 230g X 82"" - Teal Green X",114,Personal Care & Beauty,HC+PC,5526,Darling,320,Lorna Nigeria
26322,DARSBAT230GLTG,"Darling Superstar Braids Attachment 230g X 82""- Light Green X",114,Personal Care & Beauty,HC+PC,5526,Darling,320,Lorna Nigeria
26323,DARSBAT230GMTG,"Darling Superstar Braids Attachment 230g X 82"" - Mint Green X",114,Personal Care & Beauty,HC+PC,5526,Darling,320,Lorna Nigeria
26324,DARSBAT230GSKB,"Darling Superstar Braids Attachment 230g X 82""- Sky Blue X",114,Personal Care & Beauty,HC+PC,5526,Darling,320,Lorna Nigeria
26325,DARSBAT230GDRP,"Darling Superstar Braids Attachment  230g X 82""-darling Purp X",114,Personal Care & Beauty,HC+PC,5526,Darling,320,Lorna Nigeria
26326,DARSBAT230GCRM,"Darling Superstar Braids Attachment 230g X 82""- Caramel X",114,Personal Care & Beauty,HC+PC,5526,Darling,320,Lorna Nigeria
26327,DARSBAT230GCPR,Darling Superstar Braids Attachment  230g X 82 - Copper X,114,Personal Care & Beauty,HC+PC,5526,Darling,320,Lorna Nigeria
26328,DARSBAT230GRSD,"Darling Superstar Braids Attachment  230g X 82"" - Rose Wood X",114,Personal Care & Beauty,HC+PC,5526,Darling,320,Lorna Nigeria
26329,DARSBAT230GSTM,Darling Superstar Braids Attachment  230g X 82 - Stormy X,114,Personal Care & Beauty,HC+PC,5526,Darling,320,Lorna Nigeria
26330,DARSBAT230GBG,"Darling Superstar Braids Attachment 230g X 82"" - Bg 900 X",114,Personal Care & Beauty,HC+PC,5526,Darling,320,Lorna Nigeria
26331,DARSBAT230GGLD1,"Darling Superstar Braids Attachment  230g X 82"" - 24k Gold X",114,Personal Care & Beauty,HC+PC,5526,Darling,320,Lorna Nigeria
26332,DARSBAT230GBLP,"Darling Superstar Braids Attachment 230g X 82"" - Blush Pink X",114,Personal Care & Beauty,HC+PC,5526,Darling,320,Lorna Nigeria
26333,DARSBAT230GPRP,"Darling Superstar Braids Attachment 230g X 82"" - Purple X",114,Personal Care & Beauty,HC+PC,5526,Darling,320,Lorna Nigeria
26334,DARSBAT230G39,"Darling Superstar Braids Attachment 230g X 82"" - 39   X",114,Personal Care & Beauty,HC+PC,5526,Darling,320,Lorna Nigeria
26465,MARTELLSWIFT75CL,Martell Blue Swift 75cl X 12,106,Drinks,Beverages,5527,MARTELL,322,PERNOD RICARD
26500,MARTELLSWIFT75CLx6,Martell Blue Swift 75cl X,106,Drinks,Beverages,5527,MARTELL,322,PERNOD RICARD
26504,MARBLUSFT75CLPCK1,Martell Blue Swift 75cl X,106,Drinks,Beverages,5527,MARTELL,322,PERNOD RICARD
32167,MARTELLVSOPK1,Martell Vsop 70cl  X,106,Drinks,Beverages,5527,MARTELL,322,PERNOD RICARD
46285,MARTELVSCOG70CL,Martell Vs Cognac 70cl X 12,106,Drinks,Beverages,5527,MARTELL,322,PERNOD RICARD
26468,BUDWEICAN500ML,Budweiser Can 500ml X 24,106,Drinks,Beverages,5528,BUDWEISER,324,ANHEUSER BUSCH
32541,nat24,Neee X 24,100,Baking ,Commodities,5528,BUDWEISER,324,ANHEUSER BUSCH
30787,mme22,Dtest  X,107,Fresh Food,Fresh Food,5528,BUDWEISER,324,ANHEUSER BUSCH
44297,BUDWLBE60CL,Budweiser Lager Beer Bottle 60cl  X 12,106,Drinks,Beverages,5528,BUDWEISER,324,ANHEUSER BUSCH
45909,SPJ430GX6,Stute Peach Jam 430g X 6,105,Condiments,Food,5529,STUTE,325,STUTE FOODS
45911,SDSJ430GX6,Stute Diabetic Strawberry Jam 430g  X 6,105,Condiments,Food,5529,STUTE,325,STUTE FOODS
45913,SMJ450GX6,Stute Marmalade Jam 450g  X 6,105,Condiments,Food,5529,STUTE,325,STUTE FOODS
53887,STUDAEJAM430G,Stute Diabetic Apricot Extra Jam 430g X 6,105,Condiments,Food,5529,STUTE,325,STUTE FOODS
54815,STUCRAN15LTX6,Stute Superior Cranberry 1.5 Ltrs X 6,106,Drinks,Beverages,5529,STUTE,325,STUTE FOODS
26469,STUSUPCRAN1.5LTRS,Stute Superior Cranberry 1.5 Ltrs X,106,Drinks,Beverages,5529,STUTE,325,STUTE FOODS
26501,SKIPEABUT462GM,Skippy Peanut Butter X 12,105,Condiments,Food,5531,SKIPPY,327,HORMEL FOODS
26508,CHENKINHCOHBL,Chenyi Keratine Intensive Hair Colour Hair 500g X 1-blue,114,Personal Care & Beauty,HC+PC,5532,CHENYI,329,"Chenyi Biotechnology Co., Ltd"
26509,CHENKINHCOHGR,Chenyi Keratine Intensive Hair Colour Hair 500g X 1 - Green,114,Personal Care & Beauty,HC+PC,5532,CHENYI,329,"Chenyi Biotechnology Co., Ltd"
26510,CHENKINHCOHGO,Chenyi Keratine Intensive Hair Colour Hair 500g  X 1- Gold,114,Personal Care & Beauty,HC+PC,5532,CHENYI,329,"Chenyi Biotechnology Co., Ltd"
26511,CHENKINHCOHWH,Chenyi Keratine Intensive Hair Colour Hair 500g  X 1- White,114,Personal Care & Beauty,HC+PC,5532,CHENYI,329,"Chenyi Biotechnology Co., Ltd"
26512,CHENKINHCOHOR,Chenyi Keratine Intensive Hair Colour Hair 500g  X 1- Orange,114,Personal Care & Beauty,HC+PC,5532,CHENYI,329,"Chenyi Biotechnology Co., Ltd"
26526,TOMUTCNTH60KG,Tomato Utc (north) 60kg  X,107,Fresh Food,Fresh Food,5533,Tomato,330,Proqure Retail - fresh
26527,TOMUTCNTH45KG,Tomato Utc (north) 45kg  X,107,Fresh Food,Fresh Food,5533,Tomato,330,Proqure Retail - fresh
26528,TOMUTCNTH24KG,Tomato Utc (north) 24kg  X,107,Fresh Food,Fresh Food,5533,Tomato,330,Proqure Retail - fresh
26529,TOMROY60KG,Tomato Royal 60kg  X,107,Fresh Food,Fresh Food,5533,Tomato,330,Proqure Retail - fresh
26530,TOMROY24KG,Tomato Royal 24kg X,107,Fresh Food,Fresh Food,5533,Tomato,330,Proqure Retail - fresh
26531,TOMLOCSW60KG,Tomato Local (southwest) 60kg  X,107,Fresh Food,Fresh Food,5533,Tomato,330,Proqure Retail - fresh
26532,TOMLOCSW24KG,Tomato Local (southwest) 24kg X,107,Fresh Food,Fresh Food,5533,Tomato,330,Proqure Retail - fresh
26533,HABRODO31KG,Habanero (rodo) 31kg  X,107,Fresh Food,Fresh Food,5533,Tomato,330,Proqure Retail - fresh
26534,HABRODO20KG,Habanero (rodo) 20kg  X,107,Fresh Food,Fresh Food,5533,Tomato,330,Proqure Retail - fresh
26535,CHIBASH31KG,Chili (bawa/shombo) 31kg  X,107,Fresh Food,Fresh Food,5533,Tomato,330,Proqure Retail - fresh
26536,CHIBASH20KG,Chili (bawa/shombo) 20kg  X,107,Fresh Food,Fresh Food,5533,Tomato,330,Proqure Retail - fresh
26537,REDBP25KG,Red Bell Pepper 25kg  X,107,Fresh Food,Fresh Food,5533,Tomato,330,Proqure Retail - fresh
26538,ONI100KG,Onions 100kg  X,107,Fresh Food,Fresh Food,5533,Tomato,330,Proqure Retail - fresh
26544,RHODAMAG10KG,Rhoda Margarine 10kg  X,134,Margarine,Commodities,5534,RHODA,331,HOLLAND FOODS
26547,LEAPESAU200ML,Lea And Perrins 290ml  X 12,105,Condiments,Food,5535,LEA & PERRINS,333,KRAFT HEINZ
26553,LEAPESAU290ML,Lea And Perrins 290ml  X 12,105,Condiments,Food,5535,LEA & PERRINS,333,KRAFT HEINZ
26552,REOYSAU700G,Real Oyster Sauce 700g X 12,105,Condiments,Food,5536,real oyster,334,lee kum sheung
42850,RFRTCOK425G,Real Fruit Cocktail 425g X 12,105,Condiments,Food,5536,real oyster,655,PACIFIC COAST 
26557,CHIVAS2570CLPK1,Chivas Regal 25yrs 70cl X,106,Drinks,Beverages,5537,CHIVAS,335,CHIVAS BROTHERS
33067,CHIVAS1270CLPK1,Chivas Regal 12yrs 70cl X 1,106,Drinks,Beverages,5537,CHIVAS,335,CHIVAS BROTHERS
33075,CHIVAS1275CLPK1,Chivas Regal 12yrs 75cl X 1,106,Drinks,Beverages,5537,CHIVAS,335,CHIVAS BROTHERS
33076,CHIVAS1875CLPK1,Chivas Regal 18yrs 75cl X 1,106,Drinks,Beverages,5537,CHIVAS,335,CHIVAS BROTHERS
26560,HENGIN70CL,Hendrick's Gin 70cl  X,106,Drinks,Beverages,5538,hendrick,274,WILLIAM GRANTS AND SONS
26561,BELVOD1LTR,Belvedere Vodka 1ltr  X,106,Drinks,Beverages,5539,BELVEDERE,336,POLMOS ZYRARDOW
26562,THOBARRED75CL,Thomas Barton Reserve Red 75cl  X,106,Drinks,Beverages,5540,thomas barton,337,aoc wines
26563,THOBARWHT75CL,Thomas Barton Reserve White 75cl  X,106,Drinks,Beverages,5540,thomas barton,337,aoc wines
26566,PLRICE50KG,Pretty Lady Long Grain Parboiled Rice 50kg X,152,Rice,Commodity,5541,PRETTY LADY,338,KIARA RICE MILLS LTD
26614,NJBLKJMOSQ60PCK,Ninja Black Jumbo Mosquito Coil 12hr  X 60pcks,108,Home Care and Laundry,HC+PC,5546,ninja,235,Merchant Investors Limited
44657,KERGOFAT25KG,Kerry Gold Fat Filled Milk 25kg X 1,111,Milk & Dairy,Food,5547,Kerrygold,341,Ornua Nigeria Limited
26615,KRYGFULMLK16G,Kerrygold Full Cream Milk Powder Sachet 16g  X 210,111,Milk & Dairy,Food,5547,Kerrygold,341,Ornua Nigeria Limited
26616,KRYGFULMLK380G,Kerrygold Full Cream Milk Powder Sachet 380g  X 12,111,Milk & Dairy,Food,5547,Kerrygold,341,Ornua Nigeria Limited
26617,KRYGFILLMLKTIN400G,Kerrygold Avantage Filled Milk Powder Tin 400g  X 12,111,Milk & Dairy,Food,5547,Kerrygold,341,Ornua Nigeria Limited
26618,KRYGFILLMLKTIN900G,Kerrygold Avantage Filled Milk Powder Tin 900g X 12,111,Milk & Dairy,Food,5547,Kerrygold,341,Ornua Nigeria Limited
26619,KRYGFILLMLKTIN2500G,Kerrygold Avantage Filled Milk Powder Tin 2500g  X,111,Milk & Dairy,Food,5547,Kerrygold,341,Ornua Nigeria Limited
26620,KRYGFILLMLK12G,Kerrygold Avantage Filled Milk Powder Sachet 12g X 250,111,Milk & Dairy,Food,5547,Kerrygold,341,Ornua Nigeria Limited
26621,KRYGFILLMLK320G,Kerrygold Avantage Filled Milk Powder Refill 320g  X 12,111,Milk & Dairy,Food,5547,Kerrygold,341,Ornua Nigeria Limited
26622,KRYGFILLMLK800G,Kerrygold Avantage Filled Milk Powder Refill 800g  X 12,111,Milk & Dairy,Food,5547,Kerrygold,341,Ornua Nigeria Limited
30802,KRYGFILLMLK320GX6,Kerrygold Avantage Filled Milk Powder Refill 320g  X 12 X,111,Milk & Dairy,Food,5547,Kerrygold,341,Ornua Nigeria Limited
42928,KRYGFILMLKTIN2500GX1,Kerrygold Avantage Filled Milk Powder Tin 2500g  X 1,111,Milk & Dairy,Food,5547,Kerrygold,341,Ornua Nigeria Limited
26632,LAZMAYO946ML,Laziz Mayonnaise 946ml  X 12,105,Condiments,Food,5548,LAZIZ MAYONNAISE ,294,LAZIZ
26633,LAZMAYO473ML,Laziz Mayonnaise 473ml  X 12,105,Condiments,Food,5548,LAZIZ MAYONNAISE ,294,LAZIZ
26634,LAC3I1400GM,Laziz Custard 3 In 1 400gm  X,103,Cereal & Breakfast,Food,5549,LAZIZ CUSTARD ,294,LAZIZ
26635,LAC4I1400GM,Laziz Custard 4 In 1400gm  X,103,Cereal & Breakfast,Food,5549,LAZIZ CUSTARD ,294,LAZIZ
26636,LAC4I140GM,Laziz Custard 4 In 1400gm  X 80,103,Cereal & Breakfast,Food,5549,LAZIZ CUSTARD ,294,LAZIZ
26654,LAC4I140G,Laziz Custard 4 In 1 40gm  X 80,103,Cereal & Breakfast,Food,5549,LAZIZ CUSTARD ,294,LAZIZ
26637,LACHODR20GM,Laziz Chocolate Drink 20gm  X 240,110,Hot Chocolate Drinks,Food,5550,LAZIZ DRINK,294,LAZIZ
45723,LACHOCDR20X200,Laziz Chocolate Drink 20gm  X 200,110,Hot Chocolate Drinks,Food,5550,LAZIZ DRINK,294,LAZIZ
52526,testingmtb20mlx30,Testing Active 20ml X 30,135,Oil,Food,5551,TSTABENA,342,TESTABENA LTD
52528,testingactive20mlx50,Testing Active 20ml X 40,135,Oil,Food,5551,TSTABENA,342,TESTABENA LTD
53611,enap200,Ena Pa Mackerel 200gr  X 24 (half Carton),105,Condiments,Food,5552,ENA PA,343,MENKISH IMPEX LIMITED
26647,KGLORYSP10X600,Kitchen Glory Chicken Seasoning Powder 10g  X 12 X 50,117,Seasoning cubes & Spices,Food,5553,kitchen glory,344,Dong Bo Food Company Ltd Korea (Marketed by Goldshowers internat
26648,SOUPYTP210GX48,Soupy Tomato Paste 210g  X 48,117,Seasoning cubes & Spices,Food,5554,soupy,345,Dezuma Link Nig Ltd
46293,LPPS10GX200,Larsor Peppersoup Seasoning 10g   X 200,117,Seasoning cubes & Spices,Food,5556,lasor,263,TIGER FOODS LIMITED
46295,LFS10GX200,Larsor Fish Seasoning 10g X 200,117,Seasoning cubes & Spices,Food,5556,lasor,263,TIGER FOODS LIMITED
54128,LARTOM100G, Larsor Tomato X 100g X 20,105,Condiments,Food,5556,lasor,263,TIGER FOODS LIMITED
54131,LARCH100G, Larsor Chicken X 100g X20  X 20,105,Condiments,Food,5556,lasor,263,TIGER FOODS LIMITED
26672,LASORCS10G,Lasor Chicken Seasoning 10g  X 200,117,Seasoning cubes & Spices,Food,5556,lasor,263,TIGER FOODS LIMITED
26673,LASORPSS10,Lasor Pepper Soup Seasoning 10g X 200,117,Seasoning cubes & Spices,Food,5556,lasor,263,TIGER FOODS LIMITED
44782,TABSPS59ML,Tabasco Pepper Sauce 59ml  X 12,105,Condiments,Food,5557,TABASCO,347,MCLLHENNY COMPANY
43299,TABPESAU60ML,Tabasco Pepper Sauce 6oml  X 12,105,Condiments,Food,5557,TABASCO,347,MCLLHENNY COMPANY
30234,TABPESA60ML,Tabasco Pepper Sauce 6oml  X 72,105,Condiments,Food,5557,TABASCO,347,MCLLHENNY COMPANY
30269,BENGEYCRM56G,Bengay Greaseless Pain Relieving Cream 56g  X,121,Health ,HC+PC,5565,bengay,350,bengay
30270,Bengay Vanishing Pai,Bengay Vanishing Pain Relieving Gel 56g  X,121,Health ,HC+PC,5565,bengay,350,bengay
45727,BENVANP01,Bengay Vanishing Pain Relieving Gel 56g  X 1,121,Health ,HC+PC,5565,bengay,350,bengay
30271,DKOFFSYP100ML,D-koff Cough Syrup 100ml  X,121,Health ,HC+PC,5566,D-KOFF,349,jawa
30272,JAWAGEL120CAP,Jawaron Soft Gelatin 120 Capsule,121,Health ,HC+PC,5567,JAWARON,349,jawa
30273,JAWABLDTC100ML,Jawaron Blood Tonic 100ml  X,121,Health ,HC+PC,5567,JAWARON,349,jawa
30274,JAWABLDTC200ML,Jawaron Blood Tonic 200ml  X,121,Health ,HC+PC,5567,JAWARON,349,jawa
30275,NISEPLSSYP100ML,Nise Plus Syrup 100ml  X,121,Health ,HC+PC,5568,nise,349,jawa
30276,NISESYP60ML,Nise Syrup 60ml  X,121,Health ,HC+PC,5568,nise,349,jawa
30277,MOKOBBYMIX60ML,Moko Baby Mixture 60ml  X,121,Health ,HC+PC,5569,moko,351,New Healthway Co. Ltd
30335,MOKOWMEX30ML,Moko Worm Elixir 30ml X,121,Health ,HC+PC,5569,moko,351,New Healthway Co. Ltd
30374,TSYLNAD100M,Tussylin Adult 100ml  X,121,Health ,HC+PC,5570,AFRAB,352,Afrab Chem Pharmaceuticals
30375,TSYINF100ML,Tussylin Infant 100ml  X,121,Health ,HC+PC,5570,AFRAB,352,Afrab Chem Pharmaceuticals
30376,DULCOTAB5MG,Dulcolax 5mg Tablet  X,121,Health ,HC+PC,5570,AFRAB,352,Afrab Chem Pharmaceuticals
30393,AFLORSYP60ML,Afrab Loratidine Syrup 60ml X,121,Health ,HC+PC,5570,AFRAB,352,Afrab Chem Pharmaceuticals
30394,AFLORTAB6100MG,Afrab Loratidine Tablets 10mg  X 10 X 10,121,Health ,HC+PC,5570,AFRAB,352,Afrab Chem Pharmaceuticals
30384,PANNGHTD15ML,Panda Night Drop 15ml X,121,Health ,HC+PC,5570,AFRAB,352,Afrab Chem Pharmaceuticals
30385,PANPARAD15ML,Panda Paracetamol Drops 15ml  X,121,Health ,HC+PC,5570,AFRAB,352,Afrab Chem Pharmaceuticals
30386,PANSYRP60ML,Panda Syrup 60ml X,121,Health ,HC+PC,5570,AFRAB,352,Afrab Chem Pharmaceuticals
30387,PANTAB500MG,Panda Tablets 500mg  X 96,121,Health ,HC+PC,5570,AFRAB,352,Afrab Chem Pharmaceuticals
30388,RUMLOT500ML,Rumex Lotion 500ml  X,121,Health ,HC+PC,5570,AFRAB,352,Afrab Chem Pharmaceuticals
30278,DIASUP100ML,Diastop Suspension 100ml  X,121,Health ,HC+PC,5570,AFRAB,352,Afrab Chem Pharmaceuticals
30279,IBUSUP100ML,Ibuprofen Suspension 100ml  X,121,Health ,HC+PC,5570,AFRAB,352,Afrab Chem Pharmaceuticals
30280,NODRP15ML,Nocof Drops 15ml  X,121,Health ,HC+PC,5570,AFRAB,352,Afrab Chem Pharmaceuticals
30281,PANCAP500MG,Panda Caplets 500mg 10  X,121,Health ,HC+PC,5570,AFRAB,352,Afrab Chem Pharmaceuticals
30282,PANCLDR15ML,Panda Cold Drops 15ml  X,121,Health ,HC+PC,5570,AFRAB,352,Afrab Chem Pharmaceuticals
30283,PANSYP60ML,Panda Cold Syrup 60ml X,121,Health ,HC+PC,5570,AFRAB,352,Afrab Chem Pharmaceuticals
30284,ALLSYP60ML,Allergin Syrup 60ml X,121,Health ,HC+PC,5570,AFRAB,352,Afrab Chem Pharmaceuticals
30285,4THSTRED750ml,4th Street Sweet Red Wine 750ml X,106,Drinks,Beverages,5571,4TH STREET,353,Distell Wine & Spirit Nigeria Limited
37859,4THSTWHT750ML,4th Street Nat Sweet White 750ml  X 6,106,Drinks,Beverages,5571,4TH STREET,353,Distell Wine & Spirit Nigeria Limited
37860,4THSROS750ML,4th Street Nat Sweet Rose 750ml X 6,106,Drinks,Beverages,5571,4TH STREET,353,Distell Wine & Spirit Nigeria Limited
37811,4THSTRED375ml,4th Street Nat Sweet Red 375ml X 12,106,Drinks,Beverages,5571,4TH STREET,353,Distell Wine & Spirit Nigeria Limited
37812,4THSTWHT375ml,4th Street Nat Sweet White  375ml X 12,106,Drinks,Beverages,5571,4TH STREET,353,Distell Wine & Spirit Nigeria Limited
37813,4THSROS375ml,4th Street Nat Sweet Rose 375ml X 12,106,Drinks,Beverages,5571,4TH STREET,353,Distell Wine & Spirit Nigeria Limited
45785,4THSNASW75CLX6,4th Street Non-alcoholic Sparkling Wine 75cl X 6,106,Drinks,Beverages,5571,4TH STREET,199,Ekulo Group of Companies
42684,6THSENSEGIN1LTR,6th Sense London Dry Gin 1ltr X 6,106,Drinks,Beverages,5571,4TH STREET,199,Ekulo Group of Companies
42685,JJWHTLYGIN70CL,J.j Whitley London Dry Gin 70cl X 6,106,Drinks,Beverages,5571,4TH STREET,199,Ekulo Group of Companies
42686,4THSTNALCHSPRKL750ML,4th Street Non Alcoholic Sparkling 75cl X 6,106,Drinks,Beverages,5571,4TH STREET,199,Ekulo Group of Companies
42687,4THSTREDSPKL75cl,4th Street Red Sparkling Sweet Wine  75cl X 6,106,Drinks,Beverages,5571,4TH STREET,199,Ekulo Group of Companies
42688,4THSTROSESPKL75cl,4th Street Rose Sparkling Sweet Wine 75cl  X 6,106,Drinks,Beverages,5571,4TH STREET,199,Ekulo Group of Companies
42689,4THSTWHITE375ml,4th Street White Sparkling Sweet Wine 75cl X 6,106,Drinks,Beverages,5571,4TH STREET,199,Ekulo Group of Companies
42466,ABSCITRON100ML,Absolute Citron 100ml  X 12,106,Drinks,Beverages,5572,Absolut Vodka,93,DIAGEO
30286,ABSVODKA1ltr,Absolut Vodka 1ltr  X 12,106,Drinks,Beverages,5572,Absolut Vodka,354,The Pernod Ricard Group
30315,PRINCOCK425G,Princes Fruit Cocktail 425g  X 12,106,Drinks,Beverages,5576,PRINCES,355,PRINCES LTD.
52582,PRINHDOG400G,Princes Hot Dog 400g X 12,105,Condiments,Food,5576,PRINCES,355,PRINCES LTD.
52890,PTUNACFSH145G,Princes Tuna Chunk Fish 145g  X 12,105,Condiments,Food,5576,PRINCES,896,Mauritius factory
30316,GOVPINSL565G,Golden Valley Pineapple Slice 565g  X 24,106,Drinks,Beverages,5577,GOLDEN VALLEY,356,GOLDEN VALLEY LTD.
30794,REALBC425G,Real Baby Corn 425g X 24,105,Condiments,Food,5578,real,358,SHANGAI SINOSPICES SOURCING LTD.
30317,REPEASLICES425G,Real Peach Slices 425g  X 12,106,Drinks,Beverages,5578,real,358,SHANGAI SINOSPICES SOURCING LTD.
30328,REPINESLICES567G,Real Pineapple Slice 567g X 24,106,Drinks,Beverages,5578,real,358,SHANGAI SINOSPICES SOURCING LTD.
30318,SSONIONPWD71G,Spice Supreme Onion Powder 71g  X 12,117,Seasoning cubes & Spices,Food,5579,spice supreme,357,HANGZHOU JIA RANG HE FOOD LTD.
32532,SSGARLIC50G,Spice Supreme Garlic Powder 50g  X 12,117,Seasoning cubes & Spices,Food,5579,spice supreme,357,HANGZHOU JIA RANG HE FOOD LTD.
32533,SSGINGER78G,Spice Supreme Pure Ginger 78g  X 12,117,Seasoning cubes & Spices,Food,5579,spice supreme,357,HANGZHOU JIA RANG HE FOOD LTD.
32534,SSPEPPER56G,Spice Supreme Pure Ground White Pepper 56g X 12,117,Seasoning cubes & Spices,Food,5579,spice supreme,357,HANGZHOU JIA RANG HE FOOD LTD.
54134,GINGPOW55GX12,Ginger Powder 55g X 12,117,Seasoning cubes & Spices,Food,5579,spice supreme,357,HANGZHOU JIA RANG HE FOOD LTD.
30690,KAYPEP85G,Cayenne Pepper 85g X 12,117,Seasoning cubes & Spices,Food,5579,spice supreme,415,GEL SPICE & CO.
30691,PAPSAUCE85G,Paprika 85g  X 12,117,Seasoning cubes & Spices,Food,5579,spice supreme,415,GEL SPICE & CO.
30700,PAPSAUCE113G,Paprika 113g  X 12,117,Seasoning cubes & Spices,Food,5579,spice supreme,415,GEL SPICE & CO.
44601,SPSITASS113G,Spice Supreme Italian Seasoning 113g X 12,117,Seasoning cubes & Spices,Food,5579,spice supreme,415,GEL SPICE & CO.
44743,SPSUPCORIA85G,Spice Supreme Coriander 85g X 12,117,Seasoning cubes & Spices,Food,5579,spice supreme,721,SPICE SUPREME
44421,SUPSPCUPOW56G,Spice Supreme Cumin Powder 56g X 12,117,Seasoning cubes & Spices,Food,5579,spice supreme,721,SPICE SUPREME
44407,SUSPJRSP156G,Spice Supreme Jollof Rice Spice 156g  X 12,117,Seasoning cubes & Spices,Food,5579,spice supreme,721,SPICE SUPREME
54595,SSPGCIN92G,Supreme Spice Pure Ground Cinnamon 92g X 12,117,Seasoning cubes & Spices,Food,5579,spice supreme,721,SPICE SUPREME
54839,SSCP65GX12,Spice Supreme Curry Powder 65g X 12,117,Seasoning cubes & Spices,Food,5579,spice supreme,721,SPICE SUPREME
54939,CURPOW60GX12,Curry Powder 60g X 12,117,Seasoning cubes & Spices,Food,5579,spice supreme,721,SPICE SUPREME
54468,GBP35GX12,Ground Black Pepper 35g X 12,117,Seasoning cubes & Spices,Food,5579,spice supreme,721,SPICE SUPREME
53872,CINPOW50GX12,Cinnamon Powder 50g X 12,117,Seasoning cubes & Spices,Food,5579,spice supreme,721,SPICE SUPREME
53855,SUPBAYL6G,Supreme Bay Leaves 6g X 12,117,Seasoning cubes & Spices,Food,5579,spice supreme,721,SPICE SUPREME
30321,BOMSAP75CL,Bombay Sapphire 75cl  X 12,106,Drinks,Beverages,5580,BOMBAY,360,BARCARDI
30488,MARUM1LTR,Malibu Rum 1ltr X,106,Drinks,Beverages,5581,MALIBU,322,PERNOD RICARD
30333,MALIBURUM75CL,Malibu Rum 75cl  X 12,106,Drinks,Beverages,5581,MALIBU,322,PERNOD RICARD
30329,MALIBRUM75CL,Malibu Rum 75cl  X,106,Drinks,Beverages,5581,MALIBU,322,PERNOD RICARD
30322,MALRUM70CL,Malibu Rum 70cl X,106,Drinks,Beverages,5581,MALIBU,322,PERNOD RICARD
30323,SITESIL70CL,Sierra Tequila Silver 70cl  X,106,Drinks,Beverages,5582,TEQUILA,361,DESTILERIAS SIERRA UNIDAS S.A. de C.V
30324,MARONPOWD120G,Marvico Onions Powder 12og X 12,117,Seasoning cubes & Spices,Food,5583,MARVICO,362,MARVICO FOODS
42986,MAOREGLE100GX30,Marvico Oregano Leaves 100g  X 30,140,DRY OREGANO,Commodities,5583,MARVICO,667,MARVICO
30337,FASTGEL100G,Fastum Gel 100g  X,121,Health ,HC+PC,5584,fastum,363,MENARINI
30336,COFTCGHSYP100ML,Cofta Non-drowsy Cough Syrup 100ml  X,121,Health ,HC+PC,5585,uniplex,364,Default
30339,CATAFTAB50MG,Cataflam Tablet 50mg  X 100,121,Health ,HC+PC,5587,CATAFLAM,365,Novartis
30340,CATAFSYP50MG,Cataflam Oral Suspension Syrup 1.8mg   X,121,Health ,HC+PC,5587,CATAFLAM,365,Novartis
30341,VOLTRTD100MG,Voltaren Retard 100mg  X 10,121,Health ,HC+PC,5588,VOLTAREN ,365,Novartis
30343,ATADTAB10MG,Atadyn Tablet 10mg   X,121,Health ,HC+PC,5589,ATADYN ,366,Pharmacy Plus
30344,ATADSYP10MG,Atadyn Loratidine Oral Solution Syrup 100ml  X,121,Health ,HC+PC,5589,ATADYN ,366,Pharmacy Plus
30345,BUPRLTAB400MG,Buprol Tablet 400mg   X,121,Health ,HC+PC,5590,BUPROL ,367,Hovid
30348,COADCSYP100ML,Coflax Adult Cough Syrup 100ml  X,121,Health ,HC+PC,5591,Drugfield,368,Drugfield
30349,COCHCSYP100ML,Coflax Children Cough Syrup 100ml  X,121,Health ,HC+PC,5591,Drugfield,368,Drugfield
30350,DACHLTAB4MG,Dana Chlorpheniramine Tablets 4mg  X 10 X 10,121,Health ,HC+PC,5592,Dana,369,Dana Pharmaceuticals Limited
30351,DACHLSYP60ML,Dana Chlorpheniramine Syrup 60ml  X,121,Health ,HC+PC,5592,Dana,369,Dana Pharmaceuticals Limited
30353,LAIBUSUS100ML,Lam Ibuprofen Suspension 100ml  X,121,Health ,HC+PC,5592,Dana,369,Dana Pharmaceuticals Limited
30354,FERCAPSTR300MG,Ferrodan Capsule ( Strips ) 300mg  X 3 X 10,121,Health ,HC+PC,5592,Dana,369,Dana Pharmaceuticals Limited
30355,PARDANTAB500MG,Paradana Tablets 500mg  X 8 X 12,121,Health ,HC+PC,5592,Dana,369,Dana Pharmaceuticals Limited
30356,CHLPHRAM4MGX100,Chlorpheniramine 4mg X 10 X 10,121,Health ,HC+PC,5593,EMZOR,370,EMZOR
30357,CHLPHRAM4MGX1000,Chlorpheniramine 4mg X 1000,121,Health ,HC+PC,5593,EMZOR,370,EMZOR
30358,CHLPHRSYP60ML,Chlorpheniramine Syrup 60ml X,121,Health ,HC+PC,5593,EMZOR,370,EMZOR
30359,EAMTAP500MG,Emcap Tablets Para 500mg  X 10 X 10,121,Health ,HC+PC,5593,EMZOR,370,EMZOR
30360,EMCAP500MH,Emcap 500mg X 1000,121,Health ,HC+PC,5593,EMZOR,370,EMZOR
30361,EMCAPSUS60ML,Emcap Suspension 60ml  X,121,Health ,HC+PC,5593,EMZOR,370,EMZOR
30362,EMPROFEM200MG,Emprofen 200mg  X 10,121,Health ,HC+PC,5593,EMZOR,370,EMZOR
30363,EMPROFEM400MG,Emprofen 400mg X 10,121,Health ,HC+PC,5593,EMZOR,370,EMZOR
30364,GPEWF50KG,Golden Penny Eagle Wheat Flour 50kg  X,153,Swallow,Commodities,5593,EMZOR,370,EMZOR
30395,EMPSOF400MG,Emprofen 400mg Softgel 10  X 10,121,Health ,HC+PC,5593,EMZOR,370,EMZOR
30396,EMPSUS100MG,Emprofen Suspension 100ml X,121,Health ,HC+PC,5593,EMZOR,370,EMZOR
30397,EMZEXCSYP100ML,Emzolyn Expectorant Cough Syrup 100ml  X,121,Health ,HC+PC,5593,EMZOR,370,EMZOR
30399,EMZPADCSYP100ML,Emzolyn Paediatric Cough Syrup  100ml X,121,Health ,HC+PC,5593,EMZOR,370,EMZOR
30400,EMZBLDTONIC200ML,Emzoron Blood Tonic 200ml X,121,Health ,HC+PC,5593,EMZOR,370,EMZOR
30401,EMZCAP500MG,Emzoron Capsules 500mg 25  X 10,121,Health ,HC+PC,5593,EMZOR,370,EMZOR
30402,EMZCAP500MGX30,Emzoron Capsules 500mg X 30,121,Health ,HC+PC,5593,EMZOR,370,EMZOR
30403,FIMINSYP100ML,Fimin (para + Diphen) Syrup 100ml  X,121,Health ,HC+PC,5593,EMZOR,370,EMZOR
30404,PARA100MG,Para1000  Caplet 1000mg 1 X 10,121,Health ,HC+PC,5593,EMZOR,370,EMZOR
30405,PARASYP60ML,Para Syrup 60ml X,121,Health ,HC+PC,5593,EMZOR,370,EMZOR
30560,ZOCAP200MG,Zolat Caplet 200mg  X 2 Tablets,121,Health ,HC+PC,5593,EMZOR,370,EMZOR
30561,ZOSUP200ML,Zolat Suspension 20ml X,121,Health ,HC+PC,5593,EMZOR,370,EMZOR
30562,ZOTAB200MG,Zolat Tablets 200mg X 1000,121,Health ,HC+PC,5593,EMZOR,370,EMZOR
30563,ASTON200ML,Astyfer Tonic 200ml  X,121,Health ,HC+PC,5593,EMZOR,370,EMZOR
30564,ASLIQ200ML,Astyfer Liquid 200ml X,121,Health ,HC+PC,5593,EMZOR,370,EMZOR
30565,AVSUP120MG,Avipol Suspension 120mg /5ml 60ml  X,121,Health ,HC+PC,5593,EMZOR,370,EMZOR
30556,PARATAB500MG,Para Tablets 500mg  X 1000,121,Health ,HC+PC,5593,EMZOR,370,EMZOR
30557,PARTAB500MGX96,Para Tablets 500mg  X 96,121,Health ,HC+PC,5593,EMZOR,370,EMZOR
30558,PADRP15ML,Paracetamol Drops 15ml X,121,Health ,HC+PC,5593,EMZOR,370,EMZOR
54451,GPEAFLOUR50KGX1,Golden Penny Eagle Flour 50kg  X 1,153,Swallow,Commodities,5593,EMZOR,370,EMZOR
30365,DDLIF50KG,Diamond Dlite Flour 50kg  X,124,Flour,Commodities,5594,Diamond,371,Diamond Flour Mill Nigeria
30366,AVINMG15KG,Avena Industial Magarine 15kg X,134,Margarine,Commodities,5595,Avena,372,Pacific Inter-Link
30369,EMMG15KG,Emily Margarine 15kg  X,134,Margarine,Commodities,5596,EMILY,373,Rolaid Company Limited
30370,NLGR50KG,Nigerian Long Grain Rice 50kg  X,152,Rice,Commodity,5597,GENERIC,374,Generic
30371,NMGR50KG,Nigerian Medium Grain Rice 50kg  X,152,Rice,Commodity,5597,GENERIC,374,Generic
31100,NYLBAGSBIG,Nylon Big Singlet Bag-e Size Apx 200 Pcs,108,Home Care and Laundry,HC+PC,5597,GENERIC,479,OMNIK LIMITED
31102,NYLBAGSSMAL,Nylon Smal Singlet Bag -c Size Apx 200pcs,108,Home Care and Laundry,HC+PC,5597,GENERIC,479,OMNIK LIMITED
30377,VISSYP100ML,Viscof Syrup 100ml X,121,Health ,HC+PC,5598,Sanofi,375,Sanofi
30378,VISCOSYP100ML,Viscof-s Syrup 100ml X,121,Health ,HC+PC,5598,Sanofi,375,Sanofi
30383,CHFESOFGAP100MG,Chifenac 100mg Softgel Caps  X 100,121,Health ,HC+PC,5598,Sanofi,375,Sanofi
30756,PHENGTAB25MG,Phenergan Tablets 25mg - Sanofi X,121,Health ,HC+PC,5598,Sanofi,375,Sanofi
30757,PHENGSYP100ML,Phenergan Elixir Syrup 100ml X,121,Health ,HC+PC,5598,Sanofi,375,Sanofi
30379,VOLTASUP100MG,Voltaren Suppository 100mg  X,121,Health ,HC+PC,5599,Indus,376,Indus
30380,VOTFGOWDER 5050MG,Voltfast Powder 50mg X 30,121,Health ,HC+PC,5600,VOLTFAST,365,Novartis
45775,VOTFGOWDER50,Voltfast Powder 50mg X 30,121,Health ,HC+PC,5600,VOLTFAST,365,Novartis
30381,XYZAL5MG,Xyzal 5mg X 10,121,Health ,HC+PC,5601,XYZAL,365,Novartis
30382,ZANDROP120ML,Zanlan Drops 120ml  X,121,Health ,HC+PC,5602,GSK,377,GSK
30689,ADVIL200MG,Advil 200mg  X 100,121,Health ,HC+PC,5602,GSK,377,GSK
30693,ZEDDCAP10CAP,Zedex D  1  X 10 Capsule,121,Health ,HC+PC,5602,GSK,377,GSK
30694,ADVIL20MGX120,Advil 200mg  X 120 Liquid Gels,121,Health ,HC+PC,5602,GSK,377,GSK
30695,ADVIL200MGX20,Advil 200mg  X 20,121,Health ,HC+PC,5602,GSK,377,GSK
30696,ADVIL200MGX24,Advil 200mg Caplets  X 24,121,Health ,HC+PC,5602,GSK,377,GSK
30697,ADVIL200/38G,Advil Pm 200/38mg  X 20,121,Health ,HC+PC,5602,GSK,377,GSK
30406,CLOFTAB50MG,Clofenac Tablet 50mg X,121,Health ,HC+PC,5604,CLOFENAC ,367,Hovid
30407,CLOFTAB100MG,Clofenac Tablet Sr 100mg  X 100,121,Health ,HC+PC,5604,CLOFENAC ,367,Hovid
30408,COLOSEAL2MG,Coloseal Tablet 2mg  X 100,121,Health ,HC+PC,5605,COLOSEAL,367,Hovid
30409,FLUCOCAP,Flucorday Non Drowsy 8 Capsulses X,121,Health ,HC+PC,5606,FLUCORDAY ,367,Hovid
30410,LORATY10,Loratyn-10 Tablet X,121,Health ,HC+PC,5607,LORATYN ,367,Hovid
30411,BRUSTSYP100ML,Brustan-n Syrup 100ml X,121,Health ,HC+PC,5608,BRUSTAN,380,RANBAXY
30412,BRUSTTAB400MG,Brustan-n Tablets 400mg X,121,Health ,HC+PC,5608,BRUSTAN,380,RANBAXY
30413,RANFTONIC200ML,Ranferon -12 Tonic 200ml X,121,Health ,HC+PC,5609,RANFERON ,380,RANBAXY
30414,RANFCAPS,Ranferon-12 Capsules X,121,Health ,HC+PC,5609,RANFERON ,380,RANBAXY
30415,RANFTONIC100ML,Ranferon-12 Tonic 100ml X,121,Health ,HC+PC,5609,RANFERON ,380,RANBAXY
30416,COFCUP80KG,Disposable Coffee Cup X 50,108,Home Care and Laundry,HC+PC,5610,COFFEE,381,HUHTAMAKI
44653,DISPOCUPS50X12,Disposable Cup 50pcs X 12,108,Home Care and Laundry,HC+PC,5610,COFFEE,381,HUHTAMAKI
54328,DISPOCUPX1,Disposable Cup 50pcs X 1,108,Home Care and Laundry,HC+PC,5610,COFFEE,381,HUHTAMAKI
30417,PLATAWAY100G,Plastic Take Away Pack X 150,108,Home Care and Laundry,HC+PC,5611,TAKE AWAY,382,ROSIN
30433,BINAKTL2005,Binatone Kettle Cej - 2005,108,Home Care and Laundry,HC+PC,5612,Binatone,384,binatone
30423,BINABLEND412,Binatone Blender Blg-412 X,108,Home Care and Laundry,HC+PC,5612,Binatone,384,binatone
30424,BINABLEND452,Binatone Blender Blg - 452,108,Home Care and Laundry,HC+PC,5612,Binatone,384,binatone
30425,BINAIRON1255,Bination Iron Dry Binatone Di - 125,108,Home Care and Laundry,HC+PC,5612,Binatone,384,binatone
30426,BINAIRON1605,Binatone Iron Dry Binatone Si - 605,108,Home Care and Laundry,HC+PC,5612,Binatone,384,binatone
30427,BINAHCLIP510,Binatone Hair Clipper Gc Hc510,114,Personal Care & Beauty,HC+PC,5612,Binatone,384,binatone
30428,BINAFANSTD1691,Binatone Fan Standing A_1691,108,Home Care and Laundry,HC+PC,5612,Binatone,384,binatone
30429,BINAFANSTD1880,Binatone Fan Standing Ts-1880,108,Home Care and Laundry,HC+PC,5612,Binatone,384,binatone
30430,BINAKTL1780,Binatone Kettle Cej - 1780,108,Home Care and Laundry,HC+PC,5612,Binatone,384,binatone
30431,BINAVOLT1300,Binatone Voltage Protector Avp - 1300,108,Home Care and Laundry,HC+PC,5612,Binatone,384,binatone
30639,BRAZW70GX8,Brazillian Wool 70g X,114,Personal Care & Beauty,HC+PC,5613,LUSH,320,Lorna Nigeria
30434,BRAZW70G,Brazillian Wool 70g X,114,Personal Care & Beauty,HC+PC,5613,LUSH,320,Lorna Nigeria
30439,HEMOFOSY200ML,Hemoforce Forte Syrup 200ml X,121,Health ,HC+PC,5614,HEMOFORCE,385,Shalina
30440,HEMOPLUSYR200ML,Hemoforce Plus Syrup 200ml X,121,Health ,HC+PC,5614,HEMOFORCE,385,Shalina
30441,IBUCAPSYP100ML,Ibucap Cold & Flu Syrup 100ml X,121,Health ,HC+PC,5615,IBUCAP,385,Shalina
30442,LEOCREAM30G,Leopard Balm Cream 30g X,121,Health ,HC+PC,5616,LEOPARD,385,Shalina
30443,LOPESHTAB,Lopeshal Tablets X,121,Health ,HC+PC,5617,LOPESHAL,385,Shalina
30444,RUFEDOTAB,Rufedol Tablets X,121,Health ,HC+PC,5618,RUFEDOL,385,Shalina
30445,RUFENACGEL30G,Rufenac Gel 30g X,121,Health ,HC+PC,5619,RUFENAC,385,Shalina
30446,RUFENACTAB,Rufenac Tablet X,121,Health ,HC+PC,5619,RUFENAC,385,Shalina
30447,SHALTCSYP100ML,Shaltoux Chesty Cough Syrup 100ml X,121,Health ,HC+PC,5620,SHALTOUX,385,Shalina
33176,SHALTOUXLOZPCH40PCS,Shaltoux Lozenges Pouch 40pcs  X 6 X 20,121,Health ,HC+PC,5620,SHALTOUX,385,Shalina
33177,SHALTOUXLOZPCH40PCSB,Shaltoux Lozenges Pouch 40pcs  X 6 X 1 (pack),121,Health ,HC+PC,5620,SHALTOUX,385,Shalina
33178,SHALTOUXNATCOBLTX36,Shaltoux Natural Cough Lozenges - Blister (20x6s) X 36,121,Health ,HC+PC,5620,SHALTOUX,385,Shalina
33179,SHALTNATCOBLTX36BB,Shaltoux Natural Cough Lozenges - Blister (20x6s) X 1 (pack),121,Health ,HC+PC,5620,SHALTOUX,385,Shalina
33180,SHALTOUXNATCOU80X20,Shaltoux Natural Cough Lozenges 3 X 80 X 20,121,Health ,HC+PC,5620,SHALTOUX,385,Shalina
33181,SHALTNATCOU80X20BB,Shaltoux Natural Cough Lozenges 3 X 80 X 1 (pack),121,Health ,HC+PC,5620,SHALTOUX,385,Shalina
33182,SHALTOUXNATJAR200PCS,Shaltoux Natural Cough Lozenges Jar 200pcs  X 1 X 12,121,Health ,HC+PC,5620,SHALTOUX,385,Shalina
33183,SHALTNATJAR200PCSBB,Shaltoux Natural Cough Lozenges Jar 200pcs  X 1 (pack),121,Health ,HC+PC,5620,SHALTOUX,385,Shalina
33184,SHALTOUXNATJAR100PCS,Shaltoux Natural Cough Lozenges Jar 100pcs  X 1 ,121,Health ,HC+PC,5620,SHALTOUX,385,Shalina
33185,SHALTNATJAR100PCSBB,Shaltoux Natural Cough Lozenges Jar 100pcs  X 1 (pack),121,Health ,HC+PC,5620,SHALTOUX,385,Shalina
33186,SHALTNATCOUBLT36X6S,Shaltoux Natural Cough Lozenges (36x6s)  X 12,121,Health ,HC+PC,5620,SHALTOUX,385,Shalina
33187,SHALNATCOBLT36X6SBB,Shaltoux Natural Cough Lozenges (36x6s)  X 1 (pack),121,Health ,HC+PC,5620,SHALTOUX,385,Shalina
42453,Shaltoux Natural Cou,Shaltoux Natural Cough Lozenges - Blister (20x6s) X 2,121,Health ,HC+PC,5620,SHALTOUX,385,Shalina
45719,SHALTOUX202,Shaltoux Natural Cough Lozenges - Blister (20x6s) X 2,121,Health ,HC+PC,5620,SHALTOUX,385,Shalina
46321,SHANABOX,Shaltoux Natural Box   X 1,121,Health ,HC+PC,5620,SHALTOUX,385,Shalina
46323,SHAORLOZJAR,Shaltoux Orange Lozenges  Jar X 12,121,Health ,HC+PC,5620,SHALTOUX,385,Shalina
46325,SHAORJARX1,Shaltoux Orange Lozenges  Jar X 1,121,Health ,HC+PC,5620,SHALTOUX,385,Shalina
30448,TANZOSYP10ML,Tanzol Suspension Syrup 10ml X,121,Health ,HC+PC,5621,TANZOL,385,Shalina
30450,ACYRTAB100MG,Acycor Tablet 100mg X,121,Health ,HC+PC,5622,ACYCOR,386,REALS
30451,ACYRPTAB500MG,Acycor Plus 100/500mg X,121,Health ,HC+PC,5622,ACYCOR,386,REALS
30452,PRGESICTAB,Pregesic 10 X 10 Tablets X,121,Health ,HC+PC,5623,PREGESIC,386,REALS
30453,REALSNHT50MG,Reals Night Aid Tablet 50mg  X 12,121,Health ,HC+PC,5624,REALS,386,REALS
30454,REPROFEN100MG,Reprofen 100mg/5ml Suspension X,121,Health ,HC+PC,5625,REPROFEN,386,REALS
30456,RETRAX40MG,Retrax Levamisole Tablet 40mg X,121,Health ,HC+PC,5626,RETRAX,386,REALS
30457,RETRAXSYRUP15ML,Retrax Worm Syrup 15ml X,121,Health ,HC+PC,5626,RETRAX,386,REALS
30458,LOPRADCAPSULE,Loprad Loperamide Capsule X,121,Health ,HC+PC,5627,LOPRAD,386,REALS
30459,RALBTAB200MG,Ralben Tablet 200mg X,121,Health ,HC+PC,5628,RALBEN,386,REALS
32173,OLTEQBLA750ML,Olmeca Blanco Tequila 750ml X 12,106,Drinks,Beverages,5629,OLMECA,322,PERNOD RICARD
30489,OLTEQSIL750ML,Olmeca Tequila Silver 750ml  X 12,106,Drinks,Beverages,5629,OLMECA,322,PERNOD RICARD
30490,BACARDI750ML,Bacardi 750ml X 12,106,Drinks,Beverages,5630,BACARDI,322,PERNOD RICARD
54637,BACADORO750ML,Bacardi Carta Oro White 750ml X 12,106,Drinks,Beverages,5630,BACARDI,360,BARCARDI
42564,BOMDRY700ML,Bombay Dry Gin 700ml X 6,106,Drinks,Beverages,5630,BACARDI,360,BARCARDI
42556,BACADISPI700ML,Bacardi Spiced 700ml X 6,106,Drinks,Beverages,5630,BACARDI,360,BARCARDI
42557,BACARDIBLAN750ML,Bacardi Carta Blanca 750ml  X 12,106,Drinks,Beverages,5630,BACARDI,360,BARCARDI
42558,BACARDI4YRS700ML,Bacardi 4 Years 700ml  X 6,106,Drinks,Beverages,5630,BACARDI,360,BARCARDI
42559,BACARDI8YRS700ML,Bacardi 8 Years 700ml  X 6,106,Drinks,Beverages,5630,BACARDI,360,BARCARDI
42560,BACARDI10YRS700ML,Bacardi 10 Years 700ml  X 6,106,Drinks,Beverages,5630,BACARDI,360,BARCARDI
42756,MARTBIT750ML,Martini Bitter 750ml  X 6,106,Drinks,Beverages,5630,BACARDI,360,BARCARDI
42757,MARFIVER750ML,Martini Fiero Vermouth 750ml X 6,106,Drinks,Beverages,5630,BACARDI,360,BARCARDI
42758,MARBIANVER1LTR,Martini Bianco Vermouth 1ltr X 1,106,Drinks,Beverages,5630,BACARDI,360,BARCARDI
42759,MAROSOVER1LTR,Martini Rosso Vermouth 1ltr  X 6,106,Drinks,Beverages,5630,BACARDI,360,BARCARDI
42760,MARXTRADVER1LTR,Martini Extra Dry Vermouth 1ltr  X 6,106,Drinks,Beverages,5630,BACARDI,360,BARCARDI
42783,BACARDIORO750ML,Bacardi Carta Oro 750ml X 12,106,Drinks,Beverages,5630,BACARDI,360,BARCARDI
42784,DUXOCOG750ML,Dusse Xo Cognac 750ml  X 6,106,Drinks,Beverages,5630,BACARDI,360,BARCARDI
42785,DUVSOPCOG750ML,Dusse Vsop Cognac 750ml  X 6,106,Drinks,Beverages,5630,BACARDI,360,BARCARDI
42786,BAODVSOPCOG700ML,Baron Otard Vsop Cognac 700ml  X 6,106,Drinks,Beverages,5630,BACARDI,360,BARCARDI
42787,CAMBLCTEQ750ML,Camino Blanco Tequila 750ml  X 12,106,Drinks,Beverages,5630,BACARDI,360,BARCARDI
42788,CAMGLDTEQ750ML,Camino Gold Tequila 750ml X 12,106,Drinks,Beverages,5630,BACARDI,360,BARCARDI
42789,MARATSWN750ML,Martini Asti Sparkling Wine 750ml  X 6,106,Drinks,Beverages,5630,BACARDI,360,BARCARDI
42790,MAROSWN750ML,Martini Rose Sparkling Wine 750ml X 6,106,Drinks,Beverages,5630,BACARDI,360,BARCARDI
42791,MARBRSWN750ML,Martini Brut Sparkling Wine 750ml  X 6,106,Drinks,Beverages,5630,BACARDI,360,BARCARDI
46333,BACARDIGLD75CL,Bacardi Carter Oro 75cl X 12,106,Drinks,Beverages,5630,BACARDI,360,BARCARDI
44437,BACADIORO75CLX6,Bacardi Carta Oro 750ml X 6,106,Drinks,Beverages,5630,BACARDI,360,BARCARDI
30514,PEBOIRE4X10X200ML,Pears Baby Oil Relaunch (10x200ml) X,99,Baby Care,HC+PC,5631,pears,24,UNILEVER
30515,PEBLTNRE4X10X200ML,Pears Baby Lotion Relaunch (10x200ml) X,99,Baby Care,HC+PC,5631,pears,24,UNILEVER
30516,PEABJEL40X225G,Pears Baby Jelly 225g X 40,99,Baby Care,HC+PC,5631,pears,24,UNILEVER
30517,PEBMOICRE4X6X300G,Pears Baby Moist Cream (6x300g) X,99,Baby Care,HC+PC,5631,pears,24,UNILEVER
44830,PESTRASOAP125G,Pears Transperant  Soap125g X 48 X 1,108,Home Care and Laundry,HC+PC,5631,pears,24,UNILEVER
53168,VPPJ220MLX1,Vaseline Pure Petroleum Jelly 220ml X 1,114,Personal Care & Beauty,HC+PC,5632,VASELINE,24,UNILEVER
30518,VABLUEBLUESEAL4X6X45,Vaseline Blueseal Orignl Pj (6x450ml) X,99,Baby Care,HC+PC,5632,VASELINE,24,UNILEVER
30519,VABLUBLUESEAL24X12X5,Vaseline Blueseal Orignl Pj 50ml X 24 X 12,99,Baby Care,HC+PC,5632,VASELINE,24,UNILEVER
30521,HPBBQ465G,Hp Classic Barbrque Sauce 465g  X,105,Condiments,Food,5633,hp,170,L&L Foods
44739,HPSAUCE255ML,Hp Sauce 255ml X 12,105,Condiments,Food,5633,hp,170,L&L Foods
30522,SEPTOL2LTRS,Septol Antiseptic Disinfectant 2 Ltrs  X,108,Home Care and Laundry,HC+PC,5634,SEPTOL ANTISEPTIC LIQUID,387,GONGONI COMPANY
30529,EXPZLTAB200MG,Expezol Albendazole Tablet 200mg X,121,Health ,HC+PC,5636,EXPEZOL,388,SWIPHA
30530,EXPZLSYP200MG,Expezol Syrup 200/5mg X,121,Health ,HC+PC,5636,EXPEZOL,388,SWIPHA
30531,SWIFNSYP100ML,Swifen Suspension 100ml X,121,Health ,HC+PC,5637,SWIFEN,388,SWIPHA
30532,BRONYSYP,Broncholyte Elixir Syrup X,121,Health ,HC+PC,5638,BRONCHOLYTE,389,NGC
30533,COLIPELXR60ML,Colipan Elixir 60ml X,121,Health ,HC+PC,5639,COLIPAN,389,NGC
30534,NGCCHDSYP100ML,Ngc Children Syrup 100ml X,121,Health ,HC+PC,5640,ngc,389,NGC
30535,NGCEXPSYP100ML,Ngc Expectorant Syrup 100ml X,121,Health ,HC+PC,5640,ngc,389,NGC
30536,NGCVAGTAB,Ngc-valgin Tablets X,121,Health ,HC+PC,5640,ngc,389,NGC
30537,GHHPEPPE5G,Good Health Hot Chilli Peppe Powder 5g X 10 X 12,117,Seasoning cubes & Spices,Food,5641,GOOD HEALTH,43,TGI
30538,COFXSYP100ML,Cofex Expectorant Syrup 100ml X,121,Health ,HC+PC,5642,COFEX,390,SKG
30539,NOVLYNLIN100ML,Novalyn Cough Linctus Syrup 100ml X,121,Health ,HC+PC,5643,NOVALYN,390,SKG
30540,NVLYNDCADT100ML,Novalyn Dry Cough (adult Formula) Syrup 100ml X,121,Health ,HC+PC,5643,NOVALYN,390,SKG
30541,NVLYNDCCHD100ML,Novalyn Dry Cough (children Formula)syrup 100ml X,121,Health ,HC+PC,5643,NOVALYN,390,SKG
30542,NVLYNCHD100ML,Novalyn For Children Syrup 100ml X,121,Health ,HC+PC,5643,NOVALYN,390,SKG
30543,REXFEN400MG,Rexifen Capsule 400mg ( Ibuprofen ) X,121,Health ,HC+PC,5644,REXIFEN,390,SKG
30544,REXFEN200MG,Rexifen Capsule 200mg ( Ibuprofen ) X,121,Health ,HC+PC,5644,REXIFEN,390,SKG
30545,REXFENSYP100ML,Rexifen Suspension ( Ibuprofen ) X,121,Health ,HC+PC,5644,REXIFEN,390,SKG
30546,SINUFDSYP50ML,Sinufed Syrup 50ml X,121,Health ,HC+PC,5645,SINUFED,390,SKG
30547,SINUFDTAB,Sinufed Tablets X,121,Health ,HC+PC,5645,SINUFED,390,SKG
30549,YALCRX96,Yale Lite Crackers X 96,118,Snacks and Chin Chin,Food,5646,BISCUITS,68,YALE FOODS LTD.
30550,YAWCX96,Yale World Cup X 96,118,Snacks and Chin Chin,Food,5646,BISCUITS,68,YALE FOODS LTD.
30551,YADCX80,Yale Digestive Cookies  X 80,118,Snacks and Chin Chin,Food,5646,BISCUITS,68,YALE FOODS LTD.
30570,COINTREAU700ML,Cointreau 700ml  X,106,Drinks,Beverages,5649,COINTREAU,393,CAROLE QUINTON DISTILLER
30571,TABLTAB400MG,Tabalon Tablets 400mg  X,121,Health ,HC+PC,5650,TABALON,389,NGC
30572,ACTDRYSYP,Actifed Dry Cough Syrup X,121,Health ,HC+PC,5651,Actifed,394,MCNEIL
30573,ACTMLTAB,Actifed Multi Action Tablets X,121,Health ,HC+PC,5651,Actifed,394,MCNEIL
30790,ACTFSYP60ML,Actifed Cold Syrup 60ml X,121,Health ,HC+PC,5651,Actifed,377,GSK
30786,ACTFDTAB,Actifed Tablet X,121,Health ,HC+PC,5651,Actifed,377,GSK
42654,Testsku12,Test Sku12 X 24,99,Baby Care,HC+PC,5651,Actifed,377,GSK
30574,ASHTNPTP,Ashton & Parsons Teething Powder X,121,Health ,HC+PC,5653,Ashton & Parsons,395,ASHTON & PARSONS
30575,AVOMNTAB25MG,Avomine Tablets 25mg X,121,Health ,HC+PC,5654,Avomine,396,ABBOTT
42655,Testsku11,Test Sku11 X 24,99,Baby Care,HC+PC,5654,Avomine,396,ABBOTT
30576,BEECAI1LIQD,Beechams All In One Liquid X,121,Health ,HC+PC,5655,Beechams,377,GSK
30577,BEECAI1TAB,Beechams All In One Tablets X,121,Health ,HC+PC,5655,Beechams,377,GSK
30578,BEECLMNPOWD,Beechams Cold & Flu Hot Lemon Powder X,121,Health ,HC+PC,5655,Beechams,377,GSK
30579,BELLASYP100ML,Bell's Allergy Relief Children's 2years + Syrup 100ml X,121,Health ,HC+PC,5656,BELL'S,397,BELLS
30580,FEROCAP30C,Ferobin Plus Capsule 30capsule X,121,Health ,HC+PC,5657,Fidson,398,Fidson
30581,FEROSYP200ML,Ferobin Plus Syrup 200ml  X,121,Health ,HC+PC,5657,Fidson,398,Fidson
30586,FEROPLSYP200ML,Ferobin Plain Syrup 200ml  X,121,Health ,HC+PC,5657,Fidson,398,Fidson
30587,FITUCOUSYP100ML,Fitulin Cough Syrup 14mg/5ml X 100ml  X,121,Health ,HC+PC,5657,Fidson,398,Fidson
30588,HISSYP100ML,Histine Syrup 2mg/5ml X 100ml  X,121,Health ,HC+PC,5657,Fidson,398,Fidson
30589,PARASYP125MG,Paracetamol Syrup 125mg/5ml X 60ml  X,121,Health ,HC+PC,5657,Fidson,398,Fidson
30590,TABSUS100ML,Tabufen Suspension 100mg/5ml X 100ml  X,121,Health ,HC+PC,5657,Fidson,398,Fidson
30591,TUXRUSYP100ML,Tuxil Runny Nose Syrup 100ml  X,121,Health ,HC+PC,5657,Fidson,398,Fidson
30592,TUXDSYP100ML,Tuxil–d Syrup 100ml  X,121,Health ,HC+PC,5657,Fidson,398,Fidson
30593,TUXDSYPCH100ML,Tuxil–d Syrup For Children 100ml X,121,Health ,HC+PC,5657,Fidson,398,Fidson
30631,TUNSYP100ML,Tuxil–n Syrup 100ml  X,121,Health ,HC+PC,5657,Fidson,398,Fidson
30632,TUNSYPCHI100ML,Tuxil–n Syrup For Children 100ml  X,121,Health ,HC+PC,5657,Fidson,398,Fidson
30633,ZECRM35G,Zetgel Cream 35g  X,121,Health ,HC+PC,5657,Fidson,398,Fidson
30598,BENDRL2+SYP100ML,Benadryl Allergy Children's 2+ Syrup 100ml X,121,Health ,HC+PC,5660,Benadryl,394,MCNEIL
30599,BENDRL1ADYCAP,Benadryl Allergy One A Day Liquid Release Capusules X,121,Health ,HC+PC,5660,Benadryl,394,MCNEIL
30600,BENDRRELF24CAP,Benadryl Allergy Relief X,121,Health ,HC+PC,5660,Benadryl,394,MCNEIL
30601,BENDRRELF12CAP,Benadryl Allergy Relief X 12 (blue),121,Health ,HC+PC,5660,Benadryl,394,MCNEIL
30602,BENDRCNFPLS,Benadryl Allergy Relief Plus Decongestant - Green X,121,Health ,HC+PC,5660,Benadryl,394,MCNEIL
30603,MANRICE50KG,Mango Rice Parboiled 50g  X,152,Rice,Commodity,5661,Mango,399,Whitefield agro processing Ltd
44398,MANGO50KG,Mango Rice 50kg X 1,152,Rice,Commodity,5661,Mango,399,Whitefield agro processing Ltd
30618,BENYLNDNCSYP150ML,Benylin Dry Night Cough Syrup 150ml X,121,Health ,HC+PC,5662,Benylin,394,MCNEIL
30619,BENYLNIAPPSYP125ML,Benylin Infant Apple Cough Syrup 125ml X,121,Health ,HC+PC,5662,Benylin,394,MCNEIL
30620,BENYLNMC&CAI1,Benylin Mucus Cough & Cold All In One 16 Capsules X,121,Health ,HC+PC,5662,Benylin,394,MCNEIL
30621,BIOFPRLFGEL118ML,Benylin Mucus Decongestant 100ml X,121,Health ,HC+PC,5662,Benylin,394,MCNEIL
30604,BENYLN4FLU,Benylin 4 Flu X,121,Health ,HC+PC,5662,Benylin,394,MCNEIL
30605,BENYLNCC&C,Benylin Chesty Cough & Cold X,121,Health ,HC+PC,5662,Benylin,394,MCNEIL
30606,BENYLNCNCC,Benylin Children Night Cough Syrup X,121,Health ,HC+PC,5662,Benylin,394,MCNEIL
30607,BENYLNC&FM,Benylin Cold & Flu Max Strength X,121,Health ,HC+PC,5662,Benylin,394,MCNEIL
30615,MGR500MGX12,Mega Growth 500mg X 12,114,Personal Care & Beauty,HC+PC,5664,GODREJ ,320,Lorna Nigeria
42942,CMBMLTGCANSMFPIC33CL,5 Malta Guinness Can 33cl+1 Smirnoff Pineapple Ice Can 33cl X 1,106,Drinks,Beverages,5665,MALT,93,DIAGEO
30622,BIOFPRLFSPRY118ML,Biofreeze Pain Relief Spray 118ml X,121,Health ,HC+PC,5666,Biofreeze,402,Biofreeze
30623,BRNCSTOCSYP120ML,Bronchostop  Cough Syrup 120ml X,121,Health ,HC+PC,5667,Bronchostop,364,Default
30624,BUSCPN10MG,Buscopan 10mg - Boehringer Ingelheim X,121,Health ,HC+PC,5668,Buscopan,403,BOEHRINGER
30625,BUSCPNCRMP10MG,Buscopan Cramps 10mg - Boehringer Ingelheim X,121,Health ,HC+PC,5668,Buscopan,403,BOEHRINGER
30626,BUSCPNRLF10MG,Buscopan Ibs Relief 10mg - Boehringer Ingelhei X,121,Health ,HC+PC,5668,Buscopan,403,BOEHRINGER
30630,UNICONMILK1KG,Unity Sweetened Condensed Filled Milk 1kg  X 24,111,Milk & Dairy,Food,5670,UNITY,406,ICC GROUP
30634,FELCAP20MG,Felvin Capsules 20mg X 10 X 10,121,Health ,HC+PC,5671,Greenlife Pharmaceuticals,407,Greenlife Pharmaceuticals
30635,GAMSYP200ML,G-amino Syrup 200ml  X,121,Health ,HC+PC,5671,Greenlife Pharmaceuticals,407,Greenlife Pharmaceuticals
30636,GTYPTAB30C,G-tryp Tablets  X 10 X,121,Health ,HC+PC,5671,Greenlife Pharmaceuticals,407,Greenlife Pharmaceuticals
30637,GRDCGH100ML,Greenlin Dry Cough (adult)  100ml  X,121,Health ,HC+PC,5671,Greenlife Pharmaceuticals,407,Greenlife Pharmaceuticals
30638,GRLIBBY100ML,Greenlin Linctus Baby 100ml  X,121,Health ,HC+PC,5671,Greenlife Pharmaceuticals,407,Greenlife Pharmaceuticals
30683,GRECOSYP100ML,Greentol Cough Syrup 100ml  X,121,Health ,HC+PC,5671,Greenlife Pharmaceuticals,407,Greenlife Pharmaceuticals
30684,LOGEL30G,Lofnac Gel 30g  X,121,Health ,HC+PC,5671,Greenlife Pharmaceuticals,407,Greenlife Pharmaceuticals
30685,LOFPLU10TAB,Lofnac Plus 1 X 10 Tablets,121,Health ,HC+PC,5671,Greenlife Pharmaceuticals,407,Greenlife Pharmaceuticals
30686,LOFNAC20TAB,Lofnac 20 X 10 Tablets,121,Health ,HC+PC,5671,Greenlife Pharmaceuticals,407,Greenlife Pharmaceuticals
30687,POWHT25G,Powerheat 25g  X,121,Health ,HC+PC,5671,Greenlife Pharmaceuticals,407,Greenlife Pharmaceuticals
30688,ZECLDCAP10CAP,Zedex Cold 1  X 10 Capsule,121,Health ,HC+PC,5671,Greenlife Pharmaceuticals,407,Greenlife Pharmaceuticals
30652,DYNURSESYP240ML,Day Nurse Liquid 240ml X,121,Health ,HC+PC,5672,day,377,GSK
30670,DY&NGTNURSCAP,Day & Night Nurse Capsule X,121,Health ,HC+PC,5672,day,377,GSK
30671,DYNURSE10SAC,Day Nurse 10 Sachets X,121,Health ,HC+PC,5672,day,377,GSK
30672,DYNURSE20CAP,Day Nurse 20 Capsules X,121,Health ,HC+PC,5672,day,377,GSK
30653,DIORLYTBLCKCURNT,Dioralyte Relief - Blackcurrant X,121,Health ,HC+PC,5673,Dioralyte,375,Sanofi
30654,DIORLYTCITRUS,Dioralyte Relief - Citrus X,121,Health ,HC+PC,5673,Dioralyte,375,Sanofi
30655,DIORLYTRASPBERY,Dioralyte Relief - Raspberry X,121,Health ,HC+PC,5673,Dioralyte,375,Sanofi
30656,DIPSLCOINTMNT30G,Diprosalic Ointment 30g X,121,Health ,HC+PC,5674,Diprosalic,408,ORGANON
30657,FMNXEXPTAB324MG,Feminax Express Tablet 324mg X,121,Health ,HC+PC,5675,Feminax,409,BAYER
30658,FERUSGLUTAB300MG,Ferrous Gluconate 300mg - Crescent X,121,Health ,HC+PC,5676,Ferrous,410,CRESCENT
30659,FSHMANANISD25G,Fishermans Friend Aniseed Lozenges 25g X,121,Health ,HC+PC,5677,Fishermans,411,FISHERMANS FRIEND
30660,FSHMANBLCKCRT25G,Fishermans Friend Blackcurrant Lozenges 25g X,121,Health ,HC+PC,5677,Fishermans,411,FISHERMANS FRIEND
30661,FSHMANCHERY25G,Fishermans Friend Cherry Lozenges 25g X,121,Health ,HC+PC,5677,Fishermans,411,FISHERMANS FRIEND
30662,BUTCUPSYP75ML,Buttercup Syrup Original - Omega 75ml X,121,Health ,HC+PC,5678,Buttercup,412,omega
30663,CALP6+SYP100ML,Calpol 6+ Syrup 100ml X,121,Health ,HC+PC,5679,Calpol,394,MCNEIL
30664,CALPNASALDRP,Calpol Saline Nasal Drops X,121,Health ,HC+PC,5679,Calpol,394,MCNEIL
30665,CLARTYNTAB10MG,Clarityn Allergy  Tablet 10mg X,121,Health ,HC+PC,5680,Clarityn,413,msd
30667,CONTCDUALTAB,Cleen Ready To Use Enema - Casen 133ml X,121,Health ,HC+PC,5681,Contac,364,Default
30668,COVBROBAL150ML,Covonia Bronchial Balsam 150ml X,121,Health ,HC+PC,5682,THORTON & ROSS,414,THORTON & ROSS
30669,COVCHSTMIX150ML,Covonia Chesty Cough Mixture 150ml X,121,Health ,HC+PC,5682,THORTON & ROSS,414,THORTON & ROSS
30692,FLOGAR300ML,Flower Garden Air Freshner Sweet Lemon 300ml X 12,117,Seasoning cubes & Spices,Food,5683,FLOWER GARDEN,178,Sun Mark
30698,JAKMANTHTCHT100MG,Jakemans Throat And Chest Lozenges 100g X,121,Health ,HC+PC,5684,JAKEMANS,416,JAKEMANS
30699,LACTORLSOLT300ML,Lactulose Oral Solution 300ml X,121,Health ,HC+PC,5685,LACTULOSE,364,Default
30702,LEMSPMXLMN5SAC,Lemsip Max Lemon Cold & Flu 5 Sachets X,121,Health ,HC+PC,5686,Lemsip,417,lemsip
30703,LEMSPMXAI1CAP,Lemsip Max All In One Capsule X,121,Health ,HC+PC,5686,Lemsip,417,lemsip
30704,LEMSPMXBLCCRNT,Lemsip Max Cold & Flu - Blackcurrant X,121,Health ,HC+PC,5686,Lemsip,417,lemsip
30705,LEMSPMXLMN10SAC,Lemsip Max Lemon Cold & Flu 10 Sachets X,121,Health ,HC+PC,5686,Lemsip,417,lemsip
30706,LEMSPMXD&NGHT,Lemsip Max Day & Night 16 Capsules X,121,Health ,HC+PC,5686,Lemsip,417,lemsip
30707,LEMSPMXFHON&GNG,Lemsip Max Fusion Honey & Ginger 10 Sachets X,121,Health ,HC+PC,5686,Lemsip,417,lemsip
30708,LEMSPMXMC&C,Lemsip Max Mucus Cough & Cold 10 Sachets X,121,Health ,HC+PC,5686,Lemsip,417,lemsip
30709,LORTIEVPLLORATIDINE,Loratidine Tablets 10mg X,121,Health ,HC+PC,5687,Loratidine,418,TEVA
30710,LORTDNSYP100ML,Loratidine Syrup 100ml- Relonchem X,121,Health ,HC+PC,5687,Loratidine,419,RELONCHEM
30711,MENTHOLCRYS5G,Menthol Crystal 5g X,121,Health ,HC+PC,5688,Menthol,420,Care
30712,NGHTNURSCAP,Night Nurse Capsules X,121,Health ,HC+PC,5689,night,377,GSK
30713,NGHTNURSLQD160ML,Night Nurse Liquid 160ml X,121,Health ,HC+PC,5689,night,377,GSK
30714,NUROFCFLU200MG,Nurofen Cold And Flu Relief 200mg/5mg X,121,Health ,HC+PC,5690,Nurofen,364,Default
30715,NUROFCHDORG200ML,Nurofen For Children Syrup 200ml - Orange X,121,Health ,HC+PC,5690,Nurofen,364,Default
30716,NUROFCHDSTRW200ML,Nurofen For Children Syrup 200ml - Strawberry X,121,Health ,HC+PC,5690,Nurofen,364,Default
30717,NUROFMIGRN342MG,Nurofen Migraine 342mg X,121,Health ,HC+PC,5690,Nurofen,364,Default
30718,NYTL1ATNGT50MG,Nytol One At Night 50mg X,121,Health ,HC+PC,5690,Nurofen,364,Default
30719,NYTLORIGN25MG,Nytol Original 25mg X,121,Health ,HC+PC,5691,Nytol,364,Default
30720,OLBASAD12ML,Olbas Adult Oil 12ml X,121,Health ,HC+PC,5692,OLBAS,364,Default
30721,OLBASCHD12ML,Olbas Children Oil 12ml X,121,Health ,HC+PC,5692,OLBAS,364,Default
30722,OTRVINCHD10ML,Otrivin Children Drops 10ml X,121,Health ,HC+PC,5692,OLBAS,364,Default
30723,PANADLACTIF20TAB,Panadol Actifast 20 Tablets X,121,Health ,HC+PC,5693,PANADOL,364,Default
30724,PANADLACTIF14ML,Panadol Actifast Compact 14ml X,121,Health ,HC+PC,5693,PANADOL,364,Default
30725,PANADLACTIF24ML,Panadol Actifast Soluble 24ml X,121,Health ,HC+PC,5693,PANADOL,364,Default
30726,PANADLADV500MG,Panadol Advance Compact 500mg  X,121,Health ,HC+PC,5693,PANADOL,364,Default
30728,PANADLXTRA500MG,Panadol Extra Advance 500mg X,121,Health ,HC+PC,5693,PANADOL,364,Default
30729,PANADLXTRA14ML,Panadol Extra Advance Compact 500mg X,121,Health ,HC+PC,5693,PANADOL,364,Default
30730,PANADLXTRA24ML,Panadol Extra Advance Soluble 500mg X,121,Health ,HC+PC,5693,PANADOL,364,Default
30754,PANADPN24TAB,Panadol Pain 24 Tablets X,121,Health ,HC+PC,5693,PANADOL,377,GSK
30755,PANADPRDPN565MG,Panadol Period Pain 500mg/65mg X,121,Health ,HC+PC,5693,PANADOL,377,GSK
30751,PANADNGHTPN20TAB,Panadol Night Pain 20 Tablets X,121,Health ,HC+PC,5693,PANADOL,377,GSK
30727,DAREB7KG,Darling Easy Braid 7kg X,114,Personal Care & Beauty,HC+PC,5694,Lorna Nigeria Limited ,272,GODREJ CONSUMER PRODUCTS LIMITED
30737,AMITOUCHR1KG,Amitouch Rice 1kg X,152,Rice,Commodity,5695,AMITOUCH,421,AMITOUCH
42970,CTMORSG75CLPROMO,Captain Morgan Spiced Gold 75clx1 + 1 Free Coca-cola X 1,106,Drinks,Beverages,5696,GORDONS,93,DIAGEO
42971,GDONPKBY750MLPROMO,Gordons Pinkberry 750mlx4+1 Free Face Towel X 1,106,Drinks,Beverages,5696,GORDONS,93,DIAGEO
42972,GRDNORG750MLPROMO,Gordons Sunset Orng Premium Flvr Gin750mlx4+1 Face Towel X 1,106,Drinks,Beverages,5696,GORDONS,93,DIAGEO
54975,GORSUNSE750ML,Gordon's Sunset Orange Premium Flavoured Gin 750ml X X 6,106,Drinks,Beverages,5696,GORDONS,93,DIAGEO
44475,GORDONPINKTONICX24,Gordon's Pink Gin & Tonic Shipper 330cl X 24,106,Drinks,Beverages,5696,GORDONS,93,DIAGEO
42633,GDONMORCIT180ML,Moringa Citrus Blend 180ml  X 48,106,Drinks,Beverages,5696,GORDONS,93,DIAGEO
42634,GDONDLNDG200ML,Gordons Dry London Gin 200ml 08 X 6,106,Drinks,Beverages,5696,GORDONS,93,DIAGEO
42635,GDONPKBY750ML,Gordons Pink Berry Gin 750ml X 12,106,Drinks,Beverages,5696,GORDONS,93,DIAGEO
42636,MCDVSOPB180ML,Mc Dowell's Vsop Brandy 180ml  X 48,106,Drinks,Beverages,5696,GORDONS,93,DIAGEO
30738,GORDONORANGE750ML,Gordon's Sunset Orange Premium Flavoured Gin 750ml X X 12,106,Drinks,Beverages,5696,GORDONS,93,DIAGEO
30739,GORDONMORINGA750ML,Gordon's Dry Gin Moringa Citrus Blend 750ml  X 12,106,Drinks,Beverages,5696,GORDONS,93,DIAGEO
31549,GORDONMORINGA750MLx1,Gordon's Dry Gin Moringa Citrus Blend 750ml  X,106,Drinks,Beverages,5696,GORDONS,93,DIAGEO
53307,GORPINK305ML,Gordon's Pink 305ml X 24,106,Drinks,Beverages,5696,GORDONS,32,GUINNESS NIGERIA PLC
53310,GRDNSUNST305ML,Gordon's Sunset 305ml X 24,106,Drinks,Beverages,5696,GORDONS,32,GUINNESS NIGERIA PLC
53312,GORDNSDRYMCIT305ML,Gordon Dry Moringa Citrs 305ml X 24,106,Drinks,Beverages,5696,GORDONS,32,GUINNESS NIGERIA PLC
30742,PRITZTABBLACKCURRANT,Strepsils Triple Action - Blackcurrant Lozenges X,121,Health ,HC+PC,5697,STREPSILS,6,RECKITT
30743,PRITZTABCHERRY,Strepsils Triple Action - Cherry Lozenges X,121,Health ,HC+PC,5697,STREPSILS,6,RECKITT
30775,STRPSSTRWB,Strepsils - Strawberry (sugar Free) Lozenges X,121,Health ,HC+PC,5697,STREPSILS,6,RECKITT
30776,STRPSDBACT,Strepsils Double Action - Sore Throat Honey & Lemon Lozenges X,121,Health ,HC+PC,5697,STREPSILS,6,RECKITT
30777,STRPSTRPACT,"Strepsils Sore Throat, Pain Relief Honey & Lemon (triple Act X",121,Health ,HC+PC,5697,STREPSILS,6,RECKITT
30768,STRPSST&BNS,Strepsils - Sore Throat & Blocked Nose Lozenges X,121,Health ,HC+PC,5697,STREPSILS,6,RECKITT
30769,STRPSST&CGH,Strepsils - Sore Throat & Cough Lozenges X,121,Health ,HC+PC,5697,STREPSILS,6,RECKITT
45769,STRMEN01,Strepsils - Menthol X ,121,Health ,HC+PC,5697,STREPSILS,364,Default
30767,Strepsils - Menthol,Strepsils - Menthol X,121,Health ,HC+PC,5697,STREPSILS,364,Default
30744,SUDFVLKNSPY15ML,Sudafed Blocked Nose Spray 15ml X,121,Health ,HC+PC,5698,SUDAFED,394,MCNEIL
30745,SUDFDCNGLQD100ML,Sudafed Decongestant Liquid 100ml X,121,Health ,HC+PC,5698,SUDAFED,394,MCNEIL
30746,SUDFDCNGTAB,Sudafed Decongestant Tablets X,121,Health ,HC+PC,5698,SUDAFED,394,MCNEIL
30747,SUDFMSRDY&NGHT,Sudafed Mucus Relief Day & Night - Mcneil X,121,Health ,HC+PC,5698,SUDAFED,394,MCNEIL
30748,SUDFSNSPY15ML,Sudafed Sinus Ease Spray 15ml X,121,Health ,HC+PC,5698,SUDAFED,394,MCNEIL
30749,SUDFSNSP&PMX12,Sudafed Sinus Pressure & Pain Max Strength 12 Tablets X,121,Health ,HC+PC,5698,SUDAFED,394,MCNEIL
30750,SUDFSNSP&PMX24,Sudafed Sinus Pressure & Pain Max Strength  14 Tablets,121,Health ,HC+PC,5698,SUDAFED,394,MCNEIL
30778,VICKSVP100G,Vicks Vapourub 100g X,121,Health ,HC+PC,5699,VICKS,422,VICKS
30779,VICKSVP50G,Vicks Vapourub 50g X,121,Health ,HC+PC,5699,VICKS,422,VICKS
45489,VICKSLP4X6,Vicks Lemon Plus (97g) 4 X 6,123,"Snacks, Sweets & Wafers",Food,5699,VICKS,8,PROCTER & GAMBLE
45491,VICKSBMS4X6,Vicks Blue Mint Sweet (97g) 4 X 6,123,"Snacks, Sweets & Wafers",Food,5699,VICKS,8,PROCTER & GAMBLE
30753,VICKSINH0.5ML,Vicks Inhaler Card  X,121,Health ,HC+PC,5699,VICKS,123,Viju
30758,PRITZTAB10MG,Piriteze Allergy One A Day 10mg X,121,Health ,HC+PC,5700,Piriteze,377,GSK
30759,PRITZSYP70ML,Piriteze Allergy Syrup 70ml X,121,Health ,HC+PC,5700,Piriteze,377,GSK
30760,PRITNSYRUP 150MLP150,Piriton Syrup 150ml X,121,Health ,HC+PC,5701,Piriton,377,GSK
30761,PRITZTAB4MG,Piriton Allergy 4mg   X 30 Tablets,121,Health ,HC+PC,5701,Piriton,377,GSK
30762,PRITZTAB4MGX60,Piriton Allergy 4mg   X 60 Tablets,121,Health ,HC+PC,5701,Piriton,377,GSK
45761,PRISYR150,Piriton Syrup 150ml X 1,121,Health ,HC+PC,5701,Piriton,377,GSK
30763,SUNFBBVAP24G,Snuffle Babe Vapour Rub 24g X,121,Health ,HC+PC,5702,snuffle,364,Default
30764,SOMNXTAB,Sominex Tablet X,121,Health ,HC+PC,5703,sominex,364,Default
30765,STRMBBYSPY50ML,Sterimer Baby Nasal Spray 50ml X,121,Health ,HC+PC,5704,Sterimer,364,Default
30766,STRMBRTSPY100ML,Sterimer Breathe Ease Isotonic Spray 100ml X,121,Health ,HC+PC,5704,Sterimer,364,Default
30780,VOCAZTPBLKCRT,Vocalzone Throat Pastiles - Blackcurant X,121,Health ,HC+PC,5705,VOCALZONE,423,VOCALZONE
30781,VOCAZTPHONLMN,Vocalzone Throat Pastiles - Honey & Lemon X,121,Health ,HC+PC,5705,VOCALZONE,423,VOCALZONE
30782,VOCAZTPORG,Vocalzone Throat Pastiles - Original X,121,Health ,HC+PC,5705,VOCALZONE,423,VOCALZONE
30783,ZRTKRLF7TAB,Zirtek Allergy Relief 7 Tablets X,121,Health ,HC+PC,5706,Zirtek,424,UCB
30784,ZRTKRLF21TAB,Zirtek Allergy Relief 21 Tablets X,121,Health ,HC+PC,5706,Zirtek,424,UCB
30785,ZRTKSYP150ML,Zirtek Allergy Solution Syrup 150ml X,121,Health ,HC+PC,5706,Zirtek,424,UCB
45374,MRCHRBP10G,Mr Chef Fish Seasoning Powder  X 20,117,Seasoning cubes & Spices,Food,5706,Zirtek,424,UCB
54969,WILSCOTAWS75OML,William Lawson's Blended Scotch Whisky 750ml  X 6,106,Drinks,Beverages,5708,WILLIAM LAWSON'S,360,BARCARDI
42561,WILLAW200ML,William Lawson Blended Whisky 200ml  X 48,106,Drinks,Beverages,5708,WILLIAM LAWSON'S,360,BARCARDI
30795,WILLAW750ML,William Lawson's Blended Scotch Whisky 750ml  X 12,106,Drinks,Beverages,5708,WILLIAM LAWSON'S,360,BARCARDI
30797,WILLAW750MLPK1,William Lawson's Blended Scotch Whisky 750ml  X,106,Drinks,Beverages,5708,WILLIAM LAWSON'S,360,BARCARDI
31015,DECLAN75CL,Declan De Espana Sweet Red 75cl  X,106,Drinks,Beverages,5779,DECLAN,474,DECLAN WINE COMPANY
45451,BAYGON300ML,Baygon 300ml X 20,108,Home Care and Laundry,HC+PC,5794,KIWI,483,"S. C. JOHNSON & SON, INC."
31104,HOTCHILPEP5G,Good Earth 'extra Hot Peppe Powder' 5g  X 10 X 12,105,Condiments,Food,5795,GOOD EARTH,482,TG AGRIC FARMS
44221,ALPMUES550G,Alpen Muesli 550g  X 6,103,Cereal & Breakfast,Food,5813,Weetabix,499,Weetabix East Africa Ltd
55070,POMOLIVE5LTR,Pomace Olive Oil 5ltr X 4,135,Oil,Food,5823,FOREMOST,507,Aim Distribution
31200,FINFMP12GX25,Foremost Instant Filled Milk Powder 12g X 25 X 40,111,Milk & Dairy,Food,5823,FOREMOST,507,Aim Distribution
31202,CTPQ2GX25,Costa Tea Premium Quality 2g X 25 X 40,104,Coffee & Tea,Food,5824,COASTA,507,Aim Distribution
54909,EGGX30,Egg  X 30,107,Fresh Food,Fresh Food,5824,COASTA,507,Aim Distribution
31205,BLB50MLX6,Blackwood Bitters 50ml X 6 X 20 Sachet,106,Drinks,Beverages,5825,BLACKWOOD,507,Aim Distribution
31207,ERU120ML,Erujeje 120ml X 48 Bottles,106,Drinks,Beverages,5826,ERUJEJE,507,Aim Distribution
31210,CRW75CL,Credo Red Wine 75cl X,106,Drinks,Beverages,5827,CREDO,507,Aim Distribution
31211,CRW75CLX12,Credo Red Wine 75cl X 12,106,Drinks,Beverages,5827,CREDO,507,Aim Distribution
31218,DSPARW75CLX6,Dorado Spanish Red Wine 75cl X,106,Drinks,Beverages,5833,DORADO,507,Aim Distribution
31219,DSPARW75CL,Dorado Spanish Red Wine 75cl X 12,106,Drinks,Beverages,5833,DORADO,507,Aim Distribution
31220,MARCRW75CLX6,Macnellis Red Wine 75cl X,106,Drinks,Beverages,5834,MACNELLIS,507,Aim Distribution
31221,MACRW75CL,Macnellis Red Wine 75cl X 12,106,Drinks,Beverages,5834,MACNELLIS,507,Aim Distribution
31448,GOC10G,Gola Chocolate 10g X 144,123,"Snacks, Sweets & Wafers",Food,5851,GOLA,46,INFINITY SNACKS AND BEVERAGES LTD
31449,GOV10G,Gola Vanilla 10g X 144,123,"Snacks, Sweets & Wafers",Food,5851,GOLA,46,INFINITY SNACKS AND BEVERAGES LTD
45789,DOVECRES100G,Dove Cream White Bar Soap 100g X 48,114,Personal Care & Beauty,HC+PC,5854,dove,24,UNILEVER
46030,DOVEPINK135G,Dove Pink Moisturising 135g X 48,114,Personal Care & Beauty,HC+PC,5854,dove,24,UNILEVER
45960,DOWHBASP100GX50,Dove  White Bar Soap 100g X 50,114,Personal Care & Beauty,HC+PC,5854,dove,24,UNILEVER
45801,DOWHBASP100G,Dove White Bar Soap 100g X 24,114,Personal Care & Beauty,HC+PC,5854,dove,24,UNILEVER
45802,DOWHBASP100G,Dove  White Bar Soap 100g X 48,114,Personal Care & Beauty,HC+PC,5854,dove,24,UNILEVER
45826,DBCWBS100GX48,Dove Beauty Cream White Bar Soap 100g X 48,114,Personal Care & Beauty,HC+PC,5854,dove,24,UNILEVER
31669,CAROWHTCP120ML,Caro White Crème Cup 120ml  X 72,114,Personal Care & Beauty,HC+PC,5858,CARO WHITE,516,DREAMS COSMETICS
31696,CAROWTC120MLPKT24,Caro White Crème Cup 120ml  X,114,Personal Care & Beauty,HC+PC,5858,CARO WHITE,516,DREAMS COSMETICS
31697,CAROWTC120MLPKT12,Caro White Crème Cup 120ml  X,114,Personal Care & Beauty,HC+PC,5858,CARO WHITE,516,DREAMS COSMETICS
31698,CAROWHTC120MLPKT6,Caro White Crème Cup 120ml  X 12,114,Personal Care & Beauty,HC+PC,5858,CARO WHITE,516,DREAMS COSMETICS
31700,CAROWTC300MLPKT16,Caro White Crème Cup 300ml  X,114,Personal Care & Beauty,HC+PC,5858,CARO WHITE,516,DREAMS COSMETICS
31702,CAROWTC300MLPKT8,Caro White Crème Cup 300ml  X,114,Personal Care & Beauty,HC+PC,5858,CARO WHITE,516,DREAMS COSMETICS
31703,CAROWTC300MLPKT4,Caro White Crème Cup 300ml  X 12,114,Personal Care & Beauty,HC+PC,5858,CARO WHITE,516,DREAMS COSMETICS
31707,CAROWTC500MLPKT8,Caro White Crème Cup 500ml  X,114,Personal Care & Beauty,HC+PC,5858,CARO WHITE,516,DREAMS COSMETICS
31708,CAROWTC500MLPKT4,Caro White Crème Cup 500ml  X,114,Personal Care & Beauty,HC+PC,5858,CARO WHITE,516,DREAMS COSMETICS
31710,CAROWTC500MLPKT2,Caro White Crème Cup 500ml  X 16,114,Personal Care & Beauty,HC+PC,5858,CARO WHITE,516,DREAMS COSMETICS
31711,CAROWTLOT200MLPKT16,Caro White Lotion 200ml X,114,Personal Care & Beauty,HC+PC,5858,CARO WHITE,516,DREAMS COSMETICS
31712,CAROWTLOT125MLPKT20,Caro White Lotion 125ml  X,114,Personal Care & Beauty,HC+PC,5858,CARO WHITE,516,DREAMS COSMETICS
31713,CAROWTLOT125MLPKT10,Caro White Lotion 125ml  X,114,Personal Care & Beauty,HC+PC,5858,CARO WHITE,516,DREAMS COSMETICS
31714,CAROWTLOT125MLPKT5,Caro White Lotion 125ml  X 12,114,Personal Care & Beauty,HC+PC,5858,CARO WHITE,516,DREAMS COSMETICS
31715,CAROWTLOT200MLPKT8,Caro White Lotion 200ml X,114,Personal Care & Beauty,HC+PC,5858,CARO WHITE,516,DREAMS COSMETICS
31716,CAROWTLOT200MLPKT4,Caro White Lotion 200ml X 12,114,Personal Care & Beauty,HC+PC,5858,CARO WHITE,516,DREAMS COSMETICS
31731,CAROWTSGL500MLPKT4,Caro White Shower Gel 500ml X,114,Personal Care & Beauty,HC+PC,5858,CARO WHITE,516,DREAMS COSMETICS
31750,CAROWHTCRM300MLPKT12,Caro White Crème Cup 300ml  X,114,Personal Care & Beauty,HC+PC,5858,CARO WHITE,516,DREAMS COSMETICS
31751,CAROWHTLOT125MLPKT15,Caro White Lotion 125ml  X,114,Personal Care & Beauty,HC+PC,5858,CARO WHITE,516,DREAMS COSMETICS
31752,CAROWHTSOP180GPKT12,Caro White Soap 180g X,114,Personal Care & Beauty,HC+PC,5858,CARO WHITE,516,DREAMS COSMETICS
31753,CAROWHTOIL50MLPKT24,Caro White Oil 50ml  X,114,Personal Care & Beauty,HC+PC,5858,CARO WHITE,516,DREAMS COSMETICS
31754,CAROWHTUB30MLPKT24,Caro White Tube 30ml X,114,Personal Care & Beauty,HC+PC,5858,CARO WHITE,516,DREAMS COSMETICS
31755,BBYMEDCOLG200MLPKT,Babymed Cologne 200ml X,114,Personal Care & Beauty,HC+PC,5860,BABYMED,516,DREAMS COSMETICS
32611,BAMEDLO800PK1,Babymed Lotion 800ml  X,99,Baby Care,HC+PC,5860,BABYMED,516,DREAMS COSMETICS
32612,BAMEDTA500PK6,Babymed Talk 500g  X,99,Baby Care,HC+PC,5860,BABYMED,516,DREAMS COSMETICS
32613,BAMEDCOL500PK4,Babymed Cologne 500ml X,99,Baby Care,HC+PC,5860,BABYMED,516,DREAMS COSMETICS
32614,BAMEDSACPK1,Babymed Sac X,99,Baby Care,HC+PC,5860,BABYMED,516,DREAMS COSMETICS
31733,BBYMEDCRM500MLPKT4,Babymed Cream 500ml  X,114,Personal Care & Beauty,HC+PC,5860,BABYMED,516,DREAMS COSMETICS
31734,BBYMEDCRM120MLPKT12,Babymed Cream 120ml  X,114,Personal Care & Beauty,HC+PC,5860,BABYMED,516,DREAMS COSMETICS
31735,BBYMEDLOT250MLPKT12,Babymed Lotion 250ml  X,114,Personal Care & Beauty,HC+PC,5860,BABYMED,516,DREAMS COSMETICS
31736,BBYMEDLOT200MLPKT10,Babymed Lotion 200ml X,114,Personal Care & Beauty,HC+PC,5860,BABYMED,516,DREAMS COSMETICS
31737,BBYMEDOIL800MLPKT6,Babymed Oil 800ml X,114,Personal Care & Beauty,HC+PC,5860,BABYMED,516,DREAMS COSMETICS
31738,BBYMEDPOD100MLPKT12,Babymed Pommade Petroleum Jelly 100ml  X,114,Personal Care & Beauty,HC+PC,5860,BABYMED,516,DREAMS COSMETICS
31739,BBYMEDPOD120MLPKT12,Babymed Pommade Petroleum Jelly 120ml X,114,Personal Care & Beauty,HC+PC,5860,BABYMED,516,DREAMS COSMETICS
31740,BBYMEDPOWD250MLPKT12,Babymed Baby Powder 250ml  X,114,Personal Care & Beauty,HC+PC,5860,BABYMED,516,DREAMS COSMETICS
31743,AQAKRTSB120GPKT10,Aqualis African Karite And Shea Butter Black Soap 120g  X,114,Personal Care & Beauty,HC+PC,5861,AQUALIS,516,DREAMS COSMETICS
31744,AQAGLY120GPKT10,Aqualis Luxury Glycerin Black Soap 120g X,114,Personal Care & Beauty,HC+PC,5861,AQUALIS,516,DREAMS COSMETICS
31745,AQAAPRT120GPKT10,Aqualis Apricot Luxury Bath Soap 120g X,114,Personal Care & Beauty,HC+PC,5861,AQUALIS,516,DREAMS COSMETICS
31746,AQAKRT120GPKT10,Aqualis Karite Luxury Bath Soap 120g  X,114,Personal Care & Beauty,HC+PC,5861,AQUALIS,516,DREAMS COSMETICS
31747,AQAMNT120GPKT10,Aqualis Menthol Luxury Bath Soap 120g X,114,Personal Care & Beauty,HC+PC,5861,AQUALIS,516,DREAMS COSMETICS
31748,AQAPRSE120GPKT10,Aqualis Precious Rose Luxury Bath Soap 120g   X,114,Personal Care & Beauty,HC+PC,5861,AQUALIS,516,DREAMS COSMETICS
31749,AQAICEMNT120GPKT10,Aqualis Ice Mint Luxury Bath Soap 120g  X,114,Personal Care & Beauty,HC+PC,5861,AQUALIS,516,DREAMS COSMETICS
31756,VIMCHOCO35GPKT6,Viamio Chocolate Wafer 35g X 24,101,Biscuits & Sweets,Food,5862,VIAMIO,14,MULTIPRO CONSUMER PRODUCTS LIMITED
52596,SOEASYBS250GX24,So Easy Laundry Bar 250g X 24,108,Home Care and Laundry,HC+PC,5868,So Easy,230,EXTREME MANUFACTURING NIG LTD
52578,SOEASY16KGX3,So Easy Detergent 1.6 Kg X 3 Sachet,108,Home Care and Laundry,HC+PC,5868,So Easy,230,EXTREME MANUFACTURING NIG LTD
52580,SOEASYPR150G,So Easy Premium 150g X 26 + 2 ,108,Home Care and Laundry,HC+PC,5868,So Easy,230,EXTREME MANUFACTURING NIG LTD
52586,SOEASYP180G,So Easy Premium 180g X 26 + 2 Free ,108,Home Care and Laundry,HC+PC,5868,So Easy,230,EXTREME MANUFACTURING NIG LTD
52588,SOEASYPR350G,So Easy Premium 350g 12 + 1 Free,108,Home Care and Laundry,HC+PC,5868,So Easy,230,EXTREME MANUFACTURING NIG LTD
52590,SOEASYPR16KGX3,So Easy Premium 1.6kg X 3 Sachet,108,Home Care and Laundry,HC+PC,5868,So Easy,230,EXTREME MANUFACTURING NIG LTD
52592,SOEASYBS130G,So Easy Laundry Bar 48x130g,108,Home Care and Laundry,HC+PC,5868,So Easy,230,EXTREME MANUFACTURING NIG LTD
52566,SOEASY80GX48P3F,So Easy 80g X 48 Sachets+ 3 Sachets Free,108,Home Care and Laundry,HC+PC,5868,So Easy,230,EXTREME MANUFACTURING NIG LTD
52568,SOEASY170X26P2S,So Easy Detrgent 170g X 26 + 2sac,108,Home Care and Laundry,HC+PC,5868,So Easy,230,EXTREME MANUFACTURING NIG LTD
52570,SOEASY350GX12P1,So Easy Detergent 350g X 12 + 1 Free,108,Home Care and Laundry,HC+PC,5868,So Easy,230,EXTREME MANUFACTURING NIG LTD
52572,SOEASY850X6P1,So Easy 850g X 6 Sachets + 1 Sac Free,108,Home Care and Laundry,HC+PC,5868,So Easy,230,EXTREME MANUFACTURING NIG LTD
45980,SOEASY850G,So Easy  Easy Wash 850g X 7,108,Home Care and Laundry,HC+PC,5868,So Easy,230,EXTREME MANUFACTURING NIG LTD
45982,SOEASYWA250G,So Easy  Easy Wash 250g X 24,108,Home Care and Laundry,HC+PC,5868,So Easy,230,EXTREME MANUFACTURING NIG LTD
31813,SOEASY80G,So Easy Premium Plus 80g X 48+4 Free,108,Home Care and Laundry,HC+PC,5868,So Easy,230,EXTREME MANUFACTURING NIG LTD
31815,SOEASYWA150G,So Easy  Easy Wash 150g X 24+2 Free,108,Home Care and Laundry,HC+PC,5868,So Easy,230,EXTREME MANUFACTURING NIG LTD
46192,4ALLMPDTG75GX48,4all Multi Use Powder Detergent 75g X 48+6,108,Home Care and Laundry,HC+PC,5869,4All,230,EXTREME MANUFACTURING NIG LTD
31823,4ALLMPDTG75G,4all Multi Use Powder Detergent 75g X 51 + (48) Free,108,Home Care and Laundry,HC+PC,5869,4All,230,EXTREME MANUFACTURING NIG LTD
52638,4ALLPD750G,4 All Powder Detergent 750g  X 7,108,Home Care and Laundry,HC+PC,5869,4All,230,EXTREME MANUFACTURING NIG LTD
44790,4ALLMPDTG75,4 All Multi Use Powder Detergent 75g X 51,108,Home Care and Laundry,HC+PC,5869,4All,230,EXTREME MANUFACTURING NIG LTD
31871,4ALLMPDTG140G,4all Multi Use Powder Detergent 140g X 24 + 5 Free,108,Home Care and Laundry,HC+PC,5869,4All,230,EXTREME MANUFACTURING NIG LTD
31819,SPIFRSEPWD10G,Spicity Fried Rice Seasoning Powder 10g X 230,117,Seasoning cubes & Spices,Food,5870,spicity,518,Integrated Promotion Limited
31822,SPISTWJOLF10G,Spicity Stew & Jollof 10g X 230,117,Seasoning cubes & Spices,Food,5870,spicity,518,Integrated Promotion Limited
46243,SPICITYSJ100GX60,Spicity Stew & Jollof 100g X 60,117,Seasoning cubes & Spices,Food,5870,spicity,518,Integrated Promotion Limited
52726,TOOCLNWHT250G,Too Clean Multipurpose White Soap 250g X 48,108,Home Care and Laundry,HC+PC,5873,too clean,103,Mamuda Groups of Companies
52663,TOCLNPRO22G,Too Clean Pro Detergent 22g X 162,108,Home Care and Laundry,HC+PC,5873,too clean,103,Mamuda Groups of Companies
52666,TOCLNPRO85G,Too Clean Pro Detergent 85g X 50,108,Home Care and Laundry,HC+PC,5873,too clean,103,Mamuda Groups of Companies
52669,TOCLNPRO180G,Too Clean Pro Detergent 180g X 26,108,Home Care and Laundry,HC+PC,5873,too clean,103,Mamuda Groups of Companies
52671,TOCLNPROT22G,Too Clean Protect Detergent 22g X 162,108,Home Care and Laundry,HC+PC,5873,too clean,103,Mamuda Groups of Companies
52674,TOCLNPROT85G,Too Clean Protect Detergent 85g X 50,108,Home Care and Laundry,HC+PC,5873,too clean,103,Mamuda Groups of Companies
52677,TOCLNPROT180G,Too Clean Protect Detergent 180g X 26,108,Home Care and Laundry,HC+PC,5873,too clean,103,Mamuda Groups of Companies
52680,TOCLNCLAS22G,Too Clean Classic Detergent 22g X 162,108,Home Care and Laundry,HC+PC,5873,too clean,103,Mamuda Groups of Companies
