Week,CustomerID,SKUID,DaysSinceLastPurchase_SKU,TotalPurchases_SKU,AvgOrderValue_SKU_by_Customer,Customer_Recency,Customer_Frequency,Customer_Monetary,Customer_TotalUniqueSKUsPurchased_Overall,SKU_TotalSales_CustomerState_Overall,Customer_RollingAvgOrderValue_4Weeks,Customer_RollingUniqueSKUsPurchased_4Weeks,Customer_RollingPurchaseCount_4Weeks,SKU_RollingTotalSales_4Weeks,SKU_RollingPurchaseCount_4Weeks,Category_RollingTotalSales_4Weeks,Customer_RollingAvgOrderValue_8Weeks,Customer_RollingUniqueSKUsPurchased_8Weeks,Customer_RollingPurchaseCount_8Weeks,SKU_RollingTotalSales_8Weeks,SKU_RollingPurchaseCount_8Weeks,Category_RollingTotalSales_8Weeks,Customer_RollingAvgOrderValue_12Weeks,Customer_RollingUniqueSKUsPurchased_12Weeks,Customer_RollingPurchaseCount_12Weeks,SKU_RollingTotalSales_12Weeks,SKU_RollingPurchaseCount_12Weeks,Category_RollingTotalSales_12Weeks,Customer_PurchaseCount_Trend,Town_SKU_PurchaseCount_4Weeks,Town_SKU_PurchaseCount_8Weeks,Town_SKU_PurchaseCount_12Weeks
11,C1,SKU7,28.0,1.0,238.71555801469782,18.0,43.0,1096.7441506336118,26.0,1674.9468493926297,264.6727224240976,11.0,11.0,1449.7856745482197,5.0,71000.47885464548,248.55444612874058,22.0,23.0,1868.9218877079497,9.0,137443.772888904,270.317816859205,26.0,31.0,2898.6749084577245,12.0,172175.24673959962,-0.10303030303030304,3.0,5.0,7.0
11,C1,SKU94,,,,,,,,,,,,,,,,,,,,,,,,,,,,,,
11,C1,SKU3,21.0,1.0,67.68058990948573,18.0,43.0,1096.7441506336118,26.0,667.1246784683489,264.6727224240976,11.0,11.0,1098.6612416319165,4.0,71000.47885464548,248.55444612874058,22.0,23.0,2437.8505177723046,9.0,137443.772888904,270.317816859205,26.0,31.0,2861.6502477050426,11.0,172175.24673959962,-0.10303030303030304,2.0,3.0,3.0
11,C1,SKU35,42.0,1.0,382.51225497282536,18.0,43.0,1096.7441506336118,26.0,1893.313663274263,264.6727224240976,11.0,11.0,2754.1797051098306,13.0,71000.47885464548,248.55444612874058,22.0,23.0,4134.082406545251,18.0,137443.772888904,270.317816859205,26.0,31.0,5605.79976774534,22.0,172175.24673959962,-0.10303030303030304,7.0,10.0,10.0
11,C1,SKU42,35.0,1.0,133.17479277153237,18.0,43.0,1096.7441506336118,26.0,1269.8702120574414,264.6727224240976,11.0,11.0,2048.043858333036,8.0,64309.306756835016,248.55444612874058,22.0,23.0,2875.4570715654363,12.0,134425.20039296348,270.317816859205,26.0,31.0,3693.722317751543,15.0,169326.71391872526,-0.10303030303030304,5.0,8.0,10.0
11,C1,SKU45,7.0,1.0,130.3763098916607,18.0,43.0,1096.7441506336118,26.0,2521.432797693632,264.6727224240976,11.0,11.0,2225.67694976665,7.0,71000.47885464548,248.55444612874058,22.0,23.0,4352.962589053176,15.0,137443.772888904,270.317816859205,26.0,31.0,5057.5910904026705,18.0,172175.24673959962,-0.10303030303030304,6.0,9.0,11.0
11,C1,SKU24,,,,,,,,,,,,,,,,,,,,,,,,,,,,,,
11,C1,SKU31,28.0,1.0,479.2790046408699,18.0,43.0,1096.7441506336118,26.0,2968.0074830757503,264.6727224240976,11.0,11.0,2588.410931651886,10.0,72290.49237417508,248.55444612874058,22.0,23.0,5665.229170095801,21.0,148491.51822589754,270.317816859205,26.0,31.0,5817.221087898065,22.0,184904.32509861933,-0.10303030303030304,7.0,16.0,17.0
11,C1,SKU93,14.0,1.0,284.3531243135046,18.0,43.0,1096.7441506336118,26.0,2464.471171704367,264.6727224240976,11.0,11.0,3771.2980526762162,14.0,64309.306756835016,248.55444612874058,22.0,23.0,5963.945464659581,23.0,134425.20039296348,270.317816859205,26.0,31.0,7243.474701731236,28.0,169326.71391872526,-0.10303030303030304,8.0,10.0,14.0
11,C1,SKU97,49.0,1.0,12.731567364723245,18.0,43.0,1096.7441506336118,26.0,1341.6340003829177,264.6727224240976,11.0,11.0,1680.6880253238674,9.0,72290.49237417508,248.55444612874058,22.0,23.0,3408.703085968549,18.0,148491.51822589754,270.317816859205,26.0,31.0,4105.349745126161,20.0,184904.32509861933,-0.10303030303030304,4.0,9.0,11.0
11,C1,SKU90,7.0,2.0,231.0838311936687,18.0,43.0,1096.7441506336118,26.0,3680.1183033290145,264.6727224240976,11.0,11.0,4395.3248693451,13.0,71000.47885464548,248.55444612874058,22.0,23.0,6125.165358255388,20.0,137443.772888904,270.317816859205,26.0,31.0,7179.063293597827,23.0,172175.24673959962,-0.10303030303030304,7.0,9.0,11.0
11,C1,SKU90,7.0,2.0,231.0838311936687,18.0,43.0,1096.7441506336118,26.0,3680.1183033290145,264.6727224240976,11.0,11.0,4395.3248693451,13.0,71000.47885464548,248.55444612874058,22.0,23.0,6125.165358255388,20.0,137443.772888904,270.317816859205,26.0,31.0,7179.063293597827,23.0,172175.24673959962,-0.10303030303030304,7.0,9.0,11.0
11,C1,SKU60,,,,,,,,,,,,,,,,,,,,,,,,,,,,,,
11,C1,SKU92,42.0,1.0,189.76469293941526,18.0,43.0,1096.7441506336118,26.0,2871.877902604027,264.6727224240976,11.0,11.0,2058.795273282778,7.0,71000.47885464548,248.55444612874058,22.0,23.0,5764.102094818151,18.0,137443.772888904,270.317816859205,26.0,31.0,6840.064896781741,22.0,172175.24673959962,-0.10303030303030304,5.0,15.0,16.0
11,C1,SKU53,7.0,1.0,381.44374803499295,18.0,43.0,1096.7441506336118,26.0,3977.09002432701,264.6727224240976,11.0,11.0,2994.1997658245277,11.0,64309.306756835016,248.55444612874058,22.0,23.0,6146.443756492574,20.0,134425.20039296348,270.317816859205,26.0,31.0,7552.643426786867,26.0,169326.71391872526,-0.10303030303030304,7.0,10.0,12.0
11,C1,SKU68,35.0,1.0,247.133377782554,18.0,43.0,1096.7441506336118,26.0,3586.185674528488,264.6727224240976,11.0,11.0,3757.0945615131045,10.0,72290.49237417508,248.55444612874058,22.0,23.0,6486.586612668207,19.0,148491.51822589754,270.317816859205,26.0,31.0,6767.085248268148,21.0,184904.32509861933,-0.10303030303030304,5.0,11.0,12.0
11,C1,SKU30,,,,,,,,,,,,,,,,,,,,,,,,,,,,,,
11,C1,SKU47,56.0,1.0,181.03234034717264,18.0,43.0,1096.7441506336118,26.0,1607.96020446487,264.6727224240976,11.0,11.0,1504.2583208823662,6.0,64309.306756835016,248.55444612874058,22.0,23.0,4078.5232405462552,15.0,134425.20039296348,270.317816859205,26.0,31.0,4851.310939419624,19.0,169326.71391872526,-0.10303030303030304,3.0,9.0,12.0
11,C1,SKU56,35.0,1.0,105.92960839159835,18.0,43.0,1096.7441506336118,26.0,2132.839872081411,264.6727224240976,11.0,11.0,1545.754829674268,6.0,64309.306756835016,248.55444612874058,22.0,23.0,3270.798830899707,18.0,134425.20039296348,270.317816859205,26.0,31.0,3695.2568467426813,19.0,169326.71391872526,-0.10303030303030304,3.0,10.0,11.0
11,C1,SKU8,,,,,,,,,,,,,,,,,,,,,,,,,,,,,,
11,C1,SKU41,28.0,2.0,436.9515293225468,18.0,43.0,1096.7441506336118,26.0,3260.748069865472,264.6727224240976,11.0,11.0,1227.9060523246405,4.0,71000.47885464548,248.55444612874058,22.0,23.0,3724.455823011518,12.0,137443.772888904,270.317816859205,26.0,31.0,4799.390159470608,15.0,172175.24673959962,-0.10303030303030304,4.0,5.0,8.0
11,C1,SKU41,28.0,2.0,436.9515293225468,18.0,43.0,1096.7441506336118,26.0,3260.748069865472,264.6727224240976,11.0,11.0,1227.9060523246405,4.0,71000.47885464548,248.55444612874058,22.0,23.0,3724.455823011518,12.0,137443.772888904,270.317816859205,26.0,31.0,4799.390159470608,15.0,172175.24673959962,-0.10303030303030304,4.0,5.0,8.0
11,C1,SKU25,56.0,1.0,358.2835283413732,18.0,43.0,1096.7441506336118,26.0,3482.3450801430713,264.6727224240976,11.0,11.0,3311.017450541504,13.0,72290.49237417508,248.55444612874058,22.0,23.0,6567.44870163083,25.0,148491.51822589754,270.317816859205,26.0,31.0,8248.815644727618,31.0,184904.32509861933,-0.10303030303030304,5.0,10.0,15.0
11,C1,SKU88,70.0,1.0,289.66736028234044,18.0,43.0,1096.7441506336118,26.0,2551.1637437636923,264.6727224240976,11.0,11.0,1549.9771923844714,4.0,71000.47885464548,248.55444612874058,22.0,23.0,3243.4660066444285,11.0,137443.772888904,270.317816859205,26.0,31.0,5244.437165998218,18.0,172175.24673959962,-0.10303030303030304,2.0,4.0,8.0
11,C1,SKU48,7.0,1.0,69.14376704128284,18.0,43.0,1096.7441506336118,26.0,2368.132574397137,264.6727224240976,11.0,11.0,2294.3657919101456,11.0,71000.47885464548,248.55444612874058,22.0,23.0,4714.559295750083,17.0,137443.772888904,270.317816859205,26.0,31.0,5555.479837264602,20.0,172175.24673959962,-0.10303030303030304,6.0,9.0,11.0
11,C1,SKU100,63.0,1.0,412.57491471409423,18.0,43.0,1096.7441506336118,26.0,2481.3830967136573,264.6727224240976,11.0,11.0,2673.953826709808,9.0,72290.49237417508,248.55444612874058,22.0,23.0,4985.751239140065,20.0,148491.51822589754,270.317816859205,26.0,31.0,6311.3762452218325,24.0,184904.32509861933,-0.10303030303030304,3.0,8.0,11.0
11,C1,SKU14,63.0,1.0,300.9815532285259,18.0,43.0,1096.7441506336118,26.0,1700.2406422027489,264.6727224240976,11.0,11.0,1952.9631937687732,9.0,71000.47885464548,248.55444612874058,22.0,23.0,5123.321333769345,20.0,137443.772888904,270.317816859205,26.0,31.0,6176.511444700864,26.0,172175.24673959962,-0.10303030303030304,7.0,13.0,18.0
11,C1,SKU67,63.0,1.0,253.80406533601314,18.0,43.0,1096.7441506336118,26.0,3274.0392673701335,264.6727224240976,11.0,11.0,1181.8136750398212,5.0,71000.47885464548,248.55444612874058,22.0,23.0,3781.57818676148,14.0,137443.772888904,270.317816859205,26.0,31.0,4700.319165521037,17.0,172175.24673959962,-0.10303030303030304,3.0,7.0,9.0
11,C1,SKU39,56.0,1.0,330.5129940696225,18.0,43.0,1096.7441506336118,26.0,2282.9656555758825,264.6727224240976,11.0,11.0,2005.9294396816913,8.0,72290.49237417508,248.55444612874058,22.0,23.0,3384.497478530941,14.0,148491.51822589754,270.317816859205,26.0,31.0,3539.74576465095,15.0,184904.32509861933,-0.10303030303030304,6.0,8.0,8.0
11,C1,SKU58,,,,,,,,,,,,,,,,,,,,,,,,,,,,,,
11,C1,SKU17,,,,,,,,,,,,,,,,,,,,,,,,,,,,,,
11,C1,SKU76,35.0,2.0,297.9444416905639,18.0,43.0,1096.7441506336118,26.0,2637.59123784951,264.6727224240976,11.0,11.0,2408.515227882009,11.0,71000.47885464548,248.55444612874058,22.0,23.0,4641.153927856552,19.0,137443.772888904,270.317816859205,26.0,31.0,5347.188208957184,22.0,172175.24673959962,-0.10303030303030304,3.0,10.0,10.0
11,C1,SKU76,35.0,2.0,297.9444416905639,18.0,43.0,1096.7441506336118,26.0,2637.59123784951,264.6727224240976,11.0,11.0,2408.515227882009,11.0,71000.47885464548,248.55444612874058,22.0,23.0,4641.153927856552,19.0,137443.772888904,270.317816859205,26.0,31.0,5347.188208957184,22.0,172175.24673959962,-0.10303030303030304,3.0,10.0,10.0
11,C1,SKU5,,,,,,,,,,,,,,,,,,,,,,,,,,,,,,
11,C1,SKU22,28.0,2.0,379.09727322784875,18.0,43.0,1096.7441506336118,26.0,2978.2039427356617,264.6727224240976,11.0,11.0,3590.4101892893627,10.0,71000.47885464548,248.55444612874058,22.0,23.0,5087.730946024144,16.0,137443.772888904,270.317816859205,26.0,31.0,5587.376488651759,19.0,172175.24673959962,-0.10303030303030304,8.0,12.0,14.0
11,C1,SKU22,28.0,2.0,379.09727322784875,18.0,43.0,1096.7441506336118,26.0,2978.2039427356617,264.6727224240976,11.0,11.0,3590.4101892893627,10.0,71000.47885464548,248.55444612874058,22.0,23.0,5087.730946024144,16.0,137443.772888904,270.317816859205,26.0,31.0,5587.376488651759,19.0,172175.24673959962,-0.10303030303030304,8.0,12.0,14.0
11,C1,SKU89,49.0,2.0,362.70274918357984,18.0,43.0,1096.7441506336118,26.0,3580.937800003732,264.6727224240976,11.0,11.0,2711.515344539416,8.0,72290.49237417508,248.55444612874058,22.0,23.0,4952.93249102111,17.0,148491.51822589754,270.317816859205,26.0,31.0,5669.163547128538,19.0,184904.32509861933,-0.10303030303030304,6.0,11.0,13.0
11,C1,SKU89,49.0,2.0,362.70274918357984,18.0,43.0,1096.7441506336118,26.0,3580.937800003732,264.6727224240976,11.0,11.0,2711.515344539416,8.0,72290.49237417508,248.55444612874058,22.0,23.0,4952.93249102111,17.0,148491.51822589754,270.317816859205,26.0,31.0,5669.163547128538,19.0,184904.32509861933,-0.10303030303030304,6.0,11.0,13.0
11,C1,SKU59,,,,,,,,,,,,,,,,,,,,,,,,,,,,,,
11,C1,SKU9,28.0,1.0,115.19752101065271,18.0,43.0,1096.7441506336118,26.0,2578.9032756017787,264.6727224240976,11.0,11.0,656.8016608132668,3.0,72290.49237417508,248.55444612874058,22.0,23.0,3547.4614779361054,16.0,148491.51822589754,270.317816859205,26.0,31.0,4567.6472624663165,20.0,184904.32509861933,-0.10303030303030304,3.0,11.0,15.0
11,C2,SKU70,14.0,1.0,102.90942222186463,44.0,27.0,8168.193012748355,31.0,3811.12967781279,261.12175571664903,15.0,17.0,4480.1417984573545,14.0,72290.49237417508,243.07269993043323,29.0,36.0,6010.096024175712,20.0,148491.51822589754,246.27653579123344,31.0,40.0,6403.032172003971,21.0,184904.32509861933,0.23030303030303031,8.0,10.0,11.0
11,C2,SKU46,14.0,1.0,131.52305965656248,44.0,27.0,8168.193012748355,31.0,1716.661084172158,261.12175571664903,15.0,17.0,1113.88374513786,5.0,71000.47885464548,243.07269993043323,29.0,36.0,2359.140085796144,10.0,137443.772888904,246.27653579123344,31.0,40.0,4011.448091088257,17.0,172175.24673959962,0.23030303030303031,1.0,2.0,4.0
11,C2,SKU83,14.0,1.0,409.32520957148114,44.0,27.0,8168.193012748355,31.0,3988.4532153091122,261.12175571664903,15.0,17.0,1745.4084827186693,5.0,64309.306756835016,243.07269993043323,29.0,36.0,6022.622707175466,19.0,134425.20039296348,246.27653579123344,31.0,40.0,7061.109254625385,23.0,169326.71391872526,0.23030303030303031,1.0,10.0,11.0
11,C2,SKU19,21.0,1.0,355.9016835946387,44.0,27.0,8168.193012748355,31.0,4020.1694548435967,261.12175571664903,15.0,17.0,2459.6185464635482,8.0,64309.306756835016,243.07269993043323,29.0,36.0,4521.7287856660405,15.0,134425.20039296348,246.27653579123344,31.0,40.0,5248.878137480506,18.0,169326.71391872526,0.23030303030303031,4.0,10.0,11.0
11,C2,SKU99,56.0,1.0,179.05179511922435,44.0,27.0,8168.193012748355,31.0,2995.2463578299585,261.12175571664903,15.0,17.0,2063.456357418281,10.0,72290.49237417508,243.07269993043323,29.0,36.0,3861.6408359712746,19.0,148491.51822589754,246.27653579123344,31.0,40.0,5112.221920080666,24.0,184904.32509861933,0.23030303030303031,7.0,13.0,17.0
11,C2,SKU93,,,,,,,,,,,,,,,,,,,,,,,,,,,,,,
11,C2,SKU63,,,,,,,,,,,,,,,,,,,,,,,,,,,,,,
11,C2,SKU78,,,,,,,,,,,,,,,,,,,,,,,,,,,,,,
11,C2,SKU77,14.0,1.0,423.81141541885853,44.0,27.0,8168.193012748355,31.0,4159.665922482025,261.12175571664903,15.0,17.0,1969.5849943511034,6.0,64309.306756835016,243.07269993043323,29.0,36.0,6020.897732327896,20.0,134425.20039296348,246.27653579123344,31.0,40.0,7074.900189336561,24.0,169326.71391872526,0.23030303030303031,4.0,11.0,12.0
11,C2,SKU73,21.0,1.0,102.51693690536128,44.0,27.0,8168.193012748355,31.0,4571.7837877155935,261.12175571664903,15.0,17.0,2144.6610779968128,9.0,64309.306756835016,243.07269993043323,29.0,36.0,4922.04230623544,18.0,134425.20039296348,246.27653579123344,31.0,40.0,6172.422473412418,22.0,169326.71391872526,0.23030303030303031,6.0,12.0,13.0
11,C2,SKU34,21.0,2.0,357.3044269034599,44.0,27.0,8168.193012748355,31.0,5244.288347500294,261.12175571664903,15.0,17.0,3705.418135522522,14.0,71000.47885464548,243.07269993043323,29.0,36.0,6259.775782633862,23.0,137443.772888904,246.27653579123344,31.0,40.0,7435.249755115927,26.0,172175.24673959962,0.23030303030303031,11.0,15.0,17.0
11,C2,SKU34,21.0,2.0,357.3044269034599,44.0,27.0,8168.193012748355,31.0,5244.288347500294,261.12175571664903,15.0,17.0,3705.418135522522,14.0,71000.47885464548,243.07269993043323,29.0,36.0,6259.775782633862,23.0,137443.772888904,246.27653579123344,31.0,40.0,7435.249755115927,26.0,172175.24673959962,0.23030303030303031,11.0,15.0,17.0
11,C2,SKU53,42.0,1.0,200.85922855272037,44.0,27.0,8168.193012748355,31.0,3575.553402459858,261.12175571664903,15.0,17.0,2994.1997658245277,11.0,64309.306756835016,243.07269993043323,29.0,36.0,6146.443756492574,20.0,134425.20039296348,246.27653579123344,31.0,40.0,7552.643426786867,26.0,169326.71391872526,0.23030303030303031,7.0,10.0,12.0
11,C2,SKU81,7.0,2.0,198.8438962989647,44.0,27.0,8168.193012748355,31.0,2796.9596495180376,261.12175571664903,15.0,17.0,884.0878153107776,7.0,64309.306756835016,243.07269993043323,29.0,36.0,3594.4891330396335,17.0,134425.20039296348,246.27653579123344,31.0,40.0,5080.177260453762,21.0,169326.71391872526,0.23030303030303031,4.0,13.0,16.0
11,C2,SKU81,7.0,2.0,198.8438962989647,44.0,27.0,8168.193012748355,31.0,2796.9596495180376,261.12175571664903,15.0,17.0,884.0878153107776,7.0,64309.306756835016,243.07269993043323,29.0,36.0,3594.4891330396335,17.0,134425.20039296348,246.27653579123344,31.0,40.0,5080.177260453762,21.0,169326.71391872526,0.23030303030303031,4.0,13.0,16.0
11,C2,SKU30,35.0,2.0,243.870757833813,44.0,27.0,8168.193012748355,31.0,3683.0865948948563,261.12175571664903,15.0,17.0,3297.6177659457226,9.0,64309.306756835016,243.07269993043323,29.0,36.0,5966.215162100634,19.0,134425.20039296348,246.27653579123344,31.0,40.0,7394.873152362657,26.0,169326.71391872526,0.23030303030303031,3.0,12.0,17.0
11,C2,SKU30,35.0,2.0,243.870757833813,44.0,27.0,8168.193012748355,31.0,3683.0865948948563,261.12175571664903,15.0,17.0,3297.6177659457226,9.0,64309.306756835016,243.07269993043323,29.0,36.0,5966.215162100634,19.0,134425.20039296348,246.27653579123344,31.0,40.0,7394.873152362657,26.0,169326.71391872526,0.23030303030303031,3.0,12.0,17.0
11,C2,SKU8,,,,,,,,,,,,,,,,,,,,,,,,,,,,,,
11,C2,SKU41,70.0,1.0,278.5192024584593,44.0,27.0,8168.193012748355,31.0,1538.6420896051357,261.12175571664903,15.0,17.0,1227.9060523246405,4.0,71000.47885464548,243.07269993043323,29.0,36.0,3724.455823011518,12.0,137443.772888904,246.27653579123344,31.0,40.0,4799.390159470608,15.0,172175.24673959962,0.23030303030303031,4.0,5.0,8.0
11,C2,SKU25,21.0,1.0,404.5452819238767,44.0,27.0,8168.193012748355,31.0,4766.470564584546,261.12175571664903,15.0,17.0,3311.017450541504,13.0,72290.49237417508,243.07269993043323,29.0,36.0,6567.44870163083,25.0,148491.51822589754,246.27653579123344,31.0,40.0,8248.815644727618,31.0,184904.32509861933,0.23030303030303031,5.0,10.0,15.0
11,C2,SKU52,56.0,1.0,422.1940241480748,44.0,27.0,8168.193012748355,31.0,2756.4448547017687,261.12175571664903,15.0,17.0,1741.9187812705975,9.0,72290.49237417508,243.07269993043323,29.0,36.0,3427.098935903869,15.0,148491.51822589754,246.27653579123344,31.0,40.0,3902.437562751791,16.0,184904.32509861933,0.23030303030303031,5.0,8.0,8.0
11,C2,SKU84,14.0,1.0,458.7920686109397,44.0,27.0,8168.193012748355,31.0,2378.4863459713806,261.12175571664903,15.0,17.0,2347.7386034283104,7.0,71000.47885464548,243.07269993043323,29.0,36.0,4926.045037747026,16.0,137443.772888904,246.27653579123344,31.0,40.0,5976.75994258024,20.0,172175.24673959962,0.23030303030303031,5.0,10.0,13.0
11,C2,SKU80,42.0,1.0,86.97775436120945,44.0,27.0,8168.193012748355,31.0,3243.635387305008,261.12175571664903,15.0,17.0,2146.07442467616,7.0,64309.306756835016,243.07269993043323,29.0,36.0,4759.000777469969,17.0,134425.20039296348,246.27653579123344,31.0,40.0,5848.340218353709,22.0,169326.71391872526,0.23030303030303031,3.0,8.0,10.0
11,C2,SKU14,42.0,3.0,279.05455789318904,44.0,27.0,8168.193012748355,31.0,4476.270802498114,261.12175571664903,15.0,17.0,1952.9631937687732,9.0,71000.47885464548,243.07269993043323,29.0,36.0,5123.321333769345,20.0,137443.772888904,246.27653579123344,31.0,40.0,6176.511444700864,26.0,172175.24673959962,0.23030303030303031,7.0,13.0,18.0
11,C2,SKU14,42.0,3.0,279.05455789318904,44.0,27.0,8168.193012748355,31.0,4476.270802498114,261.12175571664903,15.0,17.0,1952.9631937687732,9.0,71000.47885464548,243.07269993043323,29.0,36.0,5123.321333769345,20.0,137443.772888904,246.27653579123344,31.0,40.0,6176.511444700864,26.0,172175.24673959962,0.23030303030303031,7.0,13.0,18.0
11,C2,SKU14,42.0,3.0,279.05455789318904,44.0,27.0,8168.193012748355,31.0,4476.270802498114,261.12175571664903,15.0,17.0,1952.9631937687732,9.0,71000.47885464548,243.07269993043323,29.0,36.0,5123.321333769345,20.0,137443.772888904,246.27653579123344,31.0,40.0,6176.511444700864,26.0,172175.24673959962,0.23030303030303031,7.0,13.0,18.0
11,C2,SKU23,7.0,1.0,256.77236883476024,44.0,27.0,8168.193012748355,31.0,3449.282907326329,261.12175571664903,15.0,17.0,2634.4380931227643,10.0,71000.47885464548,243.07269993043323,29.0,36.0,4401.380339195599,16.0,137443.772888904,246.27653579123344,31.0,40.0,5978.508943032263,23.0,172175.24673959962,0.23030303030303031,5.0,8.0,10.0
11,C2,SKU67,49.0,1.0,321.9554711449585,44.0,27.0,8168.193012748355,31.0,1426.279898150903,261.12175571664903,15.0,17.0,1181.8136750398212,5.0,71000.47885464548,243.07269993043323,29.0,36.0,3781.57818676148,14.0,137443.772888904,246.27653579123344,31.0,40.0,4700.319165521037,17.0,172175.24673959962,0.23030303030303031,3.0,7.0,9.0
11,C2,SKU38,35.0,2.0,322.8775935981939,44.0,27.0,8168.193012748355,31.0,4195.31476423047,261.12175571664903,15.0,17.0,2761.0560156102297,11.0,72290.49237417508,243.07269993043323,29.0,36.0,5745.3779223572765,22.0,148491.51822589754,246.27653579123344,31.0,40.0,7883.80530397241,28.0,184904.32509861933,0.23030303030303031,6.0,10.0,14.0
11,C2,SKU38,35.0,2.0,322.8775935981939,44.0,27.0,8168.193012748355,31.0,4195.31476423047,261.12175571664903,15.0,17.0,2761.0560156102297,11.0,72290.49237417508,243.07269993043323,29.0,36.0,5745.3779223572765,22.0,148491.51822589754,246.27653579123344,31.0,40.0,7883.80530397241,28.0,184904.32509861933,0.23030303030303031,6.0,10.0,14.0
11,C2,SKU17,63.0,1.0,485.2036620022039,44.0,27.0,8168.193012748355,31.0,5081.190266320188,261.12175571664903,15.0,17.0,1099.92123122253,4.0,72290.49237417508,243.07269993043323,29.0,36.0,6046.566669899512,20.0,148491.51822589754,246.27653579123344,31.0,40.0,7723.295835124876,24.0,184904.32509861933,0.23030303030303031,2.0,8.0,10.0
11,C2,SKU95,28.0,1.0,83.35311360677795,44.0,27.0,8168.193012748355,31.0,3563.493156039451,261.12175571664903,15.0,17.0,1881.0495206651105,8.0,64309.306756835016,243.07269993043323,29.0,36.0,4188.04017562578,16.0,134425.20039296348,246.27653579123344,31.0,40.0,4265.538178432196,17.0,169326.71391872526,0.23030303030303031,6.0,11.0,12.0
11,C2,SKU10,42.0,2.0,327.0965598536002,44.0,27.0,8168.193012748355,31.0,3405.6547913551576,261.12175571664903,15.0,17.0,637.246305027026,4.0,71000.47885464548,243.07269993043323,29.0,36.0,3710.9206991514775,14.0,137443.772888904,246.27653579123344,31.0,40.0,4903.101289382736,19.0,172175.24673959962,0.23030303030303031,1.0,8.0,10.0
11,C2,SKU10,42.0,2.0,327.0965598536002,44.0,27.0,8168.193012748355,31.0,3405.6547913551576,261.12175571664903,15.0,17.0,637.246305027026,4.0,71000.47885464548,243.07269993043323,29.0,36.0,3710.9206991514775,14.0,137443.772888904,246.27653579123344,31.0,40.0,4903.101289382736,19.0,172175.24673959962,0.23030303030303031,1.0,8.0,10.0
11,C2,SKU55,,,,,,,,,,,,,,,,,,,,,,,,,,,,,,
11,C2,SKU5,28.0,2.0,279.9041676649747,44.0,27.0,8168.193012748355,31.0,4475.10022155687,261.12175571664903,15.0,17.0,2752.7115105281678,9.0,72290.49237417508,243.07269993043323,29.0,36.0,7156.4594080845045,24.0,148491.51822589754,246.27653579123344,31.0,40.0,8513.080158022674,29.0,184904.32509861933,0.23030303030303031,4.0,14.0,17.0
11,C2,SKU5,28.0,2.0,279.9041676649747,44.0,27.0,8168.193012748355,31.0,4475.10022155687,261.12175571664903,15.0,17.0,2752.7115105281678,9.0,72290.49237417508,243.07269993043323,29.0,36.0,7156.4594080845045,24.0,148491.51822589754,246.27653579123344,31.0,40.0,8513.080158022674,29.0,184904.32509861933,0.23030303030303031,4.0,14.0,17.0
11,C2,SKU22,35.0,1.0,357.25889173942966,44.0,27.0,8168.193012748355,31.0,2609.1725459160966,261.12175571664903,15.0,17.0,3590.4101892893627,10.0,71000.47885464548,243.07269993043323,29.0,36.0,5087.730946024144,16.0,137443.772888904,246.27653579123344,31.0,40.0,5587.376488651759,19.0,172175.24673959962,0.23030303030303031,8.0,12.0,14.0
11,C2,SKU43,7.0,1.0,126.80928208583204,44.0,27.0,8168.193012748355,31.0,2532.743682329215,261.12175571664903,15.0,17.0,1168.0650395391517,5.0,72290.49237417508,243.07269993043323,29.0,36.0,3446.6599790396226,14.0,148491.51822589754,246.27653579123344,31.0,40.0,4562.116205894099,18.0,184904.32509861933,0.23030303030303031,4.0,10.0,10.0
11,C2,SKU79,49.0,1.0,19.874897844566487,44.0,27.0,8168.193012748355,31.0,4278.459514953102,261.12175571664903,15.0,17.0,3067.2727070094,9.0,64309.306756835016,243.07269993043323,29.0,36.0,5685.419533093278,19.0,134425.20039296348,246.27653579123344,31.0,40.0,6392.592072969643,23.0,169326.71391872526,0.23030303030303031,5.0,11.0,13.0
11,C2,SKU86,42.0,1.0,52.005615224712805,44.0,27.0,8168.193012748355,31.0,2363.081131861271,261.12175571664903,15.0,17.0,1623.0877239540343,7.0,64309.306756835016,243.07269993043323,29.0,36.0,3044.2798000924367,13.0,134425.20039296348,246.27653579123344,31.0,40.0,4659.285780581268,21.0,169326.71391872526,0.23030303030303031,4.0,6.0,11.0
11,C2,SKU2,35.0,1.0,96.14158448149557,44.0,27.0,8168.193012748355,31.0,2252.1965395882294,261.12175571664903,15.0,17.0,903.8945157772882,5.0,72290.49237417508,243.07269993043323,29.0,36.0,3056.9354831768433,13.0,148491.51822589754,246.27653579123344,31.0,40.0,3804.496357605421,16.0,184904.32509861933,0.23030303030303031,4.0,8.0,9.0
11,C2,SKU61,21.0,2.0,74.93831298656882,44.0,27.0,8168.193012748355,31.0,2320.5783542540794,261.12175571664903,15.0,17.0,1023.1745756884936,5.0,64309.306756835016,243.07269993043323,29.0,36.0,2996.4024557418907,13.0,134425.20039296348,246.27653579123344,31.0,40.0,4420.266454509291,18.0,169326.71391872526,0.23030303030303031,5.0,10.0,12.0
11,C2,SKU61,21.0,2.0,74.93831298656882,44.0,27.0,8168.193012748355,31.0,2320.5783542540794,261.12175571664903,15.0,17.0,1023.1745756884936,5.0,64309.306756835016,243.07269993043323,29.0,36.0,2996.4024557418907,13.0,134425.20039296348,246.27653579123344,31.0,40.0,4420.266454509291,18.0,169326.71391872526,0.23030303030303031,5.0,10.0,12.0
11,C2,SKU9,49.0,1.0,47.92435818260995,44.0,27.0,8168.193012748355,31.0,1988.7439868645379,261.12175571664903,15.0,17.0,656.8016608132668,3.0,72290.49237417508,243.07269993043323,29.0,36.0,3547.4614779361054,16.0,148491.51822589754,246.27653579123344,31.0,40.0,4567.6472624663165,20.0,184904.32509861933,0.23030303030303031,3.0,11.0,15.0
11,C3,SKU7,,,,,,,,,,,,,,,,,,,,,,,,,,,,,,
11,C3,SKU94,,,,,,,,,,,,,,,,,,,,,,,,,,,,,,
11,C3,SKU70,14.0,1.0,215.29701055124295,60.0,45.0,7330.504540422917,33.0,2591.9024941911803,232.52268877199194,12.0,15.0,4480.1417984573545,14.0,72290.49237417508,293.16075233040846,27.0,32.0,6010.096024175712,20.0,148491.51822589754,280.42828858689467,33.0,40.0,6403.032172003971,21.0,184904.32509861933,-0.03636363636363637,6.0,10.0,10.0
11,C3,SKU18,14.0,2.0,305.17074847919355,60.0,45.0,7330.504540422917,33.0,1912.7654782806037,232.52268877199194,12.0,15.0,2258.141245675125,9.0,64309.306756835016,293.16075233040846,27.0,32.0,3594.6492811204107,15.0,134425.20039296348,280.42828858689467,33.0,40.0,4487.374291389015,18.0,169326.71391872526,-0.03636363636363637,2.0,3.0,6.0
11,C3,SKU18,14.0,2.0,305.17074847919355,60.0,45.0,7330.504540422917,33.0,1912.7654782806037,232.52268877199194,12.0,15.0,2258.141245675125,9.0,64309.306756835016,293.16075233040846,27.0,32.0,3594.6492811204107,15.0,134425.20039296348,280.42828858689467,33.0,40.0,4487.374291389015,18.0,169326.71391872526,-0.03636363636363637,2.0,3.0,6.0
11,C3,SKU3,28.0,1.0,175.6443586261242,60.0,45.0,7330.504540422917,33.0,667.1246784683489,232.52268877199194,12.0,15.0,1098.6612416319165,4.0,71000.47885464548,293.16075233040846,27.0,32.0,2437.8505177723046,9.0,137443.772888904,280.42828858689467,33.0,40.0,2861.6502477050426,11.0,172175.24673959962,-0.03636363636363637,2.0,6.0,8.0
11,C3,SKU35,63.0,1.0,462.2135504677811,60.0,45.0,7330.504540422917,33.0,1893.313663274263,232.52268877199194,12.0,15.0,2754.1797051098306,13.0,71000.47885464548,293.16075233040846,27.0,32.0,4134.082406545251,18.0,137443.772888904,280.42828858689467,33.0,40.0,5605.79976774534,22.0,172175.24673959962,-0.03636363636363637,6.0,8.0,12.0
11,C3,SKU46,63.0,1.0,47.829537005515895,60.0,45.0,7330.504540422917,33.0,2294.787006916099,232.52268877199194,12.0,15.0,1113.88374513786,5.0,71000.47885464548,293.16075233040846,27.0,32.0,2359.140085796144,10.0,137443.772888904,280.42828858689467,33.0,40.0,4011.448091088257,17.0,172175.24673959962,-0.03636363636363637,4.0,8.0,13.0
11,C3,SKU26,35.0,2.0,431.77469726930553,60.0,45.0,7330.504540422917,33.0,2800.9686683264476,232.52268877199194,12.0,15.0,1878.8963415535886,9.0,64309.306756835016,293.16075233040846,27.0,32.0,4362.126765130159,19.0,134425.20039296348,280.42828858689467,33.0,40.0,5671.0460414333365,24.0,169326.71391872526,-0.03636363636363637,5.0,12.0,13.0
11,C3,SKU26,35.0,2.0,431.77469726930553,60.0,45.0,7330.504540422917,33.0,2800.9686683264476,232.52268877199194,12.0,15.0,1878.8963415535886,9.0,64309.306756835016,293.16075233040846,27.0,32.0,4362.126765130159,19.0,134425.20039296348,280.42828858689467,33.0,40.0,5671.0460414333365,24.0,169326.71391872526,-0.03636363636363637,5.0,12.0,13.0
11,C3,SKU29,70.0,1.0,42.598506120267366,60.0,45.0,7330.504540422917,33.0,2142.8023324917144,232.52268877199194,12.0,15.0,1124.9593254292206,6.0,64309.306756835016,293.16075233040846,27.0,32.0,2820.3394756077796,12.0,134425.20039296348,280.42828858689467,33.0,40.0,3933.4782928520303,17.0,169326.71391872526,-0.03636363636363637,5.0,9.0,13.0
11,C3,SKU83,63.0,1.0,368.7745525604993,60.0,45.0,7330.504540422917,33.0,3072.6560393162713,232.52268877199194,12.0,15.0,1745.4084827186693,5.0,64309.306756835016,293.16075233040846,27.0,32.0,6022.622707175466,19.0,134425.20039296348,280.42828858689467,33.0,40.0,7061.109254625385,23.0,169326.71391872526,-0.03636363636363637,4.0,9.0,12.0
11,C3,SKU69,56.0,1.0,395.9730138625397,60.0,45.0,7330.504540422917,33.0,2130.8667637584076,232.52268877199194,12.0,15.0,2035.2711131866931,7.0,64309.306756835016,293.16075233040846,27.0,32.0,4689.680921989357,15.0,134425.20039296348,280.42828858689467,33.0,40.0,6440.272283329844,22.0,169326.71391872526,-0.03636363636363637,4.0,11.0,15.0
11,C3,SKU74,28.0,1.0,273.7903430085926,60.0,45.0,7330.504540422917,33.0,799.5139536226286,232.52268877199194,12.0,15.0,1386.155419707367,8.0,72290.49237417508,293.16075233040846,27.0,32.0,2321.551476393496,11.0,148491.51822589754,280.42828858689467,33.0,40.0,3024.234494034939,15.0,184904.32509861933,-0.03636363636363637,4.0,6.0,9.0
11,C3,SKU24,,,,,,,,,,,,,,,,,,,,,,,,,,,,,,
11,C3,SKU78,7.0,2.0,126.14587161165117,60.0,45.0,7330.504540422917,33.0,3642.609496256943,232.52268877199194,12.0,15.0,1554.1710557580261,9.0,64309.306756835016,293.16075233040846,27.0,32.0,4150.523764079384,19.0,134425.20039296348,280.42828858689467,33.0,40.0,5149.05149684041,23.0,169326.71391872526,-0.03636363636363637,3.0,8.0,11.0
11,C3,SKU78,7.0,2.0,126.14587161165117,60.0,45.0,7330.504540422917,33.0,3642.609496256943,232.52268877199194,12.0,15.0,1554.1710557580261,9.0,64309.306756835016,293.16075233040846,27.0,32.0,4150.523764079384,19.0,134425.20039296348,280.42828858689467,33.0,40.0,5149.05149684041,23.0,169326.71391872526,-0.03636363636363637,3.0,8.0,11.0
11,C3,SKU77,56.0,1.0,363.200860094147,60.0,45.0,7330.504540422917,33.0,2915.234266854536,232.52268877199194,12.0,15.0,1969.5849943511034,6.0,64309.306756835016,293.16075233040846,27.0,32.0,6020.897732327896,20.0,134425.20039296348,280.42828858689467,33.0,40.0,7074.900189336561,24.0,169326.71391872526,-0.03636363636363637,2.0,9.0,12.0
11,C3,SKU92,28.0,1.0,451.3446417773999,60.0,45.0,7330.504540422917,33.0,2871.877902604027,232.52268877199194,12.0,15.0,2058.795273282778,7.0,71000.47885464548,293.16075233040846,27.0,32.0,5764.102094818151,18.0,137443.772888904,280.42828858689467,33.0,40.0,6840.064896781741,22.0,172175.24673959962,-0.03636363636363637,2.0,3.0,6.0
11,C3,SKU64,42.0,1.0,253.51116855805842,60.0,45.0,7330.504540422917,33.0,1159.3452208952294,232.52268877199194,12.0,15.0,955.5557594937186,5.0,64309.306756835016,293.16075233040846,27.0,32.0,1889.4927849954656,11.0,134425.20039296348,280.42828858689467,33.0,40.0,2974.437939968098,14.0,169326.71391872526,-0.03636363636363637,2.0,4.0,5.0
11,C3,SKU53,,,,,,,,,,,,,,,,,,,,,,,,,,,,,,
11,C3,SKU81,14.0,1.0,49.706459609062065,60.0,45.0,7330.504540422917,33.0,2283.217610935724,232.52268877199194,12.0,15.0,884.0878153107776,7.0,64309.306756835016,293.16075233040846,27.0,32.0,3594.4891330396335,17.0,134425.20039296348,280.42828858689467,33.0,40.0,5080.177260453762,21.0,169326.71391872526,-0.03636363636363637,3.0,4.0,5.0
11,C3,SKU91,7.0,2.0,216.44338361344083,60.0,45.0,7330.504540422917,33.0,3158.508464711266,232.52268877199194,12.0,15.0,2984.7942397263446,12.0,71000.47885464548,293.16075233040846,27.0,32.0,5467.293917927763,21.0,137443.772888904,280.42828858689467,33.0,40.0,6199.939367149383,24.0,172175.24673959962,-0.03636363636363637,8.0,14.0,14.0
11,C3,SKU91,7.0,2.0,216.44338361344083,60.0,45.0,7330.504540422917,33.0,3158.508464711266,232.52268877199194,12.0,15.0,2984.7942397263446,12.0,71000.47885464548,293.16075233040846,27.0,32.0,5467.293917927763,21.0,137443.772888904,280.42828858689467,33.0,40.0,6199.939367149383,24.0,172175.24673959962,-0.03636363636363637,8.0,14.0,14.0
11,C3,SKU30,,,,,,,,,,,,,,,,,,,,,,,,,,,,,,
11,C3,SKU4,49.0,1.0,432.177440836837,60.0,45.0,7330.504540422917,33.0,3013.2949312316678,232.52268877199194,12.0,15.0,2655.6484127428835,8.0,71000.47885464548,293.16075233040846,27.0,32.0,4052.347400421194,16.0,137443.772888904,280.42828858689467,33.0,40.0,5206.213575325947,19.0,172175.24673959962,-0.03636363636363637,5.0,8.0,10.0
11,C3,SKU41,56.0,1.0,324.2442123545484,60.0,45.0,7330.504540422917,33.0,3260.748069865472,232.52268877199194,12.0,15.0,1227.9060523246405,4.0,71000.47885464548,293.16075233040846,27.0,32.0,3724.455823011518,12.0,137443.772888904,280.42828858689467,33.0,40.0,4799.390159470608,15.0,172175.24673959962,-0.03636363636363637,0.0,7.0,7.0
11,C3,SKU52,49.0,1.0,455.3550551016279,60.0,45.0,7330.504540422917,33.0,1145.992708050022,232.52268877199194,12.0,15.0,1741.9187812705975,9.0,72290.49237417508,293.16075233040846,27.0,32.0,3427.098935903869,15.0,148491.51822589754,280.42828858689467,33.0,40.0,3902.437562751791,16.0,184904.32509861933,-0.03636363636363637,4.0,7.0,8.0
11,C3,SKU88,35.0,1.0,164.4259523625375,60.0,45.0,7330.504540422917,33.0,2551.1637437636923,232.52268877199194,12.0,15.0,1549.9771923844714,4.0,71000.47885464548,293.16075233040846,27.0,32.0,3243.4660066444285,11.0,137443.772888904,280.42828858689467,33.0,40.0,5244.437165998218,18.0,172175.24673959962,-0.03636363636363637,2.0,7.0,10.0
11,C3,SKU87,35.0,1.0,305.8940146731897,60.0,45.0,7330.504540422917,33.0,1091.7497934863045,232.52268877199194,12.0,15.0,1325.3696225216397,3.0,72290.49237417508,293.16075233040846,27.0,32.0,4240.63360609992,14.0,148491.51822589754,280.42828858689467,33.0,40.0,4687.7934746868705,16.0,184904.32509861933,-0.03636363636363637,2.0,9.0,11.0
11,C3,SKU28,,,,,,,,,,,,,,,,,,,,,,,,,,,,,,
11,C3,SKU82,42.0,1.0,284.2586469093383,60.0,45.0,7330.504540422917,33.0,1590.0889523739684,232.52268877199194,12.0,15.0,1052.2117338770022,4.0,64309.306756835016,293.16075233040846,27.0,32.0,2579.596678909137,11.0,134425.20039296348,280.42828858689467,33.0,40.0,3253.6048083395153,15.0,169326.71391872526,-0.03636363636363637,1.0,5.0,6.0
11,C3,SKU39,14.0,1.0,493.5114829306484,60.0,45.0,7330.504540422917,33.0,2282.9656555758825,232.52268877199194,12.0,15.0,2005.9294396816913,8.0,72290.49237417508,293.16075233040846,27.0,32.0,3384.497478530941,14.0,148491.51822589754,280.42828858689467,33.0,40.0,3539.74576465095,15.0,184904.32509861933,-0.03636363636363637,2.0,6.0,7.0
11,C3,SKU38,35.0,1.0,409.3535522844213,60.0,45.0,7330.504540422917,33.0,3688.49053974194,232.52268877199194,12.0,15.0,2761.0560156102297,11.0,72290.49237417508,293.16075233040846,27.0,32.0,5745.3779223572765,22.0,148491.51822589754,280.42828858689467,33.0,40.0,7883.80530397241,28.0,184904.32509861933,-0.03636363636363637,5.0,12.0,14.0
11,C3,SKU76,63.0,1.0,22.893308522373303,60.0,45.0,7330.504540422917,33.0,2637.59123784951,232.52268877199194,12.0,15.0,2408.515227882009,11.0,71000.47885464548,293.16075233040846,27.0,32.0,4641.153927856552,19.0,137443.772888904,280.42828858689467,33.0,40.0,5347.188208957184,22.0,172175.24673959962,-0.03636363636363637,8.0,9.0,12.0
11,C3,SKU27,56.0,1.0,339.9116696398479,60.0,45.0,7330.504540422917,33.0,1268.8374400402477,232.52268877199194,12.0,15.0,1850.686499348616,6.0,71000.47885464548,293.16075233040846,27.0,32.0,4532.766246076299,16.0,137443.772888904,280.42828858689467,33.0,40.0,4829.31304282509,18.0,172175.24673959962,-0.03636363636363637,5.0,12.0,14.0
11,C3,SKU5,7.0,3.0,280.8551187564388,60.0,45.0,7330.504540422917,33.0,4037.9799364658056,232.52268877199194,12.0,15.0,2752.7115105281678,9.0,72290.49237417508,293.16075233040846,27.0,32.0,7156.4594080845045,24.0,148491.51822589754,280.42828858689467,33.0,40.0,8513.080158022674,29.0,184904.32509861933,-0.03636363636363637,5.0,10.0,12.0
11,C3,SKU5,7.0,3.0,280.8551187564388,60.0,45.0,7330.504540422917,33.0,4037.9799364658056,232.52268877199194,12.0,15.0,2752.7115105281678,9.0,72290.49237417508,293.16075233040846,27.0,32.0,7156.4594080845045,24.0,148491.51822589754,280.42828858689467,33.0,40.0,8513.080158022674,29.0,184904.32509861933,-0.03636363636363637,5.0,10.0,12.0
11,C3,SKU5,7.0,3.0,280.8551187564388,60.0,45.0,7330.504540422917,33.0,4037.9799364658056,232.52268877199194,12.0,15.0,2752.7115105281678,9.0,72290.49237417508,293.16075233040846,27.0,32.0,7156.4594080845045,24.0,148491.51822589754,280.42828858689467,33.0,40.0,8513.080158022674,29.0,184904.32509861933,-0.03636363636363637,5.0,10.0,12.0
11,C3,SKU43,70.0,1.0,256.9954126053228,60.0,45.0,7330.504540422917,33.0,2029.372523564884,232.52268877199194,12.0,15.0,1168.0650395391517,5.0,72290.49237417508,293.16075233040846,27.0,32.0,3446.6599790396226,14.0,148491.51822589754,280.42828858689467,33.0,40.0,4562.116205894099,18.0,184904.32509861933,-0.03636363636363637,1.0,4.0,8.0
11,C3,SKU57,21.0,2.0,306.07320286883464,60.0,45.0,7330.504540422917,33.0,2115.78636749953,232.52268877199194,12.0,15.0,2481.3321993654963,12.0,71000.47885464548,293.16075233040846,27.0,32.0,5034.701407276938,22.0,137443.772888904,280.42828858689467,33.0,40.0,6199.929816035148,26.0,172175.24673959962,-0.03636363636363637,5.0,8.0,10.0
11,C3,SKU57,21.0,2.0,306.07320286883464,60.0,45.0,7330.504540422917,33.0,2115.78636749953,232.52268877199194,12.0,15.0,2481.3321993654963,12.0,71000.47885464548,293.16075233040846,27.0,32.0,5034.701407276938,22.0,137443.772888904,280.42828858689467,33.0,40.0,6199.929816035148,26.0,172175.24673959962,-0.03636363636363637,5.0,8.0,10.0
11,C3,SKU32,49.0,1.0,302.9963934387796,60.0,45.0,7330.504540422917,33.0,1986.3508003112574,232.52268877199194,12.0,15.0,2221.4941391896728,9.0,72290.49237417508,293.16075233040846,27.0,32.0,4070.9775382142357,15.0,148491.51822589754,280.42828858689467,33.0,40.0,5564.906756256995,23.0,184904.32509861933,-0.03636363636363637,4.0,7.0,11.0
11,C3,SKU85,42.0,1.0,306.81093423317424,60.0,45.0,7330.504540422917,33.0,2552.9427276113784,232.52268877199194,12.0,15.0,2098.0126112069374,8.0,64309.306756835016,293.16075233040846,27.0,32.0,3983.7048522072832,17.0,134425.20039296348,280.42828858689467,33.0,40.0,4745.749114396946,20.0,169326.71391872526,-0.03636363636363637,6.0,9.0,11.0
11,C3,SKU86,49.0,1.0,349.0979446749334,60.0,45.0,7330.504540422917,33.0,2296.2046487199973,232.52268877199194,12.0,15.0,1623.0877239540343,7.0,64309.306756835016,293.16075233040846,27.0,32.0,3044.2798000924367,13.0,134425.20039296348,280.42828858689467,33.0,40.0,4659.285780581268,21.0,169326.71391872526,-0.03636363636363637,3.0,7.0,10.0
11,C3,SKU37,,,,,,,,,,,,,,,,,,,,,,,,,,,,,,
11,C3,SKU75,7.0,1.0,55.540356712810535,60.0,45.0,7330.504540422917,33.0,917.0774363048039,232.52268877199194,12.0,15.0,1970.3063744189749,8.0,64309.306756835016,293.16075233040846,27.0,32.0,2791.700373441383,11.0,134425.20039296348,280.42828858689467,33.0,40.0,3740.740571377569,15.0,169326.71391872526,-0.03636363636363637,4.0,6.0,8.0
11,C4,SKU94,49.0,1.0,388.82014090313083,83.0,20.0,4596.506371665631,44.0,4230.592179117441,270.6890222701433,19.0,19.0,2483.5489317856486,9.0,71000.47885464548,268.977711190332,34.0,36.0,5875.653325400093,19.0,137443.772888904,270.358059859024,44.0,48.0,7988.092781982599,26.0,172175.24673959962,-0.03529411764705884,4.0,10.0,13.0
11,C4,SKU49,70.0,1.0,407.45397230530915,83.0,20.0,4596.506371665631,44.0,2723.4947579355885,270.6890222701433,19.0,19.0,1795.5619315160645,9.0,71000.47885464548,268.977711190332,34.0,36.0,3104.2376143523725,15.0,137443.772888904,270.358059859024,44.0,48.0,5392.065726760854,22.0,172175.24673959962,-0.03529411764705884,3.0,7.0,9.0
11,C4,SKU26,70.0,1.0,437.76931099662846,83.0,20.0,4596.506371665631,44.0,2870.077373106889,270.6890222701433,19.0,19.0,1878.8963415535886,9.0,64309.306756835016,268.977711190332,34.0,36.0,4362.126765130159,19.0,134425.20039296348,270.358059859024,44.0,48.0,5671.0460414333365,24.0,169326.71391872526,-0.03529411764705884,5.0,12.0,13.0
11,C4,SKU29,49.0,1.0,81.21048737169292,83.0,20.0,4596.506371665631,44.0,1790.6759603603157,270.6890222701433,19.0,19.0,1124.9593254292206,6.0,64309.306756835016,268.977711190332,34.0,36.0,2820.3394756077796,12.0,134425.20039296348,270.358059859024,44.0,48.0,3933.4782928520303,17.0,169326.71391872526,-0.03529411764705884,5.0,9.0,13.0
11,C4,SKU74,63.0,1.0,218.66171486133737,83.0,20.0,4596.506371665631,44.0,2224.72054041231,270.6890222701433,19.0,19.0,1386.155419707367,8.0,72290.49237417508,268.977711190332,34.0,36.0,2321.551476393496,11.0,148491.51822589754,270.358059859024,44.0,48.0,3024.234494034939,15.0,184904.32509861933,-0.03529411764705884,4.0,6.0,9.0
11,C4,SKU24,,,,,,,,,,,,,,,,,,,,,,,,,,,,,,
11,C4,SKU99,49.0,1.0,82.96849011976336,83.0,20.0,4596.506371665631,44.0,2995.2463578299585,270.6890222701433,19.0,19.0,2063.456357418281,10.0,72290.49237417508,268.977711190332,34.0,36.0,3861.6408359712746,19.0,148491.51822589754,270.358059859024,44.0,48.0,5112.221920080666,24.0,184904.32509861933,-0.03529411764705884,3.0,6.0,7.0
11,C4,SKU78,28.0,1.0,126.72477543635759,83.0,20.0,4596.506371665631,44.0,1506.4420005834681,270.6890222701433,19.0,19.0,1554.1710557580261,9.0,64309.306756835016,268.977711190332,34.0,36.0,4150.523764079384,19.0,134425.20039296348,270.358059859024,44.0,48.0,5149.05149684041,23.0,169326.71391872526,-0.03529411764705884,3.0,8.0,11.0
11,C4,SKU97,49.0,1.0,162.16243512162922,83.0,20.0,4596.506371665631,44.0,2763.7157447432432,270.6890222701433,19.0,19.0,1680.6880253238674,9.0,72290.49237417508,268.977711190332,34.0,36.0,3408.703085968549,18.0,148491.51822589754,270.358059859024,44.0,48.0,4105.349745126161,20.0,184904.32509861933,-0.03529411764705884,5.0,9.0,9.0
11,C4,SKU65,14.0,1.0,421.26121005532497,83.0,20.0,4596.506371665631,44.0,2742.637392291262,270.6890222701433,19.0,19.0,1926.4022658393026,7.0,64309.306756835016,268.977711190332,34.0,36.0,2847.126109998277,11.0,134425.20039296348,270.358059859024,44.0,48.0,4812.507686816041,16.0,169326.71391872526,-0.03529411764705884,4.0,7.0,11.0
11,C4,SKU31,14.0,1.0,196.15105264308357,83.0,20.0,4596.506371665631,44.0,2849.213604822314,270.6890222701433,19.0,19.0,2588.410931651886,10.0,72290.49237417508,268.977711190332,34.0,36.0,5665.229170095801,21.0,148491.51822589754,270.358059859024,44.0,48.0,5817.221087898065,22.0,184904.32509861933,-0.03529411764705884,3.0,5.0,5.0
11,C4,SKU63,,,,,,,,,,,,,,,,,,,,,,,,,,,,,,
11,C4,SKU93,,,,,,,,,,,,,,,,,,,,,,,,,,,,,,
11,C4,SKU90,28.0,1.0,351.66580750470854,83.0,20.0,4596.506371665631,44.0,3498.944990268814,270.6890222701433,19.0,19.0,4395.3248693451,13.0,71000.47885464548,268.977711190332,34.0,36.0,6125.165358255388,20.0,137443.772888904,270.358059859024,44.0,48.0,7179.063293597827,23.0,172175.24673959962,-0.03529411764705884,6.0,11.0,12.0
11,C4,SKU73,70.0,1.0,58.05161898594807,83.0,20.0,4596.506371665631,44.0,4571.7837877155935,270.6890222701433,19.0,19.0,2144.6610779968128,9.0,64309.306756835016,268.977711190332,34.0,36.0,4922.04230623544,18.0,134425.20039296348,270.358059859024,44.0,48.0,6172.422473412418,22.0,169326.71391872526,-0.03529411764705884,3.0,6.0,9.0
11,C4,SKU60,28.0,1.0,421.9375436858229,83.0,20.0,4596.506371665631,44.0,2656.9276830435,270.6890222701433,19.0,19.0,1791.5378940569078,6.0,71000.47885464548,268.977711190332,34.0,36.0,4922.461327065566,16.0,137443.772888904,270.358059859024,44.0,48.0,5049.12612134024,17.0,172175.24673959962,-0.03529411764705884,2.0,5.0,5.0
11,C4,SKU50,28.0,1.0,470.2699094088633,83.0,20.0,4596.506371665631,44.0,3552.1018740017853,270.6890222701433,19.0,19.0,2043.4660640573127,8.0,72290.49237417508,268.977711190332,34.0,36.0,3799.0039423972185,14.0,148491.51822589754,270.358059859024,44.0,48.0,4985.330160061602,19.0,184904.32509861933,-0.03529411764705884,2.0,4.0,6.0
11,C4,SKU44,28.0,1.0,403.3809963922811,83.0,20.0,4596.506371665631,44.0,2688.8294924350594,270.6890222701433,19.0,19.0,3375.707094179786,14.0,72290.49237417508,268.977711190332,34.0,36.0,3709.5889620045978,17.0,148491.51822589754,270.358059859024,44.0,48.0,3975.385161577007,18.0,184904.32509861933,-0.03529411764705884,7.0,9.0,10.0
11,C4,SKU62,,,,,,,,,,,,,,,,,,,,,,,,,,,,,,
11,C4,SKU34,,,,,,,,,,,,,,,,,,,,,,,,,,,,,,
11,C4,SKU91,14.0,1.0,239.43519146541325,83.0,20.0,4596.506371665631,44.0,3041.4309024381173,270.6890222701433,19.0,19.0,2984.7942397263446,12.0,71000.47885464548,268.977711190332,34.0,36.0,5467.293917927763,21.0,137443.772888904,270.358059859024,44.0,48.0,6199.939367149383,24.0,172175.24673959962,-0.03529411764705884,8.0,14.0,14.0
11,C4,SKU30,14.0,1.0,334.66022560764475,83.0,20.0,4596.506371665631,44.0,3683.0865948948563,270.6890222701433,19.0,19.0,3297.6177659457226,9.0,64309.306756835016,268.977711190332,34.0,36.0,5966.215162100634,19.0,134425.20039296348,270.358059859024,44.0,48.0,7394.873152362657,26.0,169326.71391872526,-0.03529411764705884,6.0,7.0,9.0
11,C4,SKU56,7.0,1.0,153.61382517763283,83.0,20.0,4596.506371665631,44.0,1562.4169746612702,270.6890222701433,19.0,19.0,1545.754829674268,6.0,64309.306756835016,268.977711190332,34.0,36.0,3270.798830899707,18.0,134425.20039296348,270.358059859024,44.0,48.0,3695.2568467426813,19.0,169326.71391872526,-0.03529411764705884,3.0,8.0,8.0
11,C4,SKU8,35.0,1.0,463.12340878055244,83.0,20.0,4596.506371665631,44.0,4899.0980248205815,270.6890222701433,19.0,19.0,1356.43606397429,5.0,72290.49237417508,268.977711190332,34.0,36.0,6079.582298352658,20.0,148491.51822589754,270.358059859024,44.0,48.0,6774.285148584067,23.0,184904.32509861933,-0.03529411764705884,1.0,8.0,10.0
11,C4,SKU4,14.0,1.0,264.86228190173256,83.0,20.0,4596.506371665631,44.0,2192.918644094279,270.6890222701433,19.0,19.0,2655.6484127428835,8.0,71000.47885464548,268.977711190332,34.0,36.0,4052.347400421194,16.0,137443.772888904,270.358059859024,44.0,48.0,5206.213575325947,19.0,172175.24673959962,-0.03529411764705884,5.0,8.0,10.0
11,C4,SKU96,63.0,1.0,340.0301988264422,83.0,20.0,4596.506371665631,44.0,2065.7904859342652,270.6890222701433,19.0,19.0,2285.8624136074177,9.0,72290.49237417508,268.977711190332,34.0,36.0,3447.902699573569,14.0,148491.51822589754,270.358059859024,44.0,48.0,5524.266048975098,20.0,184904.32509861933,-0.03529411764705884,6.0,11.0,13.0
11,C4,SKU52,7.0,1.0,54.920191017794146,83.0,20.0,4596.506371665631,44.0,2756.4448547017687,270.6890222701433,19.0,19.0,1741.9187812705975,9.0,72290.49237417508,268.977711190332,34.0,36.0,3427.098935903869,15.0,148491.51822589754,270.358059859024,44.0,48.0,3902.437562751791,16.0,184904.32509861933,-0.03529411764705884,4.0,7.0,8.0
11,C4,SKU88,70.0,1.0,324.34232148341215,83.0,20.0,4596.506371665631,44.0,2693.273422234526,270.6890222701433,19.0,19.0,1549.9771923844714,4.0,71000.47885464548,268.977711190332,34.0,36.0,3243.4660066444285,11.0,137443.772888904,270.358059859024,44.0,48.0,5244.437165998218,18.0,172175.24673959962,-0.03529411764705884,2.0,7.0,10.0
11,C4,SKU80,42.0,1.0,478.4317284614187,83.0,20.0,4596.506371665631,44.0,3243.635387305008,270.6890222701433,19.0,19.0,2146.07442467616,7.0,64309.306756835016,268.977711190332,34.0,36.0,4759.000777469969,17.0,134425.20039296348,270.358059859024,44.0,48.0,5848.340218353709,22.0,169326.71391872526,-0.03529411764705884,4.0,9.0,12.0
11,C4,SKU48,7.0,1.0,60.140840208346326,83.0,20.0,4596.506371665631,44.0,3187.3472628674654,270.6890222701433,19.0,19.0,2294.3657919101456,11.0,71000.47885464548,268.977711190332,34.0,36.0,4714.559295750083,17.0,137443.772888904,270.358059859024,44.0,48.0,5555.479837264602,20.0,172175.24673959962,-0.03529411764705884,5.0,8.0,9.0
11,C4,SKU33,,,,,,,,,,,,,,,,,,,,,,,,,,,,,,
11,C4,SKU87,,,,,,,,,,,,,,,,,,,,,,,,,,,,,,
11,C4,SKU14,56.0,1.0,229.8559731198594,83.0,20.0,4596.506371665631,44.0,4476.270802498114,270.6890222701433,19.0,19.0,1952.9631937687732,9.0,71000.47885464548,268.977711190332,34.0,36.0,5123.321333769345,20.0,137443.772888904,270.358059859024,44.0,48.0,6176.511444700864,26.0,172175.24673959962,-0.03529411764705884,2.0,7.0,8.0
11,C4,SKU82,56.0,1.0,299.0721074720891,83.0,20.0,4596.506371665631,44.0,1663.515855965547,270.6890222701433,19.0,19.0,1052.2117338770022,4.0,64309.306756835016,268.977711190332,34.0,36.0,2579.596678909137,11.0,134425.20039296348,270.358059859024,44.0,48.0,3253.6048083395153,15.0,169326.71391872526,-0.03529411764705884,1.0,5.0,6.0
11,C4,SKU23,49.0,2.0,264.2135091430736,83.0,20.0,4596.506371665631,44.0,3449.282907326329,270.6890222701433,19.0,19.0,2634.4380931227643,10.0,71000.47885464548,268.977711190332,34.0,36.0,4401.380339195599,16.0,137443.772888904,270.358059859024,44.0,48.0,5978.508943032263,23.0,172175.24673959962,-0.03529411764705884,5.0,8.0,13.0
11,C4,SKU23,49.0,2.0,264.2135091430736,83.0,20.0,4596.506371665631,44.0,3449.282907326329,270.6890222701433,19.0,19.0,2634.4380931227643,10.0,71000.47885464548,268.977711190332,34.0,36.0,4401.380339195599,16.0,137443.772888904,270.358059859024,44.0,48.0,5978.508943032263,23.0,172175.24673959962,-0.03529411764705884,5.0,8.0,13.0
11,C4,SKU6,63.0,1.0,211.7145306587512,83.0,20.0,4596.506371665631,44.0,2548.427845853984,270.6890222701433,19.0,19.0,1718.2138115896896,5.0,64309.306756835016,268.977711190332,34.0,36.0,3444.5401016023407,13.0,134425.20039296348,270.358059859024,44.0,48.0,3930.0555283698873,16.0,169326.71391872526,-0.03529411764705884,2.0,7.0,8.0
11,C4,SKU58,42.0,2.0,242.253349802343,83.0,20.0,4596.506371665631,44.0,2425.819504397674,270.6890222701433,19.0,19.0,1297.7898246030197,8.0,72290.49237417508,268.977711190332,34.0,36.0,3175.459193108213,16.0,148491.51822589754,270.358059859024,44.0,48.0,4854.18394342602,23.0,184904.32509861933,-0.03529411764705884,4.0,8.0,12.0
11,C4,SKU58,42.0,2.0,242.253349802343,83.0,20.0,4596.506371665631,44.0,2425.819504397674,270.6890222701433,19.0,19.0,1297.7898246030197,8.0,72290.49237417508,268.977711190332,34.0,36.0,3175.459193108213,16.0,148491.51822589754,270.358059859024,44.0,48.0,4854.18394342602,23.0,184904.32509861933,-0.03529411764705884,4.0,8.0,12.0
11,C4,SKU38,56.0,1.0,227.4375338651829,83.0,20.0,4596.506371665631,44.0,4195.31476423047,270.6890222701433,19.0,19.0,2761.0560156102297,11.0,72290.49237417508,268.977711190332,34.0,36.0,5745.3779223572765,22.0,148491.51822589754,270.358059859024,44.0,48.0,7883.80530397241,28.0,184904.32509861933,-0.03529411764705884,5.0,12.0,14.0
11,C4,SKU76,7.0,1.0,384.5663375079111,83.0,20.0,4596.506371665631,44.0,2709.5969711076746,270.6890222701433,19.0,19.0,2408.515227882009,11.0,71000.47885464548,268.977711190332,34.0,36.0,4641.153927856552,19.0,137443.772888904,270.358059859024,44.0,48.0,5347.188208957184,22.0,172175.24673959962,-0.03529411764705884,8.0,9.0,12.0
11,C4,SKU17,,,,,,,,,,,,,,,,,,,,,,,,,,,,,,
11,C4,SKU95,49.0,1.0,486.28835281197775,83.0,20.0,4596.506371665631,44.0,3563.493156039451,270.6890222701433,19.0,19.0,1881.0495206651105,8.0,64309.306756835016,268.977711190332,34.0,36.0,4188.04017562578,16.0,134425.20039296348,270.358059859024,44.0,48.0,4265.538178432196,17.0,169326.71391872526,-0.03529411764705884,2.0,5.0,5.0
11,C4,SKU10,70.0,1.0,229.0792714538143,83.0,20.0,4596.506371665631,44.0,3405.6547913551576,270.6890222701433,19.0,19.0,637.246305027026,4.0,71000.47885464548,268.977711190332,34.0,36.0,3710.9206991514775,14.0,137443.772888904,270.358059859024,44.0,48.0,4903.101289382736,19.0,172175.24673959962,-0.03529411764705884,3.0,6.0,9.0
11,C4,SKU27,42.0,1.0,361.4576229445719,83.0,20.0,4596.506371665631,44.0,3560.4756027848416,270.6890222701433,19.0,19.0,1850.686499348616,6.0,71000.47885464548,268.977711190332,34.0,36.0,4532.766246076299,16.0,137443.772888904,270.358059859024,44.0,48.0,4829.31304282509,18.0,172175.24673959962,-0.03529411764705884,5.0,12.0,14.0
11,C4,SKU5,28.0,1.0,171.35987166580824,83.0,20.0,4596.506371665631,44.0,4475.10022155687,270.6890222701433,19.0,19.0,2752.7115105281678,9.0,72290.49237417508,268.977711190332,34.0,36.0,7156.4594080845045,24.0,148491.51822589754,270.358059859024,44.0,48.0,8513.080158022674,29.0,184904.32509861933,-0.03529411764705884,5.0,10.0,12.0
11,C4,SKU13,63.0,1.0,225.59191084774181,83.0,20.0,4596.506371665631,44.0,3397.9711601189915,270.6890222701433,19.0,19.0,2639.5557162582354,9.0,72290.49237417508,268.977711190332,34.0,36.0,4043.166248554249,14.0,148491.51822589754,270.358059859024,44.0,48.0,6020.244724995739,19.0,184904.32509861933,-0.03529411764705884,1.0,3.0,6.0
11,C4,SKU71,14.0,1.0,315.3809294990637,83.0,20.0,4596.506371665631,44.0,2944.6693789402602,270.6890222701433,19.0,19.0,2404.39611588069,11.0,72290.49237417508,268.977711190332,34.0,36.0,4674.080739616792,20.0,148491.51822589754,270.358059859024,44.0,48.0,6040.737840554442,26.0,184904.32509861933,-0.03529411764705884,5.0,9.0,11.0
11,C4,SKU66,14.0,2.0,368.7267518167888,83.0,20.0,4596.506371665631,44.0,3491.83031890565,270.6890222701433,19.0,19.0,2782.60833972082,11.0,71000.47885464548,268.977711190332,34.0,36.0,4217.844243944581,18.0,137443.772888904,270.358059859024,44.0,48.0,4755.902905153972,20.0,172175.24673959962,-0.03529411764705884,8.0,13.0,14.0
11,C4,SKU66,14.0,2.0,368.7267518167888,83.0,20.0,4596.506371665631,44.0,3491.83031890565,270.6890222701433,19.0,19.0,2782.60833972082,11.0,71000.47885464548,268.977711190332,34.0,36.0,4217.844243944581,18.0,137443.772888904,270.358059859024,44.0,48.0,4755.902905153972,20.0,172175.24673959962,-0.03529411764705884,8.0,13.0,14.0
11,C4,SKU32,14.0,1.0,88.87828646828453,83.0,20.0,4596.506371665631,44.0,3578.5559559457374,270.6890222701433,19.0,19.0,2221.4941391896728,9.0,72290.49237417508,268.977711190332,34.0,36.0,4070.9775382142357,15.0,148491.51822589754,270.358059859024,44.0,48.0,5564.906756256995,23.0,184904.32509861933,-0.03529411764705884,4.0,7.0,11.0
11,C4,SKU1,14.0,1.0,214.95851775858915,83.0,20.0,4596.506371665631,44.0,1588.7206035080865,270.6890222701433,19.0,19.0,1896.417385529631,8.0,64309.306756835016,268.977711190332,34.0,36.0,2940.1441700632254,11.0,134425.20039296348,270.358059859024,44.0,48.0,3629.2039743522905,16.0,169326.71391872526,-0.03529411764705884,3.0,3.0,5.0
11,C4,SKU86,49.0,2.0,221.98186475463422,83.0,20.0,4596.506371665631,44.0,2363.081131861271,270.6890222701433,19.0,19.0,1623.0877239540343,7.0,64309.306756835016,268.977711190332,34.0,36.0,3044.2798000924367,13.0,134425.20039296348,270.358059859024,44.0,48.0,4659.285780581268,21.0,169326.71391872526,-0.03529411764705884,3.0,7.0,10.0
11,C4,SKU86,49.0,2.0,221.98186475463422,83.0,20.0,4596.506371665631,44.0,2363.081131861271,270.6890222701433,19.0,19.0,1623.0877239540343,7.0,64309.306756835016,268.977711190332,34.0,36.0,3044.2798000924367,13.0,134425.20039296348,270.358059859024,44.0,48.0,4659.285780581268,21.0,169326.71391872526,-0.03529411764705884,3.0,7.0,10.0
11,C5,SKU94,35.0,1.0,184.43315065442772,20.0,24.0,5639.011660927525,37.0,4230.592179117441,285.4519670295516,14.0,16.0,2483.5489317856486,9.0,71000.47885464548,273.4308346753539,30.0,37.0,5875.653325400093,19.0,137443.772888904,276.7765458251719,37.0,46.0,7988.092781982599,26.0,172175.24673959962,-0.08484848484848485,4.0,10.0,13.0
11,C5,SKU70,14.0,2.0,379.8937901090451,20.0,24.0,5639.011660927525,37.0,3811.12967781279,285.4519670295516,14.0,16.0,4480.1417984573545,14.0,72290.49237417508,273.4308346753539,30.0,37.0,6010.096024175712,20.0,148491.51822589754,276.7765458251719,37.0,46.0,6403.032172003971,21.0,184904.32509861933,-0.08484848484848485,6.0,10.0,10.0
11,C5,SKU70,14.0,2.0,379.8937901090451,20.0,24.0,5639.011660927525,37.0,3811.12967781279,285.4519670295516,14.0,16.0,4480.1417984573545,14.0,72290.49237417508,273.4308346753539,30.0,37.0,6010.096024175712,20.0,148491.51822589754,276.7765458251719,37.0,46.0,6403.032172003971,21.0,184904.32509861933,-0.08484848484848485,6.0,10.0,10.0
11,C5,SKU3,49.0,1.0,147.0212552695758,20.0,24.0,5639.011660927525,37.0,2194.525569236694,285.4519670295516,14.0,16.0,1098.6612416319165,4.0,71000.47885464548,273.4308346753539,30.0,37.0,2437.8505177723046,9.0,137443.772888904,276.7765458251719,37.0,46.0,2861.6502477050426,11.0,172175.24673959962,-0.08484848484848485,2.0,6.0,8.0
11,C5,SKU49,35.0,1.0,155.8208126861918,20.0,24.0,5639.011660927525,37.0,2723.4947579355885,285.4519670295516,14.0,16.0,1795.5619315160645,9.0,71000.47885464548,273.4308346753539,30.0,37.0,3104.2376143523725,15.0,137443.772888904,276.7765458251719,37.0,46.0,5392.065726760854,22.0,172175.24673959962,-0.08484848484848485,3.0,7.0,9.0
11,C5,SKU46,35.0,1.0,144.14880616505997,20.0,24.0,5639.011660927525,37.0,1716.661084172158,285.4519670295516,14.0,16.0,1113.88374513786,5.0,71000.47885464548,273.4308346753539,30.0,37.0,2359.140085796144,10.0,137443.772888904,276.7765458251719,37.0,46.0,4011.448091088257,17.0,172175.24673959962,-0.08484848484848485,4.0,8.0,13.0
11,C5,SKU37,42.0,1.0,217.5592617268318,20.0,24.0,5639.011660927525,37.0,4276.8829913506725,285.4519670295516,14.0,16.0,2506.0641619629373,9.0,71000.47885464548,273.4308346753539,30.0,37.0,6062.756483960785,24.0,137443.772888904,276.7765458251719,37.0,46.0,7868.481946817385,30.0,172175.24673959962,-0.08484848484848485,3.0,10.0,14.0
11,C5,SKU45,42.0,2.0,206.73707377183666,20.0,24.0,5639.011660927525,37.0,2536.158292709038,285.4519670295516,14.0,16.0,2225.67694976665,7.0,71000.47885464548,273.4308346753539,30.0,37.0,4352.962589053176,15.0,137443.772888904,276.7765458251719,37.0,46.0,5057.5910904026705,18.0,172175.24673959962,-0.08484848484848485,1.0,6.0,7.0
11,C5,SKU45,42.0,2.0,206.73707377183666,20.0,24.0,5639.011660927525,37.0,2536.158292709038,285.4519670295516,14.0,16.0,2225.67694976665,7.0,71000.47885464548,273.4308346753539,30.0,37.0,4352.962589053176,15.0,137443.772888904,276.7765458251719,37.0,46.0,5057.5910904026705,18.0,172175.24673959962,-0.08484848484848485,1.0,6.0,7.0
11,C5,SKU69,21.0,1.0,117.14591812544484,20.0,24.0,5639.011660927525,37.0,4309.405519571437,285.4519670295516,14.0,16.0,2035.2711131866931,7.0,64309.306756835016,273.4308346753539,30.0,37.0,4689.680921989357,15.0,134425.20039296348,276.7765458251719,37.0,46.0,6440.272283329844,22.0,169326.71391872526,-0.08484848484848485,4.0,11.0,15.0
11,C5,SKU29,14.0,1.0,39.739644086258174,20.0,24.0,5639.011660927525,37.0,1790.6759603603157,285.4519670295516,14.0,16.0,1124.9593254292206,6.0,64309.306756835016,273.4308346753539,30.0,37.0,2820.3394756077796,12.0,134425.20039296348,276.7765458251719,37.0,46.0,3933.4782928520303,17.0,169326.71391872526,-0.08484848484848485,5.0,9.0,13.0
11,C5,SKU24,21.0,1.0,137.368946199995,20.0,24.0,5639.011660927525,37.0,2029.4402977187783,285.4519670295516,14.0,16.0,286.69854835136766,3.0,72290.49237417508,273.4308346753539,30.0,37.0,4430.1278243402,16.0,148491.51822589754,276.7765458251719,37.0,46.0,5900.984207625734,21.0,184904.32509861933,-0.08484848484848485,3.0,9.0,10.0
11,C5,SKU99,14.0,2.0,393.87733547634843,20.0,24.0,5639.011660927525,37.0,2995.2463578299585,285.4519670295516,14.0,16.0,2063.456357418281,10.0,72290.49237417508,273.4308346753539,30.0,37.0,3861.6408359712746,19.0,148491.51822589754,276.7765458251719,37.0,46.0,5112.221920080666,24.0,184904.32509861933,-0.08484848484848485,3.0,6.0,7.0
11,C5,SKU99,14.0,2.0,393.87733547634843,20.0,24.0,5639.011660927525,37.0,2995.2463578299585,285.4519670295516,14.0,16.0,2063.456357418281,10.0,72290.49237417508,273.4308346753539,30.0,37.0,3861.6408359712746,19.0,148491.51822589754,276.7765458251719,37.0,46.0,5112.221920080666,24.0,184904.32509861933,-0.08484848484848485,3.0,6.0,7.0
11,C5,SKU78,35.0,2.0,222.9954418785745,20.0,24.0,5639.011660927525,37.0,1506.4420005834681,285.4519670295516,14.0,16.0,1554.1710557580261,9.0,64309.306756835016,273.4308346753539,30.0,37.0,4150.523764079384,19.0,134425.20039296348,276.7765458251719,37.0,46.0,5149.05149684041,23.0,169326.71391872526,-0.08484848484848485,3.0,8.0,11.0
11,C5,SKU78,35.0,2.0,222.9954418785745,20.0,24.0,5639.011660927525,37.0,1506.4420005834681,285.4519670295516,14.0,16.0,1554.1710557580261,9.0,64309.306756835016,273.4308346753539,30.0,37.0,4150.523764079384,19.0,134425.20039296348,276.7765458251719,37.0,46.0,5149.05149684041,23.0,169326.71391872526,-0.08484848484848485,3.0,8.0,11.0
11,C5,SKU63,56.0,1.0,415.8573680466336,20.0,24.0,5639.011660927525,37.0,5123.381693983563,285.4519670295516,14.0,16.0,3844.564732690659,10.0,72290.49237417508,273.4308346753539,30.0,37.0,6449.086660364468,19.0,148491.51822589754,276.7765458251719,37.0,46.0,8086.425774464821,25.0,184904.32509861933,-0.08484848484848485,7.0,11.0,12.0
11,C5,SKU12,21.0,1.0,439.1380068033735,20.0,24.0,5639.011660927525,37.0,2728.223247791675,285.4519670295516,14.0,16.0,2521.395030978758,9.0,64309.306756835016,273.4308346753539,30.0,37.0,3695.688159793338,13.0,134425.20039296348,276.7765458251719,37.0,46.0,4205.119040348188,15.0,169326.71391872526,-0.08484848484848485,6.0,8.0,10.0
11,C5,SKU93,,,,,,,,,,,,,,,,,,,,,,,,,,,,,,
11,C5,SKU90,7.0,1.0,424.53310061788125,20.0,24.0,5639.011660927525,37.0,3498.944990268814,285.4519670295516,14.0,16.0,4395.3248693451,13.0,71000.47885464548,273.4308346753539,30.0,37.0,6125.165358255388,20.0,137443.772888904,276.7765458251719,37.0,46.0,7179.063293597827,23.0,172175.24673959962,-0.08484848484848485,6.0,11.0,12.0
11,C5,SKU60,49.0,1.0,384.1601876923199,20.0,24.0,5639.011660927525,37.0,2656.9276830435,285.4519670295516,14.0,16.0,1791.5378940569078,6.0,71000.47885464548,273.4308346753539,30.0,37.0,4922.461327065566,16.0,137443.772888904,276.7765458251719,37.0,46.0,5049.12612134024,17.0,172175.24673959962,-0.08484848484848485,2.0,5.0,5.0
11,C5,SKU73,56.0,1.0,492.0443802396703,20.0,24.0,5639.011660927525,37.0,4571.7837877155935,285.4519670295516,14.0,16.0,2144.6610779968128,9.0,64309.306756835016,273.4308346753539,30.0,37.0,4922.04230623544,18.0,134425.20039296348,276.7765458251719,37.0,46.0,6172.422473412418,22.0,169326.71391872526,-0.08484848484848485,3.0,6.0,9.0
11,C5,SKU62,7.0,2.0,381.55417074147385,20.0,24.0,5639.011660927525,37.0,3581.745762989488,285.4519670295516,14.0,16.0,2300.964082607896,9.0,72290.49237417508,273.4308346753539,30.0,37.0,3409.285760329741,13.0,148491.51822589754,276.7765458251719,37.0,46.0,5094.40761574676,19.0,184904.32509861933,-0.08484848484848485,6.0,9.0,12.0
11,C5,SKU62,7.0,2.0,381.55417074147385,20.0,24.0,5639.011660927525,37.0,3581.745762989488,285.4519670295516,14.0,16.0,2300.964082607896,9.0,72290.49237417508,273.4308346753539,30.0,37.0,3409.285760329741,13.0,148491.51822589754,276.7765458251719,37.0,46.0,5094.40761574676,19.0,184904.32509861933,-0.08484848484848485,6.0,9.0,12.0
11,C5,SKU34,,,,,,,,,,,,,,,,,,,,,,,,,,,,,,
11,C5,SKU8,,,,,,,,,,,,,,,,,,,,,,,,,,,,,,
11,C5,SKU25,,,,,,,,,,,,,,,,,,,,,,,,,,,,,,
11,C5,SKU52,56.0,1.0,266.9746927894022,20.0,24.0,5639.011660927525,37.0,2756.4448547017687,285.4519670295516,14.0,16.0,1741.9187812705975,9.0,72290.49237417508,273.4308346753539,30.0,37.0,3427.098935903869,15.0,148491.51822589754,276.7765458251719,37.0,46.0,3902.437562751791,16.0,184904.32509861933,-0.08484848484848485,4.0,7.0,8.0
11,C5,SKU54,70.0,1.0,408.97435194553157,20.0,24.0,5639.011660927525,37.0,2239.1404558524237,285.4519670295516,14.0,16.0,1609.6467143000414,7.0,72290.49237417508,273.4308346753539,30.0,37.0,2606.8102918522354,11.0,148491.51822589754,276.7765458251719,37.0,46.0,3631.498343241021,15.0,184904.32509861933,-0.08484848484848485,2.0,3.0,5.0
11,C5,SKU33,56.0,1.0,71.00660522568793,20.0,24.0,5639.011660927525,37.0,3906.1144208564524,285.4519670295516,14.0,16.0,2642.2105627812716,8.0,72290.49237417508,273.4308346753539,30.0,37.0,5270.357451901102,17.0,148491.51822589754,276.7765458251719,37.0,46.0,6391.156494070515,20.0,184904.32509861933,-0.08484848484848485,4.0,10.0,12.0
11,C5,SKU80,28.0,2.0,373.35452200958457,20.0,24.0,5639.011660927525,37.0,3243.635387305008,285.4519670295516,14.0,16.0,2146.07442467616,7.0,64309.306756835016,273.4308346753539,30.0,37.0,4759.000777469969,17.0,134425.20039296348,276.7765458251719,37.0,46.0,5848.340218353709,22.0,169326.71391872526,-0.08484848484848485,4.0,9.0,12.0
11,C5,SKU80,28.0,2.0,373.35452200958457,20.0,24.0,5639.011660927525,37.0,3243.635387305008,285.4519670295516,14.0,16.0,2146.07442467616,7.0,64309.306756835016,273.4308346753539,30.0,37.0,4759.000777469969,17.0,134425.20039296348,276.7765458251719,37.0,46.0,5848.340218353709,22.0,169326.71391872526,-0.08484848484848485,4.0,9.0,12.0
11,C5,SKU48,42.0,1.0,495.4957559003218,20.0,24.0,5639.011660927525,37.0,3187.3472628674654,285.4519670295516,14.0,16.0,2294.3657919101456,11.0,71000.47885464548,273.4308346753539,30.0,37.0,4714.559295750083,17.0,137443.772888904,276.7765458251719,37.0,46.0,5555.479837264602,20.0,172175.24673959962,-0.08484848484848485,5.0,8.0,9.0
11,C5,SKU28,,,,,,,,,,,,,,,,,,,,,,,,,,,,,,
11,C5,SKU23,28.0,3.0,338.36740643380335,20.0,24.0,5639.011660927525,37.0,3449.282907326329,285.4519670295516,14.0,16.0,2634.4380931227643,10.0,71000.47885464548,273.4308346753539,30.0,37.0,4401.380339195599,16.0,137443.772888904,276.7765458251719,37.0,46.0,5978.508943032263,23.0,172175.24673959962,-0.08484848484848485,5.0,8.0,13.0
11,C5,SKU23,28.0,3.0,338.36740643380335,20.0,24.0,5639.011660927525,37.0,3449.282907326329,285.4519670295516,14.0,16.0,2634.4380931227643,10.0,71000.47885464548,273.4308346753539,30.0,37.0,4401.380339195599,16.0,137443.772888904,276.7765458251719,37.0,46.0,5978.508943032263,23.0,172175.24673959962,-0.08484848484848485,5.0,8.0,13.0
11,C5,SKU23,28.0,3.0,338.36740643380335,20.0,24.0,5639.011660927525,37.0,3449.282907326329,285.4519670295516,14.0,16.0,2634.4380931227643,10.0,71000.47885464548,273.4308346753539,30.0,37.0,4401.380339195599,16.0,137443.772888904,276.7765458251719,37.0,46.0,5978.508943032263,23.0,172175.24673959962,-0.08484848484848485,5.0,8.0,13.0
11,C5,SKU38,56.0,1.0,95.64942872056626,20.0,24.0,5639.011660927525,37.0,4195.31476423047,285.4519670295516,14.0,16.0,2761.0560156102297,11.0,72290.49237417508,273.4308346753539,30.0,37.0,5745.3779223572765,22.0,148491.51822589754,276.7765458251719,37.0,46.0,7883.80530397241,28.0,184904.32509861933,-0.08484848484848485,5.0,12.0,14.0
11,C5,SKU17,,,,,,,,,,,,,,,,,,,,,,,,,,,,,,
11,C5,SKU10,63.0,1.0,449.00555775549435,20.0,24.0,5639.011660927525,37.0,3405.6547913551576,285.4519670295516,14.0,16.0,637.246305027026,4.0,71000.47885464548,273.4308346753539,30.0,37.0,3710.9206991514775,14.0,137443.772888904,276.7765458251719,37.0,46.0,4903.101289382736,19.0,172175.24673959962,-0.08484848484848485,3.0,6.0,9.0
11,C5,SKU13,63.0,1.0,468.85029401210824,20.0,24.0,5639.011660927525,37.0,3397.9711601189915,285.4519670295516,14.0,16.0,2639.5557162582354,9.0,72290.49237417508,273.4308346753539,30.0,37.0,4043.166248554249,14.0,148491.51822589754,276.7765458251719,37.0,46.0,6020.244724995739,19.0,184904.32509861933,-0.08484848484848485,1.0,3.0,6.0
11,C5,SKU43,70.0,1.0,66.92164146664834,20.0,24.0,5639.011660927525,37.0,2532.743682329215,285.4519670295516,14.0,16.0,1168.0650395391517,5.0,72290.49237417508,273.4308346753539,30.0,37.0,3446.6599790396226,14.0,148491.51822589754,276.7765458251719,37.0,46.0,4562.116205894099,18.0,184904.32509861933,-0.08484848484848485,1.0,4.0,8.0
11,C5,SKU57,21.0,1.0,202.44031405909556,20.0,24.0,5639.011660927525,37.0,4084.1434485356185,285.4519670295516,14.0,16.0,2481.3321993654963,12.0,71000.47885464548,273.4308346753539,30.0,37.0,5034.701407276938,22.0,137443.772888904,276.7765458251719,37.0,46.0,6199.929816035148,26.0,172175.24673959962,-0.08484848484848485,5.0,8.0,10.0
11,C5,SKU22,,,,,,,,,,,,,,,,,,,,,,,,,,,,,,
11,C5,SKU66,14.0,1.0,226.54796936456478,20.0,24.0,5639.011660927525,37.0,3491.83031890565,285.4519670295516,14.0,16.0,2782.60833972082,11.0,71000.47885464548,273.4308346753539,30.0,37.0,4217.844243944581,18.0,137443.772888904,276.7765458251719,37.0,46.0,4755.902905153972,20.0,172175.24673959962,-0.08484848484848485,8.0,13.0,14.0
11,C5,SKU89,7.0,2.0,282.2824252511491,20.0,24.0,5639.011660927525,37.0,2088.225747124807,285.4519670295516,14.0,16.0,2711.515344539416,8.0,72290.49237417508,273.4308346753539,30.0,37.0,4952.93249102111,17.0,148491.51822589754,276.7765458251719,37.0,46.0,5669.163547128538,19.0,184904.32509861933,-0.08484848484848485,2.0,6.0,6.0
11,C5,SKU89,7.0,2.0,282.2824252511491,20.0,24.0,5639.011660927525,37.0,2088.225747124807,285.4519670295516,14.0,16.0,2711.515344539416,8.0,72290.49237417508,273.4308346753539,30.0,37.0,4952.93249102111,17.0,148491.51822589754,276.7765458251719,37.0,46.0,5669.163547128538,19.0,184904.32509861933,-0.08484848484848485,2.0,6.0,6.0
11,C5,SKU32,,,,,,,,,,,,,,,,,,,,,,,,,,,,,,
11,C5,SKU85,42.0,1.0,48.250206538023605,20.0,24.0,5639.011660927525,37.0,2192.8063867855676,285.4519670295516,14.0,16.0,2098.0126112069374,8.0,64309.306756835016,273.4308346753539,30.0,37.0,3983.7048522072832,17.0,134425.20039296348,276.7765458251719,37.0,46.0,4745.749114396946,20.0,169326.71391872526,-0.08484848484848485,6.0,9.0,11.0
11,C5,SKU79,35.0,1.0,383.433783970967,20.0,24.0,5639.011660927525,37.0,4278.459514953102,285.4519670295516,14.0,16.0,3067.2727070094,9.0,64309.306756835016,273.4308346753539,30.0,37.0,5685.419533093278,19.0,134425.20039296348,276.7765458251719,37.0,46.0,6392.592072969643,23.0,169326.71391872526,-0.08484848484848485,4.0,8.0,10.0
11,C5,SKU86,63.0,1.0,46.170697887277385,20.0,24.0,5639.011660927525,37.0,2363.081131861271,285.4519670295516,14.0,16.0,1623.0877239540343,7.0,64309.306756835016,273.4308346753539,30.0,37.0,3044.2798000924367,13.0,134425.20039296348,276.7765458251719,37.0,46.0,4659.285780581268,21.0,169326.71391872526,-0.08484848484848485,3.0,7.0,10.0
11,C5,SKU44,28.0,1.0,47.000293786044324,20.0,24.0,5639.011660927525,37.0,2688.8294924350594,285.4519670295516,14.0,16.0,3375.707094179786,14.0,72290.49237417508,273.4308346753539,30.0,37.0,3709.5889620045978,17.0,148491.51822589754,276.7765458251719,37.0,46.0,3975.385161577007,18.0,184904.32509861933,-0.08484848484848485,7.0,9.0,10.0
11,C5,SKU11,70.0,1.0,395.59948951449695,20.0,24.0,5639.011660927525,37.0,1571.5428566097337,285.4519670295516,14.0,16.0,1306.338850366108,8.0,71000.47885464548,273.4308346753539,30.0,37.0,2550.8480591644948,13.0,137443.772888904,276.7765458251719,37.0,46.0,4121.535060767028,18.0,172175.24673959962,-0.08484848484848485,4.0,8.0,11.0
11,C5,SKU75,70.0,1.0,263.9374489305807,20.0,24.0,5639.011660927525,37.0,2823.663135072765,285.4519670295516,14.0,16.0,1970.3063744189749,8.0,64309.306756835016,273.4308346753539,30.0,37.0,2791.700373441383,11.0,134425.20039296348,276.7765458251719,37.0,46.0,3740.740571377569,15.0,169326.71391872526,-0.08484848484848485,4.0,6.0,8.0
11,C6,SKU7,21.0,1.0,398.8290719905771,89.0,29.0,6690.4288423860435,43.0,1674.9468493926297,267.8537100840364,15.0,15.0,1449.7856745482197,5.0,71000.47885464548,255.41240095519188,35.0,38.0,1868.9218877079497,9.0,137443.772888904,251.47372752559826,43.0,49.0,2898.6749084577245,12.0,172175.24673959962,-0.4909090909090909,2.0,4.0,5.0
11,C6,SKU94,28.0,1.0,213.19795480189612,89.0,29.0,6690.4288423860435,43.0,3757.5006028651565,267.8537100840364,15.0,15.0,2483.5489317856486,9.0,71000.47885464548,255.41240095519188,35.0,38.0,5875.653325400093,19.0,137443.772888904,251.47372752559826,43.0,49.0,7988.092781982599,26.0,172175.24673959962,-0.4909090909090909,4.0,10.0,13.0
11,C6,SKU70,56.0,1.0,319.7207969444052,89.0,29.0,6690.4288423860435,43.0,2591.9024941911803,267.8537100840364,15.0,15.0,4480.1417984573545,14.0,72290.49237417508,255.41240095519188,35.0,38.0,6010.096024175712,20.0,148491.51822589754,251.47372752559826,43.0,49.0,6403.032172003971,21.0,184904.32509861933,-0.4909090909090909,6.0,10.0,10.0
11,C6,SKU36,56.0,1.0,220.33557769365532,89.0,29.0,6690.4288423860435,43.0,1128.3386916367908,267.8537100840364,15.0,15.0,2098.4499335866844,9.0,71000.47885464548,255.41240095519188,35.0,38.0,4085.6246541863675,16.0,137443.772888904,251.47372752559826,43.0,49.0,5006.714238376788,21.0,172175.24673959962,-0.4909090909090909,5.0,10.0,12.0
11,C6,SKU49,56.0,1.0,158.10859805183293,89.0,29.0,6690.4288423860435,43.0,2668.5709688252655,267.8537100840364,15.0,15.0,1795.5619315160645,9.0,71000.47885464548,255.41240095519188,35.0,38.0,3104.2376143523725,15.0,137443.772888904,251.47372752559826,43.0,49.0,5392.065726760854,22.0,172175.24673959962,-0.4909090909090909,3.0,7.0,9.0
11,C6,SKU26,56.0,1.0,413.7283897260217,89.0,29.0,6690.4288423860435,43.0,2800.9686683264476,267.8537100840364,15.0,15.0,1878.8963415535886,9.0,64309.306756835016,255.41240095519188,35.0,38.0,4362.126765130159,19.0,134425.20039296348,251.47372752559826,43.0,49.0,5671.0460414333365,24.0,169326.71391872526,-0.4909090909090909,5.0,12.0,13.0
11,C6,SKU11,21.0,1.0,16.777380002075844,89.0,29.0,6690.4288423860435,43.0,2549.992204157295,267.8537100840364,15.0,15.0,1306.338850366108,8.0,71000.47885464548,255.41240095519188,35.0,38.0,2550.8480591644948,13.0,137443.772888904,251.47372752559826,43.0,49.0,4121.535060767028,18.0,172175.24673959962,-0.4909090909090909,4.0,8.0,11.0
11,C6,SKU45,49.0,1.0,388.5275911335723,89.0,29.0,6690.4288423860435,43.0,2521.432797693632,267.8537100840364,15.0,15.0,2225.67694976665,7.0,71000.47885464548,255.41240095519188,35.0,38.0,4352.962589053176,15.0,137443.772888904,251.47372752559826,43.0,49.0,5057.5910904026705,18.0,172175.24673959962,-0.4909090909090909,1.0,6.0,7.0
11,C6,SKU29,21.0,1.0,260.10834654941266,89.0,29.0,6690.4288423860435,43.0,2142.8023324917144,267.8537100840364,15.0,15.0,1124.9593254292206,6.0,64309.306756835016,255.41240095519188,35.0,38.0,2820.3394756077796,12.0,134425.20039296348,251.47372752559826,43.0,49.0,3933.4782928520303,17.0,169326.71391872526,-0.4909090909090909,5.0,9.0,13.0
11,C6,SKU74,70.0,1.0,19.928685820998023,89.0,29.0,6690.4288423860435,43.0,799.5139536226286,267.8537100840364,15.0,15.0,1386.155419707367,8.0,72290.49237417508,255.41240095519188,35.0,38.0,2321.551476393496,11.0,148491.51822589754,251.47372752559826,43.0,49.0,3024.234494034939,15.0,184904.32509861933,-0.4909090909090909,4.0,6.0,9.0
11,C6,SKU19,28.0,1.0,263.639472992233,89.0,29.0,6690.4288423860435,43.0,1228.708682636908,267.8537100840364,15.0,15.0,2459.6185464635482,8.0,64309.306756835016,255.41240095519188,35.0,38.0,4521.7287856660405,15.0,134425.20039296348,251.47372752559826,43.0,49.0,5248.878137480506,18.0,169326.71391872526,-0.4909090909090909,4.0,5.0,7.0
11,C6,SKU24,42.0,1.0,475.588575741462,89.0,29.0,6690.4288423860435,43.0,3871.543909906956,267.8537100840364,15.0,15.0,286.69854835136766,3.0,72290.49237417508,255.41240095519188,35.0,38.0,4430.1278243402,16.0,148491.51822589754,251.47372752559826,43.0,49.0,5900.984207625734,21.0,184904.32509861933,-0.4909090909090909,3.0,9.0,10.0
11,C6,SKU99,28.0,2.0,56.013203530375655,89.0,29.0,6690.4288423860435,43.0,2116.9755622507078,267.8537100840364,15.0,15.0,2063.456357418281,10.0,72290.49237417508,255.41240095519188,35.0,38.0,3861.6408359712746,19.0,148491.51822589754,251.47372752559826,43.0,49.0,5112.221920080666,24.0,184904.32509861933,-0.4909090909090909,3.0,6.0,7.0
11,C6,SKU99,28.0,2.0,56.013203530375655,89.0,29.0,6690.4288423860435,43.0,2116.9755622507078,267.8537100840364,15.0,15.0,2063.456357418281,10.0,72290.49237417508,255.41240095519188,35.0,38.0,3861.6408359712746,19.0,148491.51822589754,251.47372752559826,43.0,49.0,5112.221920080666,24.0,184904.32509861933,-0.4909090909090909,3.0,6.0,7.0
11,C6,SKU93,28.0,1.0,498.7552101675608,89.0,29.0,6690.4288423860435,43.0,2464.471171704367,267.8537100840364,15.0,15.0,3771.2980526762162,14.0,64309.306756835016,255.41240095519188,35.0,38.0,5963.945464659581,23.0,134425.20039296348,251.47372752559826,43.0,49.0,7243.474701731236,28.0,169326.71391872526,-0.4909090909090909,6.0,13.0,14.0
11,C6,SKU63,7.0,1.0,453.05485295446516,89.0,29.0,6690.4288423860435,43.0,2963.0440804812574,267.8537100840364,15.0,15.0,3844.564732690659,10.0,72290.49237417508,255.41240095519188,35.0,38.0,6449.086660364468,19.0,148491.51822589754,251.47372752559826,43.0,49.0,8086.425774464821,25.0,184904.32509861933,-0.4909090909090909,7.0,11.0,12.0
11,C6,SKU65,35.0,1.0,385.7252692325483,89.0,29.0,6690.4288423860435,43.0,2069.870294524778,267.8537100840364,15.0,15.0,1926.4022658393026,7.0,64309.306756835016,255.41240095519188,35.0,38.0,2847.126109998277,11.0,134425.20039296348,251.47372752559826,43.0,49.0,4812.507686816041,16.0,169326.71391872526,-0.4909090909090909,4.0,7.0,11.0
11,C6,SKU12,28.0,1.0,260.52152745755484,89.0,29.0,6690.4288423860435,43.0,1476.895792556513,267.8537100840364,15.0,15.0,2521.395030978758,9.0,64309.306756835016,255.41240095519188,35.0,38.0,3695.688159793338,13.0,134425.20039296348,251.47372752559826,43.0,49.0,4205.119040348188,15.0,169326.71391872526,-0.4909090909090909,6.0,8.0,10.0
11,C6,SKU73,28.0,1.0,436.81366576385614,89.0,29.0,6690.4288423860435,43.0,1600.6386856968245,267.8537100840364,15.0,15.0,2144.6610779968128,9.0,64309.306756835016,255.41240095519188,35.0,38.0,4922.04230623544,18.0,134425.20039296348,251.47372752559826,43.0,49.0,6172.422473412418,22.0,169326.71391872526,-0.4909090909090909,3.0,6.0,9.0
11,C6,SKU53,70.0,1.0,21.333937229136808,89.0,29.0,6690.4288423860435,43.0,3977.09002432701,267.8537100840364,15.0,15.0,2994.1997658245277,11.0,64309.306756835016,255.41240095519188,35.0,38.0,6146.443756492574,20.0,134425.20039296348,251.47372752559826,43.0,49.0,7552.643426786867,26.0,169326.71391872526,-0.4909090909090909,4.0,10.0,14.0
11,C6,SKU15,70.0,1.0,95.46844287461698,89.0,29.0,6690.4288423860435,43.0,933.7710256421153,267.8537100840364,15.0,15.0,2494.919570641518,9.0,71000.47885464548,255.41240095519188,35.0,38.0,3418.6513460945753,13.0,137443.772888904,251.47372752559826,43.0,49.0,3907.7532733767002,15.0,172175.24673959962,-0.4909090909090909,1.0,2.0,3.0
11,C6,SKU91,14.0,1.0,483.56589122977687,89.0,29.0,6690.4288423860435,43.0,3158.508464711266,267.8537100840364,15.0,15.0,2984.7942397263446,12.0,71000.47885464548,255.41240095519188,35.0,38.0,5467.293917927763,21.0,137443.772888904,251.47372752559826,43.0,49.0,6199.939367149383,24.0,172175.24673959962,-0.4909090909090909,8.0,14.0,14.0
11,C6,SKU30,63.0,1.0,117.34684332130563,89.0,29.0,6690.4288423860435,43.0,3711.786557467801,267.8537100840364,15.0,15.0,3297.6177659457226,9.0,64309.306756835016,255.41240095519188,35.0,38.0,5966.215162100634,19.0,134425.20039296348,251.47372752559826,43.0,49.0,7394.873152362657,26.0,169326.71391872526,-0.4909090909090909,6.0,7.0,9.0
11,C6,SKU98,70.0,1.0,345.63572699874715,89.0,29.0,6690.4288423860435,43.0,2127.256591660423,267.8537100840364,15.0,15.0,2373.2708616765435,11.0,71000.47885464548,255.41240095519188,35.0,38.0,3380.219179246736,14.0,137443.772888904,251.47372752559826,43.0,49.0,4767.829085732679,19.0,172175.24673959962,-0.4909090909090909,6.0,8.0,12.0
11,C6,SKU68,,,,,,,,,,,,,,,,,,,,,,,,,,,,,,
11,C6,SKU47,42.0,1.0,350.8452117638627,89.0,29.0,6690.4288423860435,43.0,1607.96020446487,267.8537100840364,15.0,15.0,1504.2583208823662,6.0,64309.306756835016,255.41240095519188,35.0,38.0,4078.5232405462552,15.0,134425.20039296348,251.47372752559826,43.0,49.0,4851.310939419624,19.0,169326.71391872526,-0.4909090909090909,3.0,6.0,7.0
11,C6,SKU8,49.0,1.0,240.36112248170875,89.0,29.0,6690.4288423860435,43.0,1875.1871237634857,267.8537100840364,15.0,15.0,1356.43606397429,5.0,72290.49237417508,255.41240095519188,35.0,38.0,6079.582298352658,20.0,148491.51822589754,251.47372752559826,43.0,49.0,6774.285148584067,23.0,184904.32509861933,-0.4909090909090909,1.0,8.0,10.0
11,C6,SKU41,42.0,1.0,225.7919320684927,89.0,29.0,6690.4288423860435,43.0,3260.748069865472,267.8537100840364,15.0,15.0,1227.9060523246405,4.0,71000.47885464548,255.41240095519188,35.0,38.0,3724.455823011518,12.0,137443.772888904,251.47372752559826,43.0,49.0,4799.390159470608,15.0,172175.24673959962,-0.4909090909090909,0.0,7.0,7.0
11,C6,SKU4,21.0,1.0,402.9745687894575,89.0,29.0,6690.4288423860435,43.0,3013.2949312316678,267.8537100840364,15.0,15.0,2655.6484127428835,8.0,71000.47885464548,255.41240095519188,35.0,38.0,4052.347400421194,16.0,137443.772888904,251.47372752559826,43.0,49.0,5206.213575325947,19.0,172175.24673959962,-0.4909090909090909,5.0,8.0,10.0
11,C6,SKU96,63.0,1.0,457.1512777417071,89.0,29.0,6690.4288423860435,43.0,3458.4755630408335,267.8537100840364,15.0,15.0,2285.8624136074177,9.0,72290.49237417508,255.41240095519188,35.0,38.0,3447.902699573569,14.0,148491.51822589754,251.47372752559826,43.0,49.0,5524.266048975098,20.0,184904.32509861933,-0.4909090909090909,6.0,11.0,13.0
11,C6,SKU52,14.0,1.0,46.916987101518515,89.0,29.0,6690.4288423860435,43.0,1145.992708050022,267.8537100840364,15.0,15.0,1741.9187812705975,9.0,72290.49237417508,255.41240095519188,35.0,38.0,3427.098935903869,15.0,148491.51822589754,251.47372752559826,43.0,49.0,3902.437562751791,16.0,184904.32509861933,-0.4909090909090909,4.0,7.0,8.0
11,C6,SKU33,35.0,2.0,250.1293865993743,89.0,29.0,6690.4288423860435,43.0,2485.0420732140624,267.8537100840364,15.0,15.0,2642.2105627812716,8.0,72290.49237417508,255.41240095519188,35.0,38.0,5270.357451901102,17.0,148491.51822589754,251.47372752559826,43.0,49.0,6391.156494070515,20.0,184904.32509861933,-0.4909090909090909,4.0,10.0,12.0
11,C6,SKU33,35.0,2.0,250.1293865993743,89.0,29.0,6690.4288423860435,43.0,2485.0420732140624,267.8537100840364,15.0,15.0,2642.2105627812716,8.0,72290.49237417508,255.41240095519188,35.0,38.0,5270.357451901102,17.0,148491.51822589754,251.47372752559826,43.0,49.0,6391.156494070515,20.0,184904.32509861933,-0.4909090909090909,4.0,10.0,12.0
11,C6,SKU100,42.0,1.0,111.46103002238542,89.0,29.0,6690.4288423860435,43.0,2481.3830967136573,267.8537100840364,15.0,15.0,2673.953826709808,9.0,72290.49237417508,255.41240095519188,35.0,38.0,4985.751239140065,20.0,148491.51822589754,251.47372752559826,43.0,49.0,6311.3762452218325,24.0,184904.32509861933,-0.4909090909090909,6.0,12.0,13.0
11,C6,SKU38,42.0,2.0,269.8400049235818,89.0,29.0,6690.4288423860435,43.0,3688.49053974194,267.8537100840364,15.0,15.0,2761.0560156102297,11.0,72290.49237417508,255.41240095519188,35.0,38.0,5745.3779223572765,22.0,148491.51822589754,251.47372752559826,43.0,49.0,7883.80530397241,28.0,184904.32509861933,-0.4909090909090909,5.0,12.0,14.0
11,C6,SKU38,42.0,2.0,269.8400049235818,89.0,29.0,6690.4288423860435,43.0,3688.49053974194,267.8537100840364,15.0,15.0,2761.0560156102297,11.0,72290.49237417508,255.41240095519188,35.0,38.0,5745.3779223572765,22.0,148491.51822589754,251.47372752559826,43.0,49.0,7883.80530397241,28.0,184904.32509861933,-0.4909090909090909,5.0,12.0,14.0
11,C6,SKU76,70.0,1.0,230.9547174337534,89.0,29.0,6690.4288423860435,43.0,2637.59123784951,267.8537100840364,15.0,15.0,2408.515227882009,11.0,71000.47885464548,255.41240095519188,35.0,38.0,4641.153927856552,19.0,137443.772888904,251.47372752559826,43.0,49.0,5347.188208957184,22.0,172175.24673959962,-0.4909090909090909,8.0,9.0,12.0
11,C6,SKU17,42.0,1.0,302.98205655212763,89.0,29.0,6690.4288423860435,43.0,2642.1055688046877,267.8537100840364,15.0,15.0,1099.92123122253,4.0,72290.49237417508,255.41240095519188,35.0,38.0,6046.566669899512,20.0,148491.51822589754,251.47372752559826,43.0,49.0,7723.295835124876,24.0,184904.32509861933,-0.4909090909090909,2.0,12.0,14.0
11,C6,SKU55,56.0,1.0,111.55847015878025,89.0,29.0,6690.4288423860435,43.0,1785.074221313132,267.8537100840364,15.0,15.0,1998.897600122124,7.0,64309.306756835016,255.41240095519188,35.0,38.0,3587.397886299588,12.0,134425.20039296348,251.47372752559826,43.0,49.0,4503.739931530498,16.0,169326.71391872526,-0.4909090909090909,2.0,6.0,8.0
11,C6,SKU5,,,,,,,,,,,,,,,,,,,,,,,,,,,,,,
11,C6,SKU13,49.0,2.0,363.64681666996745,89.0,29.0,6690.4288423860435,43.0,2622.2735648767484,267.8537100840364,15.0,15.0,2639.5557162582354,9.0,72290.49237417508,255.41240095519188,35.0,38.0,4043.166248554249,14.0,148491.51822589754,251.47372752559826,43.0,49.0,6020.244724995739,19.0,184904.32509861933,-0.4909090909090909,1.0,3.0,6.0
11,C6,SKU13,49.0,2.0,363.64681666996745,89.0,29.0,6690.4288423860435,43.0,2622.2735648767484,267.8537100840364,15.0,15.0,2639.5557162582354,9.0,72290.49237417508,255.41240095519188,35.0,38.0,4043.166248554249,14.0,148491.51822589754,251.47372752559826,43.0,49.0,6020.244724995739,19.0,184904.32509861933,-0.4909090909090909,1.0,3.0,6.0
11,C6,SKU71,56.0,2.0,208.21872836115585,89.0,29.0,6690.4288423860435,43.0,3096.068461614182,267.8537100840364,15.0,15.0,2404.39611588069,11.0,72290.49237417508,255.41240095519188,35.0,38.0,4674.080739616792,20.0,148491.51822589754,251.47372752559826,43.0,49.0,6040.737840554442,26.0,184904.32509861933,-0.4909090909090909,5.0,9.0,11.0
11,C6,SKU71,56.0,2.0,208.21872836115585,89.0,29.0,6690.4288423860435,43.0,3096.068461614182,267.8537100840364,15.0,15.0,2404.39611588069,11.0,72290.49237417508,255.41240095519188,35.0,38.0,4674.080739616792,20.0,148491.51822589754,251.47372752559826,43.0,49.0,6040.737840554442,26.0,184904.32509861933,-0.4909090909090909,5.0,9.0,11.0
11,C6,SKU40,28.0,1.0,38.875007933532224,89.0,29.0,6690.4288423860435,43.0,2107.523665214607,267.8537100840364,15.0,15.0,1316.753953201328,10.0,64309.306756835016,255.41240095519188,35.0,38.0,2963.78974554345,17.0,134425.20039296348,251.47372752559826,43.0,49.0,3647.9288448918765,19.0,169326.71391872526,-0.4909090909090909,4.0,4.0,4.0
11,C6,SKU79,14.0,2.0,165.5002959164431,89.0,29.0,6690.4288423860435,43.0,2114.1325580165408,267.8537100840364,15.0,15.0,3067.2727070094,9.0,64309.306756835016,255.41240095519188,35.0,38.0,5685.419533093278,19.0,134425.20039296348,251.47372752559826,43.0,49.0,6392.592072969643,23.0,169326.71391872526,-0.4909090909090909,4.0,8.0,10.0
11,C6,SKU79,14.0,2.0,165.5002959164431,89.0,29.0,6690.4288423860435,43.0,2114.1325580165408,267.8537100840364,15.0,15.0,3067.2727070094,9.0,64309.306756835016,255.41240095519188,35.0,38.0,5685.419533093278,19.0,134425.20039296348,251.47372752559826,43.0,49.0,6392.592072969643,23.0,169326.71391872526,-0.4909090909090909,4.0,8.0,10.0
11,C6,SKU61,42.0,1.0,105.91991807412091,89.0,29.0,6690.4288423860435,43.0,2099.688100255211,267.8537100840364,15.0,15.0,1023.1745756884936,5.0,64309.306756835016,255.41240095519188,35.0,38.0,2996.4024557418907,13.0,134425.20039296348,251.47372752559826,43.0,49.0,4420.266454509291,18.0,169326.71391872526,-0.4909090909090909,0.0,3.0,6.0
11,C6,SKU37,63.0,1.0,386.32518099497486,89.0,29.0,6690.4288423860435,43.0,3591.5989554667126,267.8537100840364,15.0,15.0,2506.0641619629373,9.0,71000.47885464548,255.41240095519188,35.0,38.0,6062.756483960785,24.0,137443.772888904,251.47372752559826,43.0,49.0,7868.481946817385,30.0,172175.24673959962,-0.4909090909090909,3.0,10.0,14.0
11,C6,SKU75,56.0,1.0,313.54492209303487,89.0,29.0,6690.4288423860435,43.0,917.0774363048039,267.8537100840364,15.0,15.0,1970.3063744189749,8.0,64309.306756835016,255.41240095519188,35.0,38.0,2791.700373441383,11.0,134425.20039296348,251.47372752559826,43.0,49.0,3740.740571377569,15.0,169326.71391872526,-0.4909090909090909,4.0,6.0,8.0
11,C6,SKU9,49.0,1.0,123.1415648653515,89.0,29.0,6690.4288423860435,43.0,2578.9032756017787,267.8537100840364,15.0,15.0,656.8016608132668,3.0,72290.49237417508,255.41240095519188,35.0,38.0,3547.4614779361054,16.0,148491.51822589754,251.47372752559826,43.0,49.0,4567.6472624663165,20.0,184904.32509861933,-0.4909090909090909,0.0,5.0,5.0
11,C7,SKU70,35.0,1.0,474.34924752977,26.0,47.0,8827.473000939723,34.0,3811.12967781279,245.91876204318655,14.0,14.0,4480.1417984573545,14.0,72290.49237417508,264.4711913752914,24.0,28.0,6010.096024175712,20.0,148491.51822589754,266.3699226790005,34.0,40.0,6403.032172003971,21.0,184904.32509861933,-0.2181818181818182,6.0,10.0,10.0
11,C7,SKU36,7.0,2.0,198.14621799590233,26.0,47.0,8827.473000939723,34.0,3878.3755467399974,245.91876204318655,14.0,14.0,2098.4499335866844,9.0,71000.47885464548,264.4711913752914,24.0,28.0,4085.6246541863675,16.0,137443.772888904,266.3699226790005,34.0,40.0,5006.714238376788,21.0,172175.24673959962,-0.2181818181818182,5.0,10.0,12.0
11,C7,SKU36,7.0,2.0,198.14621799590233,26.0,47.0,8827.473000939723,34.0,3878.3755467399974,245.91876204318655,14.0,14.0,2098.4499335866844,9.0,71000.47885464548,264.4711913752914,24.0,28.0,4085.6246541863675,16.0,137443.772888904,266.3699226790005,34.0,40.0,5006.714238376788,21.0,172175.24673959962,-0.2181818181818182,5.0,10.0,12.0
11,C7,SKU46,35.0,2.0,131.77627757130637,26.0,47.0,8827.473000939723,34.0,1716.661084172158,245.91876204318655,14.0,14.0,1113.88374513786,5.0,71000.47885464548,264.4711913752914,24.0,28.0,2359.140085796144,10.0,137443.772888904,266.3699226790005,34.0,40.0,4011.448091088257,17.0,172175.24673959962,-0.2181818181818182,4.0,8.0,13.0
11,C7,SKU46,35.0,2.0,131.77627757130637,26.0,47.0,8827.473000939723,34.0,1716.661084172158,245.91876204318655,14.0,14.0,1113.88374513786,5.0,71000.47885464548,264.4711913752914,24.0,28.0,2359.140085796144,10.0,137443.772888904,266.3699226790005,34.0,40.0,4011.448091088257,17.0,172175.24673959962,-0.2181818181818182,4.0,8.0,13.0
11,C7,SKU26,28.0,1.0,338.59198273767356,26.0,47.0,8827.473000939723,34.0,2870.077373106889,245.91876204318655,14.0,14.0,1878.8963415535886,9.0,64309.306756835016,264.4711913752914,24.0,28.0,4362.126765130159,19.0,134425.20039296348,266.3699226790005,34.0,40.0,5671.0460414333365,24.0,169326.71391872526,-0.2181818181818182,5.0,12.0,13.0
11,C7,SKU29,70.0,1.0,126.27721879624512,26.0,47.0,8827.473000939723,34.0,1790.6759603603157,245.91876204318655,14.0,14.0,1124.9593254292206,6.0,64309.306756835016,264.4711913752914,24.0,28.0,2820.3394756077796,12.0,134425.20039296348,266.3699226790005,34.0,40.0,3933.4782928520303,17.0,169326.71391872526,-0.2181818181818182,5.0,9.0,13.0
11,C7,SKU74,35.0,1.0,433.13904702428033,26.0,47.0,8827.473000939723,34.0,2224.72054041231,245.91876204318655,14.0,14.0,1386.155419707367,8.0,72290.49237417508,264.4711913752914,24.0,28.0,2321.551476393496,11.0,148491.51822589754,266.3699226790005,34.0,40.0,3024.234494034939,15.0,184904.32509861933,-0.2181818181818182,4.0,6.0,9.0
11,C7,SKU19,7.0,1.0,341.20816909578843,26.0,47.0,8827.473000939723,34.0,4020.1694548435967,245.91876204318655,14.0,14.0,2459.6185464635482,8.0,64309.306756835016,264.4711913752914,24.0,28.0,4521.7287856660405,15.0,134425.20039296348,266.3699226790005,34.0,40.0,5248.878137480506,18.0,169326.71391872526,-0.2181818181818182,4.0,5.0,7.0
11,C7,SKU93,,,,,,,,,,,,,,,,,,,,,,,,,,,,,,
11,C7,SKU63,,,,,,,,,,,,,,,,,,,,,,,,,,,,,,
11,C7,SKU12,63.0,1.0,396.64661269425886,26.0,47.0,8827.473000939723,34.0,2728.223247791675,245.91876204318655,14.0,14.0,2521.395030978758,9.0,64309.306756835016,264.4711913752914,24.0,28.0,3695.688159793338,13.0,134425.20039296348,266.3699226790005,34.0,40.0,4205.119040348188,15.0,169326.71391872526,-0.2181818181818182,6.0,8.0,10.0
11,C7,SKU77,70.0,1.0,132.81126892978057,26.0,47.0,8827.473000939723,34.0,4159.665922482025,245.91876204318655,14.0,14.0,1969.5849943511034,6.0,64309.306756835016,264.4711913752914,24.0,28.0,6020.897732327896,20.0,134425.20039296348,266.3699226790005,34.0,40.0,7074.900189336561,24.0,169326.71391872526,-0.2181818181818182,2.0,9.0,12.0
11,C7,SKU73,63.0,1.0,481.15162267936375,26.0,47.0,8827.473000939723,34.0,4571.7837877155935,245.91876204318655,14.0,14.0,2144.6610779968128,9.0,64309.306756835016,264.4711913752914,24.0,28.0,4922.04230623544,18.0,134425.20039296348,266.3699226790005,34.0,40.0,6172.422473412418,22.0,169326.71391872526,-0.2181818181818182,3.0,6.0,9.0
11,C7,SKU21,14.0,1.0,336.8638876537088,26.0,47.0,8827.473000939723,34.0,3329.9472009380474,245.91876204318655,14.0,14.0,2353.590426368052,8.0,72290.49237417508,264.4711913752914,24.0,28.0,3999.2104528811406,15.0,148491.51822589754,266.3699226790005,34.0,40.0,4945.858239130029,20.0,184904.32509861933,-0.2181818181818182,2.0,3.0,5.0
11,C7,SKU62,63.0,1.0,481.2725868859758,26.0,47.0,8827.473000939723,34.0,3581.745762989488,245.91876204318655,14.0,14.0,2300.964082607896,9.0,72290.49237417508,264.4711913752914,24.0,28.0,3409.285760329741,13.0,148491.51822589754,266.3699226790005,34.0,40.0,5094.40761574676,19.0,184904.32509861933,-0.2181818181818182,6.0,9.0,12.0
11,C7,SKU34,,,,,,,,,,,,,,,,,,,,,,,,,,,,,,
11,C7,SKU53,35.0,2.0,358.60408013503786,26.0,47.0,8827.473000939723,34.0,3575.553402459858,245.91876204318655,14.0,14.0,2994.1997658245277,11.0,64309.306756835016,264.4711913752914,24.0,28.0,6146.443756492574,20.0,134425.20039296348,266.3699226790005,34.0,40.0,7552.643426786867,26.0,169326.71391872526,-0.2181818181818182,4.0,10.0,14.0
11,C7,SKU53,35.0,2.0,358.60408013503786,26.0,47.0,8827.473000939723,34.0,3575.553402459858,245.91876204318655,14.0,14.0,2994.1997658245277,11.0,64309.306756835016,264.4711913752914,24.0,28.0,6146.443756492574,20.0,134425.20039296348,266.3699226790005,34.0,40.0,7552.643426786867,26.0,169326.71391872526,-0.2181818181818182,4.0,10.0,14.0
11,C7,SKU81,63.0,1.0,313.79972638655516,26.0,47.0,8827.473000939723,34.0,2796.9596495180376,245.91876204318655,14.0,14.0,884.0878153107776,7.0,64309.306756835016,264.4711913752914,24.0,28.0,3594.4891330396335,17.0,134425.20039296348,266.3699226790005,34.0,40.0,5080.177260453762,21.0,169326.71391872526,-0.2181818181818182,3.0,4.0,5.0
11,C7,SKU16,14.0,1.0,11.327100723701326,26.0,47.0,8827.473000939723,34.0,1276.3111503994032,245.91876204318655,14.0,14.0,1267.8749765938103,6.0,64309.306756835016,264.4711913752914,24.0,28.0,2601.462544954339,11.0,134425.20039296348,266.3699226790005,34.0,40.0,3390.803962090401,16.0,169326.71391872526,-0.2181818181818182,4.0,7.0,9.0
11,C7,SKU30,21.0,1.0,298.1955240613764,26.0,47.0,8827.473000939723,34.0,3683.0865948948563,245.91876204318655,14.0,14.0,3297.6177659457226,9.0,64309.306756835016,264.4711913752914,24.0,28.0,5966.215162100634,19.0,134425.20039296348,266.3699226790005,34.0,40.0,7394.873152362657,26.0,169326.71391872526,-0.2181818181818182,6.0,7.0,9.0
11,C7,SKU68,,,,,,,,,,,,,,,,,,,,,,,,,,,,,,
11,C7,SKU8,63.0,1.0,228.71035551073274,26.0,47.0,8827.473000939723,34.0,4899.0980248205815,245.91876204318655,14.0,14.0,1356.43606397429,5.0,72290.49237417508,264.4711913752914,24.0,28.0,6079.582298352658,20.0,148491.51822589754,266.3699226790005,34.0,40.0,6774.285148584067,23.0,184904.32509861933,-0.2181818181818182,1.0,8.0,10.0
11,C7,SKU96,14.0,1.0,108.69455770532939,26.0,47.0,8827.473000939723,34.0,2065.7904859342652,245.91876204318655,14.0,14.0,2285.8624136074177,9.0,72290.49237417508,264.4711913752914,24.0,28.0,3447.902699573569,14.0,148491.51822589754,266.3699226790005,34.0,40.0,5524.266048975098,20.0,184904.32509861933,-0.2181818181818182,6.0,11.0,13.0
11,C7,SKU84,56.0,1.0,370.30901042988427,26.0,47.0,8827.473000939723,34.0,2378.4863459713806,245.91876204318655,14.0,14.0,2347.7386034283104,7.0,71000.47885464548,264.4711913752914,24.0,28.0,4926.045037747026,16.0,137443.772888904,266.3699226790005,34.0,40.0,5976.75994258024,20.0,172175.24673959962,-0.2181818181818182,2.0,6.0,7.0
11,C7,SKU33,21.0,1.0,280.0734404411717,26.0,47.0,8827.473000939723,34.0,3906.1144208564524,245.91876204318655,14.0,14.0,2642.2105627812716,8.0,72290.49237417508,264.4711913752914,24.0,28.0,5270.357451901102,17.0,148491.51822589754,266.3699226790005,34.0,40.0,6391.156494070515,20.0,184904.32509861933,-0.2181818181818182,4.0,10.0,12.0
11,C7,SKU100,21.0,3.0,281.644645785371,26.0,47.0,8827.473000939723,34.0,3829.993148508176,245.91876204318655,14.0,14.0,2673.953826709808,9.0,72290.49237417508,264.4711913752914,24.0,28.0,4985.751239140065,20.0,148491.51822589754,266.3699226790005,34.0,40.0,6311.3762452218325,24.0,184904.32509861933,-0.2181818181818182,6.0,12.0,13.0
11,C7,SKU100,21.0,3.0,281.644645785371,26.0,47.0,8827.473000939723,34.0,3829.993148508176,245.91876204318655,14.0,14.0,2673.953826709808,9.0,72290.49237417508,264.4711913752914,24.0,28.0,4985.751239140065,20.0,148491.51822589754,266.3699226790005,34.0,40.0,6311.3762452218325,24.0,184904.32509861933,-0.2181818181818182,6.0,12.0,13.0
11,C7,SKU100,21.0,3.0,281.644645785371,26.0,47.0,8827.473000939723,34.0,3829.993148508176,245.91876204318655,14.0,14.0,2673.953826709808,9.0,72290.49237417508,264.4711913752914,24.0,28.0,4985.751239140065,20.0,148491.51822589754,266.3699226790005,34.0,40.0,6311.3762452218325,24.0,184904.32509861933,-0.2181818181818182,6.0,12.0,13.0
11,C7,SKU87,21.0,1.0,484.58204855742423,26.0,47.0,8827.473000939723,34.0,3596.043681200566,245.91876204318655,14.0,14.0,1325.3696225216397,3.0,72290.49237417508,264.4711913752914,24.0,28.0,4240.63360609992,14.0,148491.51822589754,266.3699226790005,34.0,40.0,4687.7934746868705,16.0,184904.32509861933,-0.2181818181818182,2.0,9.0,11.0
11,C7,SKU23,70.0,2.0,277.6372832476521,26.0,47.0,8827.473000939723,34.0,3449.282907326329,245.91876204318655,14.0,14.0,2634.4380931227643,10.0,71000.47885464548,264.4711913752914,24.0,28.0,4401.380339195599,16.0,137443.772888904,266.3699226790005,34.0,40.0,5978.508943032263,23.0,172175.24673959962,-0.2181818181818182,5.0,8.0,13.0
11,C7,SKU23,70.0,2.0,277.6372832476521,26.0,47.0,8827.473000939723,34.0,3449.282907326329,245.91876204318655,14.0,14.0,2634.4380931227643,10.0,71000.47885464548,264.4711913752914,24.0,28.0,4401.380339195599,16.0,137443.772888904,266.3699226790005,34.0,40.0,5978.508943032263,23.0,172175.24673959962,-0.2181818181818182,5.0,8.0,13.0
11,C7,SKU6,56.0,1.0,169.6736275094674,26.0,47.0,8827.473000939723,34.0,2548.427845853984,245.91876204318655,14.0,14.0,1718.2138115896896,5.0,64309.306756835016,264.4711913752914,24.0,28.0,3444.5401016023407,13.0,134425.20039296348,266.3699226790005,34.0,40.0,3930.0555283698873,16.0,169326.71391872526,-0.2181818181818182,2.0,7.0,8.0
11,C7,SKU39,49.0,1.0,10.421887993748006,26.0,47.0,8827.473000939723,34.0,1256.7801090750672,245.91876204318655,14.0,14.0,2005.9294396816913,8.0,72290.49237417508,264.4711913752914,24.0,28.0,3384.497478530941,14.0,148491.51822589754,266.3699226790005,34.0,40.0,3539.74576465095,15.0,184904.32509861933,-0.2181818181818182,2.0,6.0,7.0
11,C7,SKU17,,,,,,,,,,,,,,,,,,,,,,,,,,,,,,
11,C7,SKU95,14.0,1.0,141.07056748374106,26.0,47.0,8827.473000939723,34.0,3563.493156039451,245.91876204318655,14.0,14.0,1881.0495206651105,8.0,64309.306756835016,264.4711913752914,24.0,28.0,4188.04017562578,16.0,134425.20039296348,266.3699226790005,34.0,40.0,4265.538178432196,17.0,169326.71391872526,-0.2181818181818182,2.0,5.0,5.0
11,C7,SKU27,63.0,1.0,50.02846370443681,26.0,47.0,8827.473000939723,34.0,3560.4756027848416,245.91876204318655,14.0,14.0,1850.686499348616,6.0,71000.47885464548,264.4711913752914,24.0,28.0,4532.766246076299,16.0,137443.772888904,266.3699226790005,34.0,40.0,4829.31304282509,18.0,172175.24673959962,-0.2181818181818182,5.0,12.0,14.0
11,C7,SKU71,28.0,1.0,24.011809985963882,26.0,47.0,8827.473000939723,34.0,2944.6693789402602,245.91876204318655,14.0,14.0,2404.39611588069,11.0,72290.49237417508,264.4711913752914,24.0,28.0,4674.080739616792,20.0,148491.51822589754,266.3699226790005,34.0,40.0,6040.737840554442,26.0,184904.32509861933,-0.2181818181818182,5.0,9.0,11.0
11,C7,SKU66,7.0,1.0,193.08875044360963,26.0,47.0,8827.473000939723,34.0,3491.83031890565,245.91876204318655,14.0,14.0,2782.60833972082,11.0,71000.47885464548,264.4711913752914,24.0,28.0,4217.844243944581,18.0,137443.772888904,266.3699226790005,34.0,40.0,4755.902905153972,20.0,172175.24673959962,-0.2181818181818182,8.0,13.0,14.0
11,C7,SKU85,,,,,,,,,,,,,,,,,,,,,,,,,,,,,,
11,C7,SKU1,14.0,1.0,244.65468452648074,26.0,47.0,8827.473000939723,34.0,1588.7206035080865,245.91876204318655,14.0,14.0,1896.417385529631,8.0,64309.306756835016,264.4711913752914,24.0,28.0,2940.1441700632254,11.0,134425.20039296348,266.3699226790005,34.0,40.0,3629.2039743522905,16.0,169326.71391872526,-0.2181818181818182,3.0,3.0,5.0
11,C7,SKU51,70.0,1.0,287.74074267656823,26.0,47.0,8827.473000939723,34.0,2262.3689900106183,245.91876204318655,14.0,14.0,486.7791275019824,5.0,64309.306756835016,264.4711913752914,24.0,28.0,2563.3211172380097,13.0,134425.20039296348,266.3699226790005,34.0,40.0,4153.947150176074,18.0,169326.71391872526,-0.2181818181818182,3.0,6.0,10.0
11,C7,SKU61,56.0,1.0,200.18155241756494,26.0,47.0,8827.473000939723,34.0,2320.5783542540794,245.91876204318655,14.0,14.0,1023.1745756884936,5.0,64309.306756835016,264.4711913752914,24.0,28.0,2996.4024557418907,13.0,134425.20039296348,266.3699226790005,34.0,40.0,4420.266454509291,18.0,169326.71391872526,-0.2181818181818182,0.0,3.0,6.0
11,C7,SKU37,42.0,1.0,468.6893654118676,26.0,47.0,8827.473000939723,34.0,4276.8829913506725,245.91876204318655,14.0,14.0,2506.0641619629373,9.0,71000.47885464548,264.4711913752914,24.0,28.0,6062.756483960785,24.0,137443.772888904,266.3699226790005,34.0,40.0,7868.481946817385,30.0,172175.24673959962,-0.2181818181818182,3.0,10.0,14.0
11,C7,SKU9,56.0,1.0,449.9703919076403,26.0,47.0,8827.473000939723,34.0,1988.7439868645379,245.91876204318655,14.0,14.0,656.8016608132668,3.0,72290.49237417508,264.4711913752914,24.0,28.0,3547.4614779361054,16.0,148491.51822589754,266.3699226790005,34.0,40.0,4567.6472624663165,20.0,184904.32509861933,-0.2181818181818182,0.0,5.0,5.0
11,C8,SKU35,42.0,1.0,112.96420538926449,74.0,27.0,8586.006378329945,39.0,3712.4861044710765,296.28651452605055,24.0,26.0,2754.1797051098306,13.0,71000.47885464548,278.08121180566144,34.0,41.0,4134.082406545251,18.0,137443.772888904,283.06885129111004,39.0,49.0,5605.79976774534,22.0,172175.24673959962,0.3575757575757576,7.0,10.0,10.0
11,C8,SKU26,49.0,1.0,176.63144131884772,74.0,27.0,8586.006378329945,39.0,2870.077373106889,296.28651452605055,24.0,26.0,1878.8963415535886,9.0,64309.306756835016,278.08121180566144,34.0,41.0,4362.126765130159,19.0,134425.20039296348,283.06885129111004,39.0,49.0,5671.0460414333365,24.0,169326.71391872526,0.3575757575757576,4.0,7.0,11.0
11,C8,SKU69,63.0,1.0,328.54500794821985,74.0,27.0,8586.006378329945,39.0,4309.405519571437,296.28651452605055,24.0,26.0,2035.2711131866931,7.0,64309.306756835016,278.08121180566144,34.0,41.0,4689.680921989357,15.0,134425.20039296348,283.06885129111004,39.0,49.0,6440.272283329844,22.0,169326.71391872526,0.3575757575757576,3.0,4.0,7.0
11,C8,SKU83,56.0,1.0,265.2577828073002,74.0,27.0,8586.006378329945,39.0,3988.4532153091122,296.28651452605055,24.0,26.0,1745.4084827186693,5.0,64309.306756835016,278.08121180566144,34.0,41.0,6022.622707175466,19.0,134425.20039296348,283.06885129111004,39.0,49.0,7061.109254625385,23.0,169326.71391872526,0.3575757575757576,1.0,10.0,11.0
11,C8,SKU74,14.0,1.0,111.72692959211666,74.0,27.0,8586.006378329945,39.0,2224.72054041231,296.28651452605055,24.0,26.0,1386.155419707367,8.0,72290.49237417508,278.08121180566144,34.0,41.0,2321.551476393496,11.0,148491.51822589754,283.06885129111004,39.0,49.0,3024.234494034939,15.0,184904.32509861933,0.3575757575757576,4.0,5.0,6.0
11,C8,SKU93,63.0,1.0,285.5211569330506,74.0,27.0,8586.006378329945,39.0,4779.003530026869,296.28651452605055,24.0,26.0,3771.2980526762162,14.0,64309.306756835016,278.08121180566144,34.0,41.0,5963.945464659581,23.0,134425.20039296348,283.06885129111004,39.0,49.0,7243.474701731236,28.0,169326.71391872526,0.3575757575757576,8.0,10.0,14.0
11,C8,SKU97,42.0,1.0,477.77050128168133,74.0,27.0,8586.006378329945,39.0,2763.7157447432432,296.28651452605055,24.0,26.0,1680.6880253238674,9.0,72290.49237417508,278.08121180566144,34.0,41.0,3408.703085968549,18.0,148491.51822589754,283.06885129111004,39.0,49.0,4105.349745126161,20.0,184904.32509861933,0.3575757575757576,4.0,9.0,11.0
11,C8,SKU78,21.0,2.0,206.83041082265254,74.0,27.0,8586.006378329945,39.0,1506.4420005834681,296.28651452605055,24.0,26.0,1554.1710557580261,9.0,64309.306756835016,278.08121180566144,34.0,41.0,4150.523764079384,19.0,134425.20039296348,283.06885129111004,39.0,49.0,5149.05149684041,23.0,169326.71391872526,0.3575757575757576,6.0,11.0,12.0
11,C8,SKU78,21.0,2.0,206.83041082265254,74.0,27.0,8586.006378329945,39.0,1506.4420005834681,296.28651452605055,24.0,26.0,1554.1710557580261,9.0,64309.306756835016,278.08121180566144,34.0,41.0,4150.523764079384,19.0,134425.20039296348,283.06885129111004,39.0,49.0,5149.05149684041,23.0,169326.71391872526,0.3575757575757576,6.0,11.0,12.0
11,C8,SKU63,21.0,2.0,369.0383650904975,74.0,27.0,8586.006378329945,39.0,5123.381693983563,296.28651452605055,24.0,26.0,3844.564732690659,10.0,72290.49237417508,278.08121180566144,34.0,41.0,6449.086660364468,19.0,148491.51822589754,283.06885129111004,39.0,49.0,8086.425774464821,25.0,184904.32509861933,0.3575757575757576,3.0,8.0,13.0
11,C8,SKU63,21.0,2.0,369.0383650904975,74.0,27.0,8586.006378329945,39.0,5123.381693983563,296.28651452605055,24.0,26.0,3844.564732690659,10.0,72290.49237417508,278.08121180566144,34.0,41.0,6449.086660364468,19.0,148491.51822589754,283.06885129111004,39.0,49.0,8086.425774464821,25.0,184904.32509861933,0.3575757575757576,3.0,8.0,13.0
11,C8,SKU60,21.0,1.0,142.63831110125219,74.0,27.0,8586.006378329945,39.0,2656.9276830435,296.28651452605055,24.0,26.0,1791.5378940569078,6.0,71000.47885464548,278.08121180566144,34.0,41.0,4922.461327065566,16.0,137443.772888904,283.06885129111004,39.0,49.0,5049.12612134024,17.0,172175.24673959962,0.3575757575757576,4.0,11.0,12.0
11,C8,SKU50,14.0,1.0,305.3047158004393,74.0,27.0,8586.006378329945,39.0,3552.1018740017853,296.28651452605055,24.0,26.0,2043.4660640573127,8.0,72290.49237417508,278.08121180566144,34.0,41.0,3799.0039423972185,14.0,148491.51822589754,283.06885129111004,39.0,49.0,4985.330160061602,19.0,184904.32509861933,0.3575757575757576,6.0,10.0,13.0
11,C8,SKU92,21.0,1.0,174.64010110410308,74.0,27.0,8586.006378329945,39.0,3968.186994177711,296.28651452605055,24.0,26.0,2058.795273282778,7.0,71000.47885464548,278.08121180566144,34.0,41.0,5764.102094818151,18.0,137443.772888904,283.06885129111004,39.0,49.0,6840.064896781741,22.0,172175.24673959962,0.3575757575757576,5.0,15.0,16.0
11,C8,SKU34,56.0,2.0,231.7694443419958,74.0,27.0,8586.006378329945,39.0,5244.288347500294,296.28651452605055,24.0,26.0,3705.418135522522,14.0,71000.47885464548,278.08121180566144,34.0,41.0,6259.775782633862,23.0,137443.772888904,283.06885129111004,39.0,49.0,7435.249755115927,26.0,172175.24673959962,0.3575757575757576,11.0,15.0,17.0
11,C8,SKU34,56.0,2.0,231.7694443419958,74.0,27.0,8586.006378329945,39.0,5244.288347500294,296.28651452605055,24.0,26.0,3705.418135522522,14.0,71000.47885464548,278.08121180566144,34.0,41.0,6259.775782633862,23.0,137443.772888904,283.06885129111004,39.0,49.0,7435.249755115927,26.0,172175.24673959962,0.3575757575757576,11.0,15.0,17.0
11,C8,SKU15,14.0,1.0,132.47682388301754,74.0,27.0,8586.006378329945,39.0,2973.982247734585,296.28651452605055,24.0,26.0,2494.919570641518,9.0,71000.47885464548,278.08121180566144,34.0,41.0,3418.6513460945753,13.0,137443.772888904,283.06885129111004,39.0,49.0,3907.7532733767002,15.0,172175.24673959962,0.3575757575757576,8.0,11.0,12.0
11,C8,SKU16,35.0,1.0,49.48316902269723,74.0,27.0,8586.006378329945,39.0,1276.3111503994032,296.28651452605055,24.0,26.0,1267.8749765938103,6.0,64309.306756835016,278.08121180566144,34.0,41.0,2601.462544954339,11.0,134425.20039296348,283.06885129111004,39.0,49.0,3390.803962090401,16.0,169326.71391872526,0.3575757575757576,2.0,4.0,7.0
11,C8,SKU30,7.0,2.0,291.3122370325212,74.0,27.0,8586.006378329945,39.0,3683.0865948948563,296.28651452605055,24.0,26.0,3297.6177659457226,9.0,64309.306756835016,278.08121180566144,34.0,41.0,5966.215162100634,19.0,134425.20039296348,283.06885129111004,39.0,49.0,7394.873152362657,26.0,169326.71391872526,0.3575757575757576,3.0,12.0,17.0
11,C8,SKU30,7.0,2.0,291.3122370325212,74.0,27.0,8586.006378329945,39.0,3683.0865948948563,296.28651452605055,24.0,26.0,3297.6177659457226,9.0,64309.306756835016,278.08121180566144,34.0,41.0,5966.215162100634,19.0,134425.20039296348,283.06885129111004,39.0,49.0,7394.873152362657,26.0,169326.71391872526,0.3575757575757576,3.0,12.0,17.0
11,C8,SKU98,28.0,2.0,299.22178848804975,74.0,27.0,8586.006378329945,39.0,2640.5724940722566,296.28651452605055,24.0,26.0,2373.2708616765435,11.0,71000.47885464548,278.08121180566144,34.0,41.0,3380.219179246736,14.0,137443.772888904,283.06885129111004,39.0,49.0,4767.829085732679,19.0,172175.24673959962,0.3575757575757576,5.0,6.0,7.0
11,C8,SKU98,28.0,2.0,299.22178848804975,74.0,27.0,8586.006378329945,39.0,2640.5724940722566,296.28651452605055,24.0,26.0,2373.2708616765435,11.0,71000.47885464548,278.08121180566144,34.0,41.0,3380.219179246736,14.0,137443.772888904,283.06885129111004,39.0,49.0,4767.829085732679,19.0,172175.24673959962,0.3575757575757576,5.0,6.0,7.0
11,C8,SKU47,14.0,1.0,456.32071959209753,74.0,27.0,8586.006378329945,39.0,3243.350734954755,296.28651452605055,24.0,26.0,1504.2583208823662,6.0,64309.306756835016,278.08121180566144,34.0,41.0,4078.5232405462552,15.0,134425.20039296348,283.06885129111004,39.0,49.0,4851.310939419624,19.0,169326.71391872526,0.3575757575757576,3.0,9.0,12.0
11,C8,SKU8,49.0,1.0,364.5040151837395,74.0,27.0,8586.006378329945,39.0,4899.0980248205815,296.28651452605055,24.0,26.0,1356.43606397429,5.0,72290.49237417508,278.08121180566144,34.0,41.0,6079.582298352658,20.0,148491.51822589754,283.06885129111004,39.0,49.0,6774.285148584067,23.0,184904.32509861933,0.3575757575757576,4.0,12.0,13.0
11,C8,SKU52,7.0,1.0,309.1917922438701,74.0,27.0,8586.006378329945,39.0,2756.4448547017687,296.28651452605055,24.0,26.0,1741.9187812705975,9.0,72290.49237417508,278.08121180566144,34.0,41.0,3427.098935903869,15.0,148491.51822589754,283.06885129111004,39.0,49.0,3902.437562751791,16.0,184904.32509861933,0.3575757575757576,5.0,8.0,8.0
11,C8,SKU88,28.0,1.0,314.78845420442576,74.0,27.0,8586.006378329945,39.0,2693.273422234526,296.28651452605055,24.0,26.0,1549.9771923844714,4.0,71000.47885464548,278.08121180566144,34.0,41.0,3243.4660066444285,11.0,137443.772888904,283.06885129111004,39.0,49.0,5244.437165998218,18.0,172175.24673959962,0.3575757575757576,2.0,4.0,8.0
11,C8,SKU54,,,,,,,,,,,,,,,,,,,,,,,,,,,,,,
11,C8,SKU48,70.0,1.0,224.9628904222042,74.0,27.0,8586.006378329945,39.0,3187.3472628674654,296.28651452605055,24.0,26.0,2294.3657919101456,11.0,71000.47885464548,278.08121180566144,34.0,41.0,4714.559295750083,17.0,137443.772888904,283.06885129111004,39.0,49.0,5555.479837264602,20.0,172175.24673959962,0.3575757575757576,6.0,9.0,11.0
11,C8,SKU28,28.0,1.0,190.83417625384135,74.0,27.0,8586.006378329945,39.0,2987.7226846135545,296.28651452605055,24.0,26.0,2768.6171096267003,9.0,71000.47885464548,278.08121180566144,34.0,41.0,4081.7553652923557,14.0,137443.772888904,283.06885129111004,39.0,49.0,4723.73510150179,16.0,172175.24673959962,0.3575757575757576,8.0,9.0,10.0
11,C8,SKU14,7.0,3.0,280.2347345365876,74.0,27.0,8586.006378329945,39.0,4476.270802498114,296.28651452605055,24.0,26.0,1952.9631937687732,9.0,71000.47885464548,278.08121180566144,34.0,41.0,5123.321333769345,20.0,137443.772888904,283.06885129111004,39.0,49.0,6176.511444700864,26.0,172175.24673959962,0.3575757575757576,7.0,13.0,18.0
11,C8,SKU14,7.0,3.0,280.2347345365876,74.0,27.0,8586.006378329945,39.0,4476.270802498114,296.28651452605055,24.0,26.0,1952.9631937687732,9.0,71000.47885464548,278.08121180566144,34.0,41.0,5123.321333769345,20.0,137443.772888904,283.06885129111004,39.0,49.0,6176.511444700864,26.0,172175.24673959962,0.3575757575757576,7.0,13.0,18.0
11,C8,SKU14,7.0,3.0,280.2347345365876,74.0,27.0,8586.006378329945,39.0,4476.270802498114,296.28651452605055,24.0,26.0,1952.9631937687732,9.0,71000.47885464548,278.08121180566144,34.0,41.0,5123.321333769345,20.0,137443.772888904,283.06885129111004,39.0,49.0,6176.511444700864,26.0,172175.24673959962,0.3575757575757576,7.0,13.0,18.0
11,C8,SKU23,7.0,1.0,302.1584738860914,74.0,27.0,8586.006378329945,39.0,3449.282907326329,296.28651452605055,24.0,26.0,2634.4380931227643,10.0,71000.47885464548,278.08121180566144,34.0,41.0,4401.380339195599,16.0,137443.772888904,283.06885129111004,39.0,49.0,5978.508943032263,23.0,172175.24673959962,0.3575757575757576,5.0,8.0,10.0
11,C8,SKU72,14.0,1.0,318.3373230448756,74.0,27.0,8586.006378329945,39.0,2984.5752027758062,296.28651452605055,24.0,26.0,2143.854582708852,7.0,64309.306756835016,278.08121180566144,34.0,41.0,4863.608727258521,18.0,134425.20039296348,283.06885129111004,39.0,49.0,6002.861555273883,22.0,169326.71391872526,0.3575757575757576,4.0,12.0,16.0
11,C8,SKU58,,,,,,,,,,,,,,,,,,,,,,,,,,,,,,
11,C8,SKU20,7.0,2.0,384.631608434608,74.0,27.0,8586.006378329945,39.0,2008.93076555903,296.28651452605055,24.0,26.0,2064.335557946855,6.0,72290.49237417508,278.08121180566144,34.0,41.0,2995.0391942363067,11.0,148491.51822589754,283.06885129111004,39.0,49.0,3330.725406979164,13.0,184904.32509861933,0.3575757575757576,3.0,4.0,6.0
11,C8,SKU20,7.0,2.0,384.631608434608,74.0,27.0,8586.006378329945,39.0,2008.93076555903,296.28651452605055,24.0,26.0,2064.335557946855,6.0,72290.49237417508,278.08121180566144,34.0,41.0,2995.0391942363067,11.0,148491.51822589754,283.06885129111004,39.0,49.0,3330.725406979164,13.0,184904.32509861933,0.3575757575757576,3.0,4.0,6.0
11,C8,SKU17,,,,,,,,,,,,,,,,,,,,,,,,,,,,,,
11,C8,SKU76,,,,,,,,,,,,,,,,,,,,,,,,,,,,,,
11,C8,SKU10,35.0,1.0,53.08261945058905,74.0,27.0,8586.006378329945,39.0,3405.6547913551576,296.28651452605055,24.0,26.0,637.246305027026,4.0,71000.47885464548,278.08121180566144,34.0,41.0,3710.9206991514775,14.0,137443.772888904,283.06885129111004,39.0,49.0,4903.101289382736,19.0,172175.24673959962,0.3575757575757576,1.0,8.0,10.0
11,C8,SKU27,21.0,1.0,495.52779256093146,74.0,27.0,8586.006378329945,39.0,3560.4756027848416,296.28651452605055,24.0,26.0,1850.686499348616,6.0,71000.47885464548,278.08121180566144,34.0,41.0,4532.766246076299,16.0,137443.772888904,283.06885129111004,39.0,49.0,4829.31304282509,18.0,172175.24673959962,0.3575757575757576,1.0,4.0,4.0
11,C8,SKU22,,,,,,,,,,,,,,,,,,,,,,,,,,,,,,
11,C8,SKU57,35.0,1.0,382.83011442934463,74.0,27.0,8586.006378329945,39.0,4084.1434485356185,296.28651452605055,24.0,26.0,2481.3321993654963,12.0,71000.47885464548,278.08121180566144,34.0,41.0,5034.701407276938,22.0,137443.772888904,283.06885129111004,39.0,49.0,6199.929816035148,26.0,172175.24673959962,0.3575757575757576,7.0,14.0,16.0
11,C8,SKU43,21.0,1.0,238.91930133725634,74.0,27.0,8586.006378329945,39.0,2532.743682329215,296.28651452605055,24.0,26.0,1168.0650395391517,5.0,72290.49237417508,278.08121180566144,34.0,41.0,3446.6599790396226,14.0,148491.51822589754,283.06885129111004,39.0,49.0,4562.116205894099,18.0,184904.32509861933,0.3575757575757576,4.0,10.0,10.0
11,C8,SKU89,56.0,2.0,212.46207337831441,74.0,27.0,8586.006378329945,39.0,2088.225747124807,296.28651452605055,24.0,26.0,2711.515344539416,8.0,72290.49237417508,278.08121180566144,34.0,41.0,4952.93249102111,17.0,148491.51822589754,283.06885129111004,39.0,49.0,5669.163547128538,19.0,184904.32509861933,0.3575757575757576,6.0,11.0,13.0
11,C8,SKU89,56.0,2.0,212.46207337831441,74.0,27.0,8586.006378329945,39.0,2088.225747124807,296.28651452605055,24.0,26.0,2711.515344539416,8.0,72290.49237417508,278.08121180566144,34.0,41.0,4952.93249102111,17.0,148491.51822589754,283.06885129111004,39.0,49.0,5669.163547128538,19.0,184904.32509861933,0.3575757575757576,6.0,11.0,13.0
11,C8,SKU59,70.0,1.0,435.2840865567625,74.0,27.0,8586.006378329945,39.0,2299.7805480164484,296.28651452605055,24.0,26.0,495.6727845513598,3.0,72290.49237417508,278.08121180566144,34.0,41.0,2020.2083700771911,9.0,148491.51822589754,283.06885129111004,39.0,49.0,3141.0112032649795,12.0,184904.32509861933,0.3575757575757576,2.0,5.0,8.0
11,C8,SKU85,14.0,1.0,448.9263896230513,74.0,27.0,8586.006378329945,39.0,2192.8063867855676,296.28651452605055,24.0,26.0,2098.0126112069374,8.0,64309.306756835016,278.08121180566144,34.0,41.0,3983.7048522072832,17.0,134425.20039296348,283.06885129111004,39.0,49.0,4745.749114396946,20.0,169326.71391872526,0.3575757575757576,2.0,8.0,9.0
11,C8,SKU1,7.0,1.0,228.77863329621806,74.0,27.0,8586.006378329945,39.0,1588.7206035080865,296.28651452605055,24.0,26.0,1896.417385529631,8.0,64309.306756835016,278.08121180566144,34.0,41.0,2940.1441700632254,11.0,134425.20039296348,283.06885129111004,39.0,49.0,3629.2039743522905,16.0,169326.71391872526,0.3575757575757576,5.0,8.0,11.0
11,C8,SKU51,63.0,1.0,449.8648747662579,74.0,27.0,8586.006378329945,39.0,2262.3689900106183,296.28651452605055,24.0,26.0,486.7791275019824,5.0,64309.306756835016,278.08121180566144,34.0,41.0,2563.3211172380097,13.0,134425.20039296348,283.06885129111004,39.0,49.0,4153.947150176074,18.0,169326.71391872526,0.3575757575757576,2.0,7.0,8.0
11,C8,SKU2,21.0,2.0,286.68775963598705,74.0,27.0,8586.006378329945,39.0,2252.1965395882294,296.28651452605055,24.0,26.0,903.8945157772882,5.0,72290.49237417508,278.08121180566144,34.0,41.0,3056.9354831768433,13.0,148491.51822589754,283.06885129111004,39.0,49.0,3804.496357605421,16.0,184904.32509861933,0.3575757575757576,4.0,8.0,9.0
11,C8,SKU2,21.0,2.0,286.68775963598705,74.0,27.0,8586.006378329945,39.0,2252.1965395882294,296.28651452605055,24.0,26.0,903.8945157772882,5.0,72290.49237417508,278.08121180566144,34.0,41.0,3056.9354831768433,13.0,148491.51822589754,283.06885129111004,39.0,49.0,3804.496357605421,16.0,184904.32509861933,0.3575757575757576,4.0,8.0,9.0
11,C8,SKU37,7.0,1.0,499.8151945757275,74.0,27.0,8586.006378329945,39.0,4276.8829913506725,296.28651452605055,24.0,26.0,2506.0641619629373,9.0,71000.47885464548,278.08121180566144,34.0,41.0,6062.756483960785,24.0,137443.772888904,283.06885129111004,39.0,49.0,7868.481946817385,30.0,172175.24673959962,0.3575757575757576,6.0,14.0,16.0
11,C8,SKU75,21.0,1.0,188.67513759609898,74.0,27.0,8586.006378329945,39.0,2823.663135072765,296.28651452605055,24.0,26.0,1970.3063744189749,8.0,64309.306756835016,278.08121180566144,34.0,41.0,2791.700373441383,11.0,134425.20039296348,283.06885129111004,39.0,49.0,3740.740571377569,15.0,169326.71391872526,0.3575757575757576,4.0,5.0,7.0
11,C9,SKU18,42.0,1.0,59.511345158552956,15.0,43.0,2618.1021505499534,37.0,2574.6088131084107,174.68728780658736,15.0,15.0,2258.141245675125,9.0,64309.306756835016,215.03075276655724,25.0,30.0,3594.6492811204107,15.0,134425.20039296348,228.6474307274883,37.0,45.0,4487.374291389015,18.0,169326.71391872526,-0.4135135135135136,7.0,12.0,12.0
11,C9,SKU49,63.0,1.0,499.5185303524951,15.0,43.0,2618.1021505499534,37.0,2723.4947579355885,174.68728780658736,15.0,15.0,1795.5619315160645,9.0,71000.47885464548,215.03075276655724,25.0,30.0,3104.2376143523725,15.0,137443.772888904,228.6474307274883,37.0,45.0,5392.065726760854,22.0,172175.24673959962,-0.4135135135135136,6.0,8.0,13.0
11,C9,SKU26,70.0,2.0,279.14334540386017,15.0,43.0,2618.1021505499534,37.0,2870.077373106889,174.68728780658736,15.0,15.0,1878.8963415535886,9.0,64309.306756835016,215.03075276655724,25.0,30.0,4362.126765130159,19.0,134425.20039296348,228.6474307274883,37.0,45.0,5671.0460414333365,24.0,169326.71391872526,-0.4135135135135136,4.0,7.0,11.0
11,C9,SKU26,70.0,2.0,279.14334540386017,15.0,43.0,2618.1021505499534,37.0,2870.077373106889,174.68728780658736,15.0,15.0,1878.8963415535886,9.0,64309.306756835016,215.03075276655724,25.0,30.0,4362.126765130159,19.0,134425.20039296348,228.6474307274883,37.0,45.0,5671.0460414333365,24.0,169326.71391872526,-0.4135135135135136,4.0,7.0,11.0
11,C9,SKU29,21.0,1.0,264.1913164046901,15.0,43.0,2618.1021505499534,37.0,1790.6759603603157,174.68728780658736,15.0,15.0,1124.9593254292206,6.0,64309.306756835016,215.03075276655724,25.0,30.0,2820.3394756077796,12.0,134425.20039296348,228.6474307274883,37.0,45.0,3933.4782928520303,17.0,169326.71391872526,-0.4135135135135136,1.0,3.0,4.0
11,C9,SKU99,70.0,1.0,361.5360371297311,15.0,43.0,2618.1021505499534,37.0,2995.2463578299585,174.68728780658736,15.0,15.0,2063.456357418281,10.0,72290.49237417508,215.03075276655724,25.0,30.0,3861.6408359712746,19.0,148491.51822589754,228.6474307274883,37.0,45.0,5112.221920080666,24.0,184904.32509861933,-0.4135135135135136,7.0,13.0,17.0
11,C9,SKU93,28.0,1.0,445.791496533955,15.0,43.0,2618.1021505499534,37.0,4779.003530026869,174.68728780658736,15.0,15.0,3771.2980526762162,14.0,64309.306756835016,215.03075276655724,25.0,30.0,5963.945464659581,23.0,134425.20039296348,228.6474307274883,37.0,45.0,7243.474701731236,28.0,169326.71391872526,-0.4135135135135136,8.0,10.0,14.0
11,C9,SKU63,,,,,,,,,,,,,,,,,,,,,,,,,,,,,,
11,C9,SKU90,28.0,1.0,99.05285177313543,15.0,43.0,2618.1021505499534,37.0,3498.944990268814,174.68728780658736,15.0,15.0,4395.3248693451,13.0,71000.47885464548,215.03075276655724,25.0,30.0,6125.165358255388,20.0,137443.772888904,228.6474307274883,37.0,45.0,7179.063293597827,23.0,172175.24673959962,-0.4135135135135136,7.0,9.0,11.0
11,C9,SKU73,49.0,2.0,433.4758396325743,15.0,43.0,2618.1021505499534,37.0,4571.7837877155935,174.68728780658736,15.0,15.0,2144.6610779968128,9.0,64309.306756835016,215.03075276655724,25.0,30.0,4922.04230623544,18.0,134425.20039296348,228.6474307274883,37.0,45.0,6172.422473412418,22.0,169326.71391872526,-0.4135135135135136,6.0,12.0,13.0
11,C9,SKU73,49.0,2.0,433.4758396325743,15.0,43.0,2618.1021505499534,37.0,4571.7837877155935,174.68728780658736,15.0,15.0,2144.6610779968128,9.0,64309.306756835016,215.03075276655724,25.0,30.0,4922.04230623544,18.0,134425.20039296348,228.6474307274883,37.0,45.0,6172.422473412418,22.0,169326.71391872526,-0.4135135135135136,6.0,12.0,13.0
11,C9,SKU60,42.0,1.0,66.32196774885051,15.0,43.0,2618.1021505499534,37.0,2656.9276830435,174.68728780658736,15.0,15.0,1791.5378940569078,6.0,71000.47885464548,215.03075276655724,25.0,30.0,4922.461327065566,16.0,137443.772888904,228.6474307274883,37.0,45.0,5049.12612134024,17.0,172175.24673959962,-0.4135135135135136,4.0,11.0,12.0
11,C9,SKU21,56.0,1.0,201.05986318852828,15.0,43.0,2618.1021505499534,37.0,3329.9472009380474,174.68728780658736,15.0,15.0,2353.590426368052,8.0,72290.49237417508,215.03075276655724,25.0,30.0,3999.2104528811406,15.0,148491.51822589754,228.6474307274883,37.0,45.0,4945.858239130029,20.0,184904.32509861933,-0.4135135135135136,6.0,12.0,15.0
11,C9,SKU50,28.0,1.0,57.02714761785878,15.0,43.0,2618.1021505499534,37.0,3552.1018740017853,174.68728780658736,15.0,15.0,2043.4660640573127,8.0,72290.49237417508,215.03075276655724,25.0,30.0,3799.0039423972185,14.0,148491.51822589754,228.6474307274883,37.0,45.0,4985.330160061602,19.0,184904.32509861933,-0.4135135135135136,6.0,10.0,13.0
11,C9,SKU34,,,,,,,,,,,,,,,,,,,,,,,,,,,,,,
11,C9,SKU64,14.0,1.0,45.42971799707287,15.0,43.0,2618.1021505499534,37.0,1815.0927190728687,174.68728780658736,15.0,15.0,955.5557594937186,5.0,64309.306756835016,215.03075276655724,25.0,30.0,1889.4927849954656,11.0,134425.20039296348,228.6474307274883,37.0,45.0,2974.437939968098,14.0,169326.71391872526,-0.4135135135135136,3.0,7.0,9.0
11,C9,SKU15,7.0,1.0,89.26877290067345,15.0,43.0,2618.1021505499534,37.0,2973.982247734585,174.68728780658736,15.0,15.0,2494.919570641518,9.0,71000.47885464548,215.03075276655724,25.0,30.0,3418.6513460945753,13.0,137443.772888904,228.6474307274883,37.0,45.0,3907.7532733767002,15.0,172175.24673959962,-0.4135135135135136,8.0,11.0,12.0
11,C9,SKU91,21.0,2.0,125.03919423087386,15.0,43.0,2618.1021505499534,37.0,3041.4309024381173,174.68728780658736,15.0,15.0,2984.7942397263446,12.0,71000.47885464548,215.03075276655724,25.0,30.0,5467.293917927763,21.0,137443.772888904,228.6474307274883,37.0,45.0,6199.939367149383,24.0,172175.24673959962,-0.4135135135135136,4.0,7.0,10.0
11,C9,SKU91,21.0,2.0,125.03919423087386,15.0,43.0,2618.1021505499534,37.0,3041.4309024381173,174.68728780658736,15.0,15.0,2984.7942397263446,12.0,71000.47885464548,215.03075276655724,25.0,30.0,5467.293917927763,21.0,137443.772888904,228.6474307274883,37.0,45.0,6199.939367149383,24.0,172175.24673959962,-0.4135135135135136,4.0,7.0,10.0
11,C9,SKU68,42.0,2.0,302.3866259288829,15.0,43.0,2618.1021505499534,37.0,3180.8995737396594,174.68728780658736,15.0,15.0,3757.0945615131045,10.0,72290.49237417508,215.03075276655724,25.0,30.0,6486.586612668207,19.0,148491.51822589754,228.6474307274883,37.0,45.0,6767.085248268148,21.0,184904.32509861933,-0.4135135135135136,5.0,11.0,12.0
11,C9,SKU68,42.0,2.0,302.3866259288829,15.0,43.0,2618.1021505499534,37.0,3180.8995737396594,174.68728780658736,15.0,15.0,3757.0945615131045,10.0,72290.49237417508,215.03075276655724,25.0,30.0,6486.586612668207,19.0,148491.51822589754,228.6474307274883,37.0,45.0,6767.085248268148,21.0,184904.32509861933,-0.4135135135135136,5.0,11.0,12.0
11,C9,SKU30,28.0,1.0,425.42862532975784,15.0,43.0,2618.1021505499534,37.0,3683.0865948948563,174.68728780658736,15.0,15.0,3297.6177659457226,9.0,64309.306756835016,215.03075276655724,25.0,30.0,5966.215162100634,19.0,134425.20039296348,228.6474307274883,37.0,45.0,7394.873152362657,26.0,169326.71391872526,-0.4135135135135136,3.0,12.0,17.0
11,C9,SKU16,21.0,1.0,25.369741971086956,15.0,43.0,2618.1021505499534,37.0,1276.3111503994032,174.68728780658736,15.0,15.0,1267.8749765938103,6.0,64309.306756835016,215.03075276655724,25.0,30.0,2601.462544954339,11.0,134425.20039296348,228.6474307274883,37.0,45.0,3390.803962090401,16.0,169326.71391872526,-0.4135135135135136,2.0,4.0,7.0
11,C9,SKU47,21.0,2.0,367.87951898775714,15.0,43.0,2618.1021505499534,37.0,3243.350734954755,174.68728780658736,15.0,15.0,1504.2583208823662,6.0,64309.306756835016,215.03075276655724,25.0,30.0,4078.5232405462552,15.0,134425.20039296348,228.6474307274883,37.0,45.0,4851.310939419624,19.0,169326.71391872526,-0.4135135135135136,3.0,9.0,12.0
11,C9,SKU47,21.0,2.0,367.87951898775714,15.0,43.0,2618.1021505499534,37.0,3243.350734954755,174.68728780658736,15.0,15.0,1504.2583208823662,6.0,64309.306756835016,215.03075276655724,25.0,30.0,4078.5232405462552,15.0,134425.20039296348,228.6474307274883,37.0,45.0,4851.310939419624,19.0,169326.71391872526,-0.4135135135135136,3.0,9.0,12.0
11,C9,SKU8,28.0,1.0,113.43916159560264,15.0,43.0,2618.1021505499534,37.0,4899.0980248205815,174.68728780658736,15.0,15.0,1356.43606397429,5.0,72290.49237417508,215.03075276655724,25.0,30.0,6079.582298352658,20.0,148491.51822589754,228.6474307274883,37.0,45.0,6774.285148584067,23.0,184904.32509861933,-0.4135135135135136,4.0,12.0,13.0
11,C9,SKU4,56.0,1.0,202.0056683534963,15.0,43.0,2618.1021505499534,37.0,2192.918644094279,174.68728780658736,15.0,15.0,2655.6484127428835,8.0,71000.47885464548,215.03075276655724,25.0,30.0,4052.347400421194,16.0,137443.772888904,228.6474307274883,37.0,45.0,5206.213575325947,19.0,172175.24673959962,-0.4135135135135136,3.0,8.0,9.0
11,C9,SKU41,70.0,1.0,384.6966441723737,15.0,43.0,2618.1021505499534,37.0,1538.6420896051357,174.68728780658736,15.0,15.0,1227.9060523246405,4.0,71000.47885464548,215.03075276655724,25.0,30.0,3724.455823011518,12.0,137443.772888904,228.6474307274883,37.0,45.0,4799.390159470608,15.0,172175.24673959962,-0.4135135135135136,4.0,5.0,8.0
11,C9,SKU25,,,,,,,,,,,,,,,,,,,,,,,,,,,,,,
11,C9,SKU52,14.0,1.0,237.21459707141435,15.0,43.0,2618.1021505499534,37.0,2756.4448547017687,174.68728780658736,15.0,15.0,1741.9187812705975,9.0,72290.49237417508,215.03075276655724,25.0,30.0,3427.098935903869,15.0,148491.51822589754,228.6474307274883,37.0,45.0,3902.437562751791,16.0,184904.32509861933,-0.4135135135135136,5.0,8.0,8.0
11,C9,SKU84,63.0,1.0,188.1564699673827,15.0,43.0,2618.1021505499534,37.0,2378.4863459713806,174.68728780658736,15.0,15.0,2347.7386034283104,7.0,71000.47885464548,215.03075276655724,25.0,30.0,4926.045037747026,16.0,137443.772888904,228.6474307274883,37.0,45.0,5976.75994258024,20.0,172175.24673959962,-0.4135135135135136,5.0,10.0,13.0
11,C9,SKU72,14.0,1.0,52.6144200900641,15.0,43.0,2618.1021505499534,37.0,2984.5752027758062,174.68728780658736,15.0,15.0,2143.854582708852,7.0,64309.306756835016,215.03075276655724,25.0,30.0,4863.608727258521,18.0,134425.20039296348,228.6474307274883,37.0,45.0,6002.861555273883,22.0,169326.71391872526,-0.4135135135135136,4.0,12.0,16.0
11,C9,SKU6,7.0,1.0,30.006189298176885,15.0,43.0,2618.1021505499534,37.0,2548.427845853984,174.68728780658736,15.0,15.0,1718.2138115896896,5.0,64309.306756835016,215.03075276655724,25.0,30.0,3444.5401016023407,13.0,134425.20039296348,228.6474307274883,37.0,45.0,3930.0555283698873,16.0,169326.71391872526,-0.4135135135135136,3.0,6.0,8.0
11,C9,SKU58,63.0,1.0,414.80976374652397,15.0,43.0,2618.1021505499534,37.0,2425.819504397674,174.68728780658736,15.0,15.0,1297.7898246030197,8.0,72290.49237417508,215.03075276655724,25.0,30.0,3175.459193108213,16.0,148491.51822589754,228.6474307274883,37.0,45.0,4854.18394342602,23.0,184904.32509861933,-0.4135135135135136,4.0,8.0,11.0
11,C9,SKU17,,,,,,,,,,,,,,,,,,,,,,,,,,,,,,
11,C9,SKU38,,,,,,,,,,,,,,,,,,,,,,,,,,,,,,
11,C9,SKU55,,,,,,,,,,,,,,,,,,,,,,,,,,,,,,
11,C9,SKU10,42.0,2.0,248.63225966089766,15.0,43.0,2618.1021505499534,37.0,3405.6547913551576,174.68728780658736,15.0,15.0,637.246305027026,4.0,71000.47885464548,215.03075276655724,25.0,30.0,3710.9206991514775,14.0,137443.772888904,228.6474307274883,37.0,45.0,4903.101289382736,19.0,172175.24673959962,-0.4135135135135136,1.0,8.0,10.0
11,C9,SKU10,42.0,2.0,248.63225966089766,15.0,43.0,2618.1021505499534,37.0,3405.6547913551576,174.68728780658736,15.0,15.0,637.246305027026,4.0,71000.47885464548,215.03075276655724,25.0,30.0,3710.9206991514775,14.0,137443.772888904,228.6474307274883,37.0,45.0,4903.101289382736,19.0,172175.24673959962,-0.4135135135135136,1.0,8.0,10.0
11,C9,SKU5,49.0,2.0,307.5654261993734,15.0,43.0,2618.1021505499534,37.0,4475.10022155687,174.68728780658736,15.0,15.0,2752.7115105281678,9.0,72290.49237417508,215.03075276655724,25.0,30.0,7156.4594080845045,24.0,148491.51822589754,228.6474307274883,37.0,45.0,8513.080158022674,29.0,184904.32509861933,-0.4135135135135136,4.0,14.0,17.0
11,C9,SKU5,49.0,2.0,307.5654261993734,15.0,43.0,2618.1021505499534,37.0,4475.10022155687,174.68728780658736,15.0,15.0,2752.7115105281678,9.0,72290.49237417508,215.03075276655724,25.0,30.0,7156.4594080845045,24.0,148491.51822589754,228.6474307274883,37.0,45.0,8513.080158022674,29.0,184904.32509861933,-0.4135135135135136,4.0,14.0,17.0
11,C9,SKU71,63.0,1.0,85.70700130098074,15.0,43.0,2618.1021505499534,37.0,2944.6693789402602,174.68728780658736,15.0,15.0,2404.39611588069,11.0,72290.49237417508,215.03075276655724,25.0,30.0,4674.080739616792,20.0,148491.51822589754,228.6474307274883,37.0,45.0,6040.737840554442,26.0,184904.32509861933,-0.4135135135135136,6.0,11.0,15.0
11,C9,SKU32,63.0,1.0,228.68406773031248,15.0,43.0,2618.1021505499534,37.0,3578.5559559457374,174.68728780658736,15.0,15.0,2221.4941391896728,9.0,72290.49237417508,215.03075276655724,25.0,30.0,4070.9775382142357,15.0,148491.51822589754,228.6474307274883,37.0,45.0,5564.906756256995,23.0,184904.32509861933,-0.4135135135135136,5.0,8.0,12.0
11,C9,SKU59,70.0,1.0,268.39812628614834,15.0,43.0,2618.1021505499534,37.0,2299.7805480164484,174.68728780658736,15.0,15.0,495.6727845513598,3.0,72290.49237417508,215.03075276655724,25.0,30.0,2020.2083700771911,9.0,148491.51822589754,228.6474307274883,37.0,45.0,3141.0112032649795,12.0,184904.32509861933,-0.4135135135135136,2.0,5.0,8.0
11,C9,SKU40,42.0,1.0,13.389833855667465,15.0,43.0,2618.1021505499534,37.0,1540.40517967727,174.68728780658736,15.0,15.0,1316.753953201328,10.0,64309.306756835016,215.03075276655724,25.0,30.0,2963.78974554345,17.0,134425.20039296348,228.6474307274883,37.0,45.0,3647.9288448918765,19.0,169326.71391872526,-0.4135135135135136,6.0,13.0,15.0
11,C9,SKU1,,,,,,,,,,,,,,,,,,,,,,,,,,,,,,
11,C9,SKU79,56.0,1.0,71.42128541973364,15.0,43.0,2618.1021505499534,37.0,4278.459514953102,174.68728780658736,15.0,15.0,3067.2727070094,9.0,64309.306756835016,215.03075276655724,25.0,30.0,5685.419533093278,19.0,134425.20039296348,228.6474307274883,37.0,45.0,6392.592072969643,23.0,169326.71391872526,-0.4135135135135136,5.0,11.0,13.0
11,C9,SKU86,63.0,1.0,156.55255263456593,15.0,43.0,2618.1021505499534,37.0,2363.081131861271,174.68728780658736,15.0,15.0,1623.0877239540343,7.0,64309.306756835016,215.03075276655724,25.0,30.0,3044.2798000924367,13.0,134425.20039296348,228.6474307274883,37.0,45.0,4659.285780581268,21.0,169326.71391872526,-0.4135135135135136,4.0,6.0,11.0
11,C9,SKU61,63.0,1.0,336.14411488858997,15.0,43.0,2618.1021505499534,37.0,2320.5783542540794,174.68728780658736,15.0,15.0,1023.1745756884936,5.0,64309.306756835016,215.03075276655724,25.0,30.0,2996.4024557418907,13.0,134425.20039296348,228.6474307274883,37.0,45.0,4420.266454509291,18.0,169326.71391872526,-0.4135135135135136,5.0,10.0,12.0
11,C9,SKU37,14.0,2.0,298.6338462940957,15.0,43.0,2618.1021505499534,37.0,4276.8829913506725,174.68728780658736,15.0,15.0,2506.0641619629373,9.0,71000.47885464548,215.03075276655724,25.0,30.0,6062.756483960785,24.0,137443.772888904,228.6474307274883,37.0,45.0,7868.481946817385,30.0,172175.24673959962,-0.4135135135135136,6.0,14.0,16.0
11,C9,SKU37,14.0,2.0,298.6338462940957,15.0,43.0,2618.1021505499534,37.0,4276.8829913506725,174.68728780658736,15.0,15.0,2506.0641619629373,9.0,71000.47885464548,215.03075276655724,25.0,30.0,6062.756483960785,24.0,137443.772888904,228.6474307274883,37.0,45.0,7868.481946817385,30.0,172175.24673959962,-0.4135135135135136,6.0,14.0,16.0
11,C9,SKU75,63.0,1.0,140.87495954292325,15.0,43.0,2618.1021505499534,37.0,2823.663135072765,174.68728780658736,15.0,15.0,1970.3063744189749,8.0,64309.306756835016,215.03075276655724,25.0,30.0,2791.700373441383,11.0,134425.20039296348,228.6474307274883,37.0,45.0,3740.740571377569,15.0,169326.71391872526,-0.4135135135135136,4.0,5.0,7.0
11,C10,SKU7,35.0,1.0,98.56657639718426,23.0,34.0,8119.352887688925,37.0,1674.9468493926297,236.42786551645656,15.0,15.0,1449.7856745482197,5.0,71000.47885464548,233.09431306374128,32.0,34.0,1868.9218877079497,9.0,137443.772888904,227.88944887755753,37.0,40.0,2898.6749084577245,12.0,172175.24673959962,0.09696969696969697,2.0,4.0,5.0
11,C10,SKU94,,,,,,,,,,,,,,,,,,,,,,,,,,,,,,
11,C10,SKU46,56.0,1.0,368.3911039245655,23.0,34.0,8119.352887688925,37.0,2294.787006916099,236.42786551645656,15.0,15.0,1113.88374513786,5.0,71000.47885464548,233.09431306374128,32.0,34.0,2359.140085796144,10.0,137443.772888904,227.88944887755753,37.0,40.0,4011.448091088257,17.0,172175.24673959962,0.09696969696969697,4.0,8.0,13.0
11,C10,SKU37,28.0,2.0,42.86495625173583,23.0,34.0,8119.352887688925,37.0,3591.5989554667126,236.42786551645656,15.0,15.0,2506.0641619629373,9.0,71000.47885464548,233.09431306374128,32.0,34.0,6062.756483960785,24.0,137443.772888904,227.88944887755753,37.0,40.0,7868.481946817385,30.0,172175.24673959962,0.09696969696969697,3.0,10.0,14.0
11,C10,SKU37,28.0,2.0,42.86495625173583,23.0,34.0,8119.352887688925,37.0,3591.5989554667126,236.42786551645656,15.0,15.0,2506.0641619629373,9.0,71000.47885464548,233.09431306374128,32.0,34.0,6062.756483960785,24.0,137443.772888904,227.88944887755753,37.0,40.0,7868.481946817385,30.0,172175.24673959962,0.09696969696969697,3.0,10.0,14.0
11,C10,SKU26,35.0,1.0,103.84385088904722,23.0,34.0,8119.352887688925,37.0,2800.9686683264476,236.42786551645656,15.0,15.0,1878.8963415535886,9.0,64309.306756835016,233.09431306374128,32.0,34.0,4362.126765130159,19.0,134425.20039296348,227.88944887755753,37.0,40.0,5671.0460414333365,24.0,169326.71391872526,0.09696969696969697,5.0,12.0,13.0
11,C10,SKU29,42.0,1.0,227.25637222508075,23.0,34.0,8119.352887688925,37.0,2142.8023324917144,236.42786551645656,15.0,15.0,1124.9593254292206,6.0,64309.306756835016,233.09431306374128,32.0,34.0,2820.3394756077796,12.0,134425.20039296348,227.88944887755753,37.0,40.0,3933.4782928520303,17.0,169326.71391872526,0.09696969696969697,5.0,9.0,13.0
11,C10,SKU83,14.0,1.0,430.93772967141524,23.0,34.0,8119.352887688925,37.0,3072.6560393162713,236.42786551645656,15.0,15.0,1745.4084827186693,5.0,64309.306756835016,233.09431306374128,32.0,34.0,6022.622707175466,19.0,134425.20039296348,227.88944887755753,37.0,40.0,7061.109254625385,23.0,169326.71391872526,0.09696969696969697,4.0,9.0,12.0
11,C10,SKU74,28.0,1.0,141.43133964680803,23.0,34.0,8119.352887688925,37.0,799.5139536226286,236.42786551645656,15.0,15.0,1386.155419707367,8.0,72290.49237417508,233.09431306374128,32.0,34.0,2321.551476393496,11.0,148491.51822589754,227.88944887755753,37.0,40.0,3024.234494034939,15.0,184904.32509861933,0.09696969696969697,4.0,6.0,9.0
11,C10,SKU24,,,,,,,,,,,,,,,,,,,,,,,,,,,,,,
11,C10,SKU78,70.0,1.0,122.9052786467413,23.0,34.0,8119.352887688925,37.0,3642.609496256943,236.42786551645656,15.0,15.0,1554.1710557580261,9.0,64309.306756835016,233.09431306374128,32.0,34.0,4150.523764079384,19.0,134425.20039296348,227.88944887755753,37.0,40.0,5149.05149684041,23.0,169326.71391872526,0.09696969696969697,3.0,8.0,11.0
11,C10,SKU93,42.0,1.0,111.80670346535378,23.0,34.0,8119.352887688925,37.0,2464.471171704367,236.42786551645656,15.0,15.0,3771.2980526762162,14.0,64309.306756835016,233.09431306374128,32.0,34.0,5963.945464659581,23.0,134425.20039296348,227.88944887755753,37.0,40.0,7243.474701731236,28.0,169326.71391872526,0.09696969696969697,6.0,13.0,14.0
11,C10,SKU65,63.0,1.0,468.0346471986586,23.0,34.0,8119.352887688925,37.0,2069.870294524778,236.42786551645656,15.0,15.0,1926.4022658393026,7.0,64309.306756835016,233.09431306374128,32.0,34.0,2847.126109998277,11.0,134425.20039296348,227.88944887755753,37.0,40.0,4812.507686816041,16.0,169326.71391872526,0.09696969696969697,4.0,7.0,11.0
11,C10,SKU63,42.0,1.0,407.82361960597257,23.0,34.0,8119.352887688925,37.0,2963.0440804812574,236.42786551645656,15.0,15.0,3844.564732690659,10.0,72290.49237417508,233.09431306374128,32.0,34.0,6449.086660364468,19.0,148491.51822589754,227.88944887755753,37.0,40.0,8086.425774464821,25.0,184904.32509861933,0.09696969696969697,7.0,11.0,12.0
11,C10,SKU77,42.0,1.0,246.22981405295175,23.0,34.0,8119.352887688925,37.0,2915.234266854536,236.42786551645656,15.0,15.0,1969.5849943511034,6.0,64309.306756835016,233.09431306374128,32.0,34.0,6020.897732327896,20.0,134425.20039296348,227.88944887755753,37.0,40.0,7074.900189336561,24.0,169326.71391872526,0.09696969696969697,2.0,9.0,12.0
11,C10,SKU90,35.0,1.0,424.4324701433715,23.0,34.0,8119.352887688925,37.0,3680.1183033290145,236.42786551645656,15.0,15.0,4395.3248693451,13.0,71000.47885464548,233.09431306374128,32.0,34.0,6125.165358255388,20.0,137443.772888904,227.88944887755753,37.0,40.0,7179.063293597827,23.0,172175.24673959962,0.09696969696969697,6.0,11.0,12.0
11,C10,SKU60,14.0,1.0,89.351423462962,23.0,34.0,8119.352887688925,37.0,2392.1984382967407,236.42786551645656,15.0,15.0,1791.5378940569078,6.0,71000.47885464548,233.09431306374128,32.0,34.0,4922.461327065566,16.0,137443.772888904,227.88944887755753,37.0,40.0,5049.12612134024,17.0,172175.24673959962,0.09696969696969697,2.0,5.0,5.0
11,C10,SKU64,42.0,1.0,146.3423967759195,23.0,34.0,8119.352887688925,37.0,1159.3452208952294,236.42786551645656,15.0,15.0,955.5557594937186,5.0,64309.306756835016,233.09431306374128,32.0,34.0,1889.4927849954656,11.0,134425.20039296348,227.88944887755753,37.0,40.0,2974.437939968098,14.0,169326.71391872526,0.09696969696969697,2.0,4.0,5.0
11,C10,SKU53,,,,,,,,,,,,,,,,,,,,,,,,,,,,,,
11,C10,SKU81,28.0,1.0,75.77550900627149,23.0,34.0,8119.352887688925,37.0,2283.217610935724,236.42786551645656,15.0,15.0,884.0878153107776,7.0,64309.306756835016,233.09431306374128,32.0,34.0,3594.4891330396335,17.0,134425.20039296348,227.88944887755753,37.0,40.0,5080.177260453762,21.0,169326.71391872526,0.09696969696969697,3.0,4.0,5.0
11,C10,SKU91,7.0,1.0,132.6875459352363,23.0,34.0,8119.352887688925,37.0,3158.508464711266,236.42786551645656,15.0,15.0,2984.7942397263446,12.0,71000.47885464548,233.09431306374128,32.0,34.0,5467.293917927763,21.0,137443.772888904,227.88944887755753,37.0,40.0,6199.939367149383,24.0,172175.24673959962,0.09696969696969697,8.0,14.0,14.0
11,C10,SKU68,49.0,1.0,362.1865943896762,23.0,34.0,8119.352887688925,37.0,3586.185674528488,236.42786551645656,15.0,15.0,3757.0945615131045,10.0,72290.49237417508,233.09431306374128,32.0,34.0,6486.586612668207,19.0,148491.51822589754,227.88944887755753,37.0,40.0,6767.085248268148,21.0,184904.32509861933,0.09696969696969697,5.0,8.0,9.0
11,C10,SKU98,28.0,1.0,81.15260246758879,23.0,34.0,8119.352887688925,37.0,2127.256591660423,236.42786551645656,15.0,15.0,2373.2708616765435,11.0,71000.47885464548,233.09431306374128,32.0,34.0,3380.219179246736,14.0,137443.772888904,227.88944887755753,37.0,40.0,4767.829085732679,19.0,172175.24673959962,0.09696969696969697,6.0,8.0,12.0
11,C10,SKU30,,,,,,,,,,,,,,,,,,,,,,,,,,,,,,
11,C10,SKU96,7.0,1.0,183.1563624448772,23.0,34.0,8119.352887688925,37.0,3458.4755630408335,236.42786551645656,15.0,15.0,2285.8624136074177,9.0,72290.49237417508,233.09431306374128,32.0,34.0,3447.902699573569,14.0,148491.51822589754,227.88944887755753,37.0,40.0,5524.266048975098,20.0,184904.32509861933,0.09696969696969697,6.0,11.0,13.0
11,C10,SKU84,56.0,1.0,429.9332912275021,23.0,34.0,8119.352887688925,37.0,3598.27359660886,236.42786551645656,15.0,15.0,2347.7386034283104,7.0,71000.47885464548,233.09431306374128,32.0,34.0,4926.045037747026,16.0,137443.772888904,227.88944887755753,37.0,40.0,5976.75994258024,20.0,172175.24673959962,0.09696969696969697,2.0,6.0,7.0
11,C10,SKU33,42.0,1.0,187.5196877302021,23.0,34.0,8119.352887688925,37.0,2485.0420732140624,236.42786551645656,15.0,15.0,2642.2105627812716,8.0,72290.49237417508,233.09431306374128,32.0,34.0,5270.357451901102,17.0,148491.51822589754,227.88944887755753,37.0,40.0,6391.156494070515,20.0,184904.32509861933,0.09696969696969697,4.0,10.0,12.0
11,C10,SKU100,63.0,1.0,228.05483742975508,23.0,34.0,8119.352887688925,37.0,2481.3830967136573,236.42786551645656,15.0,15.0,2673.953826709808,9.0,72290.49237417508,233.09431306374128,32.0,34.0,4985.751239140065,20.0,148491.51822589754,227.88944887755753,37.0,40.0,6311.3762452218325,24.0,184904.32509861933,0.09696969696969697,6.0,12.0,13.0
11,C10,SKU23,14.0,1.0,472.09888202929585,23.0,34.0,8119.352887688925,37.0,2529.226035705933,236.42786551645656,15.0,15.0,2634.4380931227643,10.0,71000.47885464548,233.09431306374128,32.0,34.0,4401.380339195599,16.0,137443.772888904,227.88944887755753,37.0,40.0,5978.508943032263,23.0,172175.24673959962,0.09696969696969697,5.0,8.0,13.0
11,C10,SKU6,28.0,1.0,451.2068559292325,23.0,34.0,8119.352887688925,37.0,1381.6276825159036,236.42786551645656,15.0,15.0,1718.2138115896896,5.0,64309.306756835016,233.09431306374128,32.0,34.0,3444.5401016023407,13.0,134425.20039296348,227.88944887755753,37.0,40.0,3930.0555283698873,16.0,169326.71391872526,0.09696969696969697,2.0,7.0,8.0
11,C10,SKU72,,,,,,,,,,,,,,,,,,,,,,,,,,,,,,
11,C10,SKU20,28.0,1.0,342.0407991866583,23.0,34.0,8119.352887688925,37.0,1321.7946414201335,236.42786551645656,15.0,15.0,2064.335557946855,6.0,72290.49237417508,233.09431306374128,32.0,34.0,2995.0391942363067,11.0,148491.51822589754,227.88944887755753,37.0,40.0,3330.725406979164,13.0,184904.32509861933,0.09696969696969697,3.0,7.0,7.0
11,C10,SKU55,42.0,1.0,179.1824712723669,23.0,34.0,8119.352887688925,37.0,1785.074221313132,236.42786551645656,15.0,15.0,1998.897600122124,7.0,64309.306756835016,233.09431306374128,32.0,34.0,3587.397886299588,12.0,134425.20039296348,227.88944887755753,37.0,40.0,4503.739931530498,16.0,169326.71391872526,0.09696969696969697,2.0,6.0,8.0
11,C10,SKU27,49.0,1.0,80.37179798309296,23.0,34.0,8119.352887688925,37.0,1268.8374400402477,236.42786551645656,15.0,15.0,1850.686499348616,6.0,71000.47885464548,233.09431306374128,32.0,34.0,4532.766246076299,16.0,137443.772888904,227.88944887755753,37.0,40.0,4829.31304282509,18.0,172175.24673959962,0.09696969696969697,5.0,12.0,14.0
11,C10,SKU5,,,,,,,,,,,,,,,,,,,,,,,,,,,,,,
11,C10,SKU22,,,,,,,,,,,,,,,,,,,,,,,,,,,,,,
11,C10,SKU57,56.0,1.0,278.8085898985704,23.0,34.0,8119.352887688925,37.0,2115.78636749953,236.42786551645656,15.0,15.0,2481.3321993654963,12.0,71000.47885464548,233.09431306374128,32.0,34.0,5034.701407276938,22.0,137443.772888904,227.88944887755753,37.0,40.0,6199.929816035148,26.0,172175.24673959962,0.09696969696969697,5.0,8.0,10.0
11,C10,SKU43,14.0,1.0,417.8405541791281,23.0,34.0,8119.352887688925,37.0,2029.372523564884,236.42786551645656,15.0,15.0,1168.0650395391517,5.0,72290.49237417508,233.09431306374128,32.0,34.0,3446.6599790396226,14.0,148491.51822589754,227.88944887755753,37.0,40.0,4562.116205894099,18.0,184904.32509861933,0.09696969696969697,1.0,4.0,8.0
11,C10,SKU71,70.0,1.0,159.74570587949285,23.0,34.0,8119.352887688925,37.0,3096.068461614182,236.42786551645656,15.0,15.0,2404.39611588069,11.0,72290.49237417508,233.09431306374128,32.0,34.0,4674.080739616792,20.0,148491.51822589754,227.88944887755753,37.0,40.0,6040.737840554442,26.0,184904.32509861933,0.09696969696969697,5.0,9.0,11.0
11,C10,SKU89,35.0,1.0,283.14946019084556,23.0,34.0,8119.352887688925,37.0,3580.937800003732,236.42786551645656,15.0,15.0,2711.515344539416,8.0,72290.49237417508,233.09431306374128,32.0,34.0,4952.93249102111,17.0,148491.51822589754,227.88944887755753,37.0,40.0,5669.163547128538,19.0,184904.32509861933,0.09696969696969697,2.0,6.0,6.0
11,C10,SKU32,49.0,1.0,54.93924649397811,23.0,34.0,8119.352887688925,37.0,1986.3508003112574,236.42786551645656,15.0,15.0,2221.4941391896728,9.0,72290.49237417508,233.09431306374128,32.0,34.0,4070.9775382142357,15.0,148491.51822589754,227.88944887755753,37.0,40.0,5564.906756256995,23.0,184904.32509861933,0.09696969696969697,4.0,7.0,11.0
11,C10,SKU85,7.0,1.0,229.14186355216296,23.0,34.0,8119.352887688925,37.0,2552.9427276113784,236.42786551645656,15.0,15.0,2098.0126112069374,8.0,64309.306756835016,233.09431306374128,32.0,34.0,3983.7048522072832,17.0,134425.20039296348,227.88944887755753,37.0,40.0,4745.749114396946,20.0,169326.71391872526,0.09696969696969697,6.0,9.0,11.0
11,C10,SKU1,21.0,2.0,174.25298988271004,23.0,34.0,8119.352887688925,37.0,2040.4833708442043,236.42786551645656,15.0,15.0,1896.417385529631,8.0,64309.306756835016,233.09431306374128,32.0,34.0,2940.1441700632254,11.0,134425.20039296348,227.88944887755753,37.0,40.0,3629.2039743522905,16.0,169326.71391872526,0.09696969696969697,3.0,3.0,5.0
11,C10,SKU1,21.0,2.0,174.25298988271004,23.0,34.0,8119.352887688925,37.0,2040.4833708442043,236.42786551645656,15.0,15.0,1896.417385529631,8.0,64309.306756835016,233.09431306374128,32.0,34.0,2940.1441700632254,11.0,134425.20039296348,227.88944887755753,37.0,40.0,3629.2039743522905,16.0,169326.71391872526,0.09696969696969697,3.0,3.0,5.0
11,C10,SKU2,63.0,1.0,41.666029448866446,23.0,34.0,8119.352887688925,37.0,1552.299818017192,236.42786551645656,15.0,15.0,903.8945157772882,5.0,72290.49237417508,233.09431306374128,32.0,34.0,3056.9354831768433,13.0,148491.51822589754,227.88944887755753,37.0,40.0,3804.496357605421,16.0,184904.32509861933,0.09696969696969697,1.0,5.0,7.0
11,C10,SKU11,7.0,2.0,311.6650250262877,23.0,34.0,8119.352887688925,37.0,2549.992204157295,236.42786551645656,15.0,15.0,1306.338850366108,8.0,71000.47885464548,233.09431306374128,32.0,34.0,2550.8480591644948,13.0,137443.772888904,227.88944887755753,37.0,40.0,4121.535060767028,18.0,172175.24673959962,0.09696969696969697,4.0,8.0,11.0
11,C10,SKU11,7.0,2.0,311.6650250262877,23.0,34.0,8119.352887688925,37.0,2549.992204157295,236.42786551645656,15.0,15.0,1306.338850366108,8.0,71000.47885464548,233.09431306374128,32.0,34.0,2550.8480591644948,13.0,137443.772888904,227.88944887755753,37.0,40.0,4121.535060767028,18.0,172175.24673959962,0.09696969696969697,4.0,8.0,11.0
11,C11,SKU94,42.0,1.0,373.73952282871426,52.0,49.0,3639.655607029962,41.0,3757.5006028651565,249.5010724049263,17.0,19.0,2483.5489317856486,9.0,71000.47885464548,247.21522807609693,39.0,45.0,5875.653325400093,19.0,137443.772888904,257.8313335836797,41.0,50.0,7988.092781982599,26.0,172175.24673959962,0.07272727272727274,5.0,9.0,13.0
11,C11,SKU18,42.0,1.0,198.8535167331992,52.0,49.0,3639.655607029962,41.0,1912.7654782806037,249.5010724049263,17.0,19.0,2258.141245675125,9.0,64309.306756835016,247.21522807609693,39.0,45.0,3594.6492811204107,15.0,134425.20039296348,257.8313335836797,41.0,50.0,4487.374291389015,18.0,169326.71391872526,0.07272727272727274,7.0,12.0,12.0
11,C11,SKU3,,,,,,,,,,,,,,,,,,,,,,,,,,,,,,
11,C11,SKU35,28.0,1.0,25.296002283012903,52.0,49.0,3639.655607029962,41.0,1893.313663274263,249.5010724049263,17.0,19.0,2754.1797051098306,13.0,71000.47885464548,247.21522807609693,39.0,45.0,4134.082406545251,18.0,137443.772888904,257.8313335836797,41.0,50.0,5605.79976774534,22.0,172175.24673959962,0.07272727272727274,7.0,10.0,10.0
11,C11,SKU42,49.0,1.0,411.36238014931513,52.0,49.0,3639.655607029962,41.0,1269.8702120574414,249.5010724049263,17.0,19.0,2048.043858333036,8.0,64309.306756835016,247.21522807609693,39.0,45.0,2875.4570715654363,12.0,134425.20039296348,257.8313335836797,41.0,50.0,3693.722317751543,15.0,169326.71391872526,0.07272727272727274,5.0,8.0,10.0
11,C11,SKU26,49.0,1.0,134.64519025255532,52.0,49.0,3639.655607029962,41.0,2800.9686683264476,249.5010724049263,17.0,19.0,1878.8963415535886,9.0,64309.306756835016,247.21522807609693,39.0,45.0,4362.126765130159,19.0,134425.20039296348,257.8313335836797,41.0,50.0,5671.0460414333365,24.0,169326.71391872526,0.07272727272727274,4.0,7.0,11.0
11,C11,SKU45,35.0,1.0,408.7354946159133,52.0,49.0,3639.655607029962,41.0,2521.432797693632,249.5010724049263,17.0,19.0,2225.67694976665,7.0,71000.47885464548,247.21522807609693,39.0,45.0,4352.962589053176,15.0,137443.772888904,257.8313335836797,41.0,50.0,5057.5910904026705,18.0,172175.24673959962,0.07272727272727274,6.0,9.0,11.0
11,C11,SKU24,,,,,,,,,,,,,,,,,,,,,,,,,,,,,,
11,C11,SKU99,56.0,3.0,260.0591423485909,52.0,49.0,3639.655607029962,41.0,2116.9755622507078,249.5010724049263,17.0,19.0,2063.456357418281,10.0,72290.49237417508,247.21522807609693,39.0,45.0,3861.6408359712746,19.0,148491.51822589754,257.8313335836797,41.0,50.0,5112.221920080666,24.0,184904.32509861933,0.07272727272727274,7.0,13.0,17.0
11,C11,SKU99,56.0,3.0,260.0591423485909,52.0,49.0,3639.655607029962,41.0,2116.9755622507078,249.5010724049263,17.0,19.0,2063.456357418281,10.0,72290.49237417508,247.21522807609693,39.0,45.0,3861.6408359712746,19.0,148491.51822589754,257.8313335836797,41.0,50.0,5112.221920080666,24.0,184904.32509861933,0.07272727272727274,7.0,13.0,17.0
11,C11,SKU99,56.0,3.0,260.0591423485909,52.0,49.0,3639.655607029962,41.0,2116.9755622507078,249.5010724049263,17.0,19.0,2063.456357418281,10.0,72290.49237417508,247.21522807609693,39.0,45.0,3861.6408359712746,19.0,148491.51822589754,257.8313335836797,41.0,50.0,5112.221920080666,24.0,184904.32509861933,0.07272727272727274,7.0,13.0,17.0
11,C11,SKU31,49.0,2.0,246.617861948699,52.0,49.0,3639.655607029962,41.0,2968.0074830757503,249.5010724049263,17.0,19.0,2588.410931651886,10.0,72290.49237417508,247.21522807609693,39.0,45.0,5665.229170095801,21.0,148491.51822589754,257.8313335836797,41.0,50.0,5817.221087898065,22.0,184904.32509861933,0.07272727272727274,7.0,16.0,17.0
11,C11,SKU31,49.0,2.0,246.617861948699,52.0,49.0,3639.655607029962,41.0,2968.0074830757503,249.5010724049263,17.0,19.0,2588.410931651886,10.0,72290.49237417508,247.21522807609693,39.0,45.0,5665.229170095801,21.0,148491.51822589754,257.8313335836797,41.0,50.0,5817.221087898065,22.0,184904.32509861933,0.07272727272727274,7.0,16.0,17.0
11,C11,SKU97,42.0,1.0,212.5230968506483,52.0,49.0,3639.655607029962,41.0,1341.6340003829177,249.5010724049263,17.0,19.0,1680.6880253238674,9.0,72290.49237417508,247.21522807609693,39.0,45.0,3408.703085968549,18.0,148491.51822589754,257.8313335836797,41.0,50.0,4105.349745126161,20.0,184904.32509861933,0.07272727272727274,4.0,9.0,11.0
11,C11,SKU79,14.0,1.0,281.7661975508069,52.0,49.0,3639.655607029962,41.0,2114.1325580165408,249.5010724049263,17.0,19.0,3067.2727070094,9.0,64309.306756835016,247.21522807609693,39.0,45.0,5685.419533093278,19.0,134425.20039296348,257.8313335836797,41.0,50.0,6392.592072969643,23.0,169326.71391872526,0.07272727272727274,5.0,11.0,13.0
11,C11,SKU90,7.0,1.0,473.0371533534084,52.0,49.0,3639.655607029962,41.0,3680.1183033290145,249.5010724049263,17.0,19.0,4395.3248693451,13.0,71000.47885464548,247.21522807609693,39.0,45.0,6125.165358255388,20.0,137443.772888904,257.8313335836797,41.0,50.0,7179.063293597827,23.0,172175.24673959962,0.07272727272727274,7.0,9.0,11.0
11,C11,SKU60,56.0,1.0,15.092393732361025,52.0,49.0,3639.655607029962,41.0,2392.1984382967407,249.5010724049263,17.0,19.0,1791.5378940569078,6.0,71000.47885464548,247.21522807609693,39.0,45.0,4922.461327065566,16.0,137443.772888904,257.8313335836797,41.0,50.0,5049.12612134024,17.0,172175.24673959962,0.07272727272727274,4.0,11.0,12.0
11,C11,SKU73,56.0,1.0,342.88922339711706,52.0,49.0,3639.655607029962,41.0,1600.6386856968245,249.5010724049263,17.0,19.0,2144.6610779968128,9.0,64309.306756835016,247.21522807609693,39.0,45.0,4922.04230623544,18.0,134425.20039296348,257.8313335836797,41.0,50.0,6172.422473412418,22.0,169326.71391872526,0.07272727272727274,6.0,12.0,13.0
11,C11,SKU62,7.0,2.0,237.10291460395845,52.0,49.0,3639.655607029962,41.0,1512.6618527572714,249.5010724049263,17.0,19.0,2300.964082607896,9.0,72290.49237417508,247.21522807609693,39.0,45.0,3409.285760329741,13.0,148491.51822589754,257.8313335836797,41.0,50.0,5094.40761574676,19.0,184904.32509861933,0.07272727272727274,3.0,4.0,7.0
11,C11,SKU62,7.0,2.0,237.10291460395845,52.0,49.0,3639.655607029962,41.0,1512.6618527572714,249.5010724049263,17.0,19.0,2300.964082607896,9.0,72290.49237417508,247.21522807609693,39.0,45.0,3409.285760329741,13.0,148491.51822589754,257.8313335836797,41.0,50.0,5094.40761574676,19.0,184904.32509861933,0.07272727272727274,3.0,4.0,7.0
11,C11,SKU92,56.0,1.0,493.5751587297243,52.0,49.0,3639.655607029962,41.0,2871.877902604027,249.5010724049263,17.0,19.0,2058.795273282778,7.0,71000.47885464548,247.21522807609693,39.0,45.0,5764.102094818151,18.0,137443.772888904,257.8313335836797,41.0,50.0,6840.064896781741,22.0,172175.24673959962,0.07272727272727274,5.0,15.0,16.0
11,C11,SKU34,7.0,1.0,152.48847789603025,52.0,49.0,3639.655607029962,41.0,2190.9614076156327,249.5010724049263,17.0,19.0,3705.418135522522,14.0,71000.47885464548,247.21522807609693,39.0,45.0,6259.775782633862,23.0,137443.772888904,257.8313335836797,41.0,50.0,7435.249755115927,26.0,172175.24673959962,0.07272727272727274,11.0,15.0,17.0
11,C11,SKU53,,,,,,,,,,,,,,,,,,,,,,,,,,,,,,
11,C11,SKU68,49.0,1.0,51.14359187045493,52.0,49.0,3639.655607029962,41.0,3586.185674528488,249.5010724049263,17.0,19.0,3757.0945615131045,10.0,72290.49237417508,247.21522807609693,39.0,45.0,6486.586612668207,19.0,148491.51822589754,257.8313335836797,41.0,50.0,6767.085248268148,21.0,184904.32509861933,0.07272727272727274,5.0,11.0,12.0
11,C11,SKU30,,,,,,,,,,,,,,,,,,,,,,,,,,,,,,
11,C11,SKU8,28.0,1.0,214.30210717138988,52.0,49.0,3639.655607029962,41.0,1875.1871237634857,249.5010724049263,17.0,19.0,1356.43606397429,5.0,72290.49237417508,247.21522807609693,39.0,45.0,6079.582298352658,20.0,148491.51822589754,257.8313335836797,41.0,50.0,6774.285148584067,23.0,184904.32509861933,0.07272727272727274,4.0,12.0,13.0
11,C11,SKU4,49.0,1.0,218.33951503230782,52.0,49.0,3639.655607029962,41.0,3013.2949312316678,249.5010724049263,17.0,19.0,2655.6484127428835,8.0,71000.47885464548,247.21522807609693,39.0,45.0,4052.347400421194,16.0,137443.772888904,257.8313335836797,41.0,50.0,5206.213575325947,19.0,172175.24673959962,0.07272727272727274,3.0,8.0,9.0
11,C11,SKU41,21.0,2.0,213.6463252961534,52.0,49.0,3639.655607029962,41.0,3260.748069865472,249.5010724049263,17.0,19.0,1227.9060523246405,4.0,71000.47885464548,247.21522807609693,39.0,45.0,3724.455823011518,12.0,137443.772888904,257.8313335836797,41.0,50.0,4799.390159470608,15.0,172175.24673959962,0.07272727272727274,4.0,5.0,8.0
11,C11,SKU41,21.0,2.0,213.6463252961534,52.0,49.0,3639.655607029962,41.0,3260.748069865472,249.5010724049263,17.0,19.0,1227.9060523246405,4.0,71000.47885464548,247.21522807609693,39.0,45.0,3724.455823011518,12.0,137443.772888904,257.8313335836797,41.0,50.0,4799.390159470608,15.0,172175.24673959962,0.07272727272727274,4.0,5.0,8.0
11,C11,SKU96,63.0,2.0,308.59683711124444,52.0,49.0,3639.655607029962,41.0,3458.4755630408335,249.5010724049263,17.0,19.0,2285.8624136074177,9.0,72290.49237417508,247.21522807609693,39.0,45.0,3447.902699573569,14.0,148491.51822589754,257.8313335836797,41.0,50.0,5524.266048975098,20.0,184904.32509861933,0.07272727272727274,3.0,3.0,7.0
11,C11,SKU96,63.0,2.0,308.59683711124444,52.0,49.0,3639.655607029962,41.0,3458.4755630408335,249.5010724049263,17.0,19.0,2285.8624136074177,9.0,72290.49237417508,247.21522807609693,39.0,45.0,3447.902699573569,14.0,148491.51822589754,257.8313335836797,41.0,50.0,5524.266048975098,20.0,184904.32509861933,0.07272727272727274,3.0,3.0,7.0
11,C11,SKU52,49.0,1.0,36.35676038257347,52.0,49.0,3639.655607029962,41.0,1145.992708050022,249.5010724049263,17.0,19.0,1741.9187812705975,9.0,72290.49237417508,247.21522807609693,39.0,45.0,3427.098935903869,15.0,148491.51822589754,257.8313335836797,41.0,50.0,3902.437562751791,16.0,184904.32509861933,0.07272727272727274,5.0,8.0,8.0
11,C11,SKU84,21.0,2.0,290.83209311791023,52.0,49.0,3639.655607029962,41.0,3598.27359660886,249.5010724049263,17.0,19.0,2347.7386034283104,7.0,71000.47885464548,247.21522807609693,39.0,45.0,4926.045037747026,16.0,137443.772888904,257.8313335836797,41.0,50.0,5976.75994258024,20.0,172175.24673959962,0.07272727272727274,5.0,10.0,13.0
11,C11,SKU84,21.0,2.0,290.83209311791023,52.0,49.0,3639.655607029962,41.0,3598.27359660886,249.5010724049263,17.0,19.0,2347.7386034283104,7.0,71000.47885464548,247.21522807609693,39.0,45.0,4926.045037747026,16.0,137443.772888904,257.8313335836797,41.0,50.0,5976.75994258024,20.0,172175.24673959962,0.07272727272727274,5.0,10.0,13.0
11,C11,SKU48,21.0,1.0,294.74455546254006,52.0,49.0,3639.655607029962,41.0,2368.132574397137,249.5010724049263,17.0,19.0,2294.3657919101456,11.0,71000.47885464548,247.21522807609693,39.0,45.0,4714.559295750083,17.0,137443.772888904,257.8313335836797,41.0,50.0,5555.479837264602,20.0,172175.24673959962,0.07272727272727274,6.0,9.0,11.0
11,C11,SKU28,7.0,1.0,271.48993965762605,52.0,49.0,3639.655607029962,41.0,1736.0124168882357,249.5010724049263,17.0,19.0,2768.6171096267003,9.0,71000.47885464548,247.21522807609693,39.0,45.0,4081.7553652923557,14.0,137443.772888904,257.8313335836797,41.0,50.0,4723.73510150179,16.0,172175.24673959962,0.07272727272727274,8.0,9.0,10.0
11,C11,SKU82,42.0,1.0,158.3957888717216,52.0,49.0,3639.655607029962,41.0,1590.0889523739684,249.5010724049263,17.0,19.0,1052.2117338770022,4.0,64309.306756835016,247.21522807609693,39.0,45.0,2579.596678909137,11.0,134425.20039296348,257.8313335836797,41.0,50.0,3253.6048083395153,15.0,169326.71391872526,0.07272727272727274,3.0,6.0,9.0
11,C11,SKU23,14.0,1.0,187.6165755883257,52.0,49.0,3639.655607029962,41.0,2529.226035705933,249.5010724049263,17.0,19.0,2634.4380931227643,10.0,71000.47885464548,247.21522807609693,39.0,45.0,4401.380339195599,16.0,137443.772888904,257.8313335836797,41.0,50.0,5978.508943032263,23.0,172175.24673959962,0.07272727272727274,5.0,8.0,10.0
11,C11,SKU67,28.0,2.0,280.979829556044,52.0,49.0,3639.655607029962,41.0,3274.0392673701335,249.5010724049263,17.0,19.0,1181.8136750398212,5.0,71000.47885464548,247.21522807609693,39.0,45.0,3781.57818676148,14.0,137443.772888904,257.8313335836797,41.0,50.0,4700.319165521037,17.0,172175.24673959962,0.07272727272727274,3.0,7.0,9.0
11,C11,SKU67,28.0,2.0,280.979829556044,52.0,49.0,3639.655607029962,41.0,3274.0392673701335,249.5010724049263,17.0,19.0,1181.8136750398212,5.0,71000.47885464548,247.21522807609693,39.0,45.0,3781.57818676148,14.0,137443.772888904,257.8313335836797,41.0,50.0,4700.319165521037,17.0,172175.24673959962,0.07272727272727274,3.0,7.0,9.0
11,C11,SKU39,,,,,,,,,,,,,,,,,,,,,,,,,,,,,,
11,C11,SKU58,63.0,1.0,467.5686601938662,52.0,49.0,3639.655607029962,41.0,2428.364439028346,249.5010724049263,17.0,19.0,1297.7898246030197,8.0,72290.49237417508,247.21522807609693,39.0,45.0,3175.459193108213,16.0,148491.51822589754,257.8313335836797,41.0,50.0,4854.18394342602,23.0,184904.32509861933,0.07272727272727274,4.0,8.0,11.0
11,C11,SKU95,28.0,1.0,161.37083706177953,52.0,49.0,3639.655607029962,41.0,702.0450223927461,249.5010724049263,17.0,19.0,1881.0495206651105,8.0,64309.306756835016,247.21522807609693,39.0,45.0,4188.04017562578,16.0,134425.20039296348,257.8313335836797,41.0,50.0,4265.538178432196,17.0,169326.71391872526,0.07272727272727274,6.0,11.0,12.0
11,C11,SKU10,,,,,,,,,,,,,,,,,,,,,,,,,,,,,,
11,C11,SKU27,49.0,1.0,209.32108914191338,52.0,49.0,3639.655607029962,41.0,1268.8374400402477,249.5010724049263,17.0,19.0,1850.686499348616,6.0,71000.47885464548,247.21522807609693,39.0,45.0,4532.766246076299,16.0,137443.772888904,257.8313335836797,41.0,50.0,4829.31304282509,18.0,172175.24673959962,0.07272727272727274,1.0,4.0,4.0
11,C11,SKU5,35.0,1.0,325.63312415004515,52.0,49.0,3639.655607029962,41.0,4037.9799364658056,249.5010724049263,17.0,19.0,2752.7115105281678,9.0,72290.49237417508,247.21522807609693,39.0,45.0,7156.4594080845045,24.0,148491.51822589754,257.8313335836797,41.0,50.0,8513.080158022674,29.0,184904.32509861933,0.07272727272727274,4.0,14.0,17.0
11,C11,SKU13,49.0,1.0,219.44437007290452,52.0,49.0,3639.655607029962,41.0,2622.2735648767484,249.5010724049263,17.0,19.0,2639.5557162582354,9.0,72290.49237417508,247.21522807609693,39.0,45.0,4043.166248554249,14.0,148491.51822589754,257.8313335836797,41.0,50.0,6020.244724995739,19.0,184904.32509861933,0.07272727272727274,8.0,11.0,13.0
11,C11,SKU22,7.0,1.0,268.58890056549626,52.0,49.0,3639.655607029962,41.0,2978.2039427356617,249.5010724049263,17.0,19.0,3590.4101892893627,10.0,71000.47885464548,247.21522807609693,39.0,45.0,5087.730946024144,16.0,137443.772888904,257.8313335836797,41.0,50.0,5587.376488651759,19.0,172175.24673959962,0.07272727272727274,8.0,12.0,14.0
11,C11,SKU89,7.0,2.0,353.32385409291953,52.0,49.0,3639.655607029962,41.0,3580.937800003732,249.5010724049263,17.0,19.0,2711.515344539416,8.0,72290.49237417508,247.21522807609693,39.0,45.0,4952.93249102111,17.0,148491.51822589754,257.8313335836797,41.0,50.0,5669.163547128538,19.0,184904.32509861933,0.07272727272727274,6.0,11.0,13.0
11,C11,SKU89,7.0,2.0,353.32385409291953,52.0,49.0,3639.655607029962,41.0,3580.937800003732,249.5010724049263,17.0,19.0,2711.515344539416,8.0,72290.49237417508,247.21522807609693,39.0,45.0,4952.93249102111,17.0,148491.51822589754,257.8313335836797,41.0,50.0,5669.163547128538,19.0,184904.32509861933,0.07272727272727274,6.0,11.0,13.0
11,C11,SKU32,49.0,1.0,274.25923446666263,52.0,49.0,3639.655607029962,41.0,1986.3508003112574,249.5010724049263,17.0,19.0,2221.4941391896728,9.0,72290.49237417508,247.21522807609693,39.0,45.0,4070.9775382142357,15.0,148491.51822589754,257.8313335836797,41.0,50.0,5564.906756256995,23.0,184904.32509861933,0.07272727272727274,5.0,8.0,12.0
11,C11,SKU40,42.0,1.0,27.730148882782874,52.0,49.0,3639.655607029962,41.0,2107.523665214607,249.5010724049263,17.0,19.0,1316.753953201328,10.0,64309.306756835016,247.21522807609693,39.0,45.0,2963.78974554345,17.0,134425.20039296348,257.8313335836797,41.0,50.0,3647.9288448918765,19.0,169326.71391872526,0.07272727272727274,6.0,13.0,15.0
11,C11,SKU1,49.0,1.0,409.2177576595786,52.0,49.0,3639.655607029962,41.0,2040.4833708442043,249.5010724049263,17.0,19.0,1896.417385529631,8.0,64309.306756835016,247.21522807609693,39.0,45.0,2940.1441700632254,11.0,134425.20039296348,257.8313335836797,41.0,50.0,3629.2039743522905,16.0,169326.71391872526,0.07272727272727274,5.0,8.0,11.0
11,C11,SKU51,28.0,1.0,56.46265239726797,52.0,49.0,3639.655607029962,41.0,1891.5781601654553,249.5010724049263,17.0,19.0,486.7791275019824,5.0,64309.306756835016,247.21522807609693,39.0,45.0,2563.3211172380097,13.0,134425.20039296348,257.8313335836797,41.0,50.0,4153.947150176074,18.0,169326.71391872526,0.07272727272727274,2.0,7.0,8.0
11,C11,SKU37,56.0,1.0,459.9428911435331,52.0,49.0,3639.655607029962,41.0,3591.5989554667126,249.5010724049263,17.0,19.0,2506.0641619629373,9.0,71000.47885464548,247.21522807609693,39.0,45.0,6062.756483960785,24.0,137443.772888904,257.8313335836797,41.0,50.0,7868.481946817385,30.0,172175.24673959962,0.07272727272727274,6.0,14.0,16.0
11,C11,SKU9,7.0,1.0,413.257512538776,52.0,49.0,3639.655607029962,41.0,2578.9032756017787,249.5010724049263,17.0,19.0,656.8016608132668,3.0,72290.49237417508,247.21522807609693,39.0,45.0,3547.4614779361054,16.0,148491.51822589754,257.8313335836797,41.0,50.0,4567.6472624663165,20.0,184904.32509861933,0.07272727272727274,3.0,11.0,15.0
11,C12,SKU7,35.0,1.0,50.99671692183483,14.0,46.0,9626.193257853896,39.0,1674.9468493926297,288.0351235360616,10.0,11.0,1449.7856745482197,5.0,71000.47885464548,268.6716083365726,33.0,37.0,1868.9218877079497,9.0,137443.772888904,273.0529664166579,39.0,43.0,2898.6749084577245,12.0,172175.24673959962,-0.2363636363636364,3.0,5.0,7.0
11,C12,SKU94,49.0,2.0,476.3371122212946,14.0,46.0,9626.193257853896,39.0,3757.5006028651565,288.0351235360616,10.0,11.0,2483.5489317856486,9.0,71000.47885464548,268.6716083365726,33.0,37.0,5875.653325400093,19.0,137443.772888904,273.0529664166579,39.0,43.0,7988.092781982599,26.0,172175.24673959962,-0.2363636363636364,5.0,9.0,13.0
11,C12,SKU94,49.0,2.0,476.3371122212946,14.0,46.0,9626.193257853896,39.0,3757.5006028651565,288.0351235360616,10.0,11.0,2483.5489317856486,9.0,71000.47885464548,268.6716083365726,33.0,37.0,5875.653325400093,19.0,137443.772888904,273.0529664166579,39.0,43.0,7988.092781982599,26.0,172175.24673959962,-0.2363636363636364,5.0,9.0,13.0
11,C12,SKU18,28.0,1.0,225.2633481243669,14.0,46.0,9626.193257853896,39.0,1912.7654782806037,288.0351235360616,10.0,11.0,2258.141245675125,9.0,64309.306756835016,268.6716083365726,33.0,37.0,3594.6492811204107,15.0,134425.20039296348,273.0529664166579,39.0,43.0,4487.374291389015,18.0,169326.71391872526,-0.2363636363636364,7.0,12.0,12.0
11,C12,SKU49,28.0,1.0,77.5477322538521,14.0,46.0,9626.193257853896,39.0,2668.5709688252655,288.0351235360616,10.0,11.0,1795.5619315160645,9.0,71000.47885464548,268.6716083365726,33.0,37.0,3104.2376143523725,15.0,137443.772888904,273.0529664166579,39.0,43.0,5392.065726760854,22.0,172175.24673959962,-0.2363636363636364,6.0,8.0,13.0
11,C12,SKU26,42.0,1.0,46.814699444797554,14.0,46.0,9626.193257853896,39.0,2800.9686683264476,288.0351235360616,10.0,11.0,1878.8963415535886,9.0,64309.306756835016,268.6716083365726,33.0,37.0,4362.126765130159,19.0,134425.20039296348,273.0529664166579,39.0,43.0,5671.0460414333365,24.0,169326.71391872526,-0.2363636363636364,4.0,7.0,11.0
11,C12,SKU45,42.0,1.0,157.2967269038666,14.0,46.0,9626.193257853896,39.0,2521.432797693632,288.0351235360616,10.0,11.0,2225.67694976665,7.0,71000.47885464548,268.6716083365726,33.0,37.0,4352.962589053176,15.0,137443.772888904,273.0529664166579,39.0,43.0,5057.5910904026705,18.0,172175.24673959962,-0.2363636363636364,6.0,9.0,11.0
11,C12,SKU83,42.0,1.0,410.1042891685017,14.0,46.0,9626.193257853896,39.0,3072.6560393162713,288.0351235360616,10.0,11.0,1745.4084827186693,5.0,64309.306756835016,268.6716083365726,33.0,37.0,6022.622707175466,19.0,134425.20039296348,273.0529664166579,39.0,43.0,7061.109254625385,23.0,169326.71391872526,-0.2363636363636364,1.0,10.0,11.0
11,C12,SKU69,,,,,,,,,,,,,,,,,,,,,,,,,,,,,,
11,C12,SKU24,,,,,,,,,,,,,,,,,,,,,,,,,,,,,,
11,C12,SKU31,56.0,1.0,311.68660879263666,14.0,46.0,9626.193257853896,39.0,2968.0074830757503,288.0351235360616,10.0,11.0,2588.410931651886,10.0,72290.49237417508,268.6716083365726,33.0,37.0,5665.229170095801,21.0,148491.51822589754,273.0529664166579,39.0,43.0,5817.221087898065,22.0,184904.32509861933,-0.2363636363636364,7.0,16.0,17.0
11,C12,SKU78,7.0,2.0,389.55046875080683,14.0,46.0,9626.193257853896,39.0,3642.609496256943,288.0351235360616,10.0,11.0,1554.1710557580261,9.0,64309.306756835016,268.6716083365726,33.0,37.0,4150.523764079384,19.0,134425.20039296348,273.0529664166579,39.0,43.0,5149.05149684041,23.0,169326.71391872526,-0.2363636363636364,6.0,11.0,12.0
11,C12,SKU78,7.0,2.0,389.55046875080683,14.0,46.0,9626.193257853896,39.0,3642.609496256943,288.0351235360616,10.0,11.0,1554.1710557580261,9.0,64309.306756835016,268.6716083365726,33.0,37.0,4150.523764079384,19.0,134425.20039296348,273.0529664166579,39.0,43.0,5149.05149684041,23.0,169326.71391872526,-0.2363636363636364,6.0,11.0,12.0
11,C12,SKU77,42.0,1.0,30.74721349449586,14.0,46.0,9626.193257853896,39.0,2915.234266854536,288.0351235360616,10.0,11.0,1969.5849943511034,6.0,64309.306756835016,268.6716083365726,33.0,37.0,6020.897732327896,20.0,134425.20039296348,273.0529664166579,39.0,43.0,7074.900189336561,24.0,169326.71391872526,-0.2363636363636364,4.0,11.0,12.0
11,C12,SKU60,56.0,1.0,317.86966251634794,14.0,46.0,9626.193257853896,39.0,2392.1984382967407,288.0351235360616,10.0,11.0,1791.5378940569078,6.0,71000.47885464548,268.6716083365726,33.0,37.0,4922.461327065566,16.0,137443.772888904,273.0529664166579,39.0,43.0,5049.12612134024,17.0,172175.24673959962,-0.2363636363636364,4.0,11.0,12.0
11,C12,SKU21,7.0,3.0,228.31486843877065,14.0,46.0,9626.193257853896,39.0,1615.9110381919827,288.0351235360616,10.0,11.0,2353.590426368052,8.0,72290.49237417508,268.6716083365726,33.0,37.0,3999.2104528811406,15.0,148491.51822589754,273.0529664166579,39.0,43.0,4945.858239130029,20.0,184904.32509861933,-0.2363636363636364,6.0,12.0,15.0
11,C12,SKU21,7.0,3.0,228.31486843877065,14.0,46.0,9626.193257853896,39.0,1615.9110381919827,288.0351235360616,10.0,11.0,2353.590426368052,8.0,72290.49237417508,268.6716083365726,33.0,37.0,3999.2104528811406,15.0,148491.51822589754,273.0529664166579,39.0,43.0,4945.858239130029,20.0,184904.32509861933,-0.2363636363636364,6.0,12.0,15.0
11,C12,SKU21,7.0,3.0,228.31486843877065,14.0,46.0,9626.193257853896,39.0,1615.9110381919827,288.0351235360616,10.0,11.0,2353.590426368052,8.0,72290.49237417508,268.6716083365726,33.0,37.0,3999.2104528811406,15.0,148491.51822589754,273.0529664166579,39.0,43.0,4945.858239130029,20.0,184904.32509861933,-0.2363636363636364,6.0,12.0,15.0
11,C12,SKU53,14.0,1.0,322.98950550331006,14.0,46.0,9626.193257853896,39.0,3977.09002432701,288.0351235360616,10.0,11.0,2994.1997658245277,11.0,64309.306756835016,268.6716083365726,33.0,37.0,6146.443756492574,20.0,134425.20039296348,273.0529664166579,39.0,43.0,7552.643426786867,26.0,169326.71391872526,-0.2363636363636364,7.0,10.0,12.0
11,C12,SKU81,70.0,1.0,442.52866237562273,14.0,46.0,9626.193257853896,39.0,2283.217610935724,288.0351235360616,10.0,11.0,884.0878153107776,7.0,64309.306756835016,268.6716083365726,33.0,37.0,3594.4891330396335,17.0,134425.20039296348,273.0529664166579,39.0,43.0,5080.177260453762,21.0,169326.71391872526,-0.2363636363636364,4.0,13.0,16.0
11,C12,SKU16,63.0,1.0,138.34826414048476,14.0,46.0,9626.193257853896,39.0,2114.4928116909978,288.0351235360616,10.0,11.0,1267.8749765938103,6.0,64309.306756835016,268.6716083365726,33.0,37.0,2601.462544954339,11.0,134425.20039296348,273.0529664166579,39.0,43.0,3390.803962090401,16.0,169326.71391872526,-0.2363636363636364,2.0,4.0,7.0
11,C12,SKU30,49.0,1.0,222.570594077752,14.0,46.0,9626.193257853896,39.0,3711.786557467801,288.0351235360616,10.0,11.0,3297.6177659457226,9.0,64309.306756835016,268.6716083365726,33.0,37.0,5966.215162100634,19.0,134425.20039296348,273.0529664166579,39.0,43.0,7394.873152362657,26.0,169326.71391872526,-0.2363636363636364,3.0,12.0,17.0
11,C12,SKU98,14.0,1.0,199.56876574833115,14.0,46.0,9626.193257853896,39.0,2127.256591660423,288.0351235360616,10.0,11.0,2373.2708616765435,11.0,71000.47885464548,268.6716083365726,33.0,37.0,3380.219179246736,14.0,137443.772888904,273.0529664166579,39.0,43.0,4767.829085732679,19.0,172175.24673959962,-0.2363636363636364,5.0,6.0,7.0
11,C12,SKU56,,,,,,,,,,,,,,,,,,,,,,,,,,,,,,
11,C12,SKU4,63.0,1.0,496.2044252707524,14.0,46.0,9626.193257853896,39.0,3013.2949312316678,288.0351235360616,10.0,11.0,2655.6484127428835,8.0,71000.47885464548,268.6716083365726,33.0,37.0,4052.347400421194,16.0,137443.772888904,273.0529664166579,39.0,43.0,5206.213575325947,19.0,172175.24673959962,-0.2363636363636364,3.0,8.0,9.0
11,C12,SKU54,35.0,1.0,369.10484275772757,14.0,46.0,9626.193257853896,39.0,1392.3578873885974,288.0351235360616,10.0,11.0,1609.6467143000414,7.0,72290.49237417508,268.6716083365726,33.0,37.0,2606.8102918522354,11.0,148491.51822589754,273.0529664166579,39.0,43.0,3631.498343241021,15.0,184904.32509861933,-0.2363636363636364,5.0,8.0,10.0
11,C12,SKU48,49.0,1.0,364.14398886955297,14.0,46.0,9626.193257853896,39.0,2368.132574397137,288.0351235360616,10.0,11.0,2294.3657919101456,11.0,71000.47885464548,268.6716083365726,33.0,37.0,4714.559295750083,17.0,137443.772888904,273.0529664166579,39.0,43.0,5555.479837264602,20.0,172175.24673959962,-0.2363636363636364,6.0,9.0,11.0
11,C12,SKU80,35.0,1.0,330.9612733300584,14.0,46.0,9626.193257853896,39.0,2604.7048310487007,288.0351235360616,10.0,11.0,2146.07442467616,7.0,64309.306756835016,268.6716083365726,33.0,37.0,4759.000777469969,17.0,134425.20039296348,273.0529664166579,39.0,43.0,5848.340218353709,22.0,169326.71391872526,-0.2363636363636364,3.0,8.0,10.0
11,C12,SKU87,49.0,1.0,268.6913839096492,14.0,46.0,9626.193257853896,39.0,1091.7497934863045,288.0351235360616,10.0,11.0,1325.3696225216397,3.0,72290.49237417508,268.6716083365726,33.0,37.0,4240.63360609992,14.0,148491.51822589754,273.0529664166579,39.0,43.0,4687.7934746868705,16.0,184904.32509861933,-0.2363636363636364,1.0,5.0,5.0
11,C12,SKU14,,,,,,,,,,,,,,,,,,,,,,,,,,,,,,
11,C12,SKU23,49.0,1.0,124.08365292773902,14.0,46.0,9626.193257853896,39.0,2529.226035705933,288.0351235360616,10.0,11.0,2634.4380931227643,10.0,71000.47885464548,268.6716083365726,33.0,37.0,4401.380339195599,16.0,137443.772888904,273.0529664166579,39.0,43.0,5978.508943032263,23.0,172175.24673959962,-0.2363636363636364,5.0,8.0,10.0
11,C12,SKU72,35.0,1.0,251.36209662783364,14.0,46.0,9626.193257853896,39.0,3018.2863524980753,288.0351235360616,10.0,11.0,2143.854582708852,7.0,64309.306756835016,268.6716083365726,33.0,37.0,4863.608727258521,18.0,134425.20039296348,273.0529664166579,39.0,43.0,6002.861555273883,22.0,169326.71391872526,-0.2363636363636364,4.0,12.0,16.0
11,C12,SKU58,42.0,1.0,170.59390887943675,14.0,46.0,9626.193257853896,39.0,2428.364439028346,288.0351235360616,10.0,11.0,1297.7898246030197,8.0,72290.49237417508,268.6716083365726,33.0,37.0,3175.459193108213,16.0,148491.51822589754,273.0529664166579,39.0,43.0,4854.18394342602,23.0,184904.32509861933,-0.2363636363636364,4.0,8.0,11.0
11,C12,SKU38,28.0,1.0,225.38037769664587,14.0,46.0,9626.193257853896,39.0,3688.49053974194,288.0351235360616,10.0,11.0,2761.0560156102297,11.0,72290.49237417508,268.6716083365726,33.0,37.0,5745.3779223572765,22.0,148491.51822589754,273.0529664166579,39.0,43.0,7883.80530397241,28.0,184904.32509861933,-0.2363636363636364,6.0,10.0,14.0
11,C12,SKU10,70.0,1.0,157.67224162748175,14.0,46.0,9626.193257853896,39.0,1497.4464980275773,288.0351235360616,10.0,11.0,637.246305027026,4.0,71000.47885464548,268.6716083365726,33.0,37.0,3710.9206991514775,14.0,137443.772888904,273.0529664166579,39.0,43.0,4903.101289382736,19.0,172175.24673959962,-0.2363636363636364,1.0,8.0,10.0
11,C12,SKU27,56.0,1.0,361.691289559634,14.0,46.0,9626.193257853896,39.0,1268.8374400402477,288.0351235360616,10.0,11.0,1850.686499348616,6.0,71000.47885464548,268.6716083365726,33.0,37.0,4532.766246076299,16.0,137443.772888904,273.0529664166579,39.0,43.0,4829.31304282509,18.0,172175.24673959962,-0.2363636363636364,1.0,4.0,4.0
11,C12,SKU5,,,,,,,,,,,,,,,,,,,,,,,,,,,,,,
11,C12,SKU22,21.0,1.0,343.20109787844143,14.0,46.0,9626.193257853896,39.0,2978.2039427356617,288.0351235360616,10.0,11.0,3590.4101892893627,10.0,71000.47885464548,268.6716083365726,33.0,37.0,5087.730946024144,16.0,137443.772888904,273.0529664166579,39.0,43.0,5587.376488651759,19.0,172175.24673959962,-0.2363636363636364,8.0,12.0,14.0
11,C12,SKU71,70.0,1.0,331.07530499624784,14.0,46.0,9626.193257853896,39.0,3096.068461614182,288.0351235360616,10.0,11.0,2404.39611588069,11.0,72290.49237417508,268.6716083365726,33.0,37.0,4674.080739616792,20.0,148491.51822589754,273.0529664166579,39.0,43.0,6040.737840554442,26.0,184904.32509861933,-0.2363636363636364,6.0,11.0,15.0
11,C12,SKU89,28.0,1.0,379.5539735885285,14.0,46.0,9626.193257853896,39.0,3580.937800003732,288.0351235360616,10.0,11.0,2711.515344539416,8.0,72290.49237417508,268.6716083365726,33.0,37.0,4952.93249102111,17.0,148491.51822589754,273.0529664166579,39.0,43.0,5669.163547128538,19.0,184904.32509861933,-0.2363636363636364,6.0,11.0,13.0
11,C12,SKU66,,,,,,,,,,,,,,,,,,,,,,,,,,,,,,
11,C12,SKU85,35.0,1.0,42.73817766612561,14.0,46.0,9626.193257853896,39.0,2552.9427276113784,288.0351235360616,10.0,11.0,2098.0126112069374,8.0,64309.306756835016,268.6716083365726,33.0,37.0,3983.7048522072832,17.0,134425.20039296348,273.0529664166579,39.0,43.0,4745.749114396946,20.0,169326.71391872526,-0.2363636363636364,2.0,8.0,9.0
11,C12,SKU40,42.0,1.0,356.1775523590309,14.0,46.0,9626.193257853896,39.0,2107.523665214607,288.0351235360616,10.0,11.0,1316.753953201328,10.0,64309.306756835016,268.6716083365726,33.0,37.0,2963.78974554345,17.0,134425.20039296348,273.0529664166579,39.0,43.0,3647.9288448918765,19.0,169326.71391872526,-0.2363636363636364,6.0,13.0,15.0
11,C12,SKU1,35.0,1.0,344.1180337366988,14.0,46.0,9626.193257853896,39.0,2040.4833708442043,288.0351235360616,10.0,11.0,1896.417385529631,8.0,64309.306756835016,268.6716083365726,33.0,37.0,2940.1441700632254,11.0,134425.20039296348,273.0529664166579,39.0,43.0,3629.2039743522905,16.0,169326.71391872526,-0.2363636363636364,5.0,8.0,11.0
11,C12,SKU51,56.0,1.0,352.9794125846647,14.0,46.0,9626.193257853896,39.0,1891.5781601654553,288.0351235360616,10.0,11.0,486.7791275019824,5.0,64309.306756835016,268.6716083365726,33.0,37.0,2563.3211172380097,13.0,134425.20039296348,273.0529664166579,39.0,43.0,4153.947150176074,18.0,169326.71391872526,-0.2363636363636364,2.0,7.0,8.0
11,C12,SKU86,70.0,1.0,234.59914905251483,14.0,46.0,9626.193257853896,39.0,2296.2046487199973,288.0351235360616,10.0,11.0,1623.0877239540343,7.0,64309.306756835016,268.6716083365726,33.0,37.0,3044.2798000924367,13.0,134425.20039296348,273.0529664166579,39.0,43.0,4659.285780581268,21.0,169326.71391872526,-0.2363636363636364,4.0,6.0,11.0
11,C12,SKU2,56.0,1.0,142.39563610702214,14.0,46.0,9626.193257853896,39.0,1552.299818017192,288.0351235360616,10.0,11.0,903.8945157772882,5.0,72290.49237417508,268.6716083365726,33.0,37.0,3056.9354831768433,13.0,148491.51822589754,273.0529664166579,39.0,43.0,3804.496357605421,16.0,184904.32509861933,-0.2363636363636364,4.0,8.0,9.0
11,C12,SKU37,14.0,1.0,370.17916341852174,14.0,46.0,9626.193257853896,39.0,3591.5989554667126,288.0351235360616,10.0,11.0,2506.0641619629373,9.0,71000.47885464548,268.6716083365726,33.0,37.0,6062.756483960785,24.0,137443.772888904,273.0529664166579,39.0,43.0,7868.481946817385,30.0,172175.24673959962,-0.2363636363636364,6.0,14.0,16.0
11,C12,SKU9,49.0,1.0,353.3180163452668,14.0,46.0,9626.193257853896,39.0,2578.9032756017787,288.0351235360616,10.0,11.0,656.8016608132668,3.0,72290.49237417508,268.6716083365726,33.0,37.0,3547.4614779361054,16.0,148491.51822589754,273.0529664166579,39.0,43.0,4567.6472624663165,20.0,184904.32509861933,-0.2363636363636364,3.0,11.0,15.0
11,C13,SKU36,21.0,1.0,252.72181933230706,6.0,49.0,7497.093317155581,38.0,3878.3755467399974,249.9578037711144,17.0,17.0,2098.4499335866844,9.0,71000.47885464548,279.6788643321915,29.0,36.0,4085.6246541863675,16.0,137443.772888904,279.1965217652775,38.0,46.0,5006.714238376788,21.0,172175.24673959962,-0.08484848484848484,5.0,10.0,12.0
11,C13,SKU35,70.0,1.0,451.05682762419394,6.0,49.0,7497.093317155581,38.0,3712.4861044710765,249.9578037711144,17.0,17.0,2754.1797051098306,13.0,71000.47885464548,279.6788643321915,29.0,36.0,4134.082406545251,18.0,137443.772888904,279.1965217652775,38.0,46.0,5605.79976774534,22.0,172175.24673959962,-0.08484848484848484,6.0,8.0,12.0
11,C13,SKU46,63.0,1.0,197.58848169934802,6.0,49.0,7497.093317155581,38.0,1716.661084172158,249.9578037711144,17.0,17.0,1113.88374513786,5.0,71000.47885464548,279.6788643321915,29.0,36.0,2359.140085796144,10.0,137443.772888904,279.1965217652775,38.0,46.0,4011.448091088257,17.0,172175.24673959962,-0.08484848484848484,4.0,8.0,13.0
11,C13,SKU42,70.0,1.0,348.707930900594,6.0,49.0,7497.093317155581,38.0,2423.8521056941017,249.9578037711144,17.0,17.0,2048.043858333036,8.0,64309.306756835016,279.6788643321915,29.0,36.0,2875.4570715654363,12.0,134425.20039296348,279.1965217652775,38.0,46.0,3693.722317751543,15.0,169326.71391872526,-0.08484848484848484,3.0,4.0,5.0
11,C13,SKU69,7.0,2.0,386.48461474602425,6.0,49.0,7497.093317155581,38.0,4309.405519571437,249.9578037711144,17.0,17.0,2035.2711131866931,7.0,64309.306756835016,279.6788643321915,29.0,36.0,4689.680921989357,15.0,134425.20039296348,279.1965217652775,38.0,46.0,6440.272283329844,22.0,169326.71391872526,-0.08484848484848484,4.0,11.0,15.0
11,C13,SKU69,7.0,2.0,386.48461474602425,6.0,49.0,7497.093317155581,38.0,4309.405519571437,249.9578037711144,17.0,17.0,2035.2711131866931,7.0,64309.306756835016,279.6788643321915,29.0,36.0,4689.680921989357,15.0,134425.20039296348,279.1965217652775,38.0,46.0,6440.272283329844,22.0,169326.71391872526,-0.08484848484848484,4.0,11.0,15.0
11,C13,SKU19,56.0,1.0,214.5260881658533,6.0,49.0,7497.093317155581,38.0,4020.1694548435967,249.9578037711144,17.0,17.0,2459.6185464635482,8.0,64309.306756835016,279.6788643321915,29.0,36.0,4521.7287856660405,15.0,134425.20039296348,279.1965217652775,38.0,46.0,5248.878137480506,18.0,169326.71391872526,-0.08484848484848484,4.0,5.0,7.0
11,C13,SKU93,,,,,,,,,,,,,,,,,,,,,,,,,,,,,,
11,C13,SKU97,42.0,1.0,17.15909256604304,6.0,49.0,7497.093317155581,38.0,2763.7157447432432,249.9578037711144,17.0,17.0,1680.6880253238674,9.0,72290.49237417508,279.6788643321915,29.0,36.0,3408.703085968549,18.0,148491.51822589754,279.1965217652775,38.0,46.0,4105.349745126161,20.0,184904.32509861933,-0.08484848484848484,5.0,9.0,9.0
11,C13,SKU12,63.0,1.0,112.7842678605914,6.0,49.0,7497.093317155581,38.0,2728.223247791675,249.9578037711144,17.0,17.0,2521.395030978758,9.0,64309.306756835016,279.6788643321915,29.0,36.0,3695.688159793338,13.0,134425.20039296348,279.1965217652775,38.0,46.0,4205.119040348188,15.0,169326.71391872526,-0.08484848484848484,6.0,8.0,10.0
11,C13,SKU63,14.0,2.0,347.72126223537714,6.0,49.0,7497.093317155581,38.0,5123.381693983563,249.9578037711144,17.0,17.0,3844.564732690659,10.0,72290.49237417508,279.6788643321915,29.0,36.0,6449.086660364468,19.0,148491.51822589754,279.1965217652775,38.0,46.0,8086.425774464821,25.0,184904.32509861933,-0.08484848484848484,7.0,11.0,12.0
11,C13,SKU63,14.0,2.0,347.72126223537714,6.0,49.0,7497.093317155581,38.0,5123.381693983563,249.9578037711144,17.0,17.0,3844.564732690659,10.0,72290.49237417508,279.6788643321915,29.0,36.0,6449.086660364468,19.0,148491.51822589754,279.1965217652775,38.0,46.0,8086.425774464821,25.0,184904.32509861933,-0.08484848484848484,7.0,11.0,12.0
11,C13,SKU77,56.0,2.0,337.9137525422616,6.0,49.0,7497.093317155581,38.0,4159.665922482025,249.9578037711144,17.0,17.0,1969.5849943511034,6.0,64309.306756835016,279.6788643321915,29.0,36.0,6020.897732327896,20.0,134425.20039296348,279.1965217652775,38.0,46.0,7074.900189336561,24.0,169326.71391872526,-0.08484848484848484,2.0,9.0,12.0
11,C13,SKU77,56.0,2.0,337.9137525422616,6.0,49.0,7497.093317155581,38.0,4159.665922482025,249.9578037711144,17.0,17.0,1969.5849943511034,6.0,64309.306756835016,279.6788643321915,29.0,36.0,6020.897732327896,20.0,134425.20039296348,279.1965217652775,38.0,46.0,7074.900189336561,24.0,169326.71391872526,-0.08484848484848484,2.0,9.0,12.0
11,C13,SKU65,21.0,1.0,216.08620458840406,6.0,49.0,7497.093317155581,38.0,2742.637392291262,249.9578037711144,17.0,17.0,1926.4022658393026,7.0,64309.306756835016,279.6788643321915,29.0,36.0,2847.126109998277,11.0,134425.20039296348,279.1965217652775,38.0,46.0,4812.507686816041,16.0,169326.71391872526,-0.08484848484848484,4.0,7.0,11.0
11,C13,SKU62,14.0,1.0,322.342110195841,6.0,49.0,7497.093317155581,38.0,3581.745762989488,249.9578037711144,17.0,17.0,2300.964082607896,9.0,72290.49237417508,279.6788643321915,29.0,36.0,3409.285760329741,13.0,148491.51822589754,279.1965217652775,38.0,46.0,5094.40761574676,19.0,184904.32509861933,-0.08484848484848484,6.0,9.0,12.0
11,C13,SKU34,42.0,2.0,325.0832195929373,6.0,49.0,7497.093317155581,38.0,5244.288347500294,249.9578037711144,17.0,17.0,3705.418135522522,14.0,71000.47885464548,279.6788643321915,29.0,36.0,6259.775782633862,23.0,137443.772888904,279.1965217652775,38.0,46.0,7435.249755115927,26.0,172175.24673959962,-0.08484848484848484,3.0,8.0,9.0
11,C13,SKU34,42.0,2.0,325.0832195929373,6.0,49.0,7497.093317155581,38.0,5244.288347500294,249.9578037711144,17.0,17.0,3705.418135522522,14.0,71000.47885464548,279.6788643321915,29.0,36.0,6259.775782633862,23.0,137443.772888904,279.1965217652775,38.0,46.0,7435.249755115927,26.0,172175.24673959962,-0.08484848484848484,3.0,8.0,9.0
11,C13,SKU81,56.0,1.0,397.1366055991243,6.0,49.0,7497.093317155581,38.0,2796.9596495180376,249.9578037711144,17.0,17.0,884.0878153107776,7.0,64309.306756835016,279.6788643321915,29.0,36.0,3594.4891330396335,17.0,134425.20039296348,279.1965217652775,38.0,46.0,5080.177260453762,21.0,169326.71391872526,-0.08484848484848484,3.0,4.0,5.0
11,C13,SKU91,28.0,1.0,188.41919827832476,6.0,49.0,7497.093317155581,38.0,3041.4309024381173,249.9578037711144,17.0,17.0,2984.7942397263446,12.0,71000.47885464548,279.6788643321915,29.0,36.0,5467.293917927763,21.0,137443.772888904,279.1965217652775,38.0,46.0,6199.939367149383,24.0,172175.24673959962,-0.08484848484848484,8.0,14.0,14.0
11,C13,SKU98,63.0,1.0,283.6906716262147,6.0,49.0,7497.093317155581,38.0,2640.5724940722566,249.9578037711144,17.0,17.0,2373.2708616765435,11.0,71000.47885464548,279.6788643321915,29.0,36.0,3380.219179246736,14.0,137443.772888904,279.1965217652775,38.0,46.0,4767.829085732679,19.0,172175.24673959962,-0.08484848484848484,6.0,8.0,12.0
11,C13,SKU47,70.0,1.0,228.48750364191076,6.0,49.0,7497.093317155581,38.0,3243.350734954755,249.9578037711144,17.0,17.0,1504.2583208823662,6.0,64309.306756835016,279.6788643321915,29.0,36.0,4078.5232405462552,15.0,134425.20039296348,279.1965217652775,38.0,46.0,4851.310939419624,19.0,169326.71391872526,-0.08484848484848484,3.0,6.0,7.0
11,C13,SKU56,35.0,1.0,44.66692900698325,6.0,49.0,7497.093317155581,38.0,1562.4169746612702,249.9578037711144,17.0,17.0,1545.754829674268,6.0,64309.306756835016,279.6788643321915,29.0,36.0,3270.798830899707,18.0,134425.20039296348,279.1965217652775,38.0,46.0,3695.2568467426813,19.0,169326.71391872526,-0.08484848484848484,3.0,8.0,8.0
11,C13,SKU8,,,,,,,,,,,,,,,,,,,,,,,,,,,,,,
11,C13,SKU25,63.0,1.0,21.409022682637293,6.0,49.0,7497.093317155581,38.0,4766.470564584546,249.9578037711144,17.0,17.0,3311.017450541504,13.0,72290.49237417508,279.6788643321915,29.0,36.0,6567.44870163083,25.0,148491.51822589754,279.1965217652775,38.0,46.0,8248.815644727618,31.0,184904.32509861933,-0.08484848484848484,8.0,15.0,16.0
11,C13,SKU52,56.0,1.0,50.096122803733316,6.0,49.0,7497.093317155581,38.0,2756.4448547017687,249.9578037711144,17.0,17.0,1741.9187812705975,9.0,72290.49237417508,279.6788643321915,29.0,36.0,3427.098935903869,15.0,148491.51822589754,279.1965217652775,38.0,46.0,3902.437562751791,16.0,184904.32509861933,-0.08484848484848484,4.0,7.0,8.0
11,C13,SKU48,70.0,1.0,379.5104268460508,6.0,49.0,7497.093317155581,38.0,3187.3472628674654,249.9578037711144,17.0,17.0,2294.3657919101456,11.0,71000.47885464548,279.6788643321915,29.0,36.0,4714.559295750083,17.0,137443.772888904,279.1965217652775,38.0,46.0,5555.479837264602,20.0,172175.24673959962,-0.08484848484848484,5.0,8.0,9.0
11,C13,SKU87,49.0,1.0,164.5402072483983,6.0,49.0,7497.093317155581,38.0,3596.043681200566,249.9578037711144,17.0,17.0,1325.3696225216397,3.0,72290.49237417508,279.6788643321915,29.0,36.0,4240.63360609992,14.0,148491.51822589754,279.1965217652775,38.0,46.0,4687.7934746868705,16.0,184904.32509861933,-0.08484848484848484,2.0,9.0,11.0
11,C13,SKU100,,,,,,,,,,,,,,,,,,,,,,,,,,,,,,
11,C13,SKU6,28.0,1.0,384.2732218109984,6.0,49.0,7497.093317155581,38.0,2548.427845853984,249.9578037711144,17.0,17.0,1718.2138115896896,5.0,64309.306756835016,279.6788643321915,29.0,36.0,3444.5401016023407,13.0,134425.20039296348,279.1965217652775,38.0,46.0,3930.0555283698873,16.0,169326.71391872526,-0.08484848484848484,2.0,7.0,8.0
11,C13,SKU72,7.0,1.0,358.91288337162723,6.0,49.0,7497.093317155581,38.0,2984.5752027758062,249.9578037711144,17.0,17.0,2143.854582708852,7.0,64309.306756835016,279.6788643321915,29.0,36.0,4863.608727258521,18.0,134425.20039296348,279.1965217652775,38.0,46.0,6002.861555273883,22.0,169326.71391872526,-0.08484848484848484,3.0,6.0,6.0
11,C13,SKU39,,,,,,,,,,,,,,,,,,,,,,,,,,,,,,
11,C13,SKU58,56.0,1.0,484.6000018301182,6.0,49.0,7497.093317155581,38.0,2425.819504397674,249.9578037711144,17.0,17.0,1297.7898246030197,8.0,72290.49237417508,279.6788643321915,29.0,36.0,3175.459193108213,16.0,148491.51822589754,279.1965217652775,38.0,46.0,4854.18394342602,23.0,184904.32509861933,-0.08484848484848484,4.0,8.0,12.0
11,C13,SKU17,35.0,3.0,387.14735460323055,6.0,49.0,7497.093317155581,38.0,5081.190266320188,249.9578037711144,17.0,17.0,1099.92123122253,4.0,72290.49237417508,279.6788643321915,29.0,36.0,6046.566669899512,20.0,148491.51822589754,279.1965217652775,38.0,46.0,7723.295835124876,24.0,184904.32509861933,-0.08484848484848484,2.0,12.0,14.0
11,C13,SKU17,35.0,3.0,387.14735460323055,6.0,49.0,7497.093317155581,38.0,5081.190266320188,249.9578037711144,17.0,17.0,1099.92123122253,4.0,72290.49237417508,279.6788643321915,29.0,36.0,6046.566669899512,20.0,148491.51822589754,279.1965217652775,38.0,46.0,7723.295835124876,24.0,184904.32509861933,-0.08484848484848484,2.0,12.0,14.0
11,C13,SKU17,35.0,3.0,387.14735460323055,6.0,49.0,7497.093317155581,38.0,5081.190266320188,249.9578037711144,17.0,17.0,1099.92123122253,4.0,72290.49237417508,279.6788643321915,29.0,36.0,6046.566669899512,20.0,148491.51822589754,279.1965217652775,38.0,46.0,7723.295835124876,24.0,184904.32509861933,-0.08484848484848484,2.0,12.0,14.0
11,C13,SKU76,7.0,1.0,385.034457508886,6.0,49.0,7497.093317155581,38.0,2709.5969711076746,249.9578037711144,17.0,17.0,2408.515227882009,11.0,71000.47885464548,279.6788643321915,29.0,36.0,4641.153927856552,19.0,137443.772888904,279.1965217652775,38.0,46.0,5347.188208957184,22.0,172175.24673959962,-0.08484848484848484,8.0,9.0,12.0
11,C13,SKU38,7.0,1.0,188.1622527490251,6.0,49.0,7497.093317155581,38.0,4195.31476423047,249.9578037711144,17.0,17.0,2761.0560156102297,11.0,72290.49237417508,279.6788643321915,29.0,36.0,5745.3779223572765,22.0,148491.51822589754,279.1965217652775,38.0,46.0,7883.80530397241,28.0,184904.32509861933,-0.08484848484848484,5.0,12.0,14.0
11,C13,SKU55,14.0,2.0,437.1415180799962,6.0,49.0,7497.093317155581,38.0,2718.6657102173667,249.9578037711144,17.0,17.0,1998.897600122124,7.0,64309.306756835016,279.6788643321915,29.0,36.0,3587.397886299588,12.0,134425.20039296348,279.1965217652775,38.0,46.0,4503.739931530498,16.0,169326.71391872526,-0.08484848484848484,2.0,6.0,8.0
11,C13,SKU55,14.0,2.0,437.1415180799962,6.0,49.0,7497.093317155581,38.0,2718.6657102173667,249.9578037711144,17.0,17.0,1998.897600122124,7.0,64309.306756835016,279.6788643321915,29.0,36.0,3587.397886299588,12.0,134425.20039296348,279.1965217652775,38.0,46.0,4503.739931530498,16.0,169326.71391872526,-0.08484848484848484,2.0,6.0,8.0
11,C13,SKU95,35.0,1.0,388.5165728847867,6.0,49.0,7497.093317155581,38.0,3563.493156039451,249.9578037711144,17.0,17.0,1881.0495206651105,8.0,64309.306756835016,279.6788643321915,29.0,36.0,4188.04017562578,16.0,134425.20039296348,279.1965217652775,38.0,46.0,4265.538178432196,17.0,169326.71391872526,-0.08484848484848484,2.0,5.0,5.0
11,C13,SKU5,14.0,1.0,166.92173379207566,6.0,49.0,7497.093317155581,38.0,4475.10022155687,249.9578037711144,17.0,17.0,2752.7115105281678,9.0,72290.49237417508,279.6788643321915,29.0,36.0,7156.4594080845045,24.0,148491.51822589754,279.1965217652775,38.0,46.0,8513.080158022674,29.0,184904.32509861933,-0.08484848484848484,5.0,10.0,12.0
11,C13,SKU13,28.0,1.0,140.36000673237257,6.0,49.0,7497.093317155581,38.0,3397.9711601189915,249.9578037711144,17.0,17.0,2639.5557162582354,9.0,72290.49237417508,279.6788643321915,29.0,36.0,4043.166248554249,14.0,148491.51822589754,279.1965217652775,38.0,46.0,6020.244724995739,19.0,184904.32509861933,-0.08484848484848484,1.0,3.0,6.0
11,C13,SKU43,42.0,1.0,378.43007937379616,6.0,49.0,7497.093317155581,38.0,2532.743682329215,249.9578037711144,17.0,17.0,1168.0650395391517,5.0,72290.49237417508,279.6788643321915,29.0,36.0,3446.6599790396226,14.0,148491.51822589754,279.1965217652775,38.0,46.0,4562.116205894099,18.0,184904.32509861933,-0.08484848484848484,1.0,4.0,8.0
11,C13,SKU32,7.0,1.0,133.94272990286498,6.0,49.0,7497.093317155581,38.0,3578.5559559457374,249.9578037711144,17.0,17.0,2221.4941391896728,9.0,72290.49237417508,279.6788643321915,29.0,36.0,4070.9775382142357,15.0,148491.51822589754,279.1965217652775,38.0,46.0,5564.906756256995,23.0,184904.32509861933,-0.08484848484848484,4.0,7.0,11.0
11,C13,SKU59,28.0,2.0,224.9546427293314,6.0,49.0,7497.093317155581,38.0,2299.7805480164484,249.9578037711144,17.0,17.0,495.6727845513598,3.0,72290.49237417508,279.6788643321915,29.0,36.0,2020.2083700771911,9.0,148491.51822589754,279.1965217652775,38.0,46.0,3141.0112032649795,12.0,184904.32509861933,-0.08484848484848484,1.0,4.0,4.0
11,C13,SKU59,28.0,2.0,224.9546427293314,6.0,49.0,7497.093317155581,38.0,2299.7805480164484,249.9578037711144,17.0,17.0,495.6727845513598,3.0,72290.49237417508,279.6788643321915,29.0,36.0,2020.2083700771911,9.0,148491.51822589754,279.1965217652775,38.0,46.0,3141.0112032649795,12.0,184904.32509861933,-0.08484848484848484,1.0,4.0,4.0
11,C13,SKU85,63.0,1.0,286.61294298671146,6.0,49.0,7497.093317155581,38.0,2192.8063867855676,249.9578037711144,17.0,17.0,2098.0126112069374,8.0,64309.306756835016,279.6788643321915,29.0,36.0,3983.7048522072832,17.0,134425.20039296348,279.1965217652775,38.0,46.0,4745.749114396946,20.0,169326.71391872526,-0.08484848484848484,6.0,9.0,11.0
11,C13,SKU86,7.0,1.0,66.72872138872181,6.0,49.0,7497.093317155581,38.0,2363.081131861271,249.9578037711144,17.0,17.0,1623.0877239540343,7.0,64309.306756835016,279.6788643321915,29.0,36.0,3044.2798000924367,13.0,134425.20039296348,279.1965217652775,38.0,46.0,4659.285780581268,21.0,169326.71391872526,-0.08484848484848484,3.0,7.0,10.0
11,C13,SKU44,7.0,1.0,309.5748025426815,6.0,49.0,7497.093317155581,38.0,2688.8294924350594,249.9578037711144,17.0,17.0,3375.707094179786,14.0,72290.49237417508,279.6788643321915,29.0,36.0,3709.5889620045978,17.0,148491.51822589754,279.1965217652775,38.0,46.0,3975.385161577007,18.0,184904.32509861933,-0.08484848484848484,7.0,9.0,10.0
11,C14,SKU94,63.0,1.0,487.573052986401,28.0,17.0,7023.47608693162,35.0,4230.592179117441,272.9294880375975,14.0,14.0,2483.5489317856486,9.0,71000.47885464548,269.48229361218154,26.0,27.0,5875.653325400093,19.0,137443.772888904,278.108092329369,35.0,42.0,7988.092781982599,26.0,172175.24673959962,-0.35151515151515156,5.0,9.0,13.0
11,C14,SKU70,,,,,,,,,,,,,,,,,,,,,,,,,,,,,,
11,C14,SKU49,7.0,1.0,55.119070039296446,28.0,17.0,7023.47608693162,35.0,2723.4947579355885,272.9294880375975,14.0,14.0,1795.5619315160645,9.0,71000.47885464548,269.48229361218154,26.0,27.0,3104.2376143523725,15.0,137443.772888904,278.108092329369,35.0,42.0,5392.065726760854,22.0,172175.24673959962,-0.35151515151515156,6.0,8.0,13.0
11,C14,SKU11,21.0,1.0,38.489199915247184,28.0,17.0,7023.47608693162,35.0,1571.5428566097337,272.9294880375975,14.0,14.0,1306.338850366108,8.0,71000.47885464548,269.48229361218154,26.0,27.0,2550.8480591644948,13.0,137443.772888904,278.108092329369,35.0,42.0,4121.535060767028,18.0,172175.24673959962,-0.35151515151515156,4.0,5.0,7.0
11,C14,SKU29,49.0,1.0,431.21421250837005,28.0,17.0,7023.47608693162,35.0,1790.6759603603157,272.9294880375975,14.0,14.0,1124.9593254292206,6.0,64309.306756835016,269.48229361218154,26.0,27.0,2820.3394756077796,12.0,134425.20039296348,278.108092329369,35.0,42.0,3933.4782928520303,17.0,169326.71391872526,-0.35151515151515156,1.0,3.0,4.0
11,C14,SKU69,42.0,1.0,117.48426918279542,28.0,17.0,7023.47608693162,35.0,4309.405519571437,272.9294880375975,14.0,14.0,2035.2711131866931,7.0,64309.306756835016,269.48229361218154,26.0,27.0,4689.680921989357,15.0,134425.20039296348,278.108092329369,35.0,42.0,6440.272283329844,22.0,169326.71391872526,-0.35151515151515156,3.0,4.0,7.0
11,C14,SKU19,56.0,1.0,483.9322491879934,28.0,17.0,7023.47608693162,35.0,4020.1694548435967,272.9294880375975,14.0,14.0,2459.6185464635482,8.0,64309.306756835016,269.48229361218154,26.0,27.0,4521.7287856660405,15.0,134425.20039296348,278.108092329369,35.0,42.0,5248.878137480506,18.0,169326.71391872526,-0.35151515151515156,4.0,10.0,11.0
11,C14,SKU83,42.0,1.0,218.30920649785736,28.0,17.0,7023.47608693162,35.0,3988.4532153091122,272.9294880375975,14.0,14.0,1745.4084827186693,5.0,64309.306756835016,269.48229361218154,26.0,27.0,6022.622707175466,19.0,134425.20039296348,278.108092329369,35.0,42.0,7061.109254625385,23.0,169326.71391872526,-0.35151515151515156,1.0,10.0,11.0
11,C14,SKU24,42.0,1.0,171.79518857687984,28.0,17.0,7023.47608693162,35.0,2029.4402977187783,272.9294880375975,14.0,14.0,286.69854835136766,3.0,72290.49237417508,269.48229361218154,26.0,27.0,4430.1278243402,16.0,148491.51822589754,278.108092329369,35.0,42.0,5900.984207625734,21.0,184904.32509861933,-0.35151515151515156,0.0,7.0,11.0
11,C14,SKU45,28.0,1.0,308.4889905510458,28.0,17.0,7023.47608693162,35.0,2536.158292709038,272.9294880375975,14.0,14.0,2225.67694976665,7.0,71000.47885464548,269.48229361218154,26.0,27.0,4352.962589053176,15.0,137443.772888904,278.108092329369,35.0,42.0,5057.5910904026705,18.0,172175.24673959962,-0.35151515151515156,6.0,9.0,11.0
11,C14,SKU99,14.0,2.0,400.02229648965624,28.0,17.0,7023.47608693162,35.0,2995.2463578299585,272.9294880375975,14.0,14.0,2063.456357418281,10.0,72290.49237417508,269.48229361218154,26.0,27.0,3861.6408359712746,19.0,148491.51822589754,278.108092329369,35.0,42.0,5112.221920080666,24.0,184904.32509861933,-0.35151515151515156,7.0,13.0,17.0
11,C14,SKU99,14.0,2.0,400.02229648965624,28.0,17.0,7023.47608693162,35.0,2995.2463578299585,272.9294880375975,14.0,14.0,2063.456357418281,10.0,72290.49237417508,269.48229361218154,26.0,27.0,3861.6408359712746,19.0,148491.51822589754,278.108092329369,35.0,42.0,5112.221920080666,24.0,184904.32509861933,-0.35151515151515156,7.0,13.0,17.0
11,C14,SKU31,49.0,1.0,54.93545325370713,28.0,17.0,7023.47608693162,35.0,2849.213604822314,272.9294880375975,14.0,14.0,2588.410931651886,10.0,72290.49237417508,269.48229361218154,26.0,27.0,5665.229170095801,21.0,148491.51822589754,278.108092329369,35.0,42.0,5817.221087898065,22.0,184904.32509861933,-0.35151515151515156,7.0,16.0,17.0
11,C14,SKU63,63.0,1.0,445.0557903509421,28.0,17.0,7023.47608693162,35.0,5123.381693983563,272.9294880375975,14.0,14.0,3844.564732690659,10.0,72290.49237417508,269.48229361218154,26.0,27.0,6449.086660364468,19.0,148491.51822589754,278.108092329369,35.0,42.0,8086.425774464821,25.0,184904.32509861933,-0.35151515151515156,3.0,8.0,13.0
11,C14,SKU97,28.0,1.0,476.3803010715212,28.0,17.0,7023.47608693162,35.0,2763.7157447432432,272.9294880375975,14.0,14.0,1680.6880253238674,9.0,72290.49237417508,269.48229361218154,26.0,27.0,3408.703085968549,18.0,148491.51822589754,278.108092329369,35.0,42.0,4105.349745126161,20.0,184904.32509861933,-0.35151515151515156,4.0,9.0,11.0
11,C14,SKU93,,,,,,,,,,,,,,,,,,,,,,,,,,,,,,
11,C14,SKU73,35.0,2.0,151.16014810334076,28.0,17.0,7023.47608693162,35.0,4571.7837877155935,272.9294880375975,14.0,14.0,2144.6610779968128,9.0,64309.306756835016,269.48229361218154,26.0,27.0,4922.04230623544,18.0,134425.20039296348,278.108092329369,35.0,42.0,6172.422473412418,22.0,169326.71391872526,-0.35151515151515156,6.0,12.0,13.0
11,C14,SKU73,35.0,2.0,151.16014810334076,28.0,17.0,7023.47608693162,35.0,4571.7837877155935,272.9294880375975,14.0,14.0,2144.6610779968128,9.0,64309.306756835016,269.48229361218154,26.0,27.0,4922.04230623544,18.0,134425.20039296348,278.108092329369,35.0,42.0,6172.422473412418,22.0,169326.71391872526,-0.35151515151515156,6.0,12.0,13.0
11,C14,SKU50,28.0,1.0,355.2904879341788,28.0,17.0,7023.47608693162,35.0,3552.1018740017853,272.9294880375975,14.0,14.0,2043.4660640573127,8.0,72290.49237417508,269.48229361218154,26.0,27.0,3799.0039423972185,14.0,148491.51822589754,278.108092329369,35.0,42.0,4985.330160061602,19.0,184904.32509861933,-0.35151515151515156,6.0,10.0,13.0
11,C14,SKU62,70.0,1.0,125.48403230188033,28.0,17.0,7023.47608693162,35.0,3581.745762989488,272.9294880375975,14.0,14.0,2300.964082607896,9.0,72290.49237417508,269.48229361218154,26.0,27.0,3409.285760329741,13.0,148491.51822589754,278.108092329369,35.0,42.0,5094.40761574676,19.0,184904.32509861933,-0.35151515151515156,3.0,4.0,7.0
11,C14,SKU34,21.0,2.0,322.4532677660052,28.0,17.0,7023.47608693162,35.0,5244.288347500294,272.9294880375975,14.0,14.0,3705.418135522522,14.0,71000.47885464548,269.48229361218154,26.0,27.0,6259.775782633862,23.0,137443.772888904,278.108092329369,35.0,42.0,7435.249755115927,26.0,172175.24673959962,-0.35151515151515156,11.0,15.0,17.0
11,C14,SKU34,21.0,2.0,322.4532677660052,28.0,17.0,7023.47608693162,35.0,5244.288347500294,272.9294880375975,14.0,14.0,3705.418135522522,14.0,71000.47885464548,269.48229361218154,26.0,27.0,6259.775782633862,23.0,137443.772888904,278.108092329369,35.0,42.0,7435.249755115927,26.0,172175.24673959962,-0.35151515151515156,11.0,15.0,17.0
11,C14,SKU91,70.0,1.0,340.07562103526834,28.0,17.0,7023.47608693162,35.0,3041.4309024381173,272.9294880375975,14.0,14.0,2984.7942397263446,12.0,71000.47885464548,269.48229361218154,26.0,27.0,5467.293917927763,21.0,137443.772888904,278.108092329369,35.0,42.0,6199.939367149383,24.0,172175.24673959962,-0.35151515151515156,4.0,7.0,10.0
11,C14,SKU98,7.0,1.0,264.8863765722218,28.0,17.0,7023.47608693162,35.0,2640.5724940722566,272.9294880375975,14.0,14.0,2373.2708616765435,11.0,71000.47885464548,269.48229361218154,26.0,27.0,3380.219179246736,14.0,137443.772888904,278.108092329369,35.0,42.0,4767.829085732679,19.0,172175.24673959962,-0.35151515151515156,5.0,6.0,7.0
11,C14,SKU8,42.0,2.0,340.0028181016029,28.0,17.0,7023.47608693162,35.0,4899.0980248205815,272.9294880375975,14.0,14.0,1356.43606397429,5.0,72290.49237417508,269.48229361218154,26.0,27.0,6079.582298352658,20.0,148491.51822589754,278.108092329369,35.0,42.0,6774.285148584067,23.0,184904.32509861933,-0.35151515151515156,4.0,12.0,13.0
11,C14,SKU8,42.0,2.0,340.0028181016029,28.0,17.0,7023.47608693162,35.0,4899.0980248205815,272.9294880375975,14.0,14.0,1356.43606397429,5.0,72290.49237417508,269.48229361218154,26.0,27.0,6079.582298352658,20.0,148491.51822589754,278.108092329369,35.0,42.0,6774.285148584067,23.0,184904.32509861933,-0.35151515151515156,4.0,12.0,13.0
11,C14,SKU54,70.0,1.0,218.80562753614632,28.0,17.0,7023.47608693162,35.0,2239.1404558524237,272.9294880375975,14.0,14.0,1609.6467143000414,7.0,72290.49237417508,269.48229361218154,26.0,27.0,2606.8102918522354,11.0,148491.51822589754,278.108092329369,35.0,42.0,3631.498343241021,15.0,184904.32509861933,-0.35151515151515156,5.0,8.0,10.0
11,C14,SKU33,49.0,1.0,433.4096553253991,28.0,17.0,7023.47608693162,35.0,3906.1144208564524,272.9294880375975,14.0,14.0,2642.2105627812716,8.0,72290.49237417508,269.48229361218154,26.0,27.0,5270.357451901102,17.0,148491.51822589754,278.108092329369,35.0,42.0,6391.156494070515,20.0,184904.32509861933,-0.35151515151515156,4.0,7.0,8.0
11,C14,SKU100,70.0,2.0,342.4976269689588,28.0,17.0,7023.47608693162,35.0,3829.993148508176,272.9294880375975,14.0,14.0,2673.953826709808,9.0,72290.49237417508,269.48229361218154,26.0,27.0,4985.751239140065,20.0,148491.51822589754,278.108092329369,35.0,42.0,6311.3762452218325,24.0,184904.32509861933,-0.35151515151515156,3.0,8.0,11.0
11,C14,SKU100,70.0,2.0,342.4976269689588,28.0,17.0,7023.47608693162,35.0,3829.993148508176,272.9294880375975,14.0,14.0,2673.953826709808,9.0,72290.49237417508,269.48229361218154,26.0,27.0,4985.751239140065,20.0,148491.51822589754,278.108092329369,35.0,42.0,6311.3762452218325,24.0,184904.32509861933,-0.35151515151515156,3.0,8.0,11.0
11,C14,SKU28,35.0,1.0,467.10959742868073,28.0,17.0,7023.47608693162,35.0,2987.7226846135545,272.9294880375975,14.0,14.0,2768.6171096267003,9.0,71000.47885464548,269.48229361218154,26.0,27.0,4081.7553652923557,14.0,137443.772888904,278.108092329369,35.0,42.0,4723.73510150179,16.0,172175.24673959962,-0.35151515151515156,8.0,9.0,10.0
11,C14,SKU72,35.0,2.0,39.90510793367927,28.0,17.0,7023.47608693162,35.0,2984.5752027758062,272.9294880375975,14.0,14.0,2143.854582708852,7.0,64309.306756835016,269.48229361218154,26.0,27.0,4863.608727258521,18.0,134425.20039296348,278.108092329369,35.0,42.0,6002.861555273883,22.0,169326.71391872526,-0.35151515151515156,4.0,12.0,16.0
11,C14,SKU72,35.0,2.0,39.90510793367927,28.0,17.0,7023.47608693162,35.0,2984.5752027758062,272.9294880375975,14.0,14.0,2143.854582708852,7.0,64309.306756835016,269.48229361218154,26.0,27.0,4863.608727258521,18.0,134425.20039296348,278.108092329369,35.0,42.0,6002.861555273883,22.0,169326.71391872526,-0.35151515151515156,4.0,12.0,16.0
11,C14,SKU6,7.0,1.0,403.4635018599541,28.0,17.0,7023.47608693162,35.0,2548.427845853984,272.9294880375975,14.0,14.0,1718.2138115896896,5.0,64309.306756835016,269.48229361218154,26.0,27.0,3444.5401016023407,13.0,134425.20039296348,278.108092329369,35.0,42.0,3930.0555283698873,16.0,169326.71391872526,-0.35151515151515156,3.0,6.0,8.0
11,C14,SKU39,28.0,1.0,238.40276390442,28.0,17.0,7023.47608693162,35.0,1256.7801090750672,272.9294880375975,14.0,14.0,2005.9294396816913,8.0,72290.49237417508,269.48229361218154,26.0,27.0,3384.497478530941,14.0,148491.51822589754,278.108092329369,35.0,42.0,3539.74576465095,15.0,184904.32509861933,-0.35151515151515156,6.0,8.0,8.0
11,C14,SKU17,,,,,,,,,,,,,,,,,,,,,,,,,,,,,,
11,C14,SKU95,63.0,1.0,77.49800280641712,28.0,17.0,7023.47608693162,35.0,3563.493156039451,272.9294880375975,14.0,14.0,1881.0495206651105,8.0,64309.306756835016,269.48229361218154,26.0,27.0,4188.04017562578,16.0,134425.20039296348,278.108092329369,35.0,42.0,4265.538178432196,17.0,169326.71391872526,-0.35151515151515156,6.0,11.0,12.0
11,C14,SKU10,70.0,1.0,138.33879561799398,28.0,17.0,7023.47608693162,35.0,3405.6547913551576,272.9294880375975,14.0,14.0,637.246305027026,4.0,71000.47885464548,269.48229361218154,26.0,27.0,3710.9206991514775,14.0,137443.772888904,278.108092329369,35.0,42.0,4903.101289382736,19.0,172175.24673959962,-0.35151515151515156,1.0,8.0,10.0
11,C14,SKU13,21.0,2.0,261.8900340869697,28.0,17.0,7023.47608693162,35.0,3397.9711601189915,272.9294880375975,14.0,14.0,2639.5557162582354,9.0,72290.49237417508,269.48229361218154,26.0,27.0,4043.166248554249,14.0,148491.51822589754,278.108092329369,35.0,42.0,6020.244724995739,19.0,184904.32509861933,-0.35151515151515156,8.0,11.0,13.0
11,C14,SKU13,21.0,2.0,261.8900340869697,28.0,17.0,7023.47608693162,35.0,3397.9711601189915,272.9294880375975,14.0,14.0,2639.5557162582354,9.0,72290.49237417508,269.48229361218154,26.0,27.0,4043.166248554249,14.0,148491.51822589754,278.108092329369,35.0,42.0,6020.244724995739,19.0,184904.32509861933,-0.35151515151515156,8.0,11.0,13.0
11,C14,SKU57,49.0,1.0,462.65044543411955,28.0,17.0,7023.47608693162,35.0,4084.1434485356185,272.9294880375975,14.0,14.0,2481.3321993654963,12.0,71000.47885464548,269.48229361218154,26.0,27.0,5034.701407276938,22.0,137443.772888904,278.108092329369,35.0,42.0,6199.929816035148,26.0,172175.24673959962,-0.35151515151515156,7.0,14.0,16.0
11,C14,SKU22,14.0,1.0,464.07567047299347,28.0,17.0,7023.47608693162,35.0,2609.1725459160966,272.9294880375975,14.0,14.0,3590.4101892893627,10.0,71000.47885464548,269.48229361218154,26.0,27.0,5087.730946024144,16.0,137443.772888904,278.108092329369,35.0,42.0,5587.376488651759,19.0,172175.24673959962,-0.35151515151515156,8.0,12.0,14.0
11,C14,SKU32,,,,,,,,,,,,,,,,,,,,,,,,,,,,,,
11,C14,SKU59,14.0,1.0,24.485176850924418,28.0,17.0,7023.47608693162,35.0,2299.7805480164484,272.9294880375975,14.0,14.0,495.6727845513598,3.0,72290.49237417508,269.48229361218154,26.0,27.0,2020.2083700771911,9.0,148491.51822589754,278.108092329369,35.0,42.0,3141.0112032649795,12.0,184904.32509861933,-0.35151515151515156,2.0,5.0,8.0
11,C14,SKU44,28.0,1.0,227.25635223162888,28.0,17.0,7023.47608693162,35.0,2688.8294924350594,272.9294880375975,14.0,14.0,3375.707094179786,14.0,72290.49237417508,269.48229361218154,26.0,27.0,3709.5889620045978,17.0,148491.51822589754,278.108092329369,35.0,42.0,3975.385161577007,18.0,184904.32509861933,-0.35151515151515156,7.0,8.0,8.0
11,C14,SKU37,63.0,1.0,434.66818749878735,28.0,17.0,7023.47608693162,35.0,4276.8829913506725,272.9294880375975,14.0,14.0,2506.0641619629373,9.0,71000.47885464548,269.48229361218154,26.0,27.0,6062.756483960785,24.0,137443.772888904,278.108092329369,35.0,42.0,7868.481946817385,30.0,172175.24673959962,-0.35151515151515156,6.0,14.0,16.0
11,C15,SKU7,56.0,1.0,13.286373064202996,87.0,48.0,790.2577508813921,32.0,1223.7280590650948,304.6113302867278,14.0,16.0,1449.7856745482197,5.0,71000.47885464548,302.87283112921403,27.0,32.0,1868.9218877079497,9.0,137443.772888904,300.0604892929437,32.0,38.0,2898.6749084577245,12.0,172175.24673959962,0.0,3.0,5.0,7.0
11,C15,SKU70,28.0,1.0,464.5956411473,87.0,48.0,790.2577508813921,32.0,3811.12967781279,304.6113302867278,14.0,16.0,4480.1417984573545,14.0,72290.49237417508,302.87283112921403,27.0,32.0,6010.096024175712,20.0,148491.51822589754,300.0604892929437,32.0,38.0,6403.032172003971,21.0,184904.32509861933,0.0,8.0,10.0,11.0
11,C15,SKU18,42.0,1.0,372.5116196777066,87.0,48.0,790.2577508813921,32.0,2574.6088131084107,304.6113302867278,14.0,16.0,2258.141245675125,9.0,64309.306756835016,302.87283112921403,27.0,32.0,3594.6492811204107,15.0,134425.20039296348,300.0604892929437,32.0,38.0,4487.374291389015,18.0,169326.71391872526,0.0,7.0,12.0,12.0
11,C15,SKU36,21.0,1.0,168.29845696187863,87.0,48.0,790.2577508813921,32.0,3878.3755467399974,304.6113302867278,14.0,16.0,2098.4499335866844,9.0,71000.47885464548,302.87283112921403,27.0,32.0,4085.6246541863675,16.0,137443.772888904,300.0604892929437,32.0,38.0,5006.714238376788,21.0,172175.24673959962,0.0,4.0,6.0,9.0
11,C15,SKU35,7.0,1.0,483.6305596405784,87.0,48.0,790.2577508813921,32.0,3712.4861044710765,304.6113302867278,14.0,16.0,2754.1797051098306,13.0,71000.47885464548,302.87283112921403,27.0,32.0,4134.082406545251,18.0,137443.772888904,300.0604892929437,32.0,38.0,5605.79976774534,22.0,172175.24673959962,0.0,7.0,10.0,10.0
11,C15,SKU49,,,,,,,,,,,,,,,,,,,,,,,,,,,,,,
11,C15,SKU42,28.0,1.0,250.6187202246327,87.0,48.0,790.2577508813921,32.0,2423.8521056941017,304.6113302867278,14.0,16.0,2048.043858333036,8.0,64309.306756835016,302.87283112921403,27.0,32.0,2875.4570715654363,12.0,134425.20039296348,300.0604892929437,32.0,38.0,3693.722317751543,15.0,169326.71391872526,0.0,5.0,8.0,10.0
11,C15,SKU83,35.0,1.0,457.7856633797,87.0,48.0,790.2577508813921,32.0,3988.4532153091122,304.6113302867278,14.0,16.0,1745.4084827186693,5.0,64309.306756835016,302.87283112921403,27.0,32.0,6022.622707175466,19.0,134425.20039296348,300.0604892929437,32.0,38.0,7061.109254625385,23.0,169326.71391872526,0.0,1.0,10.0,11.0
11,C15,SKU19,35.0,1.0,471.7723708584831,87.0,48.0,790.2577508813921,32.0,4020.1694548435967,304.6113302867278,14.0,16.0,2459.6185464635482,8.0,64309.306756835016,302.87283112921403,27.0,32.0,4521.7287856660405,15.0,134425.20039296348,300.0604892929437,32.0,38.0,5248.878137480506,18.0,169326.71391872526,0.0,4.0,10.0,11.0
11,C15,SKU93,70.0,1.0,348.87894181152063,87.0,48.0,790.2577508813921,32.0,4779.003530026869,304.6113302867278,14.0,16.0,3771.2980526762162,14.0,64309.306756835016,302.87283112921403,27.0,32.0,5963.945464659581,23.0,134425.20039296348,300.0604892929437,32.0,38.0,7243.474701731236,28.0,169326.71391872526,0.0,8.0,10.0,14.0
11,C15,SKU63,,,,,,,,,,,,,,,,,,,,,,,,,,,,,,
11,C15,SKU77,35.0,1.0,36.569582376528956,87.0,48.0,790.2577508813921,32.0,4159.665922482025,304.6113302867278,14.0,16.0,1969.5849943511034,6.0,64309.306756835016,302.87283112921403,27.0,32.0,6020.897732327896,20.0,134425.20039296348,300.0604892929437,32.0,38.0,7074.900189336561,24.0,169326.71391872526,0.0,4.0,11.0,12.0
11,C15,SKU90,14.0,1.0,498.10342876665675,87.0,48.0,790.2577508813921,32.0,3498.944990268814,304.6113302867278,14.0,16.0,4395.3248693451,13.0,71000.47885464548,302.87283112921403,27.0,32.0,6125.165358255388,20.0,137443.772888904,300.0604892929437,32.0,38.0,7179.063293597827,23.0,172175.24673959962,0.0,7.0,9.0,11.0
11,C15,SKU60,28.0,2.0,408.861708545421,87.0,48.0,790.2577508813921,32.0,2656.9276830435,304.6113302867278,14.0,16.0,1791.5378940569078,6.0,71000.47885464548,302.87283112921403,27.0,32.0,4922.461327065566,16.0,137443.772888904,300.0604892929437,32.0,38.0,5049.12612134024,17.0,172175.24673959962,0.0,4.0,11.0,12.0
11,C15,SKU60,28.0,2.0,408.861708545421,87.0,48.0,790.2577508813921,32.0,2656.9276830435,304.6113302867278,14.0,16.0,1791.5378940569078,6.0,71000.47885464548,302.87283112921403,27.0,32.0,4922.461327065566,16.0,137443.772888904,300.0604892929437,32.0,38.0,5049.12612134024,17.0,172175.24673959962,0.0,4.0,11.0,12.0
11,C15,SKU44,21.0,2.0,336.63618503592346,87.0,48.0,790.2577508813921,32.0,2688.8294924350594,304.6113302867278,14.0,16.0,3375.707094179786,14.0,72290.49237417508,302.87283112921403,27.0,32.0,3709.5889620045978,17.0,148491.51822589754,300.0604892929437,32.0,38.0,3975.385161577007,18.0,184904.32509861933,0.0,7.0,8.0,8.0
11,C15,SKU44,21.0,2.0,336.63618503592346,87.0,48.0,790.2577508813921,32.0,2688.8294924350594,304.6113302867278,14.0,16.0,3375.707094179786,14.0,72290.49237417508,302.87283112921403,27.0,32.0,3709.5889620045978,17.0,148491.51822589754,300.0604892929437,32.0,38.0,3975.385161577007,18.0,184904.32509861933,0.0,7.0,8.0,8.0
11,C15,SKU50,7.0,1.0,248.13637528434683,87.0,48.0,790.2577508813921,32.0,3552.1018740017853,304.6113302867278,14.0,16.0,2043.4660640573127,8.0,72290.49237417508,302.87283112921403,27.0,32.0,3799.0039423972185,14.0,148491.51822589754,300.0604892929437,32.0,38.0,4985.330160061602,19.0,184904.32509861933,0.0,6.0,10.0,13.0
11,C15,SKU92,56.0,1.0,416.84681475868297,87.0,48.0,790.2577508813921,32.0,3968.186994177711,304.6113302867278,14.0,16.0,2058.795273282778,7.0,71000.47885464548,302.87283112921403,27.0,32.0,5764.102094818151,18.0,137443.772888904,300.0604892929437,32.0,38.0,6840.064896781741,22.0,172175.24673959962,0.0,5.0,15.0,16.0
11,C15,SKU34,42.0,1.0,418.93459529404413,87.0,48.0,790.2577508813921,32.0,5244.288347500294,304.6113302867278,14.0,16.0,3705.418135522522,14.0,71000.47885464548,302.87283112921403,27.0,32.0,6259.775782633862,23.0,137443.772888904,300.0604892929437,32.0,38.0,7435.249755115927,26.0,172175.24673959962,0.0,11.0,15.0,17.0
11,C15,SKU15,56.0,1.0,301.00784920859,87.0,48.0,790.2577508813921,32.0,2973.982247734585,304.6113302867278,14.0,16.0,2494.919570641518,9.0,71000.47885464548,302.87283112921403,27.0,32.0,3418.6513460945753,13.0,137443.772888904,300.0604892929437,32.0,38.0,3907.7532733767002,15.0,172175.24673959962,0.0,8.0,11.0,12.0
11,C15,SKU81,14.0,1.0,101.55957814479952,87.0,48.0,790.2577508813921,32.0,2796.9596495180376,304.6113302867278,14.0,16.0,884.0878153107776,7.0,64309.306756835016,302.87283112921403,27.0,32.0,3594.4891330396335,17.0,134425.20039296348,300.0604892929437,32.0,38.0,5080.177260453762,21.0,169326.71391872526,0.0,4.0,13.0,16.0
11,C15,SKU30,35.0,2.0,177.97848330143225,87.0,48.0,790.2577508813921,32.0,3683.0865948948563,304.6113302867278,14.0,16.0,3297.6177659457226,9.0,64309.306756835016,302.87283112921403,27.0,32.0,5966.215162100634,19.0,134425.20039296348,300.0604892929437,32.0,38.0,7394.873152362657,26.0,169326.71391872526,0.0,3.0,12.0,17.0
11,C15,SKU30,35.0,2.0,177.97848330143225,87.0,48.0,790.2577508813921,32.0,3683.0865948948563,304.6113302867278,14.0,16.0,3297.6177659457226,9.0,64309.306756835016,302.87283112921403,27.0,32.0,5966.215162100634,19.0,134425.20039296348,300.0604892929437,32.0,38.0,7394.873152362657,26.0,169326.71391872526,0.0,3.0,12.0,17.0
11,C15,SKU98,42.0,1.0,419.3201262014868,87.0,48.0,790.2577508813921,32.0,2640.5724940722566,304.6113302867278,14.0,16.0,2373.2708616765435,11.0,71000.47885464548,302.87283112921403,27.0,32.0,3380.219179246736,14.0,137443.772888904,300.0604892929437,32.0,38.0,4767.829085732679,19.0,172175.24673959962,0.0,5.0,6.0,7.0
11,C15,SKU8,,,,,,,,,,,,,,,,,,,,,,,,,,,,,,
11,C15,SKU28,28.0,2.0,221.693455132922,87.0,48.0,790.2577508813921,32.0,2987.7226846135545,304.6113302867278,14.0,16.0,2768.6171096267003,9.0,71000.47885464548,302.87283112921403,27.0,32.0,4081.7553652923557,14.0,137443.772888904,300.0604892929437,32.0,38.0,4723.73510150179,16.0,172175.24673959962,0.0,8.0,9.0,10.0
11,C15,SKU28,28.0,2.0,221.693455132922,87.0,48.0,790.2577508813921,32.0,2987.7226846135545,304.6113302867278,14.0,16.0,2768.6171096267003,9.0,71000.47885464548,302.87283112921403,27.0,32.0,4081.7553652923557,14.0,137443.772888904,300.0604892929437,32.0,38.0,4723.73510150179,16.0,172175.24673959962,0.0,8.0,9.0,10.0
11,C15,SKU82,21.0,1.0,191.85056559188507,87.0,48.0,790.2577508813921,32.0,1663.515855965547,304.6113302867278,14.0,16.0,1052.2117338770022,4.0,64309.306756835016,302.87283112921403,27.0,32.0,2579.596678909137,11.0,134425.20039296348,300.0604892929437,32.0,38.0,3253.6048083395153,15.0,169326.71391872526,0.0,3.0,6.0,9.0
11,C15,SKU23,,,,,,,,,,,,,,,,,,,,,,,,,,,,,,
11,C15,SKU72,70.0,1.0,389.5495556369852,87.0,48.0,790.2577508813921,32.0,2984.5752027758062,304.6113302867278,14.0,16.0,2143.854582708852,7.0,64309.306756835016,302.87283112921403,27.0,32.0,4863.608727258521,18.0,134425.20039296348,300.0604892929437,32.0,38.0,6002.861555273883,22.0,169326.71391872526,0.0,4.0,12.0,16.0
11,C15,SKU58,56.0,1.0,159.8963859698995,87.0,48.0,790.2577508813921,32.0,2425.819504397674,304.6113302867278,14.0,16.0,1297.7898246030197,8.0,72290.49237417508,302.87283112921403,27.0,32.0,3175.459193108213,16.0,148491.51822589754,300.0604892929437,32.0,38.0,4854.18394342602,23.0,184904.32509861933,0.0,4.0,8.0,11.0
11,C15,SKU17,,,,,,,,,,,,,,,,,,,,,,,,,,,,,,
11,C15,SKU55,14.0,1.0,212.359895280882,87.0,48.0,790.2577508813921,32.0,2718.6657102173667,304.6113302867278,14.0,16.0,1998.897600122124,7.0,64309.306756835016,302.87283112921403,27.0,32.0,3587.397886299588,12.0,134425.20039296348,300.0604892929437,32.0,38.0,4503.739931530498,16.0,169326.71391872526,0.0,5.0,6.0,8.0
11,C15,SKU57,70.0,1.0,414.76687304282103,87.0,48.0,790.2577508813921,32.0,4084.1434485356185,304.6113302867278,14.0,16.0,2481.3321993654963,12.0,71000.47885464548,302.87283112921403,27.0,32.0,5034.701407276938,22.0,137443.772888904,300.0604892929437,32.0,38.0,6199.929816035148,26.0,172175.24673959962,0.0,7.0,14.0,16.0
11,C15,SKU71,56.0,1.0,472.7581244523729,87.0,48.0,790.2577508813921,32.0,2944.6693789402602,304.6113302867278,14.0,16.0,2404.39611588069,11.0,72290.49237417508,302.87283112921403,27.0,32.0,4674.080739616792,20.0,148491.51822589754,300.0604892929437,32.0,38.0,6040.737840554442,26.0,184904.32509861933,0.0,6.0,11.0,15.0
11,C15,SKU89,70.0,1.0,259.2138316742831,87.0,48.0,790.2577508813921,32.0,2088.225747124807,304.6113302867278,14.0,16.0,2711.515344539416,8.0,72290.49237417508,302.87283112921403,27.0,32.0,4952.93249102111,17.0,148491.51822589754,300.0604892929437,32.0,38.0,5669.163547128538,19.0,184904.32509861933,0.0,6.0,11.0,13.0
11,C15,SKU59,49.0,1.0,23.941797128210077,87.0,48.0,790.2577508813921,32.0,2299.7805480164484,304.6113302867278,14.0,16.0,495.6727845513598,3.0,72290.49237417508,302.87283112921403,27.0,32.0,2020.2083700771911,9.0,148491.51822589754,300.0604892929437,32.0,38.0,3141.0112032649795,12.0,184904.32509861933,0.0,2.0,5.0,8.0
11,C15,SKU79,7.0,2.0,380.1717562900508,87.0,48.0,790.2577508813921,32.0,4278.459514953102,304.6113302867278,14.0,16.0,3067.2727070094,9.0,64309.306756835016,302.87283112921403,27.0,32.0,5685.419533093278,19.0,134425.20039296348,300.0604892929437,32.0,38.0,6392.592072969643,23.0,169326.71391872526,0.0,5.0,11.0,13.0
11,C15,SKU79,7.0,2.0,380.1717562900508,87.0,48.0,790.2577508813921,32.0,4278.459514953102,304.6113302867278,14.0,16.0,3067.2727070094,9.0,64309.306756835016,302.87283112921403,27.0,32.0,5685.419533093278,19.0,134425.20039296348,300.0604892929437,32.0,38.0,6392.592072969643,23.0,169326.71391872526,0.0,5.0,11.0,13.0
11,C15,SKU61,14.0,2.0,350.00795941128973,87.0,48.0,790.2577508813921,32.0,2320.5783542540794,304.6113302867278,14.0,16.0,1023.1745756884936,5.0,64309.306756835016,302.87283112921403,27.0,32.0,2996.4024557418907,13.0,134425.20039296348,300.0604892929437,32.0,38.0,4420.266454509291,18.0,169326.71391872526,0.0,5.0,10.0,12.0
11,C15,SKU61,14.0,2.0,350.00795941128973,87.0,48.0,790.2577508813921,32.0,2320.5783542540794,304.6113302867278,14.0,16.0,1023.1745756884936,5.0,64309.306756835016,302.87283112921403,27.0,32.0,2996.4024557418907,13.0,134425.20039296348,300.0604892929437,32.0,38.0,4420.266454509291,18.0,169326.71391872526,0.0,5.0,10.0,12.0
11,C15,SKU9,70.0,1.0,55.405772119304174,87.0,48.0,790.2577508813921,32.0,1988.7439868645379,304.6113302867278,14.0,16.0,656.8016608132668,3.0,72290.49237417508,302.87283112921403,27.0,32.0,3547.4614779361054,16.0,148491.51822589754,300.0604892929437,32.0,38.0,4567.6472624663165,20.0,184904.32509861933,0.0,3.0,11.0,15.0
11,C16,SKU7,70.0,1.0,410.44604014445133,55.0,29.0,5605.6556865282655,31.0,1674.9468493926297,224.37666072972752,21.0,23.0,1449.7856745482197,5.0,71000.47885464548,250.39819795687916,24.0,29.0,1868.9218877079497,9.0,137443.772888904,273.46205843587035,31.0,37.0,2898.6749084577245,12.0,172175.24673959962,0.3212121212121213,3.0,5.0,7.0
11,C16,SKU94,28.0,1.0,444.0229391177995,55.0,29.0,5605.6556865282655,31.0,3757.5006028651565,224.37666072972752,21.0,23.0,2483.5489317856486,9.0,71000.47885464548,250.39819795687916,24.0,29.0,5875.653325400093,19.0,137443.772888904,273.46205843587035,31.0,37.0,7988.092781982599,26.0,172175.24673959962,0.3212121212121213,5.0,9.0,13.0
11,C16,SKU70,7.0,1.0,329.329044423989,55.0,29.0,5605.6556865282655,31.0,2591.9024941911803,224.37666072972752,21.0,23.0,4480.1417984573545,14.0,72290.49237417508,250.39819795687916,24.0,29.0,6010.096024175712,20.0,148491.51822589754,273.46205843587035,31.0,37.0,6403.032172003971,21.0,184904.32509861933,0.3212121212121213,8.0,10.0,11.0
11,C16,SKU18,21.0,1.0,459.80641110929173,55.0,29.0,5605.6556865282655,31.0,1912.7654782806037,224.37666072972752,21.0,23.0,2258.141245675125,9.0,64309.306756835016,250.39819795687916,24.0,29.0,3594.6492811204107,15.0,134425.20039296348,273.46205843587035,31.0,37.0,4487.374291389015,18.0,169326.71391872526,0.3212121212121213,7.0,12.0,12.0
11,C16,SKU35,21.0,1.0,323.3620286943035,55.0,29.0,5605.6556865282655,31.0,1893.313663274263,224.37666072972752,21.0,23.0,2754.1797051098306,13.0,71000.47885464548,250.39819795687916,24.0,29.0,4134.082406545251,18.0,137443.772888904,273.46205843587035,31.0,37.0,5605.79976774534,22.0,172175.24673959962,0.3212121212121213,7.0,10.0,10.0
11,C16,SKU26,21.0,1.0,80.40727941519421,55.0,29.0,5605.6556865282655,31.0,2800.9686683264476,224.37666072972752,21.0,23.0,1878.8963415535886,9.0,64309.306756835016,250.39819795687916,24.0,29.0,4362.126765130159,19.0,134425.20039296348,273.46205843587035,31.0,37.0,5671.0460414333365,24.0,169326.71391872526,0.3212121212121213,4.0,7.0,11.0
11,C16,SKU29,70.0,1.0,334.8501270168753,55.0,29.0,5605.6556865282655,31.0,2142.8023324917144,224.37666072972752,21.0,23.0,1124.9593254292206,6.0,64309.306756835016,250.39819795687916,24.0,29.0,2820.3394756077796,12.0,134425.20039296348,273.46205843587035,31.0,37.0,3933.4782928520303,17.0,169326.71391872526,0.3212121212121213,1.0,3.0,4.0
11,C16,SKU19,,,,,,,,,,,,,,,,,,,,,,,,,,,,,,
11,C16,SKU24,,,,,,,,,,,,,,,,,,,,,,,,,,,,,,
11,C16,SKU78,21.0,2.0,95.74558061876209,55.0,29.0,5605.6556865282655,31.0,3642.609496256943,224.37666072972752,21.0,23.0,1554.1710557580261,9.0,64309.306756835016,250.39819795687916,24.0,29.0,4150.523764079384,19.0,134425.20039296348,273.46205843587035,31.0,37.0,5149.05149684041,23.0,169326.71391872526,0.3212121212121213,6.0,11.0,12.0
11,C16,SKU78,21.0,2.0,95.74558061876209,55.0,29.0,5605.6556865282655,31.0,3642.609496256943,224.37666072972752,21.0,23.0,1554.1710557580261,9.0,64309.306756835016,250.39819795687916,24.0,29.0,4150.523764079384,19.0,134425.20039296348,273.46205843587035,31.0,37.0,5149.05149684041,23.0,169326.71391872526,0.3212121212121213,6.0,11.0,12.0
11,C16,SKU93,7.0,1.0,34.07786978676524,55.0,29.0,5605.6556865282655,31.0,2464.471171704367,224.37666072972752,21.0,23.0,3771.2980526762162,14.0,64309.306756835016,250.39819795687916,24.0,29.0,5963.945464659581,23.0,134425.20039296348,273.46205843587035,31.0,37.0,7243.474701731236,28.0,169326.71391872526,0.3212121212121213,8.0,10.0,14.0
11,C16,SKU77,56.0,1.0,109.65971551401347,55.0,29.0,5605.6556865282655,31.0,2915.234266854536,224.37666072972752,21.0,23.0,1969.5849943511034,6.0,64309.306756835016,250.39819795687916,24.0,29.0,6020.897732327896,20.0,134425.20039296348,273.46205843587035,31.0,37.0,7074.900189336561,24.0,169326.71391872526,0.3212121212121213,4.0,11.0,12.0
11,C16,SKU21,21.0,1.0,245.27331192348626,55.0,29.0,5605.6556865282655,31.0,1615.9110381919827,224.37666072972752,21.0,23.0,2353.590426368052,8.0,72290.49237417508,250.39819795687916,24.0,29.0,3999.2104528811406,15.0,148491.51822589754,273.46205843587035,31.0,37.0,4945.858239130029,20.0,184904.32509861933,0.3212121212121213,6.0,12.0,15.0
11,C16,SKU62,63.0,1.0,97.43246180967876,55.0,29.0,5605.6556865282655,31.0,1512.6618527572714,224.37666072972752,21.0,23.0,2300.964082607896,9.0,72290.49237417508,250.39819795687916,24.0,29.0,3409.285760329741,13.0,148491.51822589754,273.46205843587035,31.0,37.0,5094.40761574676,19.0,184904.32509861933,0.3212121212121213,3.0,4.0,7.0
11,C16,SKU53,,,,,,,,,,,,,,,,,,,,,,,,,,,,,,
11,C16,SKU81,70.0,1.0,483.7310019288204,55.0,29.0,5605.6556865282655,31.0,2283.217610935724,224.37666072972752,21.0,23.0,884.0878153107776,7.0,64309.306756835016,250.39819795687916,24.0,29.0,3594.4891330396335,17.0,134425.20039296348,273.46205843587035,31.0,37.0,5080.177260453762,21.0,169326.71391872526,0.3212121212121213,4.0,13.0,16.0
11,C16,SKU91,14.0,1.0,46.05538196591448,55.0,29.0,5605.6556865282655,31.0,3158.508464711266,224.37666072972752,21.0,23.0,2984.7942397263446,12.0,71000.47885464548,250.39819795687916,24.0,29.0,5467.293917927763,21.0,137443.772888904,273.46205843587035,31.0,37.0,6199.939367149383,24.0,172175.24673959962,0.3212121212121213,4.0,7.0,10.0
11,C16,SKU30,28.0,3.0,337.07799723859176,55.0,29.0,5605.6556865282655,31.0,3711.786557467801,224.37666072972752,21.0,23.0,3297.6177659457226,9.0,64309.306756835016,250.39819795687916,24.0,29.0,5966.215162100634,19.0,134425.20039296348,273.46205843587035,31.0,37.0,7394.873152362657,26.0,169326.71391872526,0.3212121212121213,3.0,12.0,17.0
11,C16,SKU30,28.0,3.0,337.07799723859176,55.0,29.0,5605.6556865282655,31.0,3711.786557467801,224.37666072972752,21.0,23.0,3297.6177659457226,9.0,64309.306756835016,250.39819795687916,24.0,29.0,5966.215162100634,19.0,134425.20039296348,273.46205843587035,31.0,37.0,7394.873152362657,26.0,169326.71391872526,0.3212121212121213,3.0,12.0,17.0
11,C16,SKU30,28.0,3.0,337.07799723859176,55.0,29.0,5605.6556865282655,31.0,3711.786557467801,224.37666072972752,21.0,23.0,3297.6177659457226,9.0,64309.306756835016,250.39819795687916,24.0,29.0,5966.215162100634,19.0,134425.20039296348,273.46205843587035,31.0,37.0,7394.873152362657,26.0,169326.71391872526,0.3212121212121213,3.0,12.0,17.0
11,C16,SKU25,49.0,2.0,422.83745560917873,55.0,29.0,5605.6556865282655,31.0,3482.3450801430713,224.37666072972752,21.0,23.0,3311.017450541504,13.0,72290.49237417508,250.39819795687916,24.0,29.0,6567.44870163083,25.0,148491.51822589754,273.46205843587035,31.0,37.0,8248.815644727618,31.0,184904.32509861933,0.3212121212121213,5.0,10.0,15.0
11,C16,SKU25,49.0,2.0,422.83745560917873,55.0,29.0,5605.6556865282655,31.0,3482.3450801430713,224.37666072972752,21.0,23.0,3311.017450541504,13.0,72290.49237417508,250.39819795687916,24.0,29.0,6567.44870163083,25.0,148491.51822589754,273.46205843587035,31.0,37.0,8248.815644727618,31.0,184904.32509861933,0.3212121212121213,5.0,10.0,15.0
11,C16,SKU84,28.0,1.0,31.224857357887938,55.0,29.0,5605.6556865282655,31.0,3598.27359660886,224.37666072972752,21.0,23.0,2347.7386034283104,7.0,71000.47885464548,250.39819795687916,24.0,29.0,4926.045037747026,16.0,137443.772888904,273.46205843587035,31.0,37.0,5976.75994258024,20.0,172175.24673959962,0.3212121212121213,5.0,10.0,13.0
11,C16,SKU54,28.0,1.0,68.79368503913022,55.0,29.0,5605.6556865282655,31.0,1392.3578873885974,224.37666072972752,21.0,23.0,1609.6467143000414,7.0,72290.49237417508,250.39819795687916,24.0,29.0,2606.8102918522354,11.0,148491.51822589754,273.46205843587035,31.0,37.0,3631.498343241021,15.0,184904.32509861933,0.3212121212121213,5.0,8.0,10.0
11,C16,SKU33,7.0,1.0,304.66559768530703,55.0,29.0,5605.6556865282655,31.0,2485.0420732140624,224.37666072972752,21.0,23.0,2642.2105627812716,8.0,72290.49237417508,250.39819795687916,24.0,29.0,5270.357451901102,17.0,148491.51822589754,273.46205843587035,31.0,37.0,6391.156494070515,20.0,184904.32509861933,0.3212121212121213,4.0,7.0,8.0
11,C16,SKU100,28.0,1.0,381.356117111301,55.0,29.0,5605.6556865282655,31.0,2481.3830967136573,224.37666072972752,21.0,23.0,2673.953826709808,9.0,72290.49237417508,250.39819795687916,24.0,29.0,4985.751239140065,20.0,148491.51822589754,273.46205843587035,31.0,37.0,6311.3762452218325,24.0,184904.32509861933,0.3212121212121213,3.0,8.0,11.0
11,C16,SKU82,70.0,1.0,217.29826266790724,55.0,29.0,5605.6556865282655,31.0,1590.0889523739684,224.37666072972752,21.0,23.0,1052.2117338770022,4.0,64309.306756835016,250.39819795687916,24.0,29.0,2579.596678909137,11.0,134425.20039296348,273.46205843587035,31.0,37.0,3253.6048083395153,15.0,169326.71391872526,0.3212121212121213,3.0,6.0,9.0
11,C16,SKU6,14.0,1.0,449.264042691328,55.0,29.0,5605.6556865282655,31.0,1381.6276825159036,224.37666072972752,21.0,23.0,1718.2138115896896,5.0,64309.306756835016,250.39819795687916,24.0,29.0,3444.5401016023407,13.0,134425.20039296348,273.46205843587035,31.0,37.0,3930.0555283698873,16.0,169326.71391872526,0.3212121212121213,3.0,6.0,8.0
11,C16,SKU39,28.0,1.0,14.138503277541487,55.0,29.0,5605.6556865282655,31.0,2282.9656555758825,224.37666072972752,21.0,23.0,2005.9294396816913,8.0,72290.49237417508,250.39819795687916,24.0,29.0,3384.497478530941,14.0,148491.51822589754,273.46205843587035,31.0,37.0,3539.74576465095,15.0,184904.32509861933,0.3212121212121213,6.0,8.0,8.0
11,C16,SKU17,21.0,1.0,304.4101026363482,55.0,29.0,5605.6556865282655,31.0,2642.1055688046877,224.37666072972752,21.0,23.0,1099.92123122253,4.0,72290.49237417508,250.39819795687916,24.0,29.0,6046.566669899512,20.0,148491.51822589754,273.46205843587035,31.0,37.0,7723.295835124876,24.0,184904.32509861933,0.3212121212121213,2.0,8.0,10.0
11,C16,SKU76,28.0,2.0,240.8820217085568,55.0,29.0,5605.6556865282655,31.0,2637.59123784951,224.37666072972752,21.0,23.0,2408.515227882009,11.0,71000.47885464548,250.39819795687916,24.0,29.0,4641.153927856552,19.0,137443.772888904,273.46205843587035,31.0,37.0,5347.188208957184,22.0,172175.24673959962,0.3212121212121213,3.0,10.0,10.0
11,C16,SKU76,28.0,2.0,240.8820217085568,55.0,29.0,5605.6556865282655,31.0,2637.59123784951,224.37666072972752,21.0,23.0,2408.515227882009,11.0,71000.47885464548,250.39819795687916,24.0,29.0,4641.153927856552,19.0,137443.772888904,273.46205843587035,31.0,37.0,5347.188208957184,22.0,172175.24673959962,0.3212121212121213,3.0,10.0,10.0
11,C16,SKU5,,,,,,,,,,,,,,,,,,,,,,,,,,,,,,
11,C16,SKU85,63.0,1.0,356.7818867518413,55.0,29.0,5605.6556865282655,31.0,2552.9427276113784,224.37666072972752,21.0,23.0,2098.0126112069374,8.0,64309.306756835016,250.39819795687916,24.0,29.0,3983.7048522072832,17.0,134425.20039296348,273.46205843587035,31.0,37.0,4745.749114396946,20.0,169326.71391872526,0.3212121212121213,2.0,8.0,9.0
11,C16,SKU40,,,,,,,,,,,,,,,,,,,,,,,,,,,,,,
11,C16,SKU1,14.0,1.0,245.56510938335032,55.0,29.0,5605.6556865282655,31.0,2040.4833708442043,224.37666072972752,21.0,23.0,1896.417385529631,8.0,64309.306756835016,250.39819795687916,24.0,29.0,2940.1441700632254,11.0,134425.20039296348,273.46205843587035,31.0,37.0,3629.2039743522905,16.0,169326.71391872526,0.3212121212121213,5.0,8.0,11.0
11,C16,SKU51,35.0,1.0,431.49350501788797,55.0,29.0,5605.6556865282655,31.0,1891.5781601654553,224.37666072972752,21.0,23.0,486.7791275019824,5.0,64309.306756835016,250.39819795687916,24.0,29.0,2563.3211172380097,13.0,134425.20039296348,273.46205843587035,31.0,37.0,4153.947150176074,18.0,169326.71391872526,0.3212121212121213,2.0,7.0,8.0
11,C16,SKU86,7.0,2.0,376.2501881065384,55.0,29.0,5605.6556865282655,31.0,2296.2046487199973,224.37666072972752,21.0,23.0,1623.0877239540343,7.0,64309.306756835016,250.39819795687916,24.0,29.0,3044.2798000924367,13.0,134425.20039296348,273.46205843587035,31.0,37.0,4659.285780581268,21.0,169326.71391872526,0.3212121212121213,4.0,6.0,11.0
11,C16,SKU86,7.0,2.0,376.2501881065384,55.0,29.0,5605.6556865282655,31.0,2296.2046487199973,224.37666072972752,21.0,23.0,1623.0877239540343,7.0,64309.306756835016,250.39819795687916,24.0,29.0,3044.2798000924367,13.0,134425.20039296348,273.46205843587035,31.0,37.0,4659.285780581268,21.0,169326.71391872526,0.3212121212121213,4.0,6.0,11.0
11,C16,SKU2,,,,,,,,,,,,,,,,,,,,,,,,,,,,,,
11,C16,SKU11,7.0,1.0,141.10891985008607,55.0,29.0,5605.6556865282655,31.0,2549.992204157295,224.37666072972752,21.0,23.0,1306.338850366108,8.0,71000.47885464548,250.39819795687916,24.0,29.0,2550.8480591644948,13.0,137443.772888904,273.46205843587035,31.0,37.0,4121.535060767028,18.0,172175.24673959962,0.3212121212121213,4.0,5.0,7.0
11,C16,SKU9,70.0,1.0,490.87747600485693,55.0,29.0,5605.6556865282655,31.0,2578.9032756017787,224.37666072972752,21.0,23.0,656.8016608132668,3.0,72290.49237417508,250.39819795687916,24.0,29.0,3547.4614779361054,16.0,148491.51822589754,273.46205843587035,31.0,37.0,4567.6472624663165,20.0,184904.32509861933,0.3212121212121213,3.0,11.0,15.0
11,C17,SKU7,14.0,1.0,294.7784094014609,23.0,23.0,359.68291944283044,35.0,1674.9468493926297,286.22403435954845,16.0,18.0,1449.7856745482197,5.0,71000.47885464548,299.9876889691746,28.0,30.0,1868.9218877079497,9.0,137443.772888904,285.14186641460986,35.0,37.0,2898.6749084577245,12.0,172175.24673959962,0.17575757575757578,3.0,5.0,7.0
11,C17,SKU94,,,,,,,,,,,,,,,,,,,,,,,,,,,,,,
11,C17,SKU3,,,,,,,,,,,,,,,,,,,,,,,,,,,,,,
11,C17,SKU49,14.0,2.0,261.8162516385044,23.0,23.0,359.68291944283044,35.0,2668.5709688252655,286.22403435954845,16.0,18.0,1795.5619315160645,9.0,71000.47885464548,299.9876889691746,28.0,30.0,3104.2376143523725,15.0,137443.772888904,285.14186641460986,35.0,37.0,5392.065726760854,22.0,172175.24673959962,0.17575757575757578,6.0,8.0,13.0
11,C17,SKU49,14.0,2.0,261.8162516385044,23.0,23.0,359.68291944283044,35.0,2668.5709688252655,286.22403435954845,16.0,18.0,1795.5619315160645,9.0,71000.47885464548,299.9876889691746,28.0,30.0,3104.2376143523725,15.0,137443.772888904,285.14186641460986,35.0,37.0,5392.065726760854,22.0,172175.24673959962,0.17575757575757578,6.0,8.0,13.0
11,C17,SKU42,70.0,1.0,218.33597296111915,23.0,23.0,359.68291944283044,35.0,1269.8702120574414,286.22403435954845,16.0,18.0,2048.043858333036,8.0,64309.306756835016,299.9876889691746,28.0,30.0,2875.4570715654363,12.0,134425.20039296348,285.14186641460986,35.0,37.0,3693.722317751543,15.0,169326.71391872526,0.17575757575757578,5.0,8.0,10.0
11,C17,SKU26,21.0,1.0,407.66284113492054,23.0,23.0,359.68291944283044,35.0,2800.9686683264476,286.22403435954845,16.0,18.0,1878.8963415535886,9.0,64309.306756835016,299.9876889691746,28.0,30.0,4362.126765130159,19.0,134425.20039296348,285.14186641460986,35.0,37.0,5671.0460414333365,24.0,169326.71391872526,0.17575757575757578,4.0,7.0,11.0
11,C17,SKU83,35.0,1.0,395.81496163199535,23.0,23.0,359.68291944283044,35.0,3072.6560393162713,286.22403435954845,16.0,18.0,1745.4084827186693,5.0,64309.306756835016,299.9876889691746,28.0,30.0,6022.622707175466,19.0,134425.20039296348,285.14186641460986,35.0,37.0,7061.109254625385,23.0,169326.71391872526,0.17575757575757578,1.0,10.0,11.0
11,C17,SKU74,14.0,1.0,364.36358514623,23.0,23.0,359.68291944283044,35.0,799.5139536226286,286.22403435954845,16.0,18.0,1386.155419707367,8.0,72290.49237417508,299.9876889691746,28.0,30.0,2321.551476393496,11.0,148491.51822589754,285.14186641460986,35.0,37.0,3024.234494034939,15.0,184904.32509861933,0.17575757575757578,4.0,5.0,6.0
11,C17,SKU24,56.0,1.0,182.89814226376697,23.0,23.0,359.68291944283044,35.0,3871.543909906956,286.22403435954845,16.0,18.0,286.69854835136766,3.0,72290.49237417508,299.9876889691746,28.0,30.0,4430.1278243402,16.0,148491.51822589754,285.14186641460986,35.0,37.0,5900.984207625734,21.0,184904.32509861933,0.17575757575757578,0.0,7.0,11.0
11,C17,SKU99,,,,,,,,,,,,,,,,,,,,,,,,,,,,,,
11,C17,SKU78,28.0,1.0,274.0035191990557,23.0,23.0,359.68291944283044,35.0,3642.609496256943,286.22403435954845,16.0,18.0,1554.1710557580261,9.0,64309.306756835016,299.9876889691746,28.0,30.0,4150.523764079384,19.0,134425.20039296348,285.14186641460986,35.0,37.0,5149.05149684041,23.0,169326.71391872526,0.17575757575757578,6.0,11.0,12.0
11,C17,SKU63,63.0,1.0,121.42630973266556,23.0,23.0,359.68291944283044,35.0,2963.0440804812574,286.22403435954845,16.0,18.0,3844.564732690659,10.0,72290.49237417508,299.9876889691746,28.0,30.0,6449.086660364468,19.0,148491.51822589754,285.14186641460986,35.0,37.0,8086.425774464821,25.0,184904.32509861933,0.17575757575757578,3.0,8.0,13.0
11,C17,SKU73,56.0,1.0,188.90164200156894,23.0,23.0,359.68291944283044,35.0,1600.6386856968245,286.22403435954845,16.0,18.0,2144.6610779968128,9.0,64309.306756835016,299.9876889691746,28.0,30.0,4922.04230623544,18.0,134425.20039296348,285.14186641460986,35.0,37.0,6172.422473412418,22.0,169326.71391872526,0.17575757575757578,6.0,12.0,13.0
11,C17,SKU60,28.0,1.0,362.98974216429804,23.0,23.0,359.68291944283044,35.0,2392.1984382967407,286.22403435954845,16.0,18.0,1791.5378940569078,6.0,71000.47885464548,299.9876889691746,28.0,30.0,4922.461327065566,16.0,137443.772888904,285.14186641460986,35.0,37.0,5049.12612134024,17.0,172175.24673959962,0.17575757575757578,4.0,11.0,12.0
11,C17,SKU92,63.0,1.0,32.595228402976595,23.0,23.0,359.68291944283044,35.0,2871.877902604027,286.22403435954845,16.0,18.0,2058.795273282778,7.0,71000.47885464548,299.9876889691746,28.0,30.0,5764.102094818151,18.0,137443.772888904,285.14186641460986,35.0,37.0,6840.064896781741,22.0,172175.24673959962,0.17575757575757578,5.0,15.0,16.0
11,C17,SKU64,42.0,1.0,294.23545550649436,23.0,23.0,359.68291944283044,35.0,1159.3452208952294,286.22403435954845,16.0,18.0,955.5557594937186,5.0,64309.306756835016,299.9876889691746,28.0,30.0,1889.4927849954656,11.0,134425.20039296348,285.14186641460986,35.0,37.0,2974.437939968098,14.0,169326.71391872526,0.17575757575757578,3.0,7.0,9.0
11,C17,SKU53,7.0,1.0,436.8523810771547,23.0,23.0,359.68291944283044,35.0,3977.09002432701,286.22403435954845,16.0,18.0,2994.1997658245277,11.0,64309.306756835016,299.9876889691746,28.0,30.0,6146.443756492574,20.0,134425.20039296348,285.14186641460986,35.0,37.0,7552.643426786867,26.0,169326.71391872526,0.17575757575757578,7.0,10.0,12.0
11,C17,SKU30,63.0,1.0,89.10605861875175,23.0,23.0,359.68291944283044,35.0,3711.786557467801,286.22403435954845,16.0,18.0,3297.6177659457226,9.0,64309.306756835016,299.9876889691746,28.0,30.0,5966.215162100634,19.0,134425.20039296348,285.14186641460986,35.0,37.0,7394.873152362657,26.0,169326.71391872526,0.17575757575757578,3.0,12.0,17.0
11,C17,SKU56,56.0,1.0,156.25557293375923,23.0,23.0,359.68291944283044,35.0,2132.839872081411,286.22403435954845,16.0,18.0,1545.754829674268,6.0,64309.306756835016,299.9876889691746,28.0,30.0,3270.798830899707,18.0,134425.20039296348,285.14186641460986,35.0,37.0,3695.2568467426813,19.0,169326.71391872526,0.17575757575757578,3.0,10.0,11.0
11,C17,SKU41,14.0,1.0,397.1317106272549,23.0,23.0,359.68291944283044,35.0,3260.748069865472,286.22403435954845,16.0,18.0,1227.9060523246405,4.0,71000.47885464548,299.9876889691746,28.0,30.0,3724.455823011518,12.0,137443.772888904,285.14186641460986,35.0,37.0,4799.390159470608,15.0,172175.24673959962,0.17575757575757578,4.0,5.0,8.0
11,C17,SKU88,21.0,1.0,389.6638178268666,23.0,23.0,359.68291944283044,35.0,2551.1637437636923,286.22403435954845,16.0,18.0,1549.9771923844714,4.0,71000.47885464548,299.9876889691746,28.0,30.0,3243.4660066444285,11.0,137443.772888904,285.14186641460986,35.0,37.0,5244.437165998218,18.0,172175.24673959962,0.17575757575757578,2.0,4.0,8.0
11,C17,SKU33,35.0,1.0,497.9095128325271,23.0,23.0,359.68291944283044,35.0,2485.0420732140624,286.22403435954845,16.0,18.0,2642.2105627812716,8.0,72290.49237417508,299.9876889691746,28.0,30.0,5270.357451901102,17.0,148491.51822589754,285.14186641460986,35.0,37.0,6391.156494070515,20.0,184904.32509861933,0.17575757575757578,4.0,7.0,8.0
11,C17,SKU87,,,,,,,,,,,,,,,,,,,,,,,,,,,,,,
11,C17,SKU28,21.0,1.0,184.88252897503833,23.0,23.0,359.68291944283044,35.0,1736.0124168882357,286.22403435954845,16.0,18.0,2768.6171096267003,9.0,71000.47885464548,299.9876889691746,28.0,30.0,4081.7553652923557,14.0,137443.772888904,285.14186641460986,35.0,37.0,4723.73510150179,16.0,172175.24673959962,0.17575757575757578,8.0,9.0,10.0
11,C17,SKU100,,,,,,,,,,,,,,,,,,,,,,,,,,,,,,
11,C17,SKU14,7.0,1.0,428.2444834717615,23.0,23.0,359.68291944283044,35.0,1700.2406422027489,286.22403435954845,16.0,18.0,1952.9631937687732,9.0,71000.47885464548,299.9876889691746,28.0,30.0,5123.321333769345,20.0,137443.772888904,285.14186641460986,35.0,37.0,6176.511444700864,26.0,172175.24673959962,0.17575757575757578,7.0,13.0,18.0
11,C17,SKU23,70.0,1.0,199.1982920676183,23.0,23.0,359.68291944283044,35.0,2529.226035705933,286.22403435954845,16.0,18.0,2634.4380931227643,10.0,71000.47885464548,299.9876889691746,28.0,30.0,4401.380339195599,16.0,137443.772888904,285.14186641460986,35.0,37.0,5978.508943032263,23.0,172175.24673959962,0.17575757575757578,5.0,8.0,10.0
11,C17,SKU72,63.0,1.0,489.5119352536575,23.0,23.0,359.68291944283044,35.0,3018.2863524980753,286.22403435954845,16.0,18.0,2143.854582708852,7.0,64309.306756835016,299.9876889691746,28.0,30.0,4863.608727258521,18.0,134425.20039296348,285.14186641460986,35.0,37.0,6002.861555273883,22.0,169326.71391872526,0.17575757575757578,4.0,12.0,16.0
11,C17,SKU39,14.0,1.0,67.220241992279,23.0,23.0,359.68291944283044,35.0,2282.9656555758825,286.22403435954845,16.0,18.0,2005.9294396816913,8.0,72290.49237417508,299.9876889691746,28.0,30.0,3384.497478530941,14.0,148491.51822589754,285.14186641460986,35.0,37.0,3539.74576465095,15.0,184904.32509861933,0.17575757575757578,6.0,8.0,8.0
11,C17,SKU17,35.0,1.0,460.12567735198763,23.0,23.0,359.68291944283044,35.0,2642.1055688046877,286.22403435954845,16.0,18.0,1099.92123122253,4.0,72290.49237417508,299.9876889691746,28.0,30.0,6046.566669899512,20.0,148491.51822589754,285.14186641460986,35.0,37.0,7723.295835124876,24.0,184904.32509861933,0.17575757575757578,2.0,8.0,10.0
11,C17,SKU76,21.0,1.0,469.965318515608,23.0,23.0,359.68291944283044,35.0,2637.59123784951,286.22403435954845,16.0,18.0,2408.515227882009,11.0,71000.47885464548,299.9876889691746,28.0,30.0,4641.153927856552,19.0,137443.772888904,285.14186641460986,35.0,37.0,5347.188208957184,22.0,172175.24673959962,0.17575757575757578,3.0,10.0,10.0
11,C17,SKU5,,,,,,,,,,,,,,,,,,,,,,,,,,,,,,
11,C17,SKU22,42.0,1.0,368.9690102022352,23.0,23.0,359.68291944283044,35.0,2978.2039427356617,286.22403435954845,16.0,18.0,3590.4101892893627,10.0,71000.47885464548,299.9876889691746,28.0,30.0,5087.730946024144,16.0,137443.772888904,285.14186641460986,35.0,37.0,5587.376488651759,19.0,172175.24673959962,0.17575757575757578,8.0,12.0,14.0
11,C17,SKU43,14.0,1.0,70.63024071178478,23.0,23.0,359.68291944283044,35.0,2029.372523564884,286.22403435954845,16.0,18.0,1168.0650395391517,5.0,72290.49237417508,299.9876889691746,28.0,30.0,3446.6599790396226,14.0,148491.51822589754,285.14186641460986,35.0,37.0,4562.116205894099,18.0,184904.32509861933,0.17575757575757578,4.0,10.0,10.0
11,C17,SKU71,49.0,1.0,201.80911848207785,23.0,23.0,359.68291944283044,35.0,3096.068461614182,286.22403435954845,16.0,18.0,2404.39611588069,11.0,72290.49237417508,299.9876889691746,28.0,30.0,4674.080739616792,20.0,148491.51822589754,285.14186641460986,35.0,37.0,6040.737840554442,26.0,184904.32509861933,0.17575757575757578,6.0,11.0,15.0
11,C17,SKU59,49.0,1.0,483.6834705413373,23.0,23.0,359.68291944283044,35.0,841.2306552485313,286.22403435954845,16.0,18.0,495.6727845513598,3.0,72290.49237417508,299.9876889691746,28.0,30.0,2020.2083700771911,9.0,148491.51822589754,285.14186641460986,35.0,37.0,3141.0112032649795,12.0,184904.32509861933,0.17575757575757578,2.0,5.0,8.0
11,C17,SKU79,70.0,1.0,400.4445912285398,23.0,23.0,359.68291944283044,35.0,2114.1325580165408,286.22403435954845,16.0,18.0,3067.2727070094,9.0,64309.306756835016,299.9876889691746,28.0,30.0,5685.419533093278,19.0,134425.20039296348,285.14186641460986,35.0,37.0,6392.592072969643,23.0,169326.71391872526,0.17575757575757578,5.0,11.0,13.0
11,C17,SKU2,7.0,2.0,162.65631161663703,23.0,23.0,359.68291944283044,35.0,1552.299818017192,286.22403435954845,16.0,18.0,903.8945157772882,5.0,72290.49237417508,299.9876889691746,28.0,30.0,3056.9354831768433,13.0,148491.51822589754,285.14186641460986,35.0,37.0,3804.496357605421,16.0,184904.32509861933,0.17575757575757578,4.0,8.0,9.0
11,C17,SKU2,7.0,2.0,162.65631161663703,23.0,23.0,359.68291944283044,35.0,1552.299818017192,286.22403435954845,16.0,18.0,903.8945157772882,5.0,72290.49237417508,299.9876889691746,28.0,30.0,3056.9354831768433,13.0,148491.51822589754,285.14186641460986,35.0,37.0,3804.496357605421,16.0,184904.32509861933,0.17575757575757578,4.0,8.0,9.0
11,C17,SKU44,21.0,1.0,154.69867171787646,23.0,23.0,359.68291944283044,35.0,1286.5556691419476,286.22403435954845,16.0,18.0,3375.707094179786,14.0,72290.49237417508,299.9876889691746,28.0,30.0,3709.5889620045978,17.0,148491.51822589754,285.14186641460986,35.0,37.0,3975.385161577007,18.0,184904.32509861933,0.17575757575757578,7.0,8.0,8.0
11,C17,SKU37,49.0,1.0,353.06374848721185,23.0,23.0,359.68291944283044,35.0,3591.5989554667126,286.22403435954845,16.0,18.0,2506.0641619629373,9.0,71000.47885464548,299.9876889691746,28.0,30.0,6062.756483960785,24.0,137443.772888904,285.14186641460986,35.0,37.0,7868.481946817385,30.0,172175.24673959962,0.17575757575757578,6.0,14.0,16.0
11,C17,SKU9,42.0,1.0,263.93173836840344,23.0,23.0,359.68291944283044,35.0,2578.9032756017787,286.22403435954845,16.0,18.0,656.8016608132668,3.0,72290.49237417508,299.9876889691746,28.0,30.0,3547.4614779361054,16.0,148491.51822589754,285.14186641460986,35.0,37.0,4567.6472624663165,20.0,184904.32509861933,0.17575757575757578,3.0,11.0,15.0
11,C18,SKU94,,,,,,,,,,,,,,,,,,,,,,,,,,,,,,
11,C18,SKU36,28.0,1.0,123.9928563940081,47.0,25.0,8725.257351806544,20.0,1128.3386916367908,240.8658663838442,8.0,8.0,2098.4499335866844,9.0,71000.47885464548,262.6997373315074,17.0,19.0,4085.6246541863675,16.0,137443.772888904,257.7387977759609,20.0,23.0,5006.714238376788,21.0,172175.24673959962,-0.014705882352941178,5.0,10.0,12.0
11,C18,SKU35,,,,,,,,,,,,,,,,,,,,,,,,,,,,,,
11,C18,SKU49,49.0,1.0,346.26930794904945,47.0,25.0,8725.257351806544,20.0,2668.5709688252655,240.8658663838442,8.0,8.0,1795.5619315160645,9.0,71000.47885464548,262.6997373315074,17.0,19.0,3104.2376143523725,15.0,137443.772888904,257.7387977759609,20.0,23.0,5392.065726760854,22.0,172175.24673959962,-0.014705882352941178,3.0,7.0,9.0
11,C18,SKU24,,,,,,,,,,,,,,,,,,,,,,,,,,,,,,
11,C18,SKU78,35.0,2.0,259.88795310756785,47.0,25.0,8725.257351806544,20.0,3642.609496256943,240.8658663838442,8.0,8.0,1554.1710557580261,9.0,64309.306756835016,262.6997373315074,17.0,19.0,4150.523764079384,19.0,134425.20039296348,257.7387977759609,20.0,23.0,5149.05149684041,23.0,169326.71391872526,-0.014705882352941178,3.0,8.0,11.0
11,C18,SKU78,35.0,2.0,259.88795310756785,47.0,25.0,8725.257351806544,20.0,3642.609496256943,240.8658663838442,8.0,8.0,1554.1710557580261,9.0,64309.306756835016,262.6997373315074,17.0,19.0,4150.523764079384,19.0,134425.20039296348,257.7387977759609,20.0,23.0,5149.05149684041,23.0,169326.71391872526,-0.014705882352941178,3.0,8.0,11.0
11,C18,SKU93,35.0,1.0,216.55455495505774,47.0,25.0,8725.257351806544,20.0,2464.471171704367,240.8658663838442,8.0,8.0,3771.2980526762162,14.0,64309.306756835016,262.6997373315074,17.0,19.0,5963.945464659581,23.0,134425.20039296348,257.7387977759609,20.0,23.0,7243.474701731236,28.0,169326.71391872526,-0.014705882352941178,6.0,13.0,14.0
11,C18,SKU77,7.0,1.0,256.42528892912986,47.0,25.0,8725.257351806544,20.0,2915.234266854536,240.8658663838442,8.0,8.0,1969.5849943511034,6.0,64309.306756835016,262.6997373315074,17.0,19.0,6020.897732327896,20.0,134425.20039296348,257.7387977759609,20.0,23.0,7074.900189336561,24.0,169326.71391872526,-0.014705882352941178,2.0,9.0,12.0
11,C18,SKU90,,,,,,,,,,,,,,,,,,,,,,,,,,,,,,
11,C18,SKU53,49.0,1.0,434.89208523067225,47.0,25.0,8725.257351806544,20.0,3977.09002432701,240.8658663838442,8.0,8.0,2994.1997658245277,11.0,64309.306756835016,262.6997373315074,17.0,19.0,6146.443756492574,20.0,134425.20039296348,257.7387977759609,20.0,23.0,7552.643426786867,26.0,169326.71391872526,-0.014705882352941178,4.0,10.0,14.0
11,C18,SKU30,,,,,,,,,,,,,,,,,,,,,,,,,,,,,,
11,C18,SKU56,56.0,1.0,73.63499267180015,47.0,25.0,8725.257351806544,20.0,2132.839872081411,240.8658663838442,8.0,8.0,1545.754829674268,6.0,64309.306756835016,262.6997373315074,17.0,19.0,3270.798830899707,18.0,134425.20039296348,257.7387977759609,20.0,23.0,3695.2568467426813,19.0,169326.71391872526,-0.014705882352941178,3.0,8.0,8.0
11,C18,SKU4,28.0,1.0,357.3889477267755,47.0,25.0,8725.257351806544,20.0,3013.2949312316678,240.8658663838442,8.0,8.0,2655.6484127428835,8.0,71000.47885464548,262.6997373315074,17.0,19.0,4052.347400421194,16.0,137443.772888904,257.7387977759609,20.0,23.0,5206.213575325947,19.0,172175.24673959962,-0.014705882352941178,5.0,8.0,10.0
11,C18,SKU28,35.0,1.0,133.44052629242435,47.0,25.0,8725.257351806544,20.0,1736.0124168882357,240.8658663838442,8.0,8.0,2768.6171096267003,9.0,71000.47885464548,262.6997373315074,17.0,19.0,4081.7553652923557,14.0,137443.772888904,257.7387977759609,20.0,23.0,4723.73510150179,16.0,172175.24673959962,-0.014705882352941178,1.0,5.0,6.0
11,C18,SKU14,63.0,1.0,97.61856481709262,47.0,25.0,8725.257351806544,20.0,1700.2406422027489,240.8658663838442,8.0,8.0,1952.9631937687732,9.0,71000.47885464548,262.6997373315074,17.0,19.0,5123.321333769345,20.0,137443.772888904,257.7387977759609,20.0,23.0,6176.511444700864,26.0,172175.24673959962,-0.014705882352941178,2.0,7.0,8.0
11,C18,SKU82,,,,,,,,,,,,,,,,,,,,,,,,,,,,,,
11,C18,SKU67,14.0,1.0,278.57113355607726,47.0,25.0,8725.257351806544,20.0,3274.0392673701335,240.8658663838442,8.0,8.0,1181.8136750398212,5.0,71000.47885464548,262.6997373315074,17.0,19.0,3781.57818676148,14.0,137443.772888904,257.7387977759609,20.0,23.0,4700.319165521037,17.0,172175.24673959962,-0.014705882352941178,2.0,7.0,8.0
11,C18,SKU38,42.0,1.0,394.2902321679175,47.0,25.0,8725.257351806544,20.0,3688.49053974194,240.8658663838442,8.0,8.0,2761.0560156102297,11.0,72290.49237417508,262.6997373315074,17.0,19.0,5745.3779223572765,22.0,148491.51822589754,257.7387977759609,20.0,23.0,7883.80530397241,28.0,184904.32509861933,-0.014705882352941178,5.0,12.0,14.0
11,C18,SKU76,56.0,1.0,264.80856264343583,47.0,25.0,8725.257351806544,20.0,2637.59123784951,240.8658663838442,8.0,8.0,2408.515227882009,11.0,71000.47885464548,262.6997373315074,17.0,19.0,4641.153927856552,19.0,137443.772888904,257.7387977759609,20.0,23.0,5347.188208957184,22.0,172175.24673959962,-0.014705882352941178,8.0,9.0,12.0
11,C18,SKU10,28.0,3.0,325.82291854126265,47.0,25.0,8725.257351806544,20.0,1497.4464980275773,240.8658663838442,8.0,8.0,637.246305027026,4.0,71000.47885464548,262.6997373315074,17.0,19.0,3710.9206991514775,14.0,137443.772888904,257.7387977759609,20.0,23.0,4903.101289382736,19.0,172175.24673959962,-0.014705882352941178,3.0,6.0,9.0
11,C18,SKU10,28.0,3.0,325.82291854126265,47.0,25.0,8725.257351806544,20.0,1497.4464980275773,240.8658663838442,8.0,8.0,637.246305027026,4.0,71000.47885464548,262.6997373315074,17.0,19.0,3710.9206991514775,14.0,137443.772888904,257.7387977759609,20.0,23.0,4903.101289382736,19.0,172175.24673959962,-0.014705882352941178,3.0,6.0,9.0
11,C18,SKU10,28.0,3.0,325.82291854126265,47.0,25.0,8725.257351806544,20.0,1497.4464980275773,240.8658663838442,8.0,8.0,637.246305027026,4.0,71000.47885464548,262.6997373315074,17.0,19.0,3710.9206991514775,14.0,137443.772888904,257.7387977759609,20.0,23.0,4903.101289382736,19.0,172175.24673959962,-0.014705882352941178,3.0,6.0,9.0
11,C18,SKU27,14.0,1.0,123.08054612010933,47.0,25.0,8725.257351806544,20.0,1268.8374400402477,240.8658663838442,8.0,8.0,1850.686499348616,6.0,71000.47885464548,262.6997373315074,17.0,19.0,4532.766246076299,16.0,137443.772888904,257.7387977759609,20.0,23.0,4829.31304282509,18.0,172175.24673959962,-0.014705882352941178,5.0,12.0,14.0
11,C18,SKU5,,,,,,,,,,,,,,,,,,,,,,,,,,,,,,
11,C18,SKU71,14.0,1.0,234.92836640324083,47.0,25.0,8725.257351806544,20.0,3096.068461614182,240.8658663838442,8.0,8.0,2404.39611588069,11.0,72290.49237417508,262.6997373315074,17.0,19.0,4674.080739616792,20.0,148491.51822589754,257.7387977759609,20.0,23.0,6040.737840554442,26.0,184904.32509861933,-0.014705882352941178,5.0,9.0,11.0
11,C18,SKU1,70.0,1.0,158.60713871150273,47.0,25.0,8725.257351806544,20.0,2040.4833708442043,240.8658663838442,8.0,8.0,1896.417385529631,8.0,64309.306756835016,262.6997373315074,17.0,19.0,2940.1441700632254,11.0,134425.20039296348,257.7387977759609,20.0,23.0,3629.2039743522905,16.0,169326.71391872526,-0.014705882352941178,3.0,3.0,5.0
11,C18,SKU61,70.0,1.0,287.5382661277286,47.0,25.0,8725.257351806544,20.0,2099.688100255211,240.8658663838442,8.0,8.0,1023.1745756884936,5.0,64309.306756835016,262.6997373315074,17.0,19.0,2996.4024557418907,13.0,134425.20039296348,257.7387977759609,20.0,23.0,4420.266454509291,18.0,169326.71391872526,-0.014705882352941178,0.0,3.0,6.0
11,C18,SKU79,56.0,1.0,477.75868333836206,47.0,25.0,8725.257351806544,20.0,2114.1325580165408,240.8658663838442,8.0,8.0,3067.2727070094,9.0,64309.306756835016,262.6997373315074,17.0,19.0,5685.419533093278,19.0,134425.20039296348,257.7387977759609,20.0,23.0,6392.592072969643,23.0,169326.71391872526,-0.014705882352941178,4.0,8.0,10.0
11,C18,SKU44,28.0,1.0,170.94763297379328,47.0,25.0,8725.257351806544,20.0,1286.5556691419476,240.8658663838442,8.0,8.0,3375.707094179786,14.0,72290.49237417508,262.6997373315074,17.0,19.0,3709.5889620045978,17.0,148491.51822589754,257.7387977759609,20.0,23.0,3975.385161577007,18.0,184904.32509861933,-0.014705882352941178,7.0,9.0,10.0
11,C19,SKU70,21.0,1.0,468.19788242369367,80.0,24.0,4728.95276395104,34.0,3811.12967781279,241.50659933215937,21.0,23.0,4480.1417984573545,14.0,72290.49237417508,272.2254160751478,28.0,33.0,6010.096024175712,20.0,148491.51822589754,272.05828306949815,34.0,41.0,6403.032172003971,21.0,184904.32509861933,-0.04411764705882353,8.0,10.0,11.0
11,C19,SKU3,35.0,1.0,74.06492277786069,80.0,24.0,4728.95276395104,34.0,2194.525569236694,241.50659933215937,21.0,23.0,1098.6612416319165,4.0,71000.47885464548,272.2254160751478,28.0,33.0,2437.8505177723046,9.0,137443.772888904,272.05828306949815,34.0,41.0,2861.6502477050426,11.0,172175.24673959962,-0.04411764705882353,2.0,3.0,3.0
11,C19,SKU35,21.0,1.0,422.9047167940517,80.0,24.0,4728.95276395104,34.0,3712.4861044710765,241.50659933215937,21.0,23.0,2754.1797051098306,13.0,71000.47885464548,272.2254160751478,28.0,33.0,4134.082406545251,18.0,137443.772888904,272.05828306949815,34.0,41.0,5605.79976774534,22.0,172175.24673959962,-0.04411764705882353,7.0,10.0,10.0
11,C19,SKU42,28.0,1.0,26.041316532875545,80.0,24.0,4728.95276395104,34.0,2423.8521056941017,241.50659933215937,21.0,23.0,2048.043858333036,8.0,64309.306756835016,272.2254160751478,28.0,33.0,2875.4570715654363,12.0,134425.20039296348,272.05828306949815,34.0,41.0,3693.722317751543,15.0,169326.71391872526,-0.04411764705882353,5.0,8.0,10.0
11,C19,SKU45,7.0,1.0,271.67283141374634,80.0,24.0,4728.95276395104,34.0,2536.158292709038,241.50659933215937,21.0,23.0,2225.67694976665,7.0,71000.47885464548,272.2254160751478,28.0,33.0,4352.962589053176,15.0,137443.772888904,272.05828306949815,34.0,41.0,5057.5910904026705,18.0,172175.24673959962,-0.04411764705882353,6.0,9.0,11.0
11,C19,SKU74,35.0,1.0,418.7671368253755,80.0,24.0,4728.95276395104,34.0,2224.72054041231,241.50659933215937,21.0,23.0,1386.155419707367,8.0,72290.49237417508,272.2254160751478,28.0,33.0,2321.551476393496,11.0,148491.51822589754,272.05828306949815,34.0,41.0,3024.234494034939,15.0,184904.32509861933,-0.04411764705882353,4.0,5.0,6.0
11,C19,SKU24,70.0,1.0,460.86017723202093,80.0,24.0,4728.95276395104,34.0,2029.4402977187783,241.50659933215937,21.0,23.0,286.69854835136766,3.0,72290.49237417508,272.2254160751478,28.0,33.0,4430.1278243402,16.0,148491.51822589754,272.05828306949815,34.0,41.0,5900.984207625734,21.0,184904.32509861933,-0.04411764705882353,0.0,7.0,11.0
11,C19,SKU93,,,,,,,,,,,,,,,,,,,,,,,,,,,,,,
11,C19,SKU63,,,,,,,,,,,,,,,,,,,,,,,,,,,,,,
11,C19,SKU65,28.0,2.0,254.56847322828344,80.0,24.0,4728.95276395104,34.0,2742.637392291262,241.50659933215937,21.0,23.0,1926.4022658393026,7.0,64309.306756835016,272.2254160751478,28.0,33.0,2847.126109998277,11.0,134425.20039296348,272.05828306949815,34.0,41.0,4812.507686816041,16.0,169326.71391872526,-0.04411764705882353,3.0,4.0,5.0
11,C19,SKU65,28.0,2.0,254.56847322828344,80.0,24.0,4728.95276395104,34.0,2742.637392291262,241.50659933215937,21.0,23.0,1926.4022658393026,7.0,64309.306756835016,272.2254160751478,28.0,33.0,2847.126109998277,11.0,134425.20039296348,272.05828306949815,34.0,41.0,4812.507686816041,16.0,169326.71391872526,-0.04411764705882353,3.0,4.0,5.0
11,C19,SKU21,14.0,1.0,118.80536120801426,80.0,24.0,4728.95276395104,34.0,3329.9472009380474,241.50659933215937,21.0,23.0,2353.590426368052,8.0,72290.49237417508,272.2254160751478,28.0,33.0,3999.2104528811406,15.0,148491.51822589754,272.05828306949815,34.0,41.0,4945.858239130029,20.0,184904.32509861933,-0.04411764705882353,6.0,12.0,15.0
11,C19,SKU92,21.0,2.0,297.16360178706657,80.0,24.0,4728.95276395104,34.0,3968.186994177711,241.50659933215937,21.0,23.0,2058.795273282778,7.0,71000.47885464548,272.2254160751478,28.0,33.0,5764.102094818151,18.0,137443.772888904,272.05828306949815,34.0,41.0,6840.064896781741,22.0,172175.24673959962,-0.04411764705882353,5.0,15.0,16.0
11,C19,SKU92,21.0,2.0,297.16360178706657,80.0,24.0,4728.95276395104,34.0,3968.186994177711,241.50659933215937,21.0,23.0,2058.795273282778,7.0,71000.47885464548,272.2254160751478,28.0,33.0,5764.102094818151,18.0,137443.772888904,272.05828306949815,34.0,41.0,6840.064896781741,22.0,172175.24673959962,-0.04411764705882353,5.0,15.0,16.0
11,C19,SKU34,14.0,2.0,310.6679535152455,80.0,24.0,4728.95276395104,34.0,5244.288347500294,241.50659933215937,21.0,23.0,3705.418135522522,14.0,71000.47885464548,272.2254160751478,28.0,33.0,6259.775782633862,23.0,137443.772888904,272.05828306949815,34.0,41.0,7435.249755115927,26.0,172175.24673959962,-0.04411764705882353,11.0,15.0,17.0
11,C19,SKU34,14.0,2.0,310.6679535152455,80.0,24.0,4728.95276395104,34.0,5244.288347500294,241.50659933215937,21.0,23.0,3705.418135522522,14.0,71000.47885464548,272.2254160751478,28.0,33.0,6259.775782633862,23.0,137443.772888904,272.05828306949815,34.0,41.0,7435.249755115927,26.0,172175.24673959962,-0.04411764705882353,11.0,15.0,17.0
11,C19,SKU53,7.0,1.0,164.97073402188724,80.0,24.0,4728.95276395104,34.0,3575.553402459858,241.50659933215937,21.0,23.0,2994.1997658245277,11.0,64309.306756835016,272.2254160751478,28.0,33.0,6146.443756492574,20.0,134425.20039296348,272.05828306949815,34.0,41.0,7552.643426786867,26.0,169326.71391872526,-0.04411764705882353,7.0,10.0,12.0
11,C19,SKU15,21.0,1.0,58.343706758291404,80.0,24.0,4728.95276395104,34.0,2973.982247734585,241.50659933215937,21.0,23.0,2494.919570641518,9.0,71000.47885464548,272.2254160751478,28.0,33.0,3418.6513460945753,13.0,137443.772888904,272.05828306949815,34.0,41.0,3907.7532733767002,15.0,172175.24673959962,-0.04411764705882353,8.0,11.0,12.0
11,C19,SKU16,70.0,1.0,36.49329867605614,80.0,24.0,4728.95276395104,34.0,1276.3111503994032,241.50659933215937,21.0,23.0,1267.8749765938103,6.0,64309.306756835016,272.2254160751478,28.0,33.0,2601.462544954339,11.0,134425.20039296348,272.05828306949815,34.0,41.0,3390.803962090401,16.0,169326.71391872526,-0.04411764705882353,2.0,4.0,7.0
11,C19,SKU98,,,,,,,,,,,,,,,,,,,,,,,,,,,,,,
11,C19,SKU47,28.0,1.0,35.181989209663506,80.0,24.0,4728.95276395104,34.0,3243.350734954755,241.50659933215937,21.0,23.0,1504.2583208823662,6.0,64309.306756835016,272.2254160751478,28.0,33.0,4078.5232405462552,15.0,134425.20039296348,272.05828306949815,34.0,41.0,4851.310939419624,19.0,169326.71391872526,-0.04411764705882353,3.0,9.0,12.0
11,C19,SKU56,21.0,1.0,229.4473067906094,80.0,24.0,4728.95276395104,34.0,1562.4169746612702,241.50659933215937,21.0,23.0,1545.754829674268,6.0,64309.306756835016,272.2254160751478,28.0,33.0,3270.798830899707,18.0,134425.20039296348,272.05828306949815,34.0,41.0,3695.2568467426813,19.0,169326.71391872526,-0.04411764705882353,3.0,10.0,11.0
11,C19,SKU8,,,,,,,,,,,,,,,,,,,,,,,,,,,,,,
11,C19,SKU4,14.0,1.0,462.72287524315806,80.0,24.0,4728.95276395104,34.0,2192.918644094279,241.50659933215937,21.0,23.0,2655.6484127428835,8.0,71000.47885464548,272.2254160751478,28.0,33.0,4052.347400421194,16.0,137443.772888904,272.05828306949815,34.0,41.0,5206.213575325947,19.0,172175.24673959962,-0.04411764705882353,3.0,8.0,9.0
11,C19,SKU54,7.0,1.0,335.5368333812405,80.0,24.0,4728.95276395104,34.0,2239.1404558524237,241.50659933215937,21.0,23.0,1609.6467143000414,7.0,72290.49237417508,272.2254160751478,28.0,33.0,2606.8102918522354,11.0,148491.51822589754,272.05828306949815,34.0,41.0,3631.498343241021,15.0,184904.32509861933,-0.04411764705882353,5.0,8.0,10.0
11,C19,SKU28,21.0,1.0,464.37973352111845,80.0,24.0,4728.95276395104,34.0,2987.7226846135545,241.50659933215937,21.0,23.0,2768.6171096267003,9.0,71000.47885464548,272.2254160751478,28.0,33.0,4081.7553652923557,14.0,137443.772888904,272.05828306949815,34.0,41.0,4723.73510150179,16.0,172175.24673959962,-0.04411764705882353,8.0,9.0,10.0
11,C19,SKU72,35.0,1.0,410.3239793049952,80.0,24.0,4728.95276395104,34.0,2984.5752027758062,241.50659933215937,21.0,23.0,2143.854582708852,7.0,64309.306756835016,272.2254160751478,28.0,33.0,4863.608727258521,18.0,134425.20039296348,272.05828306949815,34.0,41.0,6002.861555273883,22.0,169326.71391872526,-0.04411764705882353,4.0,12.0,16.0
11,C19,SKU67,,,,,,,,,,,,,,,,,,,,,,,,,,,,,,
11,C19,SKU58,14.0,1.0,353.68267910044096,80.0,24.0,4728.95276395104,34.0,2425.819504397674,241.50659933215937,21.0,23.0,1297.7898246030197,8.0,72290.49237417508,272.2254160751478,28.0,33.0,3175.459193108213,16.0,148491.51822589754,272.05828306949815,34.0,41.0,4854.18394342602,23.0,184904.32509861933,-0.04411764705882353,4.0,8.0,11.0
11,C19,SKU38,28.0,2.0,198.58065604500138,80.0,24.0,4728.95276395104,34.0,4195.31476423047,241.50659933215937,21.0,23.0,2761.0560156102297,11.0,72290.49237417508,272.2254160751478,28.0,33.0,5745.3779223572765,22.0,148491.51822589754,272.05828306949815,34.0,41.0,7883.80530397241,28.0,184904.32509861933,-0.04411764705882353,6.0,10.0,14.0
11,C19,SKU38,28.0,2.0,198.58065604500138,80.0,24.0,4728.95276395104,34.0,4195.31476423047,241.50659933215937,21.0,23.0,2761.0560156102297,11.0,72290.49237417508,272.2254160751478,28.0,33.0,5745.3779223572765,22.0,148491.51822589754,272.05828306949815,34.0,41.0,7883.80530397241,28.0,184904.32509861933,-0.04411764705882353,6.0,10.0,14.0
11,C19,SKU20,28.0,1.0,332.5619359680142,80.0,24.0,4728.95276395104,34.0,2008.93076555903,241.50659933215937,21.0,23.0,2064.335557946855,6.0,72290.49237417508,272.2254160751478,28.0,33.0,2995.0391942363067,11.0,148491.51822589754,272.05828306949815,34.0,41.0,3330.725406979164,13.0,184904.32509861933,-0.04411764705882353,3.0,4.0,6.0
11,C19,SKU17,,,,,,,,,,,,,,,,,,,,,,,,,,,,,,
11,C19,SKU55,49.0,1.0,379.2621674019619,80.0,24.0,4728.95276395104,34.0,2718.6657102173667,241.50659933215937,21.0,23.0,1998.897600122124,7.0,64309.306756835016,272.2254160751478,28.0,33.0,3587.397886299588,12.0,134425.20039296348,272.05828306949815,34.0,41.0,4503.739931530498,16.0,169326.71391872526,-0.04411764705882353,5.0,6.0,8.0
11,C19,SKU5,70.0,1.0,333.11840713489664,80.0,24.0,4728.95276395104,34.0,4475.10022155687,241.50659933215937,21.0,23.0,2752.7115105281678,9.0,72290.49237417508,272.2254160751478,28.0,33.0,7156.4594080845045,24.0,148491.51822589754,272.05828306949815,34.0,41.0,8513.080158022674,29.0,184904.32509861933,-0.04411764705882353,4.0,14.0,17.0
11,C19,SKU57,56.0,1.0,486.15321034134615,80.0,24.0,4728.95276395104,34.0,4084.1434485356185,241.50659933215937,21.0,23.0,2481.3321993654963,12.0,71000.47885464548,272.2254160751478,28.0,33.0,5034.701407276938,22.0,137443.772888904,272.05828306949815,34.0,41.0,6199.929816035148,26.0,172175.24673959962,-0.04411764705882353,7.0,14.0,16.0
11,C19,SKU43,56.0,1.0,239.8657054576056,80.0,24.0,4728.95276395104,34.0,2532.743682329215,241.50659933215937,21.0,23.0,1168.0650395391517,5.0,72290.49237417508,272.2254160751478,28.0,33.0,3446.6599790396226,14.0,148491.51822589754,272.05828306949815,34.0,41.0,4562.116205894099,18.0,184904.32509861933,-0.04411764705882353,4.0,10.0,10.0
11,C19,SKU71,21.0,2.0,212.571182972979,80.0,24.0,4728.95276395104,34.0,2944.6693789402602,241.50659933215937,21.0,23.0,2404.39611588069,11.0,72290.49237417508,272.2254160751478,28.0,33.0,4674.080739616792,20.0,148491.51822589754,272.05828306949815,34.0,41.0,6040.737840554442,26.0,184904.32509861933,-0.04411764705882353,6.0,11.0,15.0
11,C19,SKU71,21.0,2.0,212.571182972979,80.0,24.0,4728.95276395104,34.0,2944.6693789402602,241.50659933215937,21.0,23.0,2404.39611588069,11.0,72290.49237417508,272.2254160751478,28.0,33.0,4674.080739616792,20.0,148491.51822589754,272.05828306949815,34.0,41.0,6040.737840554442,26.0,184904.32509861933,-0.04411764705882353,6.0,11.0,15.0
11,C19,SKU66,70.0,1.0,113.76418377829194,80.0,24.0,4728.95276395104,34.0,3491.83031890565,241.50659933215937,21.0,23.0,2782.60833972082,11.0,71000.47885464548,272.2254160751478,28.0,33.0,4217.844243944581,18.0,137443.772888904,272.05828306949815,34.0,41.0,4755.902905153972,20.0,172175.24673959962,-0.04411764705882353,3.0,5.0,6.0
11,C19,SKU32,21.0,2.0,325.8006958034894,80.0,24.0,4728.95276395104,34.0,3578.5559559457374,241.50659933215937,21.0,23.0,2221.4941391896728,9.0,72290.49237417508,272.2254160751478,28.0,33.0,4070.9775382142357,15.0,148491.51822589754,272.05828306949815,34.0,41.0,5564.906756256995,23.0,184904.32509861933,-0.04411764705882353,5.0,8.0,12.0
11,C19,SKU32,21.0,2.0,325.8006958034894,80.0,24.0,4728.95276395104,34.0,3578.5559559457374,241.50659933215937,21.0,23.0,2221.4941391896728,9.0,72290.49237417508,272.2254160751478,28.0,33.0,4070.9775382142357,15.0,148491.51822589754,272.05828306949815,34.0,41.0,5564.906756256995,23.0,184904.32509861933,-0.04411764705882353,5.0,8.0,12.0
11,C19,SKU59,70.0,1.0,417.12062034487786,80.0,24.0,4728.95276395104,34.0,2299.7805480164484,241.50659933215937,21.0,23.0,495.6727845513598,3.0,72290.49237417508,272.2254160751478,28.0,33.0,2020.2083700771911,9.0,148491.51822589754,272.05828306949815,34.0,41.0,3141.0112032649795,12.0,184904.32509861933,-0.04411764705882353,2.0,5.0,8.0
11,C19,SKU40,14.0,2.0,155.87834999552604,80.0,24.0,4728.95276395104,34.0,1540.40517967727,241.50659933215937,21.0,23.0,1316.753953201328,10.0,64309.306756835016,272.2254160751478,28.0,33.0,2963.78974554345,17.0,134425.20039296348,272.05828306949815,34.0,41.0,3647.9288448918765,19.0,169326.71391872526,-0.04411764705882353,6.0,13.0,15.0
11,C19,SKU40,14.0,2.0,155.87834999552604,80.0,24.0,4728.95276395104,34.0,1540.40517967727,241.50659933215937,21.0,23.0,1316.753953201328,10.0,64309.306756835016,272.2254160751478,28.0,33.0,2963.78974554345,17.0,134425.20039296348,272.05828306949815,34.0,41.0,3647.9288448918765,19.0,169326.71391872526,-0.04411764705882353,6.0,13.0,15.0
11,C19,SKU79,56.0,1.0,430.1457753237858,80.0,24.0,4728.95276395104,34.0,4278.459514953102,241.50659933215937,21.0,23.0,3067.2727070094,9.0,64309.306756835016,272.2254160751478,28.0,33.0,5685.419533093278,19.0,134425.20039296348,272.05828306949815,34.0,41.0,6392.592072969643,23.0,169326.71391872526,-0.04411764705882353,5.0,11.0,13.0
11,C19,SKU44,,,,,,,,,,,,,,,,,,,,,,,,,,,,,,
11,C19,SKU9,70.0,1.0,99.53829218836005,80.0,24.0,4728.95276395104,34.0,1988.7439868645379,241.50659933215937,21.0,23.0,656.8016608132668,3.0,72290.49237417508,272.2254160751478,28.0,33.0,3547.4614779361054,16.0,148491.51822589754,272.05828306949815,34.0,41.0,4567.6472624663165,20.0,184904.32509861933,-0.04411764705882353,3.0,11.0,15.0
11,C20,SKU94,21.0,1.0,332.3395575206906,33.0,47.0,4027.9308562097503,30.0,3757.5006028651565,235.17237338421663,17.0,18.0,2483.5489317856486,9.0,71000.47885464548,240.45289682671174,25.0,28.0,5875.653325400093,19.0,137443.772888904,252.0563333942561,30.0,36.0,7988.092781982599,26.0,172175.24673959962,0.05294117647058824,5.0,9.0,13.0
11,C20,SKU46,70.0,1.0,384.9999708271274,33.0,47.0,4027.9308562097503,30.0,2294.787006916099,235.17237338421663,17.0,18.0,1113.88374513786,5.0,71000.47885464548,240.45289682671174,25.0,28.0,2359.140085796144,10.0,137443.772888904,252.0563333942561,30.0,36.0,4011.448091088257,17.0,172175.24673959962,0.05294117647058824,1.0,2.0,4.0
11,C20,SKU26,63.0,1.0,84.52064138206524,33.0,47.0,4027.9308562097503,30.0,2800.9686683264476,235.17237338421663,17.0,18.0,1878.8963415535886,9.0,64309.306756835016,240.45289682671174,25.0,28.0,4362.126765130159,19.0,134425.20039296348,252.0563333942561,30.0,36.0,5671.0460414333365,24.0,169326.71391872526,0.05294117647058824,4.0,7.0,11.0
11,C20,SKU24,,,,,,,,,,,,,,,,,,,,,,,,,,,,,,
11,C20,SKU99,49.0,1.0,46.665792020045586,33.0,47.0,4027.9308562097503,30.0,2116.9755622507078,235.17237338421663,17.0,18.0,2063.456357418281,10.0,72290.49237417508,240.45289682671174,25.0,28.0,3861.6408359712746,19.0,148491.51822589754,252.0563333942561,30.0,36.0,5112.221920080666,24.0,184904.32509861933,0.05294117647058824,7.0,13.0,17.0
11,C20,SKU12,42.0,1.0,445.9391742917187,33.0,47.0,4027.9308562097503,30.0,1476.895792556513,235.17237338421663,17.0,18.0,2521.395030978758,9.0,64309.306756835016,240.45289682671174,25.0,28.0,3695.688159793338,13.0,134425.20039296348,252.0563333942561,30.0,36.0,4205.119040348188,15.0,169326.71391872526,0.05294117647058824,3.0,5.0,5.0
11,C20,SKU65,28.0,1.0,30.71542583704038,33.0,47.0,4027.9308562097503,30.0,2069.870294524778,235.17237338421663,17.0,18.0,1926.4022658393026,7.0,64309.306756835016,240.45289682671174,25.0,28.0,2847.126109998277,11.0,134425.20039296348,252.0563333942561,30.0,36.0,4812.507686816041,16.0,169326.71391872526,0.05294117647058824,3.0,4.0,5.0
11,C20,SKU77,35.0,1.0,415.465362524269,33.0,47.0,4027.9308562097503,30.0,2915.234266854536,235.17237338421663,17.0,18.0,1969.5849943511034,6.0,64309.306756835016,240.45289682671174,25.0,28.0,6020.897732327896,20.0,134425.20039296348,252.0563333942561,30.0,36.0,7074.900189336561,24.0,169326.71391872526,0.05294117647058824,4.0,11.0,12.0
11,C20,SKU50,21.0,3.0,221.85957091775663,33.0,47.0,4027.9308562097503,30.0,1433.2282860598164,235.17237338421663,17.0,18.0,2043.4660640573127,8.0,72290.49237417508,240.45289682671174,25.0,28.0,3799.0039423972185,14.0,148491.51822589754,252.0563333942561,30.0,36.0,4985.330160061602,19.0,184904.32509861933,0.05294117647058824,6.0,10.0,13.0
11,C20,SKU50,21.0,3.0,221.85957091775663,33.0,47.0,4027.9308562097503,30.0,1433.2282860598164,235.17237338421663,17.0,18.0,2043.4660640573127,8.0,72290.49237417508,240.45289682671174,25.0,28.0,3799.0039423972185,14.0,148491.51822589754,252.0563333942561,30.0,36.0,4985.330160061602,19.0,184904.32509861933,0.05294117647058824,6.0,10.0,13.0
11,C20,SKU50,21.0,3.0,221.85957091775663,33.0,47.0,4027.9308562097503,30.0,1433.2282860598164,235.17237338421663,17.0,18.0,2043.4660640573127,8.0,72290.49237417508,240.45289682671174,25.0,28.0,3799.0039423972185,14.0,148491.51822589754,252.0563333942561,30.0,36.0,4985.330160061602,19.0,184904.32509861933,0.05294117647058824,6.0,10.0,13.0
11,C20,SKU34,7.0,2.0,137.61652587588716,33.0,47.0,4027.9308562097503,30.0,2190.9614076156327,235.17237338421663,17.0,18.0,3705.418135522522,14.0,71000.47885464548,240.45289682671174,25.0,28.0,6259.775782633862,23.0,137443.772888904,252.0563333942561,30.0,36.0,7435.249755115927,26.0,172175.24673959962,0.05294117647058824,11.0,15.0,17.0
11,C20,SKU34,7.0,2.0,137.61652587588716,33.0,47.0,4027.9308562097503,30.0,2190.9614076156327,235.17237338421663,17.0,18.0,3705.418135522522,14.0,71000.47885464548,240.45289682671174,25.0,28.0,6259.775782633862,23.0,137443.772888904,252.0563333942561,30.0,36.0,7435.249755115927,26.0,172175.24673959962,0.05294117647058824,11.0,15.0,17.0
11,C20,SKU53,7.0,2.0,238.17056653254022,33.0,47.0,4027.9308562097503,30.0,3977.09002432701,235.17237338421663,17.0,18.0,2994.1997658245277,11.0,64309.306756835016,240.45289682671174,25.0,28.0,6146.443756492574,20.0,134425.20039296348,252.0563333942561,30.0,36.0,7552.643426786867,26.0,169326.71391872526,0.05294117647058824,7.0,10.0,12.0
11,C20,SKU53,7.0,2.0,238.17056653254022,33.0,47.0,4027.9308562097503,30.0,3977.09002432701,235.17237338421663,17.0,18.0,2994.1997658245277,11.0,64309.306756835016,240.45289682671174,25.0,28.0,6146.443756492574,20.0,134425.20039296348,252.0563333942561,30.0,36.0,7552.643426786867,26.0,169326.71391872526,0.05294117647058824,7.0,10.0,12.0
11,C20,SKU81,63.0,1.0,245.6287367231302,33.0,47.0,4027.9308562097503,30.0,2283.217610935724,235.17237338421663,17.0,18.0,884.0878153107776,7.0,64309.306756835016,240.45289682671174,25.0,28.0,3594.4891330396335,17.0,134425.20039296348,252.0563333942561,30.0,36.0,5080.177260453762,21.0,169326.71391872526,0.05294117647058824,4.0,13.0,16.0
11,C20,SKU16,21.0,1.0,236.90474772683768,33.0,47.0,4027.9308562097503,30.0,2114.4928116909978,235.17237338421663,17.0,18.0,1267.8749765938103,6.0,64309.306756835016,240.45289682671174,25.0,28.0,2601.462544954339,11.0,134425.20039296348,252.0563333942561,30.0,36.0,3390.803962090401,16.0,169326.71391872526,0.05294117647058824,2.0,4.0,7.0
11,C20,SKU30,,,,,,,,,,,,,,,,,,,,,,,,,,,,,,
11,C20,SKU47,49.0,1.0,144.04678154218635,33.0,47.0,4027.9308562097503,30.0,1607.96020446487,235.17237338421663,17.0,18.0,1504.2583208823662,6.0,64309.306756835016,240.45289682671174,25.0,28.0,4078.5232405462552,15.0,134425.20039296348,252.0563333942561,30.0,36.0,4851.310939419624,19.0,169326.71391872526,0.05294117647058824,3.0,9.0,12.0
11,C20,SKU56,14.0,1.0,491.93386702960595,33.0,47.0,4027.9308562097503,30.0,2132.839872081411,235.17237338421663,17.0,18.0,1545.754829674268,6.0,64309.306756835016,240.45289682671174,25.0,28.0,3270.798830899707,18.0,134425.20039296348,252.0563333942561,30.0,36.0,3695.2568467426813,19.0,169326.71391872526,0.05294117647058824,3.0,10.0,11.0
11,C20,SKU41,21.0,1.0,286.17114678660977,33.0,47.0,4027.9308562097503,30.0,3260.748069865472,235.17237338421663,17.0,18.0,1227.9060523246405,4.0,71000.47885464548,240.45289682671174,25.0,28.0,3724.455823011518,12.0,137443.772888904,252.0563333942561,30.0,36.0,4799.390159470608,15.0,172175.24673959962,0.05294117647058824,4.0,5.0,8.0
11,C20,SKU52,7.0,1.0,285.97964926134983,33.0,47.0,4027.9308562097503,30.0,1145.992708050022,235.17237338421663,17.0,18.0,1741.9187812705975,9.0,72290.49237417508,240.45289682671174,25.0,28.0,3427.098935903869,15.0,148491.51822589754,252.0563333942561,30.0,36.0,3902.437562751791,16.0,184904.32509861933,0.05294117647058824,5.0,8.0,8.0
11,C20,SKU84,28.0,3.0,292.3304095329927,33.0,47.0,4027.9308562097503,30.0,3598.27359660886,235.17237338421663,17.0,18.0,2347.7386034283104,7.0,71000.47885464548,240.45289682671174,25.0,28.0,4926.045037747026,16.0,137443.772888904,252.0563333942561,30.0,36.0,5976.75994258024,20.0,172175.24673959962,0.05294117647058824,5.0,10.0,13.0
11,C20,SKU84,28.0,3.0,292.3304095329927,33.0,47.0,4027.9308562097503,30.0,3598.27359660886,235.17237338421663,17.0,18.0,2347.7386034283104,7.0,71000.47885464548,240.45289682671174,25.0,28.0,4926.045037747026,16.0,137443.772888904,252.0563333942561,30.0,36.0,5976.75994258024,20.0,172175.24673959962,0.05294117647058824,5.0,10.0,13.0
11,C20,SKU84,28.0,3.0,292.3304095329927,33.0,47.0,4027.9308562097503,30.0,3598.27359660886,235.17237338421663,17.0,18.0,2347.7386034283104,7.0,71000.47885464548,240.45289682671174,25.0,28.0,4926.045037747026,16.0,137443.772888904,252.0563333942561,30.0,36.0,5976.75994258024,20.0,172175.24673959962,0.05294117647058824,5.0,10.0,13.0
11,C20,SKU48,70.0,1.0,236.44722424626417,33.0,47.0,4027.9308562097503,30.0,2368.132574397137,235.17237338421663,17.0,18.0,2294.3657919101456,11.0,71000.47885464548,240.45289682671174,25.0,28.0,4714.559295750083,17.0,137443.772888904,252.0563333942561,30.0,36.0,5555.479837264602,20.0,172175.24673959962,0.05294117647058824,6.0,9.0,11.0
11,C20,SKU23,28.0,1.0,84.32305924800197,33.0,47.0,4027.9308562097503,30.0,2529.226035705933,235.17237338421663,17.0,18.0,2634.4380931227643,10.0,71000.47885464548,240.45289682671174,25.0,28.0,4401.380339195599,16.0,137443.772888904,252.0563333942561,30.0,36.0,5978.508943032263,23.0,172175.24673959962,0.05294117647058824,5.0,8.0,10.0
11,C20,SKU67,49.0,1.0,263.14622648808984,33.0,47.0,4027.9308562097503,30.0,3274.0392673701335,235.17237338421663,17.0,18.0,1181.8136750398212,5.0,71000.47885464548,240.45289682671174,25.0,28.0,3781.57818676148,14.0,137443.772888904,252.0563333942561,30.0,36.0,4700.319165521037,17.0,172175.24673959962,0.05294117647058824,3.0,7.0,9.0
11,C20,SKU72,28.0,1.0,378.5249223414583,33.0,47.0,4027.9308562097503,30.0,3018.2863524980753,235.17237338421663,17.0,18.0,2143.854582708852,7.0,64309.306756835016,240.45289682671174,25.0,28.0,4863.608727258521,18.0,134425.20039296348,252.0563333942561,30.0,36.0,6002.861555273883,22.0,169326.71391872526,0.05294117647058824,4.0,12.0,16.0
11,C20,SKU58,7.0,1.0,123.29568763244822,33.0,47.0,4027.9308562097503,30.0,2428.364439028346,235.17237338421663,17.0,18.0,1297.7898246030197,8.0,72290.49237417508,240.45289682671174,25.0,28.0,3175.459193108213,16.0,148491.51822589754,252.0563333942561,30.0,36.0,4854.18394342602,23.0,184904.32509861933,0.05294117647058824,4.0,8.0,11.0
11,C20,SKU17,70.0,1.0,478.2209520140686,33.0,47.0,4027.9308562097503,30.0,2642.1055688046877,235.17237338421663,17.0,18.0,1099.92123122253,4.0,72290.49237417508,240.45289682671174,25.0,28.0,6046.566669899512,20.0,148491.51822589754,252.0563333942561,30.0,36.0,7723.295835124876,24.0,184904.32509861933,0.05294117647058824,2.0,8.0,10.0
11,C20,SKU10,,,,,,,,,,,,,,,,,,,,,,,,,,,,,,
11,C20,SKU5,14.0,1.0,254.73589260145604,33.0,47.0,4027.9308562097503,30.0,4037.9799364658056,235.17237338421663,17.0,18.0,2752.7115105281678,9.0,72290.49237417508,240.45289682671174,25.0,28.0,7156.4594080845045,24.0,148491.51822589754,252.0563333942561,30.0,36.0,8513.080158022674,29.0,184904.32509861933,0.05294117647058824,4.0,14.0,17.0
11,C20,SKU13,28.0,1.0,372.75094044509035,33.0,47.0,4027.9308562097503,30.0,2622.2735648767484,235.17237338421663,17.0,18.0,2639.5557162582354,9.0,72290.49237417508,240.45289682671174,25.0,28.0,4043.166248554249,14.0,148491.51822589754,252.0563333942561,30.0,36.0,6020.244724995739,19.0,184904.32509861933,0.05294117647058824,8.0,11.0,13.0
11,C20,SKU89,35.0,1.0,366.8239957932626,33.0,47.0,4027.9308562097503,30.0,3580.937800003732,235.17237338421663,17.0,18.0,2711.515344539416,8.0,72290.49237417508,240.45289682671174,25.0,28.0,4952.93249102111,17.0,148491.51822589754,252.0563333942561,30.0,36.0,5669.163547128538,19.0,184904.32509861933,0.05294117647058824,6.0,11.0,13.0
11,C20,SKU66,28.0,1.0,130.0597862337639,33.0,47.0,4027.9308562097503,30.0,1264.0725862483225,235.17237338421663,17.0,18.0,2782.60833972082,11.0,71000.47885464548,240.45289682671174,25.0,28.0,4217.844243944581,18.0,137443.772888904,252.0563333942561,30.0,36.0,4755.902905153972,20.0,172175.24673959962,0.05294117647058824,3.0,5.0,6.0
11,C20,SKU40,7.0,1.0,413.89568004839975,33.0,47.0,4027.9308562097503,30.0,2107.523665214607,235.17237338421663,17.0,18.0,1316.753953201328,10.0,64309.306756835016,240.45289682671174,25.0,28.0,2963.78974554345,17.0,134425.20039296348,252.0563333942561,30.0,36.0,3647.9288448918765,19.0,169326.71391872526,0.05294117647058824,6.0,13.0,15.0
11,C20,SKU86,,,,,,,,,,,,,,,,,,,,,,,,,,,,,,
11,C20,SKU37,35.0,1.0,118.6303059916718,33.0,47.0,4027.9308562097503,30.0,3591.5989554667126,235.17237338421663,17.0,18.0,2506.0641619629373,9.0,71000.47885464548,240.45289682671174,25.0,28.0,6062.756483960785,24.0,137443.772888904,252.0563333942561,30.0,36.0,7868.481946817385,30.0,172175.24673959962,0.05294117647058824,6.0,14.0,16.0
11,C20,SKU9,49.0,1.0,127.71834946746695,33.0,47.0,4027.9308562097503,30.0,2578.9032756017787,235.17237338421663,17.0,18.0,656.8016608132668,3.0,72290.49237417508,240.45289682671174,25.0,28.0,3547.4614779361054,16.0,148491.51822589754,252.0563333942561,30.0,36.0,4567.6472624663165,20.0,184904.32509861933,0.05294117647058824,3.0,11.0,15.0
11,C21,SKU94,7.0,2.0,326.4721071979878,17.0,36.0,1218.5824307506596,40.0,4230.592179117441,295.3036946537765,14.0,15.0,2483.5489317856486,9.0,71000.47885464548,260.8427423133996,37.0,42.0,5875.653325400093,19.0,137443.772888904,271.2808425140807,40.0,49.0,7988.092781982599,26.0,172175.24673959962,-0.0787878787878788,4.0,10.0,13.0
11,C21,SKU94,7.0,2.0,326.4721071979878,17.0,36.0,1218.5824307506596,40.0,4230.592179117441,295.3036946537765,14.0,15.0,2483.5489317856486,9.0,71000.47885464548,260.8427423133996,37.0,42.0,5875.653325400093,19.0,137443.772888904,271.2808425140807,40.0,49.0,7988.092781982599,26.0,172175.24673959962,-0.0787878787878788,4.0,10.0,13.0
11,C21,SKU70,28.0,1.0,415.5692038457271,17.0,36.0,1218.5824307506596,40.0,3811.12967781279,295.3036946537765,14.0,15.0,4480.1417984573545,14.0,72290.49237417508,260.8427423133996,37.0,42.0,6010.096024175712,20.0,148491.51822589754,271.2808425140807,40.0,49.0,6403.032172003971,21.0,184904.32509861933,-0.0787878787878788,6.0,10.0,10.0
11,C21,SKU3,,,,,,,,,,,,,,,,,,,,,,,,,,,,,,
11,C21,SKU35,21.0,1.0,55.032805139481404,17.0,36.0,1218.5824307506596,40.0,3712.4861044710765,295.3036946537765,14.0,15.0,2754.1797051098306,13.0,71000.47885464548,260.8427423133996,37.0,42.0,4134.082406545251,18.0,137443.772888904,271.2808425140807,40.0,49.0,5605.79976774534,22.0,172175.24673959962,-0.0787878787878788,6.0,8.0,12.0
11,C21,SKU49,21.0,1.0,431.9057211198461,17.0,36.0,1218.5824307506596,40.0,2723.4947579355885,295.3036946537765,14.0,15.0,1795.5619315160645,9.0,71000.47885464548,260.8427423133996,37.0,42.0,3104.2376143523725,15.0,137443.772888904,271.2808425140807,40.0,49.0,5392.065726760854,22.0,172175.24673959962,-0.0787878787878788,3.0,7.0,9.0
11,C21,SKU26,42.0,1.0,396.3431732918195,17.0,36.0,1218.5824307506596,40.0,2870.077373106889,295.3036946537765,14.0,15.0,1878.8963415535886,9.0,64309.306756835016,260.8427423133996,37.0,42.0,4362.126765130159,19.0,134425.20039296348,271.2808425140807,40.0,49.0,5671.0460414333365,24.0,169326.71391872526,-0.0787878787878788,5.0,12.0,13.0
11,C21,SKU29,63.0,1.0,415.3739835513109,17.0,36.0,1218.5824307506596,40.0,1790.6759603603157,295.3036946537765,14.0,15.0,1124.9593254292206,6.0,64309.306756835016,260.8427423133996,37.0,42.0,2820.3394756077796,12.0,134425.20039296348,271.2808425140807,40.0,49.0,3933.4782928520303,17.0,169326.71391872526,-0.0787878787878788,5.0,9.0,13.0
11,C21,SKU69,7.0,2.0,359.4664583235493,17.0,36.0,1218.5824307506596,40.0,4309.405519571437,295.3036946537765,14.0,15.0,2035.2711131866931,7.0,64309.306756835016,260.8427423133996,37.0,42.0,4689.680921989357,15.0,134425.20039296348,271.2808425140807,40.0,49.0,6440.272283329844,22.0,169326.71391872526,-0.0787878787878788,4.0,11.0,15.0
11,C21,SKU69,7.0,2.0,359.4664583235493,17.0,36.0,1218.5824307506596,40.0,4309.405519571437,295.3036946537765,14.0,15.0,2035.2711131866931,7.0,64309.306756835016,260.8427423133996,37.0,42.0,4689.680921989357,15.0,134425.20039296348,271.2808425140807,40.0,49.0,6440.272283329844,22.0,169326.71391872526,-0.0787878787878788,4.0,11.0,15.0
11,C21,SKU74,14.0,2.0,63.13649583445165,17.0,36.0,1218.5824307506596,40.0,2224.72054041231,295.3036946537765,14.0,15.0,1386.155419707367,8.0,72290.49237417508,260.8427423133996,37.0,42.0,2321.551476393496,11.0,148491.51822589754,271.2808425140807,40.0,49.0,3024.234494034939,15.0,184904.32509861933,-0.0787878787878788,4.0,6.0,9.0
11,C21,SKU74,14.0,2.0,63.13649583445165,17.0,36.0,1218.5824307506596,40.0,2224.72054041231,295.3036946537765,14.0,15.0,1386.155419707367,8.0,72290.49237417508,260.8427423133996,37.0,42.0,2321.551476393496,11.0,148491.51822589754,271.2808425140807,40.0,49.0,3024.234494034939,15.0,184904.32509861933,-0.0787878787878788,4.0,6.0,9.0
11,C21,SKU93,35.0,2.0,355.1377642230017,17.0,36.0,1218.5824307506596,40.0,4779.003530026869,295.3036946537765,14.0,15.0,3771.2980526762162,14.0,64309.306756835016,260.8427423133996,37.0,42.0,5963.945464659581,23.0,134425.20039296348,271.2808425140807,40.0,49.0,7243.474701731236,28.0,169326.71391872526,-0.0787878787878788,6.0,13.0,14.0
11,C21,SKU93,35.0,2.0,355.1377642230017,17.0,36.0,1218.5824307506596,40.0,4779.003530026869,295.3036946537765,14.0,15.0,3771.2980526762162,14.0,64309.306756835016,260.8427423133996,37.0,42.0,5963.945464659581,23.0,134425.20039296348,271.2808425140807,40.0,49.0,7243.474701731236,28.0,169326.71391872526,-0.0787878787878788,6.0,13.0,14.0
11,C21,SKU63,7.0,1.0,412.7092008383573,17.0,36.0,1218.5824307506596,40.0,5123.381693983563,295.3036946537765,14.0,15.0,3844.564732690659,10.0,72290.49237417508,260.8427423133996,37.0,42.0,6449.086660364468,19.0,148491.51822589754,271.2808425140807,40.0,49.0,8086.425774464821,25.0,184904.32509861933,-0.0787878787878788,7.0,11.0,12.0
11,C21,SKU12,56.0,1.0,313.37316028712553,17.0,36.0,1218.5824307506596,40.0,2728.223247791675,295.3036946537765,14.0,15.0,2521.395030978758,9.0,64309.306756835016,260.8427423133996,37.0,42.0,3695.688159793338,13.0,134425.20039296348,271.2808425140807,40.0,49.0,4205.119040348188,15.0,169326.71391872526,-0.0787878787878788,6.0,8.0,10.0
11,C21,SKU77,42.0,1.0,416.6570988184961,17.0,36.0,1218.5824307506596,40.0,4159.665922482025,295.3036946537765,14.0,15.0,1969.5849943511034,6.0,64309.306756835016,260.8427423133996,37.0,42.0,6020.897732327896,20.0,134425.20039296348,271.2808425140807,40.0,49.0,7074.900189336561,24.0,169326.71391872526,-0.0787878787878788,2.0,9.0,12.0
11,C21,SKU90,42.0,1.0,306.6235601804204,17.0,36.0,1218.5824307506596,40.0,3498.944990268814,295.3036946537765,14.0,15.0,4395.3248693451,13.0,71000.47885464548,260.8427423133996,37.0,42.0,6125.165358255388,20.0,137443.772888904,271.2808425140807,40.0,49.0,7179.063293597827,23.0,172175.24673959962,-0.0787878787878788,6.0,11.0,12.0
11,C21,SKU50,42.0,2.0,270.2484162800095,17.0,36.0,1218.5824307506596,40.0,3552.1018740017853,295.3036946537765,14.0,15.0,2043.4660640573127,8.0,72290.49237417508,260.8427423133996,37.0,42.0,3799.0039423972185,14.0,148491.51822589754,271.2808425140807,40.0,49.0,4985.330160061602,19.0,184904.32509861933,-0.0787878787878788,2.0,4.0,6.0
11,C21,SKU50,42.0,2.0,270.2484162800095,17.0,36.0,1218.5824307506596,40.0,3552.1018740017853,295.3036946537765,14.0,15.0,2043.4660640573127,8.0,72290.49237417508,260.8427423133996,37.0,42.0,3799.0039423972185,14.0,148491.51822589754,271.2808425140807,40.0,49.0,4985.330160061602,19.0,184904.32509861933,-0.0787878787878788,2.0,4.0,6.0
11,C21,SKU62,35.0,1.0,377.36606534709597,17.0,36.0,1218.5824307506596,40.0,3581.745762989488,295.3036946537765,14.0,15.0,2300.964082607896,9.0,72290.49237417508,260.8427423133996,37.0,42.0,3409.285760329741,13.0,148491.51822589754,271.2808425140807,40.0,49.0,5094.40761574676,19.0,184904.32509861933,-0.0787878787878788,6.0,9.0,12.0
11,C21,SKU92,28.0,1.0,178.1463458392807,17.0,36.0,1218.5824307506596,40.0,3968.186994177711,295.3036946537765,14.0,15.0,2058.795273282778,7.0,71000.47885464548,260.8427423133996,37.0,42.0,5764.102094818151,18.0,137443.772888904,271.2808425140807,40.0,49.0,6840.064896781741,22.0,172175.24673959962,-0.0787878787878788,2.0,3.0,6.0
11,C21,SKU34,14.0,2.0,455.9878631399713,17.0,36.0,1218.5824307506596,40.0,5244.288347500294,295.3036946537765,14.0,15.0,3705.418135522522,14.0,71000.47885464548,260.8427423133996,37.0,42.0,6259.775782633862,23.0,137443.772888904,271.2808425140807,40.0,49.0,7435.249755115927,26.0,172175.24673959962,-0.0787878787878788,3.0,8.0,9.0
11,C21,SKU34,14.0,2.0,455.9878631399713,17.0,36.0,1218.5824307506596,40.0,5244.288347500294,295.3036946537765,14.0,15.0,3705.418135522522,14.0,71000.47885464548,260.8427423133996,37.0,42.0,6259.775782633862,23.0,137443.772888904,271.2808425140807,40.0,49.0,7435.249755115927,26.0,172175.24673959962,-0.0787878787878788,3.0,8.0,9.0
11,C21,SKU64,63.0,1.0,287.9716066824271,17.0,36.0,1218.5824307506596,40.0,1815.0927190728687,295.3036946537765,14.0,15.0,955.5557594937186,5.0,64309.306756835016,260.8427423133996,37.0,42.0,1889.4927849954656,11.0,134425.20039296348,271.2808425140807,40.0,49.0,2974.437939968098,14.0,169326.71391872526,-0.0787878787878788,2.0,4.0,5.0
11,C21,SKU53,21.0,1.0,248.0451700776273,17.0,36.0,1218.5824307506596,40.0,3575.553402459858,295.3036946537765,14.0,15.0,2994.1997658245277,11.0,64309.306756835016,260.8427423133996,37.0,42.0,6146.443756492574,20.0,134425.20039296348,271.2808425140807,40.0,49.0,7552.643426786867,26.0,169326.71391872526,-0.0787878787878788,4.0,10.0,14.0
11,C21,SKU8,49.0,1.0,149.86225775499744,17.0,36.0,1218.5824307506596,40.0,4899.0980248205815,295.3036946537765,14.0,15.0,1356.43606397429,5.0,72290.49237417508,260.8427423133996,37.0,42.0,6079.582298352658,20.0,148491.51822589754,271.2808425140807,40.0,49.0,6774.285148584067,23.0,184904.32509861933,-0.0787878787878788,1.0,8.0,10.0
11,C21,SKU41,42.0,1.0,316.54173596694994,17.0,36.0,1218.5824307506596,40.0,1538.6420896051357,295.3036946537765,14.0,15.0,1227.9060523246405,4.0,71000.47885464548,260.8427423133996,37.0,42.0,3724.455823011518,12.0,137443.772888904,271.2808425140807,40.0,49.0,4799.390159470608,15.0,172175.24673959962,-0.0787878787878788,0.0,7.0,7.0
11,C21,SKU96,56.0,1.0,68.47731142997972,17.0,36.0,1218.5824307506596,40.0,2065.7904859342652,295.3036946537765,14.0,15.0,2285.8624136074177,9.0,72290.49237417508,260.8427423133996,37.0,42.0,3447.902699573569,14.0,148491.51822589754,271.2808425140807,40.0,49.0,5524.266048975098,20.0,184904.32509861933,-0.0787878787878788,6.0,11.0,13.0
11,C21,SKU88,49.0,1.0,497.6441351228129,17.0,36.0,1218.5824307506596,40.0,2693.273422234526,295.3036946537765,14.0,15.0,1549.9771923844714,4.0,71000.47885464548,260.8427423133996,37.0,42.0,3243.4660066444285,11.0,137443.772888904,271.2808425140807,40.0,49.0,5244.437165998218,18.0,172175.24673959962,-0.0787878787878788,2.0,7.0,10.0
11,C21,SKU87,56.0,2.0,318.65561068002495,17.0,36.0,1218.5824307506596,40.0,3596.043681200566,295.3036946537765,14.0,15.0,1325.3696225216397,3.0,72290.49237417508,260.8427423133996,37.0,42.0,4240.63360609992,14.0,148491.51822589754,271.2808425140807,40.0,49.0,4687.7934746868705,16.0,184904.32509861933,-0.0787878787878788,2.0,9.0,11.0
11,C21,SKU87,56.0,2.0,318.65561068002495,17.0,36.0,1218.5824307506596,40.0,3596.043681200566,295.3036946537765,14.0,15.0,1325.3696225216397,3.0,72290.49237417508,260.8427423133996,37.0,42.0,4240.63360609992,14.0,148491.51822589754,271.2808425140807,40.0,49.0,4687.7934746868705,16.0,184904.32509861933,-0.0787878787878788,2.0,9.0,11.0
11,C21,SKU28,42.0,1.0,155.31375384393948,17.0,36.0,1218.5824307506596,40.0,2987.7226846135545,295.3036946537765,14.0,15.0,2768.6171096267003,9.0,71000.47885464548,260.8427423133996,37.0,42.0,4081.7553652923557,14.0,137443.772888904,271.2808425140807,40.0,49.0,4723.73510150179,16.0,172175.24673959962,-0.0787878787878788,1.0,5.0,6.0
11,C21,SKU14,21.0,1.0,188.33535647176694,17.0,36.0,1218.5824307506596,40.0,4476.270802498114,295.3036946537765,14.0,15.0,1952.9631937687732,9.0,71000.47885464548,260.8427423133996,37.0,42.0,5123.321333769345,20.0,137443.772888904,271.2808425140807,40.0,49.0,6176.511444700864,26.0,172175.24673959962,-0.0787878787878788,2.0,7.0,8.0
11,C21,SKU6,49.0,1.0,108.12053631322502,17.0,36.0,1218.5824307506596,40.0,2548.427845853984,295.3036946537765,14.0,15.0,1718.2138115896896,5.0,64309.306756835016,260.8427423133996,37.0,42.0,3444.5401016023407,13.0,134425.20039296348,271.2808425140807,40.0,49.0,3930.0555283698873,16.0,169326.71391872526,-0.0787878787878788,2.0,7.0,8.0
11,C21,SKU72,21.0,1.0,173.5751623077054,17.0,36.0,1218.5824307506596,40.0,2984.5752027758062,295.3036946537765,14.0,15.0,2143.854582708852,7.0,64309.306756835016,260.8427423133996,37.0,42.0,4863.608727258521,18.0,134425.20039296348,271.2808425140807,40.0,49.0,6002.861555273883,22.0,169326.71391872526,-0.0787878787878788,3.0,6.0,6.0
11,C21,SKU17,42.0,2.0,250.68754150806993,17.0,36.0,1218.5824307506596,40.0,5081.190266320188,295.3036946537765,14.0,15.0,1099.92123122253,4.0,72290.49237417508,260.8427423133996,37.0,42.0,6046.566669899512,20.0,148491.51822589754,271.2808425140807,40.0,49.0,7723.295835124876,24.0,184904.32509861933,-0.0787878787878788,2.0,12.0,14.0
11,C21,SKU17,42.0,2.0,250.68754150806993,17.0,36.0,1218.5824307506596,40.0,5081.190266320188,295.3036946537765,14.0,15.0,1099.92123122253,4.0,72290.49237417508,260.8427423133996,37.0,42.0,6046.566669899512,20.0,148491.51822589754,271.2808425140807,40.0,49.0,7723.295835124876,24.0,184904.32509861933,-0.0787878787878788,2.0,12.0,14.0
11,C21,SKU76,7.0,2.0,439.2403218219679,17.0,36.0,1218.5824307506596,40.0,2709.5969711076746,295.3036946537765,14.0,15.0,2408.515227882009,11.0,71000.47885464548,260.8427423133996,37.0,42.0,4641.153927856552,19.0,137443.772888904,271.2808425140807,40.0,49.0,5347.188208957184,22.0,172175.24673959962,-0.0787878787878788,8.0,9.0,12.0
11,C21,SKU76,7.0,2.0,439.2403218219679,17.0,36.0,1218.5824307506596,40.0,2709.5969711076746,295.3036946537765,14.0,15.0,2408.515227882009,11.0,71000.47885464548,260.8427423133996,37.0,42.0,4641.153927856552,19.0,137443.772888904,271.2808425140807,40.0,49.0,5347.188208957184,22.0,172175.24673959962,-0.0787878787878788,8.0,9.0,12.0
11,C21,SKU38,21.0,1.0,284.4045586759944,17.0,36.0,1218.5824307506596,40.0,4195.31476423047,295.3036946537765,14.0,15.0,2761.0560156102297,11.0,72290.49237417508,260.8427423133996,37.0,42.0,5745.3779223572765,22.0,148491.51822589754,271.2808425140807,40.0,49.0,7883.80530397241,28.0,184904.32509861933,-0.0787878787878788,5.0,12.0,14.0
11,C21,SKU20,,,,,,,,,,,,,,,,,,,,,,,,,,,,,,
11,C21,SKU95,42.0,1.0,224.04570479475925,17.0,36.0,1218.5824307506596,40.0,3563.493156039451,295.3036946537765,14.0,15.0,1881.0495206651105,8.0,64309.306756835016,260.8427423133996,37.0,42.0,4188.04017562578,16.0,134425.20039296348,271.2808425140807,40.0,49.0,4265.538178432196,17.0,169326.71391872526,-0.0787878787878788,2.0,5.0,5.0
11,C21,SKU27,49.0,1.0,337.2672992033575,17.0,36.0,1218.5824307506596,40.0,3560.4756027848416,295.3036946537765,14.0,15.0,1850.686499348616,6.0,71000.47885464548,260.8427423133996,37.0,42.0,4532.766246076299,16.0,137443.772888904,271.2808425140807,40.0,49.0,4829.31304282509,18.0,172175.24673959962,-0.0787878787878788,5.0,12.0,14.0
11,C21,SKU13,35.0,1.0,126.42828845132635,17.0,36.0,1218.5824307506596,40.0,3397.9711601189915,295.3036946537765,14.0,15.0,2639.5557162582354,9.0,72290.49237417508,260.8427423133996,37.0,42.0,4043.166248554249,14.0,148491.51822589754,271.2808425140807,40.0,49.0,6020.244724995739,19.0,184904.32509861933,-0.0787878787878788,1.0,3.0,6.0
11,C21,SKU57,49.0,1.0,47.827411510125145,17.0,36.0,1218.5824307506596,40.0,4084.1434485356185,295.3036946537765,14.0,15.0,2481.3321993654963,12.0,71000.47885464548,260.8427423133996,37.0,42.0,5034.701407276938,22.0,137443.772888904,271.2808425140807,40.0,49.0,6199.929816035148,26.0,172175.24673959962,-0.0787878787878788,5.0,8.0,10.0
11,C21,SKU71,56.0,1.0,61.37668760300028,17.0,36.0,1218.5824307506596,40.0,2944.6693789402602,295.3036946537765,14.0,15.0,2404.39611588069,11.0,72290.49237417508,260.8427423133996,37.0,42.0,4674.080739616792,20.0,148491.51822589754,271.2808425140807,40.0,49.0,6040.737840554442,26.0,184904.32509861933,-0.0787878787878788,5.0,9.0,11.0
11,C21,SKU66,42.0,1.0,137.48659631397982,17.0,36.0,1218.5824307506596,40.0,3491.83031890565,295.3036946537765,14.0,15.0,2782.60833972082,11.0,71000.47885464548,260.8427423133996,37.0,42.0,4217.844243944581,18.0,137443.772888904,271.2808425140807,40.0,49.0,4755.902905153972,20.0,172175.24673959962,-0.0787878787878788,8.0,13.0,14.0
11,C21,SKU89,,,,,,,,,,,,,,,,,,,,,,,,,,,,,,
11,C21,SKU2,35.0,1.0,202.22012751880712,17.0,36.0,1218.5824307506596,40.0,2252.1965395882294,295.3036946537765,14.0,15.0,903.8945157772882,5.0,72290.49237417508,260.8427423133996,37.0,42.0,3056.9354831768433,13.0,148491.51822589754,271.2808425140807,40.0,49.0,3804.496357605421,16.0,184904.32509861933,-0.0787878787878788,1.0,5.0,7.0
11,C21,SKU44,49.0,1.0,53.17447414318616,17.0,36.0,1218.5824307506596,40.0,2688.8294924350594,295.3036946537765,14.0,15.0,3375.707094179786,14.0,72290.49237417508,260.8427423133996,37.0,42.0,3709.5889620045978,17.0,148491.51822589754,271.2808425140807,40.0,49.0,3975.385161577007,18.0,184904.32509861933,-0.0787878787878788,7.0,9.0,10.0
11,C21,SKU11,63.0,1.0,227.47763272696108,17.0,36.0,1218.5824307506596,40.0,1571.5428566097337,295.3036946537765,14.0,15.0,1306.338850366108,8.0,71000.47885464548,260.8427423133996,37.0,42.0,2550.8480591644948,13.0,137443.772888904,271.2808425140807,40.0,49.0,4121.535060767028,18.0,172175.24673959962,-0.0787878787878788,4.0,8.0,11.0
11,C22,SKU94,56.0,2.0,254.44226886701063,15.0,36.0,1134.9056839157172,32.0,4230.592179117441,292.196414961161,17.0,19.0,2483.5489317856486,9.0,71000.47885464548,286.65151094338944,30.0,35.0,5875.653325400093,19.0,137443.772888904,294.386507499801,32.0,41.0,7988.092781982599,26.0,172175.24673959962,0.36969696969696975,4.0,10.0,13.0
11,C22,SKU94,56.0,2.0,254.44226886701063,15.0,36.0,1134.9056839157172,32.0,4230.592179117441,292.196414961161,17.0,19.0,2483.5489317856486,9.0,71000.47885464548,286.65151094338944,30.0,35.0,5875.653325400093,19.0,137443.772888904,294.386507499801,32.0,41.0,7988.092781982599,26.0,172175.24673959962,0.36969696969696975,4.0,10.0,13.0
11,C22,SKU18,21.0,1.0,262.1817061855709,15.0,36.0,1134.9056839157172,32.0,2574.6088131084107,292.196414961161,17.0,19.0,2258.141245675125,9.0,64309.306756835016,286.65151094338944,30.0,35.0,3594.6492811204107,15.0,134425.20039296348,294.386507499801,32.0,41.0,4487.374291389015,18.0,169326.71391872526,0.36969696969696975,2.0,3.0,6.0
11,C22,SKU36,35.0,1.0,452.6482508115981,15.0,36.0,1134.9056839157172,32.0,3878.3755467399974,292.196414961161,17.0,19.0,2098.4499335866844,9.0,71000.47885464548,286.65151094338944,30.0,35.0,4085.6246541863675,16.0,137443.772888904,294.386507499801,32.0,41.0,5006.714238376788,21.0,172175.24673959962,0.36969696969696975,5.0,10.0,12.0
11,C22,SKU46,21.0,1.0,153.6972926880527,15.0,36.0,1134.9056839157172,32.0,1716.661084172158,292.196414961161,17.0,19.0,1113.88374513786,5.0,71000.47885464548,286.65151094338944,30.0,35.0,2359.140085796144,10.0,137443.772888904,294.386507499801,32.0,41.0,4011.448091088257,17.0,172175.24673959962,0.36969696969696975,4.0,8.0,13.0
11,C22,SKU26,42.0,1.0,169.82784392331055,15.0,36.0,1134.9056839157172,32.0,2870.077373106889,292.196414961161,17.0,19.0,1878.8963415535886,9.0,64309.306756835016,286.65151094338944,30.0,35.0,4362.126765130159,19.0,134425.20039296348,294.386507499801,32.0,41.0,5671.0460414333365,24.0,169326.71391872526,0.36969696969696975,5.0,12.0,13.0
11,C22,SKU99,63.0,1.0,67.03972100981204,15.0,36.0,1134.9056839157172,32.0,2995.2463578299585,292.196414961161,17.0,19.0,2063.456357418281,10.0,72290.49237417508,286.65151094338944,30.0,35.0,3861.6408359712746,19.0,148491.51822589754,294.386507499801,32.0,41.0,5112.221920080666,24.0,184904.32509861933,0.36969696969696975,3.0,6.0,7.0
11,C22,SKU31,28.0,2.0,401.7927000039172,15.0,36.0,1134.9056839157172,32.0,2849.213604822314,292.196414961161,17.0,19.0,2588.410931651886,10.0,72290.49237417508,286.65151094338944,30.0,35.0,5665.229170095801,21.0,148491.51822589754,294.386507499801,32.0,41.0,5817.221087898065,22.0,184904.32509861933,0.36969696969696975,3.0,5.0,5.0
11,C22,SKU31,28.0,2.0,401.7927000039172,15.0,36.0,1134.9056839157172,32.0,2849.213604822314,292.196414961161,17.0,19.0,2588.410931651886,10.0,72290.49237417508,286.65151094338944,30.0,35.0,5665.229170095801,21.0,148491.51822589754,294.386507499801,32.0,41.0,5817.221087898065,22.0,184904.32509861933,0.36969696969696975,3.0,5.0,5.0
11,C22,SKU93,35.0,1.0,137.63326803801544,15.0,36.0,1134.9056839157172,32.0,4779.003530026869,292.196414961161,17.0,19.0,3771.2980526762162,14.0,64309.306756835016,286.65151094338944,30.0,35.0,5963.945464659581,23.0,134425.20039296348,294.386507499801,32.0,41.0,7243.474701731236,28.0,169326.71391872526,0.36969696969696975,6.0,13.0,14.0
11,C22,SKU65,7.0,1.0,27.279397358796576,15.0,36.0,1134.9056839157172,32.0,2742.637392291262,292.196414961161,17.0,19.0,1926.4022658393026,7.0,64309.306756835016,286.65151094338944,30.0,35.0,2847.126109998277,11.0,134425.20039296348,294.386507499801,32.0,41.0,4812.507686816041,16.0,169326.71391872526,0.36969696969696975,4.0,7.0,11.0
11,C22,SKU63,,,,,,,,,,,,,,,,,,,,,,,,,,,,,,
11,C22,SKU12,,,,,,,,,,,,,,,,,,,,,,,,,,,,,,
11,C22,SKU60,49.0,1.0,480.707333486322,15.0,36.0,1134.9056839157172,32.0,2656.9276830435,292.196414961161,17.0,19.0,1791.5378940569078,6.0,71000.47885464548,286.65151094338944,30.0,35.0,4922.461327065566,16.0,137443.772888904,294.386507499801,32.0,41.0,5049.12612134024,17.0,172175.24673959962,0.36969696969696975,2.0,5.0,5.0
11,C22,SKU73,14.0,2.0,462.53795060046866,15.0,36.0,1134.9056839157172,32.0,4571.7837877155935,292.196414961161,17.0,19.0,2144.6610779968128,9.0,64309.306756835016,286.65151094338944,30.0,35.0,4922.04230623544,18.0,134425.20039296348,294.386507499801,32.0,41.0,6172.422473412418,22.0,169326.71391872526,0.36969696969696975,3.0,6.0,9.0
11,C22,SKU73,14.0,2.0,462.53795060046866,15.0,36.0,1134.9056839157172,32.0,4571.7837877155935,292.196414961161,17.0,19.0,2144.6610779968128,9.0,64309.306756835016,286.65151094338944,30.0,35.0,4922.04230623544,18.0,134425.20039296348,294.386507499801,32.0,41.0,6172.422473412418,22.0,169326.71391872526,0.36969696969696975,3.0,6.0,9.0
11,C22,SKU21,7.0,1.0,447.1362153446402,15.0,36.0,1134.9056839157172,32.0,3329.9472009380474,292.196414961161,17.0,19.0,2353.590426368052,8.0,72290.49237417508,286.65151094338944,30.0,35.0,3999.2104528811406,15.0,148491.51822589754,294.386507499801,32.0,41.0,4945.858239130029,20.0,184904.32509861933,0.36969696969696975,2.0,3.0,5.0
11,C22,SKU62,14.0,1.0,260.39215459678786,15.0,36.0,1134.9056839157172,32.0,3581.745762989488,292.196414961161,17.0,19.0,2300.964082607896,9.0,72290.49237417508,286.65151094338944,30.0,35.0,3409.285760329741,13.0,148491.51822589754,294.386507499801,32.0,41.0,5094.40761574676,19.0,184904.32509861933,0.36969696969696975,6.0,9.0,12.0
11,C22,SKU34,,,,,,,,,,,,,,,,,,,,,,,,,,,,,,
11,C22,SKU64,14.0,1.0,49.1492812235626,15.0,36.0,1134.9056839157172,32.0,1815.0927190728687,292.196414961161,17.0,19.0,955.5557594937186,5.0,64309.306756835016,286.65151094338944,30.0,35.0,1889.4927849954656,11.0,134425.20039296348,294.386507499801,32.0,41.0,2974.437939968098,14.0,169326.71391872526,0.36969696969696975,2.0,4.0,5.0
11,C22,SKU53,56.0,1.0,419.4407421908088,15.0,36.0,1134.9056839157172,32.0,3575.553402459858,292.196414961161,17.0,19.0,2994.1997658245277,11.0,64309.306756835016,286.65151094338944,30.0,35.0,6146.443756492574,20.0,134425.20039296348,294.386507499801,32.0,41.0,7552.643426786867,26.0,169326.71391872526,0.36969696969696975,4.0,10.0,14.0
11,C22,SKU15,21.0,1.0,456.0602776115303,15.0,36.0,1134.9056839157172,32.0,2973.982247734585,292.196414961161,17.0,19.0,2494.919570641518,9.0,71000.47885464548,286.65151094338944,30.0,35.0,3418.6513460945753,13.0,137443.772888904,294.386507499801,32.0,41.0,3907.7532733767002,15.0,172175.24673959962,0.36969696969696975,1.0,2.0,3.0
11,C22,SKU16,21.0,1.0,355.4993521700106,15.0,36.0,1134.9056839157172,32.0,1276.3111503994032,292.196414961161,17.0,19.0,1267.8749765938103,6.0,64309.306756835016,286.65151094338944,30.0,35.0,2601.462544954339,11.0,134425.20039296348,294.386507499801,32.0,41.0,3390.803962090401,16.0,169326.71391872526,0.36969696969696975,4.0,7.0,9.0
11,C22,SKU30,14.0,1.0,426.8222098144327,15.0,36.0,1134.9056839157172,32.0,3683.0865948948563,292.196414961161,17.0,19.0,3297.6177659457226,9.0,64309.306756835016,286.65151094338944,30.0,35.0,5966.215162100634,19.0,134425.20039296348,294.386507499801,32.0,41.0,7394.873152362657,26.0,169326.71391872526,0.36969696969696975,6.0,7.0,9.0
11,C22,SKU56,7.0,1.0,318.91360150920303,15.0,36.0,1134.9056839157172,32.0,1562.4169746612702,292.196414961161,17.0,19.0,1545.754829674268,6.0,64309.306756835016,286.65151094338944,30.0,35.0,3270.798830899707,18.0,134425.20039296348,294.386507499801,32.0,41.0,3695.2568467426813,19.0,169326.71391872526,0.36969696969696975,3.0,8.0,8.0
11,C22,SKU8,35.0,1.0,366.2983720804274,15.0,36.0,1134.9056839157172,32.0,4899.0980248205815,292.196414961161,17.0,19.0,1356.43606397429,5.0,72290.49237417508,286.65151094338944,30.0,35.0,6079.582298352658,20.0,148491.51822589754,294.386507499801,32.0,41.0,6774.285148584067,23.0,184904.32509861933,0.36969696969696975,1.0,8.0,10.0
11,C22,SKU25,21.0,3.0,134.44848754336638,15.0,36.0,1134.9056839157172,32.0,4766.470564584546,292.196414961161,17.0,19.0,3311.017450541504,13.0,72290.49237417508,286.65151094338944,30.0,35.0,6567.44870163083,25.0,148491.51822589754,294.386507499801,32.0,41.0,8248.815644727618,31.0,184904.32509861933,0.36969696969696975,8.0,15.0,16.0
11,C22,SKU25,21.0,3.0,134.44848754336638,15.0,36.0,1134.9056839157172,32.0,4766.470564584546,292.196414961161,17.0,19.0,3311.017450541504,13.0,72290.49237417508,286.65151094338944,30.0,35.0,6567.44870163083,25.0,148491.51822589754,294.386507499801,32.0,41.0,8248.815644727618,31.0,184904.32509861933,0.36969696969696975,8.0,15.0,16.0
11,C22,SKU25,21.0,3.0,134.44848754336638,15.0,36.0,1134.9056839157172,32.0,4766.470564584546,292.196414961161,17.0,19.0,3311.017450541504,13.0,72290.49237417508,286.65151094338944,30.0,35.0,6567.44870163083,25.0,148491.51822589754,294.386507499801,32.0,41.0,8248.815644727618,31.0,184904.32509861933,0.36969696969696975,8.0,15.0,16.0
11,C22,SKU96,14.0,1.0,328.6053464928631,15.0,36.0,1134.9056839157172,32.0,2065.7904859342652,292.196414961161,17.0,19.0,2285.8624136074177,9.0,72290.49237417508,286.65151094338944,30.0,35.0,3447.902699573569,14.0,148491.51822589754,294.386507499801,32.0,41.0,5524.266048975098,20.0,184904.32509861933,0.36969696969696975,6.0,11.0,13.0
11,C22,SKU48,35.0,1.0,398.31053696112315,15.0,36.0,1134.9056839157172,32.0,3187.3472628674654,292.196414961161,17.0,19.0,2294.3657919101456,11.0,71000.47885464548,286.65151094338944,30.0,35.0,4714.559295750083,17.0,137443.772888904,294.386507499801,32.0,41.0,5555.479837264602,20.0,172175.24673959962,0.36969696969696975,5.0,8.0,9.0
11,C22,SKU80,35.0,1.0,25.967733992497436,15.0,36.0,1134.9056839157172,32.0,3243.635387305008,292.196414961161,17.0,19.0,2146.07442467616,7.0,64309.306756835016,286.65151094338944,30.0,35.0,4759.000777469969,17.0,134425.20039296348,294.386507499801,32.0,41.0,5848.340218353709,22.0,169326.71391872526,0.36969696969696975,4.0,9.0,12.0
11,C22,SKU87,7.0,2.0,293.3756368747348,15.0,36.0,1134.9056839157172,32.0,3596.043681200566,292.196414961161,17.0,19.0,1325.3696225216397,3.0,72290.49237417508,286.65151094338944,30.0,35.0,4240.63360609992,14.0,148491.51822589754,294.386507499801,32.0,41.0,4687.7934746868705,16.0,184904.32509861933,0.36969696969696975,2.0,9.0,11.0
11,C22,SKU87,7.0,2.0,293.3756368747348,15.0,36.0,1134.9056839157172,32.0,3596.043681200566,292.196414961161,17.0,19.0,1325.3696225216397,3.0,72290.49237417508,286.65151094338944,30.0,35.0,4240.63360609992,14.0,148491.51822589754,294.386507499801,32.0,41.0,4687.7934746868705,16.0,184904.32509861933,0.36969696969696975,2.0,9.0,11.0
11,C22,SKU33,,,,,,,,,,,,,,,,,,,,,,,,,,,,,,
11,C22,SKU82,,,,,,,,,,,,,,,,,,,,,,,,,,,,,,
11,C22,SKU17,42.0,1.0,498.2398266200647,15.0,36.0,1134.9056839157172,32.0,5081.190266320188,292.196414961161,17.0,19.0,1099.92123122253,4.0,72290.49237417508,286.65151094338944,30.0,35.0,6046.566669899512,20.0,148491.51822589754,294.386507499801,32.0,41.0,7723.295835124876,24.0,184904.32509861933,0.36969696969696975,2.0,12.0,14.0
11,C22,SKU38,35.0,2.0,299.8184139467781,15.0,36.0,1134.9056839157172,32.0,4195.31476423047,292.196414961161,17.0,19.0,2761.0560156102297,11.0,72290.49237417508,286.65151094338944,30.0,35.0,5745.3779223572765,22.0,148491.51822589754,294.386507499801,32.0,41.0,7883.80530397241,28.0,184904.32509861933,0.36969696969696975,5.0,12.0,14.0
11,C22,SKU38,35.0,2.0,299.8184139467781,15.0,36.0,1134.9056839157172,32.0,4195.31476423047,292.196414961161,17.0,19.0,2761.0560156102297,11.0,72290.49237417508,286.65151094338944,30.0,35.0,5745.3779223572765,22.0,148491.51822589754,294.386507499801,32.0,41.0,7883.80530397241,28.0,184904.32509861933,0.36969696969696975,5.0,12.0,14.0
11,C22,SKU20,56.0,1.0,123.4050716401915,15.0,36.0,1134.9056839157172,32.0,2008.93076555903,292.196414961161,17.0,19.0,2064.335557946855,6.0,72290.49237417508,286.65151094338944,30.0,35.0,2995.0391942363067,11.0,148491.51822589754,294.386507499801,32.0,41.0,3330.725406979164,13.0,184904.32509861933,0.36969696969696975,3.0,7.0,7.0
11,C22,SKU66,42.0,1.0,218.0996697698229,15.0,36.0,1134.9056839157172,32.0,3491.83031890565,292.196414961161,17.0,19.0,2782.60833972082,11.0,71000.47885464548,286.65151094338944,30.0,35.0,4217.844243944581,18.0,137443.772888904,294.386507499801,32.0,41.0,4755.902905153972,20.0,172175.24673959962,0.36969696969696975,8.0,13.0,14.0
11,C22,SKU32,63.0,2.0,435.4389866833868,15.0,36.0,1134.9056839157172,32.0,3578.5559559457374,292.196414961161,17.0,19.0,2221.4941391896728,9.0,72290.49237417508,286.65151094338944,30.0,35.0,4070.9775382142357,15.0,148491.51822589754,294.386507499801,32.0,41.0,5564.906756256995,23.0,184904.32509861933,0.36969696969696975,4.0,7.0,11.0
11,C22,SKU32,63.0,2.0,435.4389866833868,15.0,36.0,1134.9056839157172,32.0,3578.5559559457374,292.196414961161,17.0,19.0,2221.4941391896728,9.0,72290.49237417508,286.65151094338944,30.0,35.0,4070.9775382142357,15.0,148491.51822589754,294.386507499801,32.0,41.0,5564.906756256995,23.0,184904.32509861933,0.36969696969696975,4.0,7.0,11.0
11,C22,SKU86,,,,,,,,,,,,,,,,,,,,,,,,,,,,,,
11,C22,SKU44,7.0,2.0,250.09368640633113,15.0,36.0,1134.9056839157172,32.0,2688.8294924350594,292.196414961161,17.0,19.0,3375.707094179786,14.0,72290.49237417508,286.65151094338944,30.0,35.0,3709.5889620045978,17.0,148491.51822589754,294.386507499801,32.0,41.0,3975.385161577007,18.0,184904.32509861933,0.36969696969696975,7.0,9.0,10.0
11,C22,SKU44,7.0,2.0,250.09368640633113,15.0,36.0,1134.9056839157172,32.0,2688.8294924350594,292.196414961161,17.0,19.0,3375.707094179786,14.0,72290.49237417508,286.65151094338944,30.0,35.0,3709.5889620045978,17.0,148491.51822589754,294.386507499801,32.0,41.0,3975.385161577007,18.0,184904.32509861933,0.36969696969696975,7.0,9.0,10.0
11,C22,SKU75,21.0,1.0,428.1468525770406,15.0,36.0,1134.9056839157172,32.0,2823.663135072765,292.196414961161,17.0,19.0,1970.3063744189749,8.0,64309.306756835016,286.65151094338944,30.0,35.0,2791.700373441383,11.0,134425.20039296348,294.386507499801,32.0,41.0,3740.740571377569,15.0,169326.71391872526,0.36969696969696975,4.0,6.0,8.0
11,C23,SKU18,63.0,1.0,432.55900577388786,77.0,48.0,3779.3407356509415,36.0,2574.6088131084107,296.6410006538129,14.0,14.0,2258.141245675125,9.0,64309.306756835016,290.7829248112169,28.0,29.0,3594.6492811204107,15.0,134425.20039296348,283.9751019226075,36.0,41.0,4487.374291389015,18.0,169326.71391872526,-0.21212121212121213,2.0,3.0,6.0
11,C23,SKU35,7.0,3.0,222.23288732426548,77.0,48.0,3779.3407356509415,36.0,3712.4861044710765,296.6410006538129,14.0,14.0,2754.1797051098306,13.0,71000.47885464548,290.7829248112169,28.0,29.0,4134.082406545251,18.0,137443.772888904,283.9751019226075,36.0,41.0,5605.79976774534,22.0,172175.24673959962,-0.21212121212121213,6.0,8.0,12.0
11,C23,SKU35,7.0,3.0,222.23288732426548,77.0,48.0,3779.3407356509415,36.0,3712.4861044710765,296.6410006538129,14.0,14.0,2754.1797051098306,13.0,71000.47885464548,290.7829248112169,28.0,29.0,4134.082406545251,18.0,137443.772888904,283.9751019226075,36.0,41.0,5605.79976774534,22.0,172175.24673959962,-0.21212121212121213,6.0,8.0,12.0
11,C23,SKU35,7.0,3.0,222.23288732426548,77.0,48.0,3779.3407356509415,36.0,3712.4861044710765,296.6410006538129,14.0,14.0,2754.1797051098306,13.0,71000.47885464548,290.7829248112169,28.0,29.0,4134.082406545251,18.0,137443.772888904,283.9751019226075,36.0,41.0,5605.79976774534,22.0,172175.24673959962,-0.21212121212121213,6.0,8.0,12.0
11,C23,SKU42,7.0,1.0,479.8700793681581,77.0,48.0,3779.3407356509415,36.0,2423.8521056941017,296.6410006538129,14.0,14.0,2048.043858333036,8.0,64309.306756835016,290.7829248112169,28.0,29.0,2875.4570715654363,12.0,134425.20039296348,283.9751019226075,36.0,41.0,3693.722317751543,15.0,169326.71391872526,-0.21212121212121213,3.0,4.0,5.0
11,C23,SKU83,63.0,1.0,79.17293516589595,77.0,48.0,3779.3407356509415,36.0,3988.4532153091122,296.6410006538129,14.0,14.0,1745.4084827186693,5.0,64309.306756835016,290.7829248112169,28.0,29.0,6022.622707175466,19.0,134425.20039296348,283.9751019226075,36.0,41.0,7061.109254625385,23.0,169326.71391872526,-0.21212121212121213,4.0,9.0,12.0
11,C23,SKU69,49.0,1.0,369.4095472824687,77.0,48.0,3779.3407356509415,36.0,4309.405519571437,296.6410006538129,14.0,14.0,2035.2711131866931,7.0,64309.306756835016,290.7829248112169,28.0,29.0,4689.680921989357,15.0,134425.20039296348,283.9751019226075,36.0,41.0,6440.272283329844,22.0,169326.71391872526,-0.21212121212121213,4.0,11.0,15.0
11,C23,SKU24,35.0,1.0,258.788136359992,77.0,48.0,3779.3407356509415,36.0,2029.4402977187783,296.6410006538129,14.0,14.0,286.69854835136766,3.0,72290.49237417508,290.7829248112169,28.0,29.0,4430.1278243402,16.0,148491.51822589754,283.9751019226075,36.0,41.0,5900.984207625734,21.0,184904.32509861933,-0.21212121212121213,3.0,9.0,10.0
11,C23,SKU78,35.0,2.0,146.95537399077622,77.0,48.0,3779.3407356509415,36.0,1506.4420005834681,296.6410006538129,14.0,14.0,1554.1710557580261,9.0,64309.306756835016,290.7829248112169,28.0,29.0,4150.523764079384,19.0,134425.20039296348,283.9751019226075,36.0,41.0,5149.05149684041,23.0,169326.71391872526,-0.21212121212121213,3.0,8.0,11.0
11,C23,SKU78,35.0,2.0,146.95537399077622,77.0,48.0,3779.3407356509415,36.0,1506.4420005834681,296.6410006538129,14.0,14.0,1554.1710557580261,9.0,64309.306756835016,290.7829248112169,28.0,29.0,4150.523764079384,19.0,134425.20039296348,283.9751019226075,36.0,41.0,5149.05149684041,23.0,169326.71391872526,-0.21212121212121213,3.0,8.0,11.0
11,C23,SKU63,21.0,2.0,196.35086955913403,77.0,48.0,3779.3407356509415,36.0,5123.381693983563,296.6410006538129,14.0,14.0,3844.564732690659,10.0,72290.49237417508,290.7829248112169,28.0,29.0,6449.086660364468,19.0,148491.51822589754,283.9751019226075,36.0,41.0,8086.425774464821,25.0,184904.32509861933,-0.21212121212121213,7.0,11.0,12.0
11,C23,SKU63,21.0,2.0,196.35086955913403,77.0,48.0,3779.3407356509415,36.0,5123.381693983563,296.6410006538129,14.0,14.0,3844.564732690659,10.0,72290.49237417508,290.7829248112169,28.0,29.0,6449.086660364468,19.0,148491.51822589754,283.9751019226075,36.0,41.0,8086.425774464821,25.0,184904.32509861933,-0.21212121212121213,7.0,11.0,12.0
11,C23,SKU93,21.0,1.0,175.89877557188498,77.0,48.0,3779.3407356509415,36.0,4779.003530026869,296.6410006538129,14.0,14.0,3771.2980526762162,14.0,64309.306756835016,290.7829248112169,28.0,29.0,5963.945464659581,23.0,134425.20039296348,283.9751019226075,36.0,41.0,7243.474701731236,28.0,169326.71391872526,-0.21212121212121213,6.0,13.0,14.0
11,C23,SKU97,14.0,1.0,64.47813018770606,77.0,48.0,3779.3407356509415,36.0,2763.7157447432432,296.6410006538129,14.0,14.0,1680.6880253238674,9.0,72290.49237417508,290.7829248112169,28.0,29.0,3408.703085968549,18.0,148491.51822589754,283.9751019226075,36.0,41.0,4105.349745126161,20.0,184904.32509861933,-0.21212121212121213,5.0,9.0,9.0
11,C23,SKU65,,,,,,,,,,,,,,,,,,,,,,,,,,,,,,
11,C23,SKU90,70.0,1.0,438.21739370188646,77.0,48.0,3779.3407356509415,36.0,3498.944990268814,296.6410006538129,14.0,14.0,4395.3248693451,13.0,71000.47885464548,290.7829248112169,28.0,29.0,6125.165358255388,20.0,137443.772888904,283.9751019226075,36.0,41.0,7179.063293597827,23.0,172175.24673959962,-0.21212121212121213,6.0,11.0,12.0
11,C23,SKU50,63.0,1.0,401.9885505325348,77.0,48.0,3779.3407356509415,36.0,3552.1018740017853,296.6410006538129,14.0,14.0,2043.4660640573127,8.0,72290.49237417508,290.7829248112169,28.0,29.0,3799.0039423972185,14.0,148491.51822589754,283.9751019226075,36.0,41.0,4985.330160061602,19.0,184904.32509861933,-0.21212121212121213,2.0,4.0,6.0
11,C23,SKU34,7.0,1.0,368.28632894713814,77.0,48.0,3779.3407356509415,36.0,5244.288347500294,296.6410006538129,14.0,14.0,3705.418135522522,14.0,71000.47885464548,290.7829248112169,28.0,29.0,6259.775782633862,23.0,137443.772888904,283.9751019226075,36.0,41.0,7435.249755115927,26.0,172175.24673959962,-0.21212121212121213,3.0,8.0,9.0
11,C23,SKU53,42.0,1.0,428.34567872898805,77.0,48.0,3779.3407356509415,36.0,3575.553402459858,296.6410006538129,14.0,14.0,2994.1997658245277,11.0,64309.306756835016,290.7829248112169,28.0,29.0,6146.443756492574,20.0,134425.20039296348,283.9751019226075,36.0,41.0,7552.643426786867,26.0,169326.71391872526,-0.21212121212121213,4.0,10.0,14.0
11,C23,SKU16,56.0,1.0,256.02661214906277,77.0,48.0,3779.3407356509415,36.0,1276.3111503994032,296.6410006538129,14.0,14.0,1267.8749765938103,6.0,64309.306756835016,290.7829248112169,28.0,29.0,2601.462544954339,11.0,134425.20039296348,283.9751019226075,36.0,41.0,3390.803962090401,16.0,169326.71391872526,-0.21212121212121213,4.0,7.0,9.0
11,C23,SKU91,42.0,1.0,174.2194154140076,77.0,48.0,3779.3407356509415,36.0,3041.4309024381173,296.6410006538129,14.0,14.0,2984.7942397263446,12.0,71000.47885464548,290.7829248112169,28.0,29.0,5467.293917927763,21.0,137443.772888904,283.9751019226075,36.0,41.0,6199.939367149383,24.0,172175.24673959962,-0.21212121212121213,8.0,14.0,14.0
11,C23,SKU30,28.0,1.0,367.68881889585043,77.0,48.0,3779.3407356509415,36.0,3683.0865948948563,296.6410006538129,14.0,14.0,3297.6177659457226,9.0,64309.306756835016,290.7829248112169,28.0,29.0,5966.215162100634,19.0,134425.20039296348,283.9751019226075,36.0,41.0,7394.873152362657,26.0,169326.71391872526,-0.21212121212121213,6.0,7.0,9.0
11,C23,SKU56,35.0,1.0,125.39894679302702,77.0,48.0,3779.3407356509415,36.0,1562.4169746612702,296.6410006538129,14.0,14.0,1545.754829674268,6.0,64309.306756835016,290.7829248112169,28.0,29.0,3270.798830899707,18.0,134425.20039296348,283.9751019226075,36.0,41.0,3695.2568467426813,19.0,169326.71391872526,-0.21212121212121213,3.0,8.0,8.0
11,C23,SKU8,,,,,,,,,,,,,,,,,,,,,,,,,,,,,,
11,C23,SKU41,49.0,1.0,267.25825748286366,77.0,48.0,3779.3407356509415,36.0,1538.6420896051357,296.6410006538129,14.0,14.0,1227.9060523246405,4.0,71000.47885464548,290.7829248112169,28.0,29.0,3724.455823011518,12.0,137443.772888904,283.9751019226075,36.0,41.0,4799.390159470608,15.0,172175.24673959962,-0.21212121212121213,0.0,7.0,7.0
11,C23,SKU88,63.0,2.0,334.9443956587936,77.0,48.0,3779.3407356509415,36.0,2693.273422234526,296.6410006538129,14.0,14.0,1549.9771923844714,4.0,71000.47885464548,290.7829248112169,28.0,29.0,3243.4660066444285,11.0,137443.772888904,283.9751019226075,36.0,41.0,5244.437165998218,18.0,172175.24673959962,-0.21212121212121213,2.0,7.0,10.0
11,C23,SKU88,63.0,2.0,334.9443956587936,77.0,48.0,3779.3407356509415,36.0,2693.273422234526,296.6410006538129,14.0,14.0,1549.9771923844714,4.0,71000.47885464548,290.7829248112169,28.0,29.0,3243.4660066444285,11.0,137443.772888904,283.9751019226075,36.0,41.0,5244.437165998218,18.0,172175.24673959962,-0.21212121212121213,2.0,7.0,10.0
11,C23,SKU84,28.0,1.0,470.44304315935244,77.0,48.0,3779.3407356509415,36.0,2378.4863459713806,296.6410006538129,14.0,14.0,2347.7386034283104,7.0,71000.47885464548,290.7829248112169,28.0,29.0,4926.045037747026,16.0,137443.772888904,283.9751019226075,36.0,41.0,5976.75994258024,20.0,172175.24673959962,-0.21212121212121213,2.0,6.0,7.0
11,C23,SKU48,28.0,1.0,486.23080224477667,77.0,48.0,3779.3407356509415,36.0,3187.3472628674654,296.6410006538129,14.0,14.0,2294.3657919101456,11.0,71000.47885464548,290.7829248112169,28.0,29.0,4714.559295750083,17.0,137443.772888904,283.9751019226075,36.0,41.0,5555.479837264602,20.0,172175.24673959962,-0.21212121212121213,5.0,8.0,9.0
11,C23,SKU100,42.0,1.0,256.2165622257747,77.0,48.0,3779.3407356509415,36.0,3829.993148508176,296.6410006538129,14.0,14.0,2673.953826709808,9.0,72290.49237417508,290.7829248112169,28.0,29.0,4985.751239140065,20.0,148491.51822589754,283.9751019226075,36.0,41.0,6311.3762452218325,24.0,184904.32509861933,-0.21212121212121213,6.0,12.0,13.0
11,C23,SKU28,56.0,1.0,421.75261342812576,77.0,48.0,3779.3407356509415,36.0,2987.7226846135545,296.6410006538129,14.0,14.0,2768.6171096267003,9.0,71000.47885464548,290.7829248112169,28.0,29.0,4081.7553652923557,14.0,137443.772888904,283.9751019226075,36.0,41.0,4723.73510150179,16.0,172175.24673959962,-0.21212121212121213,1.0,5.0,6.0
11,C23,SKU23,28.0,1.0,64.67149572097111,77.0,48.0,3779.3407356509415,36.0,3449.282907326329,296.6410006538129,14.0,14.0,2634.4380931227643,10.0,71000.47885464548,290.7829248112169,28.0,29.0,4401.380339195599,16.0,137443.772888904,283.9751019226075,36.0,41.0,5978.508943032263,23.0,172175.24673959962,-0.21212121212121213,5.0,8.0,13.0
11,C23,SKU67,28.0,1.0,284.6416429927623,77.0,48.0,3779.3407356509415,36.0,1426.279898150903,296.6410006538129,14.0,14.0,1181.8136750398212,5.0,71000.47885464548,290.7829248112169,28.0,29.0,3781.57818676148,14.0,137443.772888904,283.9751019226075,36.0,41.0,4700.319165521037,17.0,172175.24673959962,-0.21212121212121213,2.0,7.0,8.0
11,C23,SKU39,42.0,1.0,384.6287202460794,77.0,48.0,3779.3407356509415,36.0,1256.7801090750672,296.6410006538129,14.0,14.0,2005.9294396816913,8.0,72290.49237417508,290.7829248112169,28.0,29.0,3384.497478530941,14.0,148491.51822589754,283.9751019226075,36.0,41.0,3539.74576465095,15.0,184904.32509861933,-0.21212121212121213,2.0,6.0,7.0
11,C23,SKU17,56.0,1.0,100.34986045676628,77.0,48.0,3779.3407356509415,36.0,5081.190266320188,296.6410006538129,14.0,14.0,1099.92123122253,4.0,72290.49237417508,290.7829248112169,28.0,29.0,6046.566669899512,20.0,148491.51822589754,283.9751019226075,36.0,41.0,7723.295835124876,24.0,184904.32509861933,-0.21212121212121213,2.0,12.0,14.0
11,C23,SKU76,7.0,1.0,11.520285944595868,77.0,48.0,3779.3407356509415,36.0,2709.5969711076746,296.6410006538129,14.0,14.0,2408.515227882009,11.0,71000.47885464548,290.7829248112169,28.0,29.0,4641.153927856552,19.0,137443.772888904,283.9751019226075,36.0,41.0,5347.188208957184,22.0,172175.24673959962,-0.21212121212121213,8.0,9.0,12.0
11,C23,SKU55,70.0,1.0,153.48539200337666,77.0,48.0,3779.3407356509415,36.0,2718.6657102173667,296.6410006538129,14.0,14.0,1998.897600122124,7.0,64309.306756835016,290.7829248112169,28.0,29.0,3587.397886299588,12.0,134425.20039296348,283.9751019226075,36.0,41.0,4503.739931530498,16.0,169326.71391872526,-0.21212121212121213,2.0,6.0,8.0
11,C23,SKU27,14.0,1.0,489.10396418898415,77.0,48.0,3779.3407356509415,36.0,3560.4756027848416,296.6410006538129,14.0,14.0,1850.686499348616,6.0,71000.47885464548,290.7829248112169,28.0,29.0,4532.766246076299,16.0,137443.772888904,283.9751019226075,36.0,41.0,4829.31304282509,18.0,172175.24673959962,-0.21212121212121213,5.0,12.0,14.0
11,C23,SKU5,63.0,1.0,317.09347784232995,77.0,48.0,3779.3407356509415,36.0,4475.10022155687,296.6410006538129,14.0,14.0,2752.7115105281678,9.0,72290.49237417508,290.7829248112169,28.0,29.0,7156.4594080845045,24.0,148491.51822589754,283.9751019226075,36.0,41.0,8513.080158022674,29.0,184904.32509861933,-0.21212121212121213,5.0,10.0,12.0
11,C23,SKU22,7.0,1.0,497.73056697794846,77.0,48.0,3779.3407356509415,36.0,2609.1725459160966,296.6410006538129,14.0,14.0,3590.4101892893627,10.0,71000.47885464548,290.7829248112169,28.0,29.0,5087.730946024144,16.0,137443.772888904,283.9751019226075,36.0,41.0,5587.376488651759,19.0,172175.24673959962,-0.21212121212121213,2.0,4.0,5.0
11,C23,SKU57,,,,,,,,,,,,,,,,,,,,,,,,,,,,,,
11,C23,SKU32,35.0,1.0,268.06313298838666,77.0,48.0,3779.3407356509415,36.0,3578.5559559457374,296.6410006538129,14.0,14.0,2221.4941391896728,9.0,72290.49237417508,290.7829248112169,28.0,29.0,4070.9775382142357,15.0,148491.51822589754,283.9751019226075,36.0,41.0,5564.906756256995,23.0,184904.32509861933,-0.21212121212121213,4.0,7.0,11.0
11,C23,SKU79,49.0,1.0,383.79349198297945,77.0,48.0,3779.3407356509415,36.0,4278.459514953102,296.6410006538129,14.0,14.0,3067.2727070094,9.0,64309.306756835016,290.7829248112169,28.0,29.0,5685.419533093278,19.0,134425.20039296348,283.9751019226075,36.0,41.0,6392.592072969643,23.0,169326.71391872526,-0.21212121212121213,4.0,8.0,10.0
11,C23,SKU75,70.0,1.0,342.44757367814213,77.0,48.0,3779.3407356509415,36.0,2823.663135072765,296.6410006538129,14.0,14.0,1970.3063744189749,8.0,64309.306756835016,290.7829248112169,28.0,29.0,2791.700373441383,11.0,134425.20039296348,283.9751019226075,36.0,41.0,3740.740571377569,15.0,169326.71391872526,-0.21212121212121213,4.0,6.0,8.0
11,C24,SKU7,21.0,1.0,487.7784642633405,4.0,27.0,6482.437229931493,40.0,1223.7280590650948,197.64785587692532,20.0,22.0,1449.7856745482197,5.0,71000.47885464548,221.83860467822373,36.0,41.0,1868.9218877079497,9.0,137443.772888904,234.81963120076264,40.0,50.0,2898.6749084577245,12.0,172175.24673959962,0.20606060606060608,2.0,4.0,5.0
11,C24,SKU94,49.0,2.0,221.534561294478,4.0,27.0,6482.437229931493,40.0,4230.592179117441,197.64785587692532,20.0,22.0,2483.5489317856486,9.0,71000.47885464548,221.83860467822373,36.0,41.0,5875.653325400093,19.0,137443.772888904,234.81963120076264,40.0,50.0,7988.092781982599,26.0,172175.24673959962,0.20606060606060608,4.0,10.0,13.0
11,C24,SKU94,49.0,2.0,221.534561294478,4.0,27.0,6482.437229931493,40.0,4230.592179117441,197.64785587692532,20.0,22.0,2483.5489317856486,9.0,71000.47885464548,221.83860467822373,36.0,41.0,5875.653325400093,19.0,137443.772888904,234.81963120076264,40.0,50.0,7988.092781982599,26.0,172175.24673959962,0.20606060606060608,4.0,10.0,13.0
11,C24,SKU3,42.0,2.0,327.23969315400603,4.0,27.0,6482.437229931493,40.0,2194.525569236694,197.64785587692532,20.0,22.0,1098.6612416319165,4.0,71000.47885464548,221.83860467822373,36.0,41.0,2437.8505177723046,9.0,137443.772888904,234.81963120076264,40.0,50.0,2861.6502477050426,11.0,172175.24673959962,0.20606060606060608,2.0,6.0,8.0
11,C24,SKU3,42.0,2.0,327.23969315400603,4.0,27.0,6482.437229931493,40.0,2194.525569236694,197.64785587692532,20.0,22.0,1098.6612416319165,4.0,71000.47885464548,221.83860467822373,36.0,41.0,2437.8505177723046,9.0,137443.772888904,234.81963120076264,40.0,50.0,2861.6502477050426,11.0,172175.24673959962,0.20606060606060608,2.0,6.0,8.0
11,C24,SKU36,49.0,1.0,372.32031614198377,4.0,27.0,6482.437229931493,40.0,3878.3755467399974,197.64785587692532,20.0,22.0,2098.4499335866844,9.0,71000.47885464548,221.83860467822373,36.0,41.0,4085.6246541863675,16.0,137443.772888904,234.81963120076264,40.0,50.0,5006.714238376788,21.0,172175.24673959962,0.20606060606060608,5.0,10.0,12.0
11,C24,SKU35,21.0,1.0,14.904887944826754,4.0,27.0,6482.437229931493,40.0,3712.4861044710765,197.64785587692532,20.0,22.0,2754.1797051098306,13.0,71000.47885464548,221.83860467822373,36.0,41.0,4134.082406545251,18.0,137443.772888904,234.81963120076264,40.0,50.0,5605.79976774534,22.0,172175.24673959962,0.20606060606060608,6.0,8.0,12.0
11,C24,SKU46,14.0,1.0,412.0344841022152,4.0,27.0,6482.437229931493,40.0,1716.661084172158,197.64785587692532,20.0,22.0,1113.88374513786,5.0,71000.47885464548,221.83860467822373,36.0,41.0,2359.140085796144,10.0,137443.772888904,234.81963120076264,40.0,50.0,4011.448091088257,17.0,172175.24673959962,0.20606060606060608,4.0,8.0,13.0
11,C24,SKU26,35.0,1.0,177.84644019155928,4.0,27.0,6482.437229931493,40.0,2870.077373106889,197.64785587692532,20.0,22.0,1878.8963415535886,9.0,64309.306756835016,221.83860467822373,36.0,41.0,4362.126765130159,19.0,134425.20039296348,234.81963120076264,40.0,50.0,5671.0460414333365,24.0,169326.71391872526,0.20606060606060608,5.0,12.0,13.0
11,C24,SKU37,28.0,1.0,263.6983796467904,4.0,27.0,6482.437229931493,40.0,4276.8829913506725,197.64785587692532,20.0,22.0,2506.0641619629373,9.0,71000.47885464548,221.83860467822373,36.0,41.0,6062.756483960785,24.0,137443.772888904,234.81963120076264,40.0,50.0,7868.481946817385,30.0,172175.24673959962,0.20606060606060608,3.0,10.0,14.0
11,C24,SKU69,42.0,2.0,236.31134401015964,4.0,27.0,6482.437229931493,40.0,4309.405519571437,197.64785587692532,20.0,22.0,2035.2711131866931,7.0,64309.306756835016,221.83860467822373,36.0,41.0,4689.680921989357,15.0,134425.20039296348,234.81963120076264,40.0,50.0,6440.272283329844,22.0,169326.71391872526,0.20606060606060608,4.0,11.0,15.0
11,C24,SKU69,42.0,2.0,236.31134401015964,4.0,27.0,6482.437229931493,40.0,4309.405519571437,197.64785587692532,20.0,22.0,2035.2711131866931,7.0,64309.306756835016,221.83860467822373,36.0,41.0,4689.680921989357,15.0,134425.20039296348,234.81963120076264,40.0,50.0,6440.272283329844,22.0,169326.71391872526,0.20606060606060608,4.0,11.0,15.0
11,C24,SKU83,35.0,1.0,495.01390892268194,4.0,27.0,6482.437229931493,40.0,3988.4532153091122,197.64785587692532,20.0,22.0,1745.4084827186693,5.0,64309.306756835016,221.83860467822373,36.0,41.0,6022.622707175466,19.0,134425.20039296348,234.81963120076264,40.0,50.0,7061.109254625385,23.0,169326.71391872526,0.20606060606060608,4.0,9.0,12.0
11,C24,SKU74,14.0,2.0,194.3642122465131,4.0,27.0,6482.437229931493,40.0,2224.72054041231,197.64785587692532,20.0,22.0,1386.155419707367,8.0,72290.49237417508,221.83860467822373,36.0,41.0,2321.551476393496,11.0,148491.51822589754,234.81963120076264,40.0,50.0,3024.234494034939,15.0,184904.32509861933,0.20606060606060608,4.0,6.0,9.0
11,C24,SKU74,14.0,2.0,194.3642122465131,4.0,27.0,6482.437229931493,40.0,2224.72054041231,197.64785587692532,20.0,22.0,1386.155419707367,8.0,72290.49237417508,221.83860467822373,36.0,41.0,2321.551476393496,11.0,148491.51822589754,234.81963120076264,40.0,50.0,3024.234494034939,15.0,184904.32509861933,0.20606060606060608,4.0,6.0,9.0
11,C24,SKU93,28.0,1.0,25.490744500329612,4.0,27.0,6482.437229931493,40.0,4779.003530026869,197.64785587692532,20.0,22.0,3771.2980526762162,14.0,64309.306756835016,221.83860467822373,36.0,41.0,5963.945464659581,23.0,134425.20039296348,234.81963120076264,40.0,50.0,7243.474701731236,28.0,169326.71391872526,0.20606060606060608,6.0,13.0,14.0
11,C24,SKU97,7.0,2.0,179.08353946366003,4.0,27.0,6482.437229931493,40.0,2763.7157447432432,197.64785587692532,20.0,22.0,1680.6880253238674,9.0,72290.49237417508,221.83860467822373,36.0,41.0,3408.703085968549,18.0,148491.51822589754,234.81963120076264,40.0,50.0,4105.349745126161,20.0,184904.32509861933,0.20606060606060608,5.0,9.0,9.0
11,C24,SKU97,7.0,2.0,179.08353946366003,4.0,27.0,6482.437229931493,40.0,2763.7157447432432,197.64785587692532,20.0,22.0,1680.6880253238674,9.0,72290.49237417508,221.83860467822373,36.0,41.0,3408.703085968549,18.0,148491.51822589754,234.81963120076264,40.0,50.0,4105.349745126161,20.0,184904.32509861933,0.20606060606060608,5.0,9.0,9.0
11,C24,SKU12,21.0,1.0,322.6607518834325,4.0,27.0,6482.437229931493,40.0,2728.223247791675,197.64785587692532,20.0,22.0,2521.395030978758,9.0,64309.306756835016,221.83860467822373,36.0,41.0,3695.688159793338,13.0,134425.20039296348,234.81963120076264,40.0,50.0,4205.119040348188,15.0,169326.71391872526,0.20606060606060608,6.0,8.0,10.0
11,C24,SKU65,14.0,1.0,325.0540819477683,4.0,27.0,6482.437229931493,40.0,2742.637392291262,197.64785587692532,20.0,22.0,1926.4022658393026,7.0,64309.306756835016,221.83860467822373,36.0,41.0,2847.126109998277,11.0,134425.20039296348,234.81963120076264,40.0,50.0,4812.507686816041,16.0,169326.71391872526,0.20606060606060608,4.0,7.0,11.0
11,C24,SKU77,49.0,1.0,493.21847239140203,4.0,27.0,6482.437229931493,40.0,4159.665922482025,197.64785587692532,20.0,22.0,1969.5849943511034,6.0,64309.306756835016,221.83860467822373,36.0,41.0,6020.897732327896,20.0,134425.20039296348,234.81963120076264,40.0,50.0,7074.900189336561,24.0,169326.71391872526,0.20606060606060608,2.0,9.0,12.0
11,C24,SKU63,,,,,,,,,,,,,,,,,,,,,,,,,,,,,,
11,C24,SKU73,42.0,1.0,342.25863705285946,4.0,27.0,6482.437229931493,40.0,4571.7837877155935,197.64785587692532,20.0,22.0,2144.6610779968128,9.0,64309.306756835016,221.83860467822373,36.0,41.0,4922.04230623544,18.0,134425.20039296348,234.81963120076264,40.0,50.0,6172.422473412418,22.0,169326.71391872526,0.20606060606060608,3.0,6.0,9.0
11,C24,SKU50,7.0,1.0,368.7645049071368,4.0,27.0,6482.437229931493,40.0,3552.1018740017853,197.64785587692532,20.0,22.0,2043.4660640573127,8.0,72290.49237417508,221.83860467822373,36.0,41.0,3799.0039423972185,14.0,148491.51822589754,234.81963120076264,40.0,50.0,4985.330160061602,19.0,184904.32509861933,0.20606060606060608,2.0,4.0,6.0
11,C24,SKU34,56.0,1.0,320.43887294782553,4.0,27.0,6482.437229931493,40.0,5244.288347500294,197.64785587692532,20.0,22.0,3705.418135522522,14.0,71000.47885464548,221.83860467822373,36.0,41.0,6259.775782633862,23.0,137443.772888904,234.81963120076264,40.0,50.0,7435.249755115927,26.0,172175.24673959962,0.20606060606060608,3.0,8.0,9.0
11,C24,SKU68,49.0,1.0,322.12546084628985,4.0,27.0,6482.437229931493,40.0,3180.8995737396594,197.64785587692532,20.0,22.0,3757.0945615131045,10.0,72290.49237417508,221.83860467822373,36.0,41.0,6486.586612668207,19.0,148491.51822589754,234.81963120076264,40.0,50.0,6767.085248268148,21.0,184904.32509861933,0.20606060606060608,5.0,8.0,9.0
11,C24,SKU47,21.0,2.0,208.823311899212,4.0,27.0,6482.437229931493,40.0,3243.350734954755,197.64785587692532,20.0,22.0,1504.2583208823662,6.0,64309.306756835016,221.83860467822373,36.0,41.0,4078.5232405462552,15.0,134425.20039296348,234.81963120076264,40.0,50.0,4851.310939419624,19.0,169326.71391872526,0.20606060606060608,3.0,6.0,7.0
11,C24,SKU47,21.0,2.0,208.823311899212,4.0,27.0,6482.437229931493,40.0,3243.350734954755,197.64785587692532,20.0,22.0,1504.2583208823662,6.0,64309.306756835016,221.83860467822373,36.0,41.0,4078.5232405462552,15.0,134425.20039296348,234.81963120076264,40.0,50.0,4851.310939419624,19.0,169326.71391872526,0.20606060606060608,3.0,6.0,7.0
11,C24,SKU8,,,,,,,,,,,,,,,,,,,,,,,,,,,,,,
11,C24,SKU25,21.0,1.0,26.684722893847653,4.0,27.0,6482.437229931493,40.0,4766.470564584546,197.64785587692532,20.0,22.0,3311.017450541504,13.0,72290.49237417508,221.83860467822373,36.0,41.0,6567.44870163083,25.0,148491.51822589754,234.81963120076264,40.0,50.0,8248.815644727618,31.0,184904.32509861933,0.20606060606060608,8.0,15.0,16.0
11,C24,SKU52,14.0,1.0,68.72677945564801,4.0,27.0,6482.437229931493,40.0,2756.4448547017687,197.64785587692532,20.0,22.0,1741.9187812705975,9.0,72290.49237417508,221.83860467822373,36.0,41.0,3427.098935903869,15.0,148491.51822589754,234.81963120076264,40.0,50.0,3902.437562751791,16.0,184904.32509861933,0.20606060606060608,4.0,7.0,8.0
11,C24,SKU88,35.0,1.0,111.38073100981231,4.0,27.0,6482.437229931493,40.0,2693.273422234526,197.64785587692532,20.0,22.0,1549.9771923844714,4.0,71000.47885464548,221.83860467822373,36.0,41.0,3243.4660066444285,11.0,137443.772888904,234.81963120076264,40.0,50.0,5244.437165998218,18.0,172175.24673959962,0.20606060606060608,2.0,7.0,10.0
11,C24,SKU80,63.0,1.0,221.1220314800735,4.0,27.0,6482.437229931493,40.0,3243.635387305008,197.64785587692532,20.0,22.0,2146.07442467616,7.0,64309.306756835016,221.83860467822373,36.0,41.0,4759.000777469969,17.0,134425.20039296348,234.81963120076264,40.0,50.0,5848.340218353709,22.0,169326.71391872526,0.20606060606060608,4.0,9.0,12.0
11,C24,SKU87,70.0,1.0,161.85387461352033,4.0,27.0,6482.437229931493,40.0,3596.043681200566,197.64785587692532,20.0,22.0,1325.3696225216397,3.0,72290.49237417508,221.83860467822373,36.0,41.0,4240.63360609992,14.0,148491.51822589754,234.81963120076264,40.0,50.0,4687.7934746868705,16.0,184904.32509861933,0.20606060606060608,2.0,9.0,11.0
11,C24,SKU28,63.0,1.0,397.3103875787526,4.0,27.0,6482.437229931493,40.0,2987.7226846135545,197.64785587692532,20.0,22.0,2768.6171096267003,9.0,71000.47885464548,221.83860467822373,36.0,41.0,4081.7553652923557,14.0,137443.772888904,234.81963120076264,40.0,50.0,4723.73510150179,16.0,172175.24673959962,0.20606060606060608,1.0,5.0,6.0
11,C24,SKU100,28.0,1.0,307.72106660075553,4.0,27.0,6482.437229931493,40.0,3829.993148508176,197.64785587692532,20.0,22.0,2673.953826709808,9.0,72290.49237417508,221.83860467822373,36.0,41.0,4985.751239140065,20.0,148491.51822589754,234.81963120076264,40.0,50.0,6311.3762452218325,24.0,184904.32509861933,0.20606060606060608,6.0,12.0,13.0
11,C24,SKU82,28.0,2.0,151.38524629921648,4.0,27.0,6482.437229931493,40.0,1663.515855965547,197.64785587692532,20.0,22.0,1052.2117338770022,4.0,64309.306756835016,221.83860467822373,36.0,41.0,2579.596678909137,11.0,134425.20039296348,234.81963120076264,40.0,50.0,3253.6048083395153,15.0,169326.71391872526,0.20606060606060608,1.0,5.0,6.0
11,C24,SKU82,28.0,2.0,151.38524629921648,4.0,27.0,6482.437229931493,40.0,1663.515855965547,197.64785587692532,20.0,22.0,1052.2117338770022,4.0,64309.306756835016,221.83860467822373,36.0,41.0,2579.596678909137,11.0,134425.20039296348,234.81963120076264,40.0,50.0,3253.6048083395153,15.0,169326.71391872526,0.20606060606060608,1.0,5.0,6.0
11,C24,SKU39,49.0,1.0,93.59184964095027,4.0,27.0,6482.437229931493,40.0,1256.7801090750672,197.64785587692532,20.0,22.0,2005.9294396816913,8.0,72290.49237417508,221.83860467822373,36.0,41.0,3384.497478530941,14.0,148491.51822589754,234.81963120076264,40.0,50.0,3539.74576465095,15.0,184904.32509861933,0.20606060606060608,2.0,6.0,7.0
11,C24,SKU17,63.0,1.0,456.8547555291624,4.0,27.0,6482.437229931493,40.0,5081.190266320188,197.64785587692532,20.0,22.0,1099.92123122253,4.0,72290.49237417508,221.83860467822373,36.0,41.0,6046.566669899512,20.0,148491.51822589754,234.81963120076264,40.0,50.0,7723.295835124876,24.0,184904.32509861933,0.20606060606060608,2.0,12.0,14.0
11,C24,SKU20,35.0,1.0,80.9150360115972,4.0,27.0,6482.437229931493,40.0,2008.93076555903,197.64785587692532,20.0,22.0,2064.335557946855,6.0,72290.49237417508,221.83860467822373,36.0,41.0,2995.0391942363067,11.0,148491.51822589754,234.81963120076264,40.0,50.0,3330.725406979164,13.0,184904.32509861933,0.20606060606060608,3.0,7.0,7.0
11,C24,SKU95,,,,,,,,,,,,,,,,,,,,,,,,,,,,,,
11,C24,SKU5,42.0,1.0,347.07723451100725,4.0,27.0,6482.437229931493,40.0,4475.10022155687,197.64785587692532,20.0,22.0,2752.7115105281678,9.0,72290.49237417508,221.83860467822373,36.0,41.0,7156.4594080845045,24.0,148491.51822589754,234.81963120076264,40.0,50.0,8513.080158022674,29.0,184904.32509861933,0.20606060606060608,5.0,10.0,12.0
11,C24,SKU57,7.0,3.0,179.36941961454923,4.0,27.0,6482.437229931493,40.0,4084.1434485356185,197.64785587692532,20.0,22.0,2481.3321993654963,12.0,71000.47885464548,221.83860467822373,36.0,41.0,5034.701407276938,22.0,137443.772888904,234.81963120076264,40.0,50.0,6199.929816035148,26.0,172175.24673959962,0.20606060606060608,5.0,8.0,10.0
11,C24,SKU57,7.0,3.0,179.36941961454923,4.0,27.0,6482.437229931493,40.0,4084.1434485356185,197.64785587692532,20.0,22.0,2481.3321993654963,12.0,71000.47885464548,221.83860467822373,36.0,41.0,5034.701407276938,22.0,137443.772888904,234.81963120076264,40.0,50.0,6199.929816035148,26.0,172175.24673959962,0.20606060606060608,5.0,8.0,10.0
11,C24,SKU57,7.0,3.0,179.36941961454923,4.0,27.0,6482.437229931493,40.0,4084.1434485356185,197.64785587692532,20.0,22.0,2481.3321993654963,12.0,71000.47885464548,221.83860467822373,36.0,41.0,5034.701407276938,22.0,137443.772888904,234.81963120076264,40.0,50.0,6199.929816035148,26.0,172175.24673959962,0.20606060606060608,5.0,8.0,10.0
11,C24,SKU43,35.0,1.0,240.1267740168577,4.0,27.0,6482.437229931493,40.0,2532.743682329215,197.64785587692532,20.0,22.0,1168.0650395391517,5.0,72290.49237417508,221.83860467822373,36.0,41.0,3446.6599790396226,14.0,148491.51822589754,234.81963120076264,40.0,50.0,4562.116205894099,18.0,184904.32509861933,0.20606060606060608,1.0,4.0,8.0
11,C24,SKU66,7.0,1.0,353.5784626673912,4.0,27.0,6482.437229931493,40.0,3491.83031890565,197.64785587692532,20.0,22.0,2782.60833972082,11.0,71000.47885464548,221.83860467822373,36.0,41.0,4217.844243944581,18.0,137443.772888904,234.81963120076264,40.0,50.0,4755.902905153972,20.0,172175.24673959962,0.20606060606060608,8.0,13.0,14.0
11,C24,SKU85,28.0,2.0,149.48345181983473,4.0,27.0,6482.437229931493,40.0,2192.8063867855676,197.64785587692532,20.0,22.0,2098.0126112069374,8.0,64309.306756835016,221.83860467822373,36.0,41.0,3983.7048522072832,17.0,134425.20039296348,234.81963120076264,40.0,50.0,4745.749114396946,20.0,169326.71391872526,0.20606060606060608,6.0,9.0,11.0
11,C24,SKU85,28.0,2.0,149.48345181983473,4.0,27.0,6482.437229931493,40.0,2192.8063867855676,197.64785587692532,20.0,22.0,2098.0126112069374,8.0,64309.306756835016,221.83860467822373,36.0,41.0,3983.7048522072832,17.0,134425.20039296348,234.81963120076264,40.0,50.0,4745.749114396946,20.0,169326.71391872526,0.20606060606060608,6.0,9.0,11.0
11,C24,SKU51,7.0,1.0,109.73840469797467,4.0,27.0,6482.437229931493,40.0,2262.3689900106183,197.64785587692532,20.0,22.0,486.7791275019824,5.0,64309.306756835016,221.83860467822373,36.0,41.0,2563.3211172380097,13.0,134425.20039296348,234.81963120076264,40.0,50.0,4153.947150176074,18.0,169326.71391872526,0.20606060606060608,3.0,6.0,10.0
11,C24,SKU86,7.0,1.0,14.548137001971371,4.0,27.0,6482.437229931493,40.0,2363.081131861271,197.64785587692532,20.0,22.0,1623.0877239540343,7.0,64309.306756835016,221.83860467822373,36.0,41.0,3044.2798000924367,13.0,134425.20039296348,234.81963120076264,40.0,50.0,4659.285780581268,21.0,169326.71391872526,0.20606060606060608,3.0,7.0,10.0
11,C24,SKU61,,,,,,,,,,,,,,,,,,,,,,,,,,,,,,
11,C24,SKU11,42.0,1.0,131.5839254205606,4.0,27.0,6482.437229931493,40.0,1571.5428566097337,197.64785587692532,20.0,22.0,1306.338850366108,8.0,71000.47885464548,221.83860467822373,36.0,41.0,2550.8480591644948,13.0,137443.772888904,234.81963120076264,40.0,50.0,4121.535060767028,18.0,172175.24673959962,0.20606060606060608,4.0,8.0,11.0
11,C25,SKU7,42.0,1.0,256.2865467765075,64.0,18.0,1507.3468437677877,33.0,1223.7280590650948,257.6860670559037,13.0,15.0,1449.7856745482197,5.0,71000.47885464548,233.59012834637463,30.0,34.0,1868.9218877079497,9.0,137443.772888904,229.0133376767605,33.0,40.0,2898.6749084577245,12.0,172175.24673959962,0.14545454545454548,2.0,4.0,5.0
11,C25,SKU18,56.0,1.0,206.11627702203347,64.0,18.0,1507.3468437677877,33.0,2574.6088131084107,257.6860670559037,13.0,15.0,2258.141245675125,9.0,64309.306756835016,233.59012834637463,30.0,34.0,3594.6492811204107,15.0,134425.20039296348,229.0133376767605,33.0,40.0,4487.374291389015,18.0,169326.71391872526,0.14545454545454548,2.0,3.0,6.0
11,C25,SKU36,63.0,1.0,263.0647432558755,64.0,18.0,1507.3468437677877,33.0,3878.3755467399974,257.6860670559037,13.0,15.0,2098.4499335866844,9.0,71000.47885464548,233.59012834637463,30.0,34.0,4085.6246541863675,16.0,137443.772888904,229.0133376767605,33.0,40.0,5006.714238376788,21.0,172175.24673959962,0.14545454545454548,5.0,10.0,12.0
11,C25,SKU3,21.0,1.0,472.79447165693006,64.0,18.0,1507.3468437677877,33.0,2194.525569236694,257.6860670559037,13.0,15.0,1098.6612416319165,4.0,71000.47885464548,233.59012834637463,30.0,34.0,2437.8505177723046,9.0,137443.772888904,229.0133376767605,33.0,40.0,2861.6502477050426,11.0,172175.24673959962,0.14545454545454548,2.0,6.0,8.0
11,C25,SKU49,7.0,2.0,273.17903608021004,64.0,18.0,1507.3468437677877,33.0,2723.4947579355885,257.6860670559037,13.0,15.0,1795.5619315160645,9.0,71000.47885464548,233.59012834637463,30.0,34.0,3104.2376143523725,15.0,137443.772888904,229.0133376767605,33.0,40.0,5392.065726760854,22.0,172175.24673959962,0.14545454545454548,3.0,7.0,9.0
11,C25,SKU49,7.0,2.0,273.17903608021004,64.0,18.0,1507.3468437677877,33.0,2723.4947579355885,257.6860670559037,13.0,15.0,1795.5619315160645,9.0,71000.47885464548,233.59012834637463,30.0,34.0,3104.2376143523725,15.0,137443.772888904,229.0133376767605,33.0,40.0,5392.065726760854,22.0,172175.24673959962,0.14545454545454548,3.0,7.0,9.0
11,C25,SKU46,,,,,,,,,,,,,,,,,,,,,,,,,,,,,,
11,C25,SKU37,35.0,1.0,13.68619894108121,64.0,18.0,1507.3468437677877,33.0,4276.8829913506725,257.6860670559037,13.0,15.0,2506.0641619629373,9.0,71000.47885464548,233.59012834637463,30.0,34.0,6062.756483960785,24.0,137443.772888904,229.0133376767605,33.0,40.0,7868.481946817385,30.0,172175.24673959962,0.14545454545454548,3.0,10.0,14.0
11,C25,SKU45,7.0,2.0,352.1453547827473,64.0,18.0,1507.3468437677877,33.0,2536.158292709038,257.6860670559037,13.0,15.0,2225.67694976665,7.0,71000.47885464548,233.59012834637463,30.0,34.0,4352.962589053176,15.0,137443.772888904,229.0133376767605,33.0,40.0,5057.5910904026705,18.0,172175.24673959962,0.14545454545454548,1.0,6.0,7.0
11,C25,SKU45,7.0,2.0,352.1453547827473,64.0,18.0,1507.3468437677877,33.0,2536.158292709038,257.6860670559037,13.0,15.0,2225.67694976665,7.0,71000.47885464548,233.59012834637463,30.0,34.0,4352.962589053176,15.0,137443.772888904,229.0133376767605,33.0,40.0,5057.5910904026705,18.0,172175.24673959962,0.14545454545454548,1.0,6.0,7.0
11,C25,SKU29,7.0,1.0,20.86754406832243,64.0,18.0,1507.3468437677877,33.0,1790.6759603603157,257.6860670559037,13.0,15.0,1124.9593254292206,6.0,64309.306756835016,233.59012834637463,30.0,34.0,2820.3394756077796,12.0,134425.20039296348,229.0133376767605,33.0,40.0,3933.4782928520303,17.0,169326.71391872526,0.14545454545454548,5.0,9.0,13.0
11,C25,SKU31,56.0,1.0,192.30142741867448,64.0,18.0,1507.3468437677877,33.0,2849.213604822314,257.6860670559037,13.0,15.0,2588.410931651886,10.0,72290.49237417508,233.59012834637463,30.0,34.0,5665.229170095801,21.0,148491.51822589754,229.0133376767605,33.0,40.0,5817.221087898065,22.0,184904.32509861933,0.14545454545454548,3.0,5.0,5.0
11,C25,SKU93,14.0,2.0,291.9206183640429,64.0,18.0,1507.3468437677877,33.0,4779.003530026869,257.6860670559037,13.0,15.0,3771.2980526762162,14.0,64309.306756835016,233.59012834637463,30.0,34.0,5963.945464659581,23.0,134425.20039296348,229.0133376767605,33.0,40.0,7243.474701731236,28.0,169326.71391872526,0.14545454545454548,6.0,13.0,14.0
11,C25,SKU93,14.0,2.0,291.9206183640429,64.0,18.0,1507.3468437677877,33.0,4779.003530026869,257.6860670559037,13.0,15.0,3771.2980526762162,14.0,64309.306756835016,233.59012834637463,30.0,34.0,5963.945464659581,23.0,134425.20039296348,229.0133376767605,33.0,40.0,7243.474701731236,28.0,169326.71391872526,0.14545454545454548,6.0,13.0,14.0
11,C25,SKU97,49.0,1.0,189.9599928366354,64.0,18.0,1507.3468437677877,33.0,2763.7157447432432,257.6860670559037,13.0,15.0,1680.6880253238674,9.0,72290.49237417508,233.59012834637463,30.0,34.0,3408.703085968549,18.0,148491.51822589754,229.0133376767605,33.0,40.0,4105.349745126161,20.0,184904.32509861933,0.14545454545454548,5.0,9.0,9.0
11,C25,SKU63,21.0,1.0,382.5822664199048,64.0,18.0,1507.3468437677877,33.0,5123.381693983563,257.6860670559037,13.0,15.0,3844.564732690659,10.0,72290.49237417508,233.59012834637463,30.0,34.0,6449.086660364468,19.0,148491.51822589754,229.0133376767605,33.0,40.0,8086.425774464821,25.0,184904.32509861933,0.14545454545454548,7.0,11.0,12.0
11,C25,SKU62,7.0,1.0,339.5812401815598,64.0,18.0,1507.3468437677877,33.0,3581.745762989488,257.6860670559037,13.0,15.0,2300.964082607896,9.0,72290.49237417508,233.59012834637463,30.0,34.0,3409.285760329741,13.0,148491.51822589754,229.0133376767605,33.0,40.0,5094.40761574676,19.0,184904.32509861933,0.14545454545454548,6.0,9.0,12.0
11,C25,SKU34,,,,,,,,,,,,,,,,,,,,,,,,,,,,,,
11,C25,SKU47,7.0,2.0,248.61837926137346,64.0,18.0,1507.3468437677877,33.0,3243.350734954755,257.6860670559037,13.0,15.0,1504.2583208823662,6.0,64309.306756835016,233.59012834637463,30.0,34.0,4078.5232405462552,15.0,134425.20039296348,229.0133376767605,33.0,40.0,4851.310939419624,19.0,169326.71391872526,0.14545454545454548,3.0,6.0,7.0
11,C25,SKU47,7.0,2.0,248.61837926137346,64.0,18.0,1507.3468437677877,33.0,3243.350734954755,257.6860670559037,13.0,15.0,1504.2583208823662,6.0,64309.306756835016,233.59012834637463,30.0,34.0,4078.5232405462552,15.0,134425.20039296348,229.0133376767605,33.0,40.0,4851.310939419624,19.0,169326.71391872526,0.14545454545454548,3.0,6.0,7.0
11,C25,SKU8,63.0,1.0,279.10260402389207,64.0,18.0,1507.3468437677877,33.0,4899.0980248205815,257.6860670559037,13.0,15.0,1356.43606397429,5.0,72290.49237417508,233.59012834637463,30.0,34.0,6079.582298352658,20.0,148491.51822589754,229.0133376767605,33.0,40.0,6774.285148584067,23.0,184904.32509861933,0.14545454545454548,1.0,8.0,10.0
11,C25,SKU41,49.0,1.0,291.6262495244891,64.0,18.0,1507.3468437677877,33.0,1538.6420896051357,257.6860670559037,13.0,15.0,1227.9060523246405,4.0,71000.47885464548,233.59012834637463,30.0,34.0,3724.455823011518,12.0,137443.772888904,229.0133376767605,33.0,40.0,4799.390159470608,15.0,172175.24673959962,0.14545454545454548,0.0,7.0,7.0
11,C25,SKU54,70.0,1.0,10.936416756799888,64.0,18.0,1507.3468437677877,33.0,2239.1404558524237,257.6860670559037,13.0,15.0,1609.6467143000414,7.0,72290.49237417508,233.59012834637463,30.0,34.0,2606.8102918522354,11.0,148491.51822589754,229.0133376767605,33.0,40.0,3631.498343241021,15.0,184904.32509861933,0.14545454545454548,2.0,3.0,5.0
11,C25,SKU33,49.0,1.0,497.0017145492559,64.0,18.0,1507.3468437677877,33.0,3906.1144208564524,257.6860670559037,13.0,15.0,2642.2105627812716,8.0,72290.49237417508,233.59012834637463,30.0,34.0,5270.357451901102,17.0,148491.51822589754,229.0133376767605,33.0,40.0,6391.156494070515,20.0,184904.32509861933,0.14545454545454548,4.0,10.0,12.0
11,C25,SKU80,42.0,1.0,141.94427814590262,64.0,18.0,1507.3468437677877,33.0,3243.635387305008,257.6860670559037,13.0,15.0,2146.07442467616,7.0,64309.306756835016,233.59012834637463,30.0,34.0,4759.000777469969,17.0,134425.20039296348,229.0133376767605,33.0,40.0,5848.340218353709,22.0,169326.71391872526,0.14545454545454548,4.0,9.0,12.0
11,C25,SKU100,14.0,2.0,135.3562437939134,64.0,18.0,1507.3468437677877,33.0,3829.993148508176,257.6860670559037,13.0,15.0,2673.953826709808,9.0,72290.49237417508,233.59012834637463,30.0,34.0,4985.751239140065,20.0,148491.51822589754,229.0133376767605,33.0,40.0,6311.3762452218325,24.0,184904.32509861933,0.14545454545454548,6.0,12.0,13.0
11,C25,SKU100,14.0,2.0,135.3562437939134,64.0,18.0,1507.3468437677877,33.0,3829.993148508176,257.6860670559037,13.0,15.0,2673.953826709808,9.0,72290.49237417508,233.59012834637463,30.0,34.0,4985.751239140065,20.0,148491.51822589754,229.0133376767605,33.0,40.0,6311.3762452218325,24.0,184904.32509861933,0.14545454545454548,6.0,12.0,13.0
11,C25,SKU48,7.0,2.0,192.6092174686512,64.0,18.0,1507.3468437677877,33.0,3187.3472628674654,257.6860670559037,13.0,15.0,2294.3657919101456,11.0,71000.47885464548,233.59012834637463,30.0,34.0,4714.559295750083,17.0,137443.772888904,229.0133376767605,33.0,40.0,5555.479837264602,20.0,172175.24673959962,0.14545454545454548,5.0,8.0,9.0
11,C25,SKU48,7.0,2.0,192.6092174686512,64.0,18.0,1507.3468437677877,33.0,3187.3472628674654,257.6860670559037,13.0,15.0,2294.3657919101456,11.0,71000.47885464548,233.59012834637463,30.0,34.0,4714.559295750083,17.0,137443.772888904,229.0133376767605,33.0,40.0,5555.479837264602,20.0,172175.24673959962,0.14545454545454548,5.0,8.0,9.0
11,C25,SKU72,35.0,1.0,191.65311786718925,64.0,18.0,1507.3468437677877,33.0,2984.5752027758062,257.6860670559037,13.0,15.0,2143.854582708852,7.0,64309.306756835016,233.59012834637463,30.0,34.0,4863.608727258521,18.0,134425.20039296348,229.0133376767605,33.0,40.0,6002.861555273883,22.0,169326.71391872526,0.14545454545454548,3.0,6.0,6.0
11,C25,SKU67,35.0,1.0,198.38410993502424,64.0,18.0,1507.3468437677877,33.0,1426.279898150903,257.6860670559037,13.0,15.0,1181.8136750398212,5.0,71000.47885464548,233.59012834637463,30.0,34.0,3781.57818676148,14.0,137443.772888904,229.0133376767605,33.0,40.0,4700.319165521037,17.0,172175.24673959962,0.14545454545454548,2.0,7.0,8.0
11,C25,SKU39,56.0,1.0,74.80805387273296,64.0,18.0,1507.3468437677877,33.0,1256.7801090750672,257.6860670559037,13.0,15.0,2005.9294396816913,8.0,72290.49237417508,233.59012834637463,30.0,34.0,3384.497478530941,14.0,148491.51822589754,229.0133376767605,33.0,40.0,3539.74576465095,15.0,184904.32509861933,0.14545454545454548,2.0,6.0,7.0
11,C25,SKU58,21.0,1.0,236.347325821574,64.0,18.0,1507.3468437677877,33.0,2425.819504397674,257.6860670559037,13.0,15.0,1297.7898246030197,8.0,72290.49237417508,233.59012834637463,30.0,34.0,3175.459193108213,16.0,148491.51822589754,229.0133376767605,33.0,40.0,4854.18394342602,23.0,184904.32509861933,0.14545454545454548,4.0,8.0,12.0
11,C25,SKU17,,,,,,,,,,,,,,,,,,,,,,,,,,,,,,
11,C25,SKU10,7.0,1.0,99.31612523417573,64.0,18.0,1507.3468437677877,33.0,3405.6547913551576,257.6860670559037,13.0,15.0,637.246305027026,4.0,71000.47885464548,233.59012834637463,30.0,34.0,3710.9206991514775,14.0,137443.772888904,229.0133376767605,33.0,40.0,4903.101289382736,19.0,172175.24673959962,0.14545454545454548,3.0,6.0,9.0
11,C25,SKU27,56.0,1.0,237.66852292947502,64.0,18.0,1507.3468437677877,33.0,3560.4756027848416,257.6860670559037,13.0,15.0,1850.686499348616,6.0,71000.47885464548,233.59012834637463,30.0,34.0,4532.766246076299,16.0,137443.772888904,229.0133376767605,33.0,40.0,4829.31304282509,18.0,172175.24673959962,0.14545454545454548,5.0,12.0,14.0
11,C25,SKU43,,,,,,,,,,,,,,,,,,,,,,,,,,,,,,
11,C25,SKU89,56.0,1.0,263.0321844931806,64.0,18.0,1507.3468437677877,33.0,2088.225747124807,257.6860670559037,13.0,15.0,2711.515344539416,8.0,72290.49237417508,233.59012834637463,30.0,34.0,4952.93249102111,17.0,148491.51822589754,229.0133376767605,33.0,40.0,5669.163547128538,19.0,184904.32509861933,0.14545454545454548,2.0,6.0,6.0
11,C25,SKU85,49.0,1.0,224.99832475865236,64.0,18.0,1507.3468437677877,33.0,2192.8063867855676,257.6860670559037,13.0,15.0,2098.0126112069374,8.0,64309.306756835016,233.59012834637463,30.0,34.0,3983.7048522072832,17.0,134425.20039296348,229.0133376767605,33.0,40.0,4745.749114396946,20.0,169326.71391872526,0.14545454545454548,6.0,9.0,11.0
11,C25,SKU79,7.0,2.0,184.78316754312544,64.0,18.0,1507.3468437677877,33.0,4278.459514953102,257.6860670559037,13.0,15.0,3067.2727070094,9.0,64309.306756835016,233.59012834637463,30.0,34.0,5685.419533093278,19.0,134425.20039296348,229.0133376767605,33.0,40.0,6392.592072969643,23.0,169326.71391872526,0.14545454545454548,4.0,8.0,10.0
11,C25,SKU79,7.0,2.0,184.78316754312544,64.0,18.0,1507.3468437677877,33.0,4278.459514953102,257.6860670559037,13.0,15.0,3067.2727070094,9.0,64309.306756835016,233.59012834637463,30.0,34.0,5685.419533093278,19.0,134425.20039296348,229.0133376767605,33.0,40.0,6392.592072969643,23.0,169326.71391872526,0.14545454545454548,4.0,8.0,10.0
11,C25,SKU2,35.0,1.0,139.08565120973597,64.0,18.0,1507.3468437677877,33.0,2252.1965395882294,257.6860670559037,13.0,15.0,903.8945157772882,5.0,72290.49237417508,233.59012834637463,30.0,34.0,3056.9354831768433,13.0,148491.51822589754,229.0133376767605,33.0,40.0,3804.496357605421,16.0,184904.32509861933,0.14545454545454548,1.0,5.0,7.0
11,C25,SKU11,35.0,1.0,385.2198260414436,64.0,18.0,1507.3468437677877,33.0,1571.5428566097337,257.6860670559037,13.0,15.0,1306.338850366108,8.0,71000.47885464548,233.59012834637463,30.0,34.0,2550.8480591644948,13.0,137443.772888904,229.0133376767605,33.0,40.0,4121.535060767028,18.0,172175.24673959962,0.14545454545454548,4.0,8.0,11.0
11,C25,SKU75,49.0,1.0,194.9442587412447,64.0,18.0,1507.3468437677877,33.0,2823.663135072765,257.6860670559037,13.0,15.0,1970.3063744189749,8.0,64309.306756835016,233.59012834637463,30.0,34.0,2791.700373441383,11.0,134425.20039296348,229.0133376767605,33.0,40.0,3740.740571377569,15.0,169326.71391872526,0.14545454545454548,4.0,6.0,8.0
11,C26,SKU94,7.0,1.0,162.59833800722993,61.0,32.0,6540.143229616857,32.0,3757.5006028651565,293.6564332221108,15.0,15.0,2483.5489317856486,9.0,71000.47885464548,262.88028893487916,28.0,32.0,5875.653325400093,19.0,137443.772888904,253.5660402868588,32.0,38.0,7988.092781982599,26.0,172175.24673959962,0.03636363636363637,5.0,9.0,13.0
11,C26,SKU70,14.0,1.0,283.1441034858688,61.0,32.0,6540.143229616857,32.0,2591.9024941911803,293.6564332221108,15.0,15.0,4480.1417984573545,14.0,72290.49237417508,262.88028893487916,28.0,32.0,6010.096024175712,20.0,148491.51822589754,253.5660402868588,32.0,38.0,6403.032172003971,21.0,184904.32509861933,0.03636363636363637,8.0,10.0,11.0
11,C26,SKU49,56.0,2.0,251.64271769390004,61.0,32.0,6540.143229616857,32.0,2668.5709688252655,293.6564332221108,15.0,15.0,1795.5619315160645,9.0,71000.47885464548,262.88028893487916,28.0,32.0,3104.2376143523725,15.0,137443.772888904,253.5660402868588,32.0,38.0,5392.065726760854,22.0,172175.24673959962,0.03636363636363637,6.0,8.0,13.0
11,C26,SKU49,56.0,2.0,251.64271769390004,61.0,32.0,6540.143229616857,32.0,2668.5709688252655,293.6564332221108,15.0,15.0,1795.5619315160645,9.0,71000.47885464548,262.88028893487916,28.0,32.0,3104.2376143523725,15.0,137443.772888904,253.5660402868588,32.0,38.0,5392.065726760854,22.0,172175.24673959962,0.03636363636363637,6.0,8.0,13.0
11,C26,SKU26,14.0,1.0,256.355600049575,61.0,32.0,6540.143229616857,32.0,2800.9686683264476,293.6564332221108,15.0,15.0,1878.8963415535886,9.0,64309.306756835016,262.88028893487916,28.0,32.0,4362.126765130159,19.0,134425.20039296348,253.5660402868588,32.0,38.0,5671.0460414333365,24.0,169326.71391872526,0.03636363636363637,4.0,7.0,11.0
11,C26,SKU45,14.0,3.0,209.55940540229997,61.0,32.0,6540.143229616857,32.0,2521.432797693632,293.6564332221108,15.0,15.0,2225.67694976665,7.0,71000.47885464548,262.88028893487916,28.0,32.0,4352.962589053176,15.0,137443.772888904,253.5660402868588,32.0,38.0,5057.5910904026705,18.0,172175.24673959962,0.03636363636363637,6.0,9.0,11.0
11,C26,SKU45,14.0,3.0,209.55940540229997,61.0,32.0,6540.143229616857,32.0,2521.432797693632,293.6564332221108,15.0,15.0,2225.67694976665,7.0,71000.47885464548,262.88028893487916,28.0,32.0,4352.962589053176,15.0,137443.772888904,253.5660402868588,32.0,38.0,5057.5910904026705,18.0,172175.24673959962,0.03636363636363637,6.0,9.0,11.0
11,C26,SKU45,14.0,3.0,209.55940540229997,61.0,32.0,6540.143229616857,32.0,2521.432797693632,293.6564332221108,15.0,15.0,2225.67694976665,7.0,71000.47885464548,262.88028893487916,28.0,32.0,4352.962589053176,15.0,137443.772888904,253.5660402868588,32.0,38.0,5057.5910904026705,18.0,172175.24673959962,0.03636363636363637,6.0,9.0,11.0
11,C26,SKU83,70.0,1.0,165.37861031581977,61.0,32.0,6540.143229616857,32.0,3072.6560393162713,293.6564332221108,15.0,15.0,1745.4084827186693,5.0,64309.306756835016,262.88028893487916,28.0,32.0,6022.622707175466,19.0,134425.20039296348,253.5660402868588,32.0,38.0,7061.109254625385,23.0,169326.71391872526,0.03636363636363637,1.0,10.0,11.0
11,C26,SKU24,35.0,1.0,457.8621974196662,61.0,32.0,6540.143229616857,32.0,3871.543909906956,293.6564332221108,15.0,15.0,286.69854835136766,3.0,72290.49237417508,262.88028893487916,28.0,32.0,4430.1278243402,16.0,148491.51822589754,253.5660402868588,32.0,38.0,5900.984207625734,21.0,184904.32509861933,0.03636363636363637,0.0,7.0,11.0
11,C26,SKU99,28.0,1.0,123.06506920831998,61.0,32.0,6540.143229616857,32.0,2116.9755622507078,293.6564332221108,15.0,15.0,2063.456357418281,10.0,72290.49237417508,262.88028893487916,28.0,32.0,3861.6408359712746,19.0,148491.51822589754,253.5660402868588,32.0,38.0,5112.221920080666,24.0,184904.32509861933,0.03636363636363637,7.0,13.0,17.0
11,C26,SKU93,35.0,1.0,63.400442560228335,61.0,32.0,6540.143229616857,32.0,2464.471171704367,293.6564332221108,15.0,15.0,3771.2980526762162,14.0,64309.306756835016,262.88028893487916,28.0,32.0,5963.945464659581,23.0,134425.20039296348,253.5660402868588,32.0,38.0,7243.474701731236,28.0,169326.71391872526,0.03636363636363637,8.0,10.0,14.0
11,C26,SKU77,70.0,1.0,74.42093172479805,61.0,32.0,6540.143229616857,32.0,2915.234266854536,293.6564332221108,15.0,15.0,1969.5849943511034,6.0,64309.306756835016,262.88028893487916,28.0,32.0,6020.897732327896,20.0,134425.20039296348,253.5660402868588,32.0,38.0,7074.900189336561,24.0,169326.71391872526,0.03636363636363637,4.0,11.0,12.0
11,C26,SKU44,28.0,1.0,110.15727798523982,61.0,32.0,6540.143229616857,32.0,1286.5556691419476,293.6564332221108,15.0,15.0,3375.707094179786,14.0,72290.49237417508,262.88028893487916,28.0,32.0,3709.5889620045978,17.0,148491.51822589754,253.5660402868588,32.0,38.0,3975.385161577007,18.0,184904.32509861933,0.03636363636363637,7.0,8.0,8.0
11,C26,SKU53,14.0,1.0,358.5978867460039,61.0,32.0,6540.143229616857,32.0,3977.09002432701,293.6564332221108,15.0,15.0,2994.1997658245277,11.0,64309.306756835016,262.88028893487916,28.0,32.0,6146.443756492574,20.0,134425.20039296348,253.5660402868588,32.0,38.0,7552.643426786867,26.0,169326.71391872526,0.03636363636363637,7.0,10.0,12.0
11,C26,SKU81,42.0,2.0,321.00435003331637,61.0,32.0,6540.143229616857,32.0,2283.217610935724,293.6564332221108,15.0,15.0,884.0878153107776,7.0,64309.306756835016,262.88028893487916,28.0,32.0,3594.4891330396335,17.0,134425.20039296348,253.5660402868588,32.0,38.0,5080.177260453762,21.0,169326.71391872526,0.03636363636363637,4.0,13.0,16.0
11,C26,SKU81,42.0,2.0,321.00435003331637,61.0,32.0,6540.143229616857,32.0,2283.217610935724,293.6564332221108,15.0,15.0,884.0878153107776,7.0,64309.306756835016,262.88028893487916,28.0,32.0,3594.4891330396335,17.0,134425.20039296348,253.5660402868588,32.0,38.0,5080.177260453762,21.0,169326.71391872526,0.03636363636363637,4.0,13.0,16.0
11,C26,SKU91,21.0,2.0,449.9243009745835,61.0,32.0,6540.143229616857,32.0,3158.508464711266,293.6564332221108,15.0,15.0,2984.7942397263446,12.0,71000.47885464548,262.88028893487916,28.0,32.0,5467.293917927763,21.0,137443.772888904,253.5660402868588,32.0,38.0,6199.939367149383,24.0,172175.24673959962,0.03636363636363637,4.0,7.0,10.0
11,C26,SKU91,21.0,2.0,449.9243009745835,61.0,32.0,6540.143229616857,32.0,3158.508464711266,293.6564332221108,15.0,15.0,2984.7942397263446,12.0,71000.47885464548,262.88028893487916,28.0,32.0,5467.293917927763,21.0,137443.772888904,253.5660402868588,32.0,38.0,6199.939367149383,24.0,172175.24673959962,0.03636363636363637,4.0,7.0,10.0
11,C26,SKU30,,,,,,,,,,,,,,,,,,,,,,,,,,,,,,
11,C26,SKU98,,,,,,,,,,,,,,,,,,,,,,,,,,,,,,
11,C26,SKU56,42.0,1.0,286.3735255292846,61.0,32.0,6540.143229616857,32.0,2132.839872081411,293.6564332221108,15.0,15.0,1545.754829674268,6.0,64309.306756835016,262.88028893487916,28.0,32.0,3270.798830899707,18.0,134425.20039296348,253.5660402868588,32.0,38.0,3695.2568467426813,19.0,169326.71391872526,0.03636363636363637,3.0,10.0,11.0
11,C26,SKU8,35.0,1.0,346.4980487468091,61.0,32.0,6540.143229616857,32.0,1875.1871237634857,293.6564332221108,15.0,15.0,1356.43606397429,5.0,72290.49237417508,262.88028893487916,28.0,32.0,6079.582298352658,20.0,148491.51822589754,253.5660402868588,32.0,38.0,6774.285148584067,23.0,184904.32509861933,0.03636363636363637,4.0,12.0,13.0
11,C26,SKU4,35.0,1.0,11.578668569795573,61.0,32.0,6540.143229616857,32.0,3013.2949312316678,293.6564332221108,15.0,15.0,2655.6484127428835,8.0,71000.47885464548,262.88028893487916,28.0,32.0,4052.347400421194,16.0,137443.772888904,253.5660402868588,32.0,38.0,5206.213575325947,19.0,172175.24673959962,0.03636363636363637,3.0,8.0,9.0
11,C26,SKU88,70.0,1.0,221.9366809570396,61.0,32.0,6540.143229616857,32.0,2551.1637437636923,293.6564332221108,15.0,15.0,1549.9771923844714,4.0,71000.47885464548,262.88028893487916,28.0,32.0,3243.4660066444285,11.0,137443.772888904,253.5660402868588,32.0,38.0,5244.437165998218,18.0,172175.24673959962,0.03636363636363637,2.0,4.0,8.0
11,C26,SKU54,28.0,1.0,415.7727118071786,61.0,32.0,6540.143229616857,32.0,1392.3578873885974,293.6564332221108,15.0,15.0,1609.6467143000414,7.0,72290.49237417508,262.88028893487916,28.0,32.0,2606.8102918522354,11.0,148491.51822589754,253.5660402868588,32.0,38.0,3631.498343241021,15.0,184904.32509861933,0.03636363636363637,5.0,8.0,10.0
11,C26,SKU80,56.0,1.0,165.8922078273808,61.0,32.0,6540.143229616857,32.0,2604.7048310487007,293.6564332221108,15.0,15.0,2146.07442467616,7.0,64309.306756835016,262.88028893487916,28.0,32.0,4759.000777469969,17.0,134425.20039296348,253.5660402868588,32.0,38.0,5848.340218353709,22.0,169326.71391872526,0.03636363636363637,3.0,8.0,10.0
11,C26,SKU14,7.0,1.0,332.2897884536583,61.0,32.0,6540.143229616857,32.0,1700.2406422027489,293.6564332221108,15.0,15.0,1952.9631937687732,9.0,71000.47885464548,262.88028893487916,28.0,32.0,5123.321333769345,20.0,137443.772888904,253.5660402868588,32.0,38.0,6176.511444700864,26.0,172175.24673959962,0.03636363636363637,7.0,13.0,18.0
11,C26,SKU72,63.0,1.0,171.98768521467886,61.0,32.0,6540.143229616857,32.0,3018.2863524980753,293.6564332221108,15.0,15.0,2143.854582708852,7.0,64309.306756835016,262.88028893487916,28.0,32.0,4863.608727258521,18.0,134425.20039296348,253.5660402868588,32.0,38.0,6002.861555273883,22.0,169326.71391872526,0.03636363636363637,4.0,12.0,16.0
11,C26,SKU6,42.0,1.0,307.0426290277289,61.0,32.0,6540.143229616857,32.0,1381.6276825159036,293.6564332221108,15.0,15.0,1718.2138115896896,5.0,64309.306756835016,262.88028893487916,28.0,32.0,3444.5401016023407,13.0,134425.20039296348,253.5660402868588,32.0,38.0,3930.0555283698873,16.0,169326.71391872526,0.03636363636363637,3.0,6.0,8.0
11,C26,SKU67,,,,,,,,,,,,,,,,,,,,,,,,,,,,,,
11,C26,SKU58,21.0,1.0,265.0189449680211,61.0,32.0,6540.143229616857,32.0,2428.364439028346,293.6564332221108,15.0,15.0,1297.7898246030197,8.0,72290.49237417508,262.88028893487916,28.0,32.0,3175.459193108213,16.0,148491.51822589754,253.5660402868588,32.0,38.0,4854.18394342602,23.0,184904.32509861933,0.03636363636363637,4.0,8.0,11.0
11,C26,SKU17,7.0,1.0,370.67938604091427,61.0,32.0,6540.143229616857,32.0,2642.1055688046877,293.6564332221108,15.0,15.0,1099.92123122253,4.0,72290.49237417508,262.88028893487916,28.0,32.0,6046.566669899512,20.0,148491.51822589754,253.5660402868588,32.0,38.0,7723.295835124876,24.0,184904.32509861933,0.03636363636363637,2.0,8.0,10.0
11,C26,SKU76,56.0,1.0,329.4892313375703,61.0,32.0,6540.143229616857,32.0,2637.59123784951,293.6564332221108,15.0,15.0,2408.515227882009,11.0,71000.47885464548,262.88028893487916,28.0,32.0,4641.153927856552,19.0,137443.772888904,253.5660402868588,32.0,38.0,5347.188208957184,22.0,172175.24673959962,0.03636363636363637,3.0,10.0,10.0
11,C26,SKU55,21.0,1.0,381.6552461662456,61.0,32.0,6540.143229616857,32.0,1785.074221313132,293.6564332221108,15.0,15.0,1998.897600122124,7.0,64309.306756835016,262.88028893487916,28.0,32.0,3587.397886299588,12.0,134425.20039296348,253.5660402868588,32.0,38.0,4503.739931530498,16.0,169326.71391872526,0.03636363636363637,5.0,6.0,8.0
11,C26,SKU5,49.0,1.0,231.89508700567603,61.0,32.0,6540.143229616857,32.0,4037.9799364658056,293.6564332221108,15.0,15.0,2752.7115105281678,9.0,72290.49237417508,262.88028893487916,28.0,32.0,7156.4594080845045,24.0,148491.51822589754,253.5660402868588,32.0,38.0,8513.080158022674,29.0,184904.32509861933,0.03636363636363637,4.0,14.0,17.0
11,C26,SKU13,21.0,1.0,217.3576273342483,61.0,32.0,6540.143229616857,32.0,2622.2735648767484,293.6564332221108,15.0,15.0,2639.5557162582354,9.0,72290.49237417508,262.88028893487916,28.0,32.0,4043.166248554249,14.0,148491.51822589754,253.5660402868588,32.0,38.0,6020.244724995739,19.0,184904.32509861933,0.03636363636363637,8.0,11.0,13.0
11,C26,SKU22,,,,,,,,,,,,,,,,,,,,,,,,,,,,,,
11,C26,SKU59,56.0,1.0,126.14087886468435,61.0,32.0,6540.143229616857,32.0,841.2306552485313,293.6564332221108,15.0,15.0,495.6727845513598,3.0,72290.49237417508,262.88028893487916,28.0,32.0,2020.2083700771911,9.0,148491.51822589754,253.5660402868588,32.0,38.0,3141.0112032649795,12.0,184904.32509861933,0.03636363636363637,2.0,5.0,8.0
11,C26,SKU2,14.0,1.0,261.9626621598823,61.0,32.0,6540.143229616857,32.0,1552.299818017192,293.6564332221108,15.0,15.0,903.8945157772882,5.0,72290.49237417508,262.88028893487916,28.0,32.0,3056.9354831768433,13.0,148491.51822589754,253.5660402868588,32.0,38.0,3804.496357605421,16.0,184904.32509861933,0.03636363636363637,4.0,8.0,9.0
11,C26,SKU61,42.0,2.0,231.56855488829413,61.0,32.0,6540.143229616857,32.0,2099.688100255211,293.6564332221108,15.0,15.0,1023.1745756884936,5.0,64309.306756835016,262.88028893487916,28.0,32.0,2996.4024557418907,13.0,134425.20039296348,253.5660402868588,32.0,38.0,4420.266454509291,18.0,169326.71391872526,0.03636363636363637,5.0,10.0,12.0
11,C26,SKU61,42.0,2.0,231.56855488829413,61.0,32.0,6540.143229616857,32.0,2099.688100255211,293.6564332221108,15.0,15.0,1023.1745756884936,5.0,64309.306756835016,262.88028893487916,28.0,32.0,2996.4024557418907,13.0,134425.20039296348,253.5660402868588,32.0,38.0,4420.266454509291,18.0,169326.71391872526,0.03636363636363637,5.0,10.0,12.0
11,C27,SKU94,,,,,,,,,,,,,,,,,,,,,,,,,,,,,,
11,C27,SKU36,14.0,1.0,397.6574963978929,50.0,4.0,815.6488812494061,31.0,1128.3386916367908,311.6148903268173,15.0,16.0,2098.4499335866844,9.0,71000.47885464548,291.8678145573049,25.0,29.0,4085.6246541863675,16.0,137443.772888904,275.9263262995989,31.0,37.0,5006.714238376788,21.0,172175.24673959962,0.22083333333333327,4.0,6.0,9.0
11,C27,SKU35,14.0,1.0,216.76948920755575,50.0,4.0,815.6488812494061,31.0,1893.313663274263,311.6148903268173,15.0,16.0,2754.1797051098306,13.0,71000.47885464548,291.8678145573049,25.0,29.0,4134.082406545251,18.0,137443.772888904,275.9263262995989,31.0,37.0,5605.79976774534,22.0,172175.24673959962,0.22083333333333327,7.0,10.0,10.0
11,C27,SKU49,70.0,1.0,228.05139385987587,50.0,4.0,815.6488812494061,31.0,2668.5709688252655,311.6148903268173,15.0,16.0,1795.5619315160645,9.0,71000.47885464548,291.8678145573049,25.0,29.0,3104.2376143523725,15.0,137443.772888904,275.9263262995989,31.0,37.0,5392.065726760854,22.0,172175.24673959962,0.22083333333333327,6.0,8.0,13.0
11,C27,SKU24,,,,,,,,,,,,,,,,,,,,,,,,,,,,,,
11,C27,SKU99,21.0,2.0,193.67876605679635,50.0,4.0,815.6488812494061,31.0,2116.9755622507078,311.6148903268173,15.0,16.0,2063.456357418281,10.0,72290.49237417508,291.8678145573049,25.0,29.0,3861.6408359712746,19.0,148491.51822589754,275.9263262995989,31.0,37.0,5112.221920080666,24.0,184904.32509861933,0.22083333333333327,7.0,13.0,17.0
11,C27,SKU99,21.0,2.0,193.67876605679635,50.0,4.0,815.6488812494061,31.0,2116.9755622507078,311.6148903268173,15.0,16.0,2063.456357418281,10.0,72290.49237417508,291.8678145573049,25.0,29.0,3861.6408359712746,19.0,148491.51822589754,275.9263262995989,31.0,37.0,5112.221920080666,24.0,184904.32509861933,0.22083333333333327,7.0,13.0,17.0
11,C27,SKU93,63.0,1.0,408.5544548438213,50.0,4.0,815.6488812494061,31.0,2464.471171704367,311.6148903268173,15.0,16.0,3771.2980526762162,14.0,64309.306756835016,291.8678145573049,25.0,29.0,5963.945464659581,23.0,134425.20039296348,275.9263262995989,31.0,37.0,7243.474701731236,28.0,169326.71391872526,0.22083333333333327,8.0,10.0,14.0
11,C27,SKU78,42.0,1.0,313.3750198703132,50.0,4.0,815.6488812494061,31.0,3642.609496256943,311.6148903268173,15.0,16.0,1554.1710557580261,9.0,64309.306756835016,291.8678145573049,25.0,29.0,4150.523764079384,19.0,134425.20039296348,275.9263262995989,31.0,37.0,5149.05149684041,23.0,169326.71391872526,0.22083333333333327,6.0,11.0,12.0
11,C27,SKU12,14.0,2.0,129.6536421514175,50.0,4.0,815.6488812494061,31.0,1476.895792556513,311.6148903268173,15.0,16.0,2521.395030978758,9.0,64309.306756835016,291.8678145573049,25.0,29.0,3695.688159793338,13.0,134425.20039296348,275.9263262995989,31.0,37.0,4205.119040348188,15.0,169326.71391872526,0.22083333333333327,3.0,5.0,5.0
11,C27,SKU12,14.0,2.0,129.6536421514175,50.0,4.0,815.6488812494061,31.0,1476.895792556513,311.6148903268173,15.0,16.0,2521.395030978758,9.0,64309.306756835016,291.8678145573049,25.0,29.0,3695.688159793338,13.0,134425.20039296348,275.9263262995989,31.0,37.0,4205.119040348188,15.0,169326.71391872526,0.22083333333333327,3.0,5.0,5.0
11,C27,SKU65,21.0,1.0,459.3648323544917,50.0,4.0,815.6488812494061,31.0,2069.870294524778,311.6148903268173,15.0,16.0,1926.4022658393026,7.0,64309.306756835016,291.8678145573049,25.0,29.0,2847.126109998277,11.0,134425.20039296348,275.9263262995989,31.0,37.0,4812.507686816041,16.0,169326.71391872526,0.22083333333333327,3.0,4.0,5.0
11,C27,SKU77,14.0,1.0,457.3973834709056,50.0,4.0,815.6488812494061,31.0,2915.234266854536,311.6148903268173,15.0,16.0,1969.5849943511034,6.0,64309.306756835016,291.8678145573049,25.0,29.0,6020.897732327896,20.0,134425.20039296348,275.9263262995989,31.0,37.0,7074.900189336561,24.0,169326.71391872526,0.22083333333333327,4.0,11.0,12.0
11,C27,SKU90,14.0,1.0,346.3487438597696,50.0,4.0,815.6488812494061,31.0,3680.1183033290145,311.6148903268173,15.0,16.0,4395.3248693451,13.0,71000.47885464548,291.8678145573049,25.0,29.0,6125.165358255388,20.0,137443.772888904,275.9263262995989,31.0,37.0,7179.063293597827,23.0,172175.24673959962,0.22083333333333327,7.0,9.0,11.0
11,C27,SKU60,56.0,1.0,489.1821815406381,50.0,4.0,815.6488812494061,31.0,2392.1984382967407,311.6148903268173,15.0,16.0,1791.5378940569078,6.0,71000.47885464548,291.8678145573049,25.0,29.0,4922.461327065566,16.0,137443.772888904,275.9263262995989,31.0,37.0,5049.12612134024,17.0,172175.24673959962,0.22083333333333327,4.0,11.0,12.0
11,C27,SKU73,21.0,1.0,169.85514256932555,50.0,4.0,815.6488812494061,31.0,1600.6386856968245,311.6148903268173,15.0,16.0,2144.6610779968128,9.0,64309.306756835016,291.8678145573049,25.0,29.0,4922.04230623544,18.0,134425.20039296348,275.9263262995989,31.0,37.0,6172.422473412418,22.0,169326.71391872526,0.22083333333333327,6.0,12.0,13.0
11,C27,SKU34,21.0,1.0,438.340793646206,50.0,4.0,815.6488812494061,31.0,2190.9614076156327,311.6148903268173,15.0,16.0,3705.418135522522,14.0,71000.47885464548,291.8678145573049,25.0,29.0,6259.775782633862,23.0,137443.772888904,275.9263262995989,31.0,37.0,7435.249755115927,26.0,172175.24673959962,0.22083333333333327,11.0,15.0,17.0
11,C27,SKU53,,,,,,,,,,,,,,,,,,,,,,,,,,,,,,
11,C27,SKU30,42.0,1.0,464.77680354214937,50.0,4.0,815.6488812494061,31.0,3711.786557467801,311.6148903268173,15.0,16.0,3297.6177659457226,9.0,64309.306756835016,291.8678145573049,25.0,29.0,5966.215162100634,19.0,134425.20039296348,275.9263262995989,31.0,37.0,7394.873152362657,26.0,169326.71391872526,0.22083333333333327,3.0,12.0,17.0
11,C27,SKU68,21.0,2.0,429.0024909594869,50.0,4.0,815.6488812494061,31.0,3586.185674528488,311.6148903268173,15.0,16.0,3757.0945615131045,10.0,72290.49237417508,291.8678145573049,25.0,29.0,6486.586612668207,19.0,148491.51822589754,275.9263262995989,31.0,37.0,6767.085248268148,21.0,184904.32509861933,0.22083333333333327,5.0,11.0,12.0
11,C27,SKU68,21.0,2.0,429.0024909594869,50.0,4.0,815.6488812494061,31.0,3586.185674528488,311.6148903268173,15.0,16.0,3757.0945615131045,10.0,72290.49237417508,291.8678145573049,25.0,29.0,6486.586612668207,19.0,148491.51822589754,275.9263262995989,31.0,37.0,6767.085248268148,21.0,184904.32509861933,0.22083333333333327,5.0,11.0,12.0
11,C27,SKU8,42.0,1.0,87.30136591125884,50.0,4.0,815.6488812494061,31.0,1875.1871237634857,311.6148903268173,15.0,16.0,1356.43606397429,5.0,72290.49237417508,291.8678145573049,25.0,29.0,6079.582298352658,20.0,148491.51822589754,275.9263262995989,31.0,37.0,6774.285148584067,23.0,184904.32509861933,0.22083333333333327,4.0,12.0,13.0
11,C27,SKU84,35.0,1.0,228.6097009404772,50.0,4.0,815.6488812494061,31.0,3598.27359660886,311.6148903268173,15.0,16.0,2347.7386034283104,7.0,71000.47885464548,291.8678145573049,25.0,29.0,4926.045037747026,16.0,137443.772888904,275.9263262995989,31.0,37.0,5976.75994258024,20.0,172175.24673959962,0.22083333333333327,5.0,10.0,13.0
11,C27,SKU80,35.0,1.0,324.8140701674863,50.0,4.0,815.6488812494061,31.0,2604.7048310487007,311.6148903268173,15.0,16.0,2146.07442467616,7.0,64309.306756835016,291.8678145573049,25.0,29.0,4759.000777469969,17.0,134425.20039296348,275.9263262995989,31.0,37.0,5848.340218353709,22.0,169326.71391872526,0.22083333333333327,3.0,8.0,10.0
11,C27,SKU100,35.0,1.0,214.65842157115836,50.0,4.0,815.6488812494061,31.0,2481.3830967136573,311.6148903268173,15.0,16.0,2673.953826709808,9.0,72290.49237417508,291.8678145573049,25.0,29.0,4985.751239140065,20.0,148491.51822589754,275.9263262995989,31.0,37.0,6311.3762452218325,24.0,184904.32509861933,0.22083333333333327,3.0,8.0,11.0
11,C27,SKU87,,,,,,,,,,,,,,,,,,,,,,,,,,,,,,
11,C27,SKU23,70.0,1.0,206.0899554362804,50.0,4.0,815.6488812494061,31.0,2529.226035705933,311.6148903268173,15.0,16.0,2634.4380931227643,10.0,71000.47885464548,291.8678145573049,25.0,29.0,4401.380339195599,16.0,137443.772888904,275.9263262995989,31.0,37.0,5978.508943032263,23.0,172175.24673959962,0.22083333333333327,5.0,8.0,10.0
11,C27,SKU38,70.0,1.0,133.02163017043193,50.0,4.0,815.6488812494061,31.0,3688.49053974194,311.6148903268173,15.0,16.0,2761.0560156102297,11.0,72290.49237417508,291.8678145573049,25.0,29.0,5745.3779223572765,22.0,148491.51822589754,275.9263262995989,31.0,37.0,7883.80530397241,28.0,184904.32509861933,0.22083333333333327,6.0,10.0,14.0
11,C27,SKU95,56.0,1.0,130.98470446256565,50.0,4.0,815.6488812494061,31.0,702.0450223927461,311.6148903268173,15.0,16.0,1881.0495206651105,8.0,64309.306756835016,291.8678145573049,25.0,29.0,4188.04017562578,16.0,134425.20039296348,275.9263262995989,31.0,37.0,4265.538178432196,17.0,169326.71391872526,0.22083333333333327,6.0,11.0,12.0
11,C27,SKU55,7.0,2.0,191.38727609104407,50.0,4.0,815.6488812494061,31.0,1785.074221313132,311.6148903268173,15.0,16.0,1998.897600122124,7.0,64309.306756835016,291.8678145573049,25.0,29.0,3587.397886299588,12.0,134425.20039296348,275.9263262995989,31.0,37.0,4503.739931530498,16.0,169326.71391872526,0.22083333333333327,5.0,6.0,8.0
11,C27,SKU55,7.0,2.0,191.38727609104407,50.0,4.0,815.6488812494061,31.0,1785.074221313132,311.6148903268173,15.0,16.0,1998.897600122124,7.0,64309.306756835016,291.8678145573049,25.0,29.0,3587.397886299588,12.0,134425.20039296348,275.9263262995989,31.0,37.0,4503.739931530498,16.0,169326.71391872526,0.22083333333333327,5.0,6.0,8.0
11,C27,SKU5,49.0,1.0,478.2159248305097,50.0,4.0,815.6488812494061,31.0,4037.9799364658056,311.6148903268173,15.0,16.0,2752.7115105281678,9.0,72290.49237417508,291.8678145573049,25.0,29.0,7156.4594080845045,24.0,148491.51822589754,275.9263262995989,31.0,37.0,8513.080158022674,29.0,184904.32509861933,0.22083333333333327,4.0,14.0,17.0
11,C27,SKU57,63.0,1.0,329.5400746968747,50.0,4.0,815.6488812494061,31.0,2115.78636749953,311.6148903268173,15.0,16.0,2481.3321993654963,12.0,71000.47885464548,291.8678145573049,25.0,29.0,5034.701407276938,22.0,137443.772888904,275.9263262995989,31.0,37.0,6199.929816035148,26.0,172175.24673959962,0.22083333333333327,7.0,14.0,16.0
11,C27,SKU43,21.0,2.0,238.7868063898174,50.0,4.0,815.6488812494061,31.0,2029.372523564884,311.6148903268173,15.0,16.0,1168.0650395391517,5.0,72290.49237417508,291.8678145573049,25.0,29.0,3446.6599790396226,14.0,148491.51822589754,275.9263262995989,31.0,37.0,4562.116205894099,18.0,184904.32509861933,0.22083333333333327,4.0,10.0,10.0
11,C27,SKU43,21.0,2.0,238.7868063898174,50.0,4.0,815.6488812494061,31.0,2029.372523564884,311.6148903268173,15.0,16.0,1168.0650395391517,5.0,72290.49237417508,291.8678145573049,25.0,29.0,3446.6599790396226,14.0,148491.51822589754,275.9263262995989,31.0,37.0,4562.116205894099,18.0,184904.32509861933,0.22083333333333327,4.0,10.0,10.0
11,C27,SKU71,,,,,,,,,,,,,,,,,,,,,,,,,,,,,,
11,C27,SKU89,14.0,1.0,499.65840630934315,50.0,4.0,815.6488812494061,31.0,3580.937800003732,311.6148903268173,15.0,16.0,2711.515344539416,8.0,72290.49237417508,291.8678145573049,25.0,29.0,4952.93249102111,17.0,148491.51822589754,275.9263262995989,31.0,37.0,5669.163547128538,19.0,184904.32509861933,0.22083333333333327,6.0,11.0,13.0
11,C27,SKU66,7.0,1.0,201.82683987382413,50.0,4.0,815.6488812494061,31.0,1264.0725862483225,311.6148903268173,15.0,16.0,2782.60833972082,11.0,71000.47885464548,291.8678145573049,25.0,29.0,4217.844243944581,18.0,137443.772888904,275.9263262995989,31.0,37.0,4755.902905153972,20.0,172175.24673959962,0.22083333333333327,3.0,5.0,6.0
11,C27,SKU85,,,,,,,,,,,,,,,,,,,,,,,,,,,,,,
11,C27,SKU79,63.0,1.0,21.76377173587027,50.0,4.0,815.6488812494061,31.0,2114.1325580165408,311.6148903268173,15.0,16.0,3067.2727070094,9.0,64309.306756835016,291.8678145573049,25.0,29.0,5685.419533093278,19.0,134425.20039296348,275.9263262995989,31.0,37.0,6392.592072969643,23.0,169326.71391872526,0.22083333333333327,5.0,11.0,13.0
11,C27,SKU11,14.0,2.0,267.47801623441427,50.0,4.0,815.6488812494061,31.0,2549.992204157295,311.6148903268173,15.0,16.0,1306.338850366108,8.0,71000.47885464548,291.8678145573049,25.0,29.0,2550.8480591644948,13.0,137443.772888904,275.9263262995989,31.0,37.0,4121.535060767028,18.0,172175.24673959962,0.22083333333333327,4.0,5.0,7.0
11,C27,SKU11,14.0,2.0,267.47801623441427,50.0,4.0,815.6488812494061,31.0,2549.992204157295,311.6148903268173,15.0,16.0,1306.338850366108,8.0,71000.47885464548,291.8678145573049,25.0,29.0,2550.8480591644948,13.0,137443.772888904,275.9263262995989,31.0,37.0,4121.535060767028,18.0,172175.24673959962,0.22083333333333327,4.0,5.0,7.0
11,C27,SKU9,42.0,1.0,63.14147605017986,50.0,4.0,815.6488812494061,31.0,2578.9032756017787,311.6148903268173,15.0,16.0,656.8016608132668,3.0,72290.49237417508,291.8678145573049,25.0,29.0,3547.4614779361054,16.0,148491.51822589754,275.9263262995989,31.0,37.0,4567.6472624663165,20.0,184904.32509861933,0.22083333333333327,3.0,11.0,15.0
11,C28,SKU94,,,,,,,,,,,,,,,,,,,,,,,,,,,,,,
11,C28,SKU70,56.0,1.0,142.19095041415065,75.0,18.0,3899.345076029676,23.0,2591.9024941911803,332.2018479388814,7.0,7.0,4480.1417984573545,14.0,72290.49237417508,261.1099469010873,20.0,21.0,6010.096024175712,20.0,148491.51822589754,265.1138578338795,23.0,27.0,6403.032172003971,21.0,184904.32509861933,-0.15882352941176472,8.0,10.0,11.0
11,C28,SKU69,14.0,1.0,58.4995277096251,75.0,18.0,3899.345076029676,23.0,2130.8667637584076,332.2018479388814,7.0,7.0,2035.2711131866931,7.0,64309.306756835016,261.1099469010873,20.0,21.0,4689.680921989357,15.0,134425.20039296348,265.1138578338795,23.0,27.0,6440.272283329844,22.0,169326.71391872526,-0.15882352941176472,3.0,4.0,7.0
11,C28,SKU19,,,,,,,,,,,,,,,,,,,,,,,,,,,,,,
11,C28,SKU24,,,,,,,,,,,,,,,,,,,,,,,,,,,,,,
11,C28,SKU31,28.0,3.0,217.56632266327503,75.0,18.0,3899.345076029676,23.0,2968.0074830757503,332.2018479388814,7.0,7.0,2588.410931651886,10.0,72290.49237417508,261.1099469010873,20.0,21.0,5665.229170095801,21.0,148491.51822589754,265.1138578338795,23.0,27.0,5817.221087898065,22.0,184904.32509861933,-0.15882352941176472,7.0,16.0,17.0
11,C28,SKU31,28.0,3.0,217.56632266327503,75.0,18.0,3899.345076029676,23.0,2968.0074830757503,332.2018479388814,7.0,7.0,2588.410931651886,10.0,72290.49237417508,261.1099469010873,20.0,21.0,5665.229170095801,21.0,148491.51822589754,265.1138578338795,23.0,27.0,5817.221087898065,22.0,184904.32509861933,-0.15882352941176472,7.0,16.0,17.0
11,C28,SKU31,28.0,3.0,217.56632266327503,75.0,18.0,3899.345076029676,23.0,2968.0074830757503,332.2018479388814,7.0,7.0,2588.410931651886,10.0,72290.49237417508,261.1099469010873,20.0,21.0,5665.229170095801,21.0,148491.51822589754,265.1138578338795,23.0,27.0,5817.221087898065,22.0,184904.32509861933,-0.15882352941176472,7.0,16.0,17.0
11,C28,SKU78,42.0,1.0,395.10631882371996,75.0,18.0,3899.345076029676,23.0,3642.609496256943,332.2018479388814,7.0,7.0,1554.1710557580261,9.0,64309.306756835016,261.1099469010873,20.0,21.0,4150.523764079384,19.0,134425.20039296348,265.1138578338795,23.0,27.0,5149.05149684041,23.0,169326.71391872526,-0.15882352941176472,6.0,11.0,12.0
11,C28,SKU97,42.0,1.0,132.61173238354604,75.0,18.0,3899.345076029676,23.0,1341.6340003829177,332.2018479388814,7.0,7.0,1680.6880253238674,9.0,72290.49237417508,261.1099469010873,20.0,21.0,3408.703085968549,18.0,148491.51822589754,265.1138578338795,23.0,27.0,4105.349745126161,20.0,184904.32509861933,-0.15882352941176472,4.0,9.0,11.0
11,C28,SKU63,49.0,1.0,128.27887967656008,75.0,18.0,3899.345076029676,23.0,2963.0440804812574,332.2018479388814,7.0,7.0,3844.564732690659,10.0,72290.49237417508,261.1099469010873,20.0,21.0,6449.086660364468,19.0,148491.51822589754,265.1138578338795,23.0,27.0,8086.425774464821,25.0,184904.32509861933,-0.15882352941176472,3.0,8.0,13.0
11,C28,SKU65,,,,,,,,,,,,,,,,,,,,,,,,,,,,,,
11,C28,SKU90,63.0,1.0,389.36046398495324,75.0,18.0,3899.345076029676,23.0,3680.1183033290145,332.2018479388814,7.0,7.0,4395.3248693451,13.0,71000.47885464548,261.1099469010873,20.0,21.0,6125.165358255388,20.0,137443.772888904,265.1138578338795,23.0,27.0,7179.063293597827,23.0,172175.24673959962,-0.15882352941176472,7.0,9.0,11.0
11,C28,SKU60,63.0,1.0,126.66479427467449,75.0,18.0,3899.345076029676,23.0,2392.1984382967407,332.2018479388814,7.0,7.0,1791.5378940569078,6.0,71000.47885464548,261.1099469010873,20.0,21.0,4922.461327065566,16.0,137443.772888904,265.1138578338795,23.0,27.0,5049.12612134024,17.0,172175.24673959962,-0.15882352941176472,4.0,11.0,12.0
11,C28,SKU21,35.0,1.0,25.63257167739205,75.0,18.0,3899.345076029676,23.0,1615.9110381919827,332.2018479388814,7.0,7.0,2353.590426368052,8.0,72290.49237417508,261.1099469010873,20.0,21.0,3999.2104528811406,15.0,148491.51822589754,265.1138578338795,23.0,27.0,4945.858239130029,20.0,184904.32509861933,-0.15882352941176472,6.0,12.0,15.0
11,C28,SKU53,,,,,,,,,,,,,,,,,,,,,,,,,,,,,,
11,C28,SKU15,56.0,1.0,120.74292158859362,75.0,18.0,3899.345076029676,23.0,933.7710256421153,332.2018479388814,7.0,7.0,2494.919570641518,9.0,71000.47885464548,261.1099469010873,20.0,21.0,3418.6513460945753,13.0,137443.772888904,265.1138578338795,23.0,27.0,3907.7532733767002,15.0,172175.24673959962,-0.15882352941176472,8.0,11.0,12.0
11,C28,SKU16,49.0,1.0,442.73895537017364,75.0,18.0,3899.345076029676,23.0,2114.4928116909978,332.2018479388814,7.0,7.0,1267.8749765938103,6.0,64309.306756835016,261.1099469010873,20.0,21.0,2601.462544954339,11.0,134425.20039296348,265.1138578338795,23.0,27.0,3390.803962090401,16.0,169326.71391872526,-0.15882352941176472,2.0,4.0,7.0
11,C28,SKU68,14.0,1.0,471.4062754402618,75.0,18.0,3899.345076029676,23.0,3586.185674528488,332.2018479388814,7.0,7.0,3757.0945615131045,10.0,72290.49237417508,261.1099469010873,20.0,21.0,6486.586612668207,19.0,148491.51822589754,265.1138578338795,23.0,27.0,6767.085248268148,21.0,184904.32509861933,-0.15882352941176472,5.0,11.0,12.0
11,C28,SKU91,14.0,1.0,391.7735457121853,75.0,18.0,3899.345076029676,23.0,3158.508464711266,332.2018479388814,7.0,7.0,2984.7942397263446,12.0,71000.47885464548,261.1099469010873,20.0,21.0,5467.293917927763,21.0,137443.772888904,265.1138578338795,23.0,27.0,6199.939367149383,24.0,172175.24673959962,-0.15882352941176472,4.0,7.0,10.0
11,C28,SKU30,,,,,,,,,,,,,,,,,,,,,,,,,,,,,,
11,C28,SKU56,,,,,,,,,,,,,,,,,,,,,,,,,,,,,,
11,C28,SKU54,63.0,1.0,385.97165515030736,75.0,18.0,3899.345076029676,23.0,1392.3578873885974,332.2018479388814,7.0,7.0,1609.6467143000414,7.0,72290.49237417508,261.1099469010873,20.0,21.0,2606.8102918522354,11.0,148491.51822589754,265.1138578338795,23.0,27.0,3631.498343241021,15.0,184904.32509861933,-0.15882352941176472,5.0,8.0,10.0
11,C28,SKU48,56.0,1.0,224.32702067134102,75.0,18.0,3899.345076029676,23.0,2368.132574397137,332.2018479388814,7.0,7.0,2294.3657919101456,11.0,71000.47885464548,261.1099469010873,20.0,21.0,4714.559295750083,17.0,137443.772888904,265.1138578338795,23.0,27.0,5555.479837264602,20.0,172175.24673959962,-0.15882352941176472,6.0,9.0,11.0
11,C28,SKU28,28.0,1.0,411.32199227744485,75.0,18.0,3899.345076029676,23.0,1736.0124168882357,332.2018479388814,7.0,7.0,2768.6171096267003,9.0,71000.47885464548,261.1099469010873,20.0,21.0,4081.7553652923557,14.0,137443.772888904,265.1138578338795,23.0,27.0,4723.73510150179,16.0,172175.24673959962,-0.15882352941176472,8.0,9.0,10.0
11,C28,SKU82,7.0,1.0,383.872150343866,75.0,18.0,3899.345076029676,23.0,1590.0889523739684,332.2018479388814,7.0,7.0,1052.2117338770022,4.0,64309.306756835016,261.1099469010873,20.0,21.0,2579.596678909137,11.0,134425.20039296348,265.1138578338795,23.0,27.0,3253.6048083395153,15.0,169326.71391872526,-0.15882352941176472,3.0,6.0,9.0
11,C28,SKU58,35.0,1.0,250.76509153333407,75.0,18.0,3899.345076029676,23.0,2428.364439028346,332.2018479388814,7.0,7.0,1297.7898246030197,8.0,72290.49237417508,261.1099469010873,20.0,21.0,3175.459193108213,16.0,148491.51822589754,265.1138578338795,23.0,27.0,4854.18394342602,23.0,184904.32509861933,-0.15882352941176472,4.0,8.0,11.0
11,C28,SKU38,42.0,2.0,295.23271957315205,75.0,18.0,3899.345076029676,23.0,3688.49053974194,332.2018479388814,7.0,7.0,2761.0560156102297,11.0,72290.49237417508,261.1099469010873,20.0,21.0,5745.3779223572765,22.0,148491.51822589754,265.1138578338795,23.0,27.0,7883.80530397241,28.0,184904.32509861933,-0.15882352941176472,6.0,10.0,14.0
11,C28,SKU38,42.0,2.0,295.23271957315205,75.0,18.0,3899.345076029676,23.0,3688.49053974194,332.2018479388814,7.0,7.0,2761.0560156102297,11.0,72290.49237417508,261.1099469010873,20.0,21.0,5745.3779223572765,22.0,148491.51822589754,265.1138578338795,23.0,27.0,7883.80530397241,28.0,184904.32509861933,-0.15882352941176472,6.0,10.0,14.0
11,C28,SKU95,,,,,,,,,,,,,,,,,,,,,,,,,,,,,,
11,C28,SKU5,42.0,1.0,414.3353377876475,75.0,18.0,3899.345076029676,23.0,4037.9799364658056,332.2018479388814,7.0,7.0,2752.7115105281678,9.0,72290.49237417508,261.1099469010873,20.0,21.0,7156.4594080845045,24.0,148491.51822589754,265.1138578338795,23.0,27.0,8513.080158022674,29.0,184904.32509861933,-0.15882352941176472,4.0,14.0,17.0
11,C28,SKU43,56.0,1.0,126.80588192109191,75.0,18.0,3899.345076029676,23.0,2029.372523564884,332.2018479388814,7.0,7.0,1168.0650395391517,5.0,72290.49237417508,261.1099469010873,20.0,21.0,3446.6599790396226,14.0,148491.51822589754,265.1138578338795,23.0,27.0,4562.116205894099,18.0,184904.32509861933,-0.15882352941176472,4.0,10.0,10.0
11,C28,SKU86,42.0,2.0,310.073984820355,75.0,18.0,3899.345076029676,23.0,2296.2046487199973,332.2018479388814,7.0,7.0,1623.0877239540343,7.0,64309.306756835016,261.1099469010873,20.0,21.0,3044.2798000924367,13.0,134425.20039296348,265.1138578338795,23.0,27.0,4659.285780581268,21.0,169326.71391872526,-0.15882352941176472,4.0,6.0,11.0
11,C28,SKU86,42.0,2.0,310.073984820355,75.0,18.0,3899.345076029676,23.0,2296.2046487199973,332.2018479388814,7.0,7.0,1623.0877239540343,7.0,64309.306756835016,261.1099469010873,20.0,21.0,3044.2798000924367,13.0,134425.20039296348,265.1138578338795,23.0,27.0,4659.285780581268,21.0,169326.71391872526,-0.15882352941176472,4.0,6.0,11.0
11,C28,SKU75,28.0,1.0,272.35571799703627,75.0,18.0,3899.345076029676,23.0,917.0774363048039,332.2018479388814,7.0,7.0,1970.3063744189749,8.0,64309.306756835016,261.1099469010873,20.0,21.0,2791.700373441383,11.0,134425.20039296348,265.1138578338795,23.0,27.0,3740.740571377569,15.0,169326.71391872526,-0.15882352941176472,4.0,5.0,7.0
11,C29,SKU94,,,,,,,,,,,,,,,,,,,,,,,,,,,,,,
11,C29,SKU70,42.0,1.0,20.082907232244054,82.0,39.0,6389.262232316855,31.0,2591.9024941911803,242.79392192291974,14.0,15.0,4480.1417984573545,14.0,72290.49237417508,262.20694448022726,25.0,27.0,6010.096024175712,20.0,148491.51822589754,248.45859731746984,31.0,35.0,6403.032172003971,21.0,184904.32509861933,-0.0787878787878788,6.0,10.0,10.0
11,C29,SKU35,28.0,1.0,456.44306255352393,82.0,39.0,6389.262232316855,31.0,1893.313663274263,242.79392192291974,14.0,15.0,2754.1797051098306,13.0,71000.47885464548,262.20694448022726,25.0,27.0,4134.082406545251,18.0,137443.772888904,248.45859731746984,31.0,35.0,5605.79976774534,22.0,172175.24673959962,-0.0787878787878788,6.0,8.0,12.0
11,C29,SKU26,28.0,1.0,60.17502625676543,82.0,39.0,6389.262232316855,31.0,2800.9686683264476,242.79392192291974,14.0,15.0,1878.8963415535886,9.0,64309.306756835016,262.20694448022726,25.0,27.0,4362.126765130159,19.0,134425.20039296348,248.45859731746984,31.0,35.0,5671.0460414333365,24.0,169326.71391872526,-0.0787878787878788,5.0,12.0,13.0
11,C29,SKU29,42.0,1.0,409.1237302780525,82.0,39.0,6389.262232316855,31.0,2142.8023324917144,242.79392192291974,14.0,15.0,1124.9593254292206,6.0,64309.306756835016,262.20694448022726,25.0,27.0,2820.3394756077796,12.0,134425.20039296348,248.45859731746984,31.0,35.0,3933.4782928520303,17.0,169326.71391872526,-0.0787878787878788,5.0,9.0,13.0
11,C29,SKU83,42.0,1.0,236.643229216328,82.0,39.0,6389.262232316855,31.0,3072.6560393162713,242.79392192291974,14.0,15.0,1745.4084827186693,5.0,64309.306756835016,262.20694448022726,25.0,27.0,6022.622707175466,19.0,134425.20039296348,248.45859731746984,31.0,35.0,7061.109254625385,23.0,169326.71391872526,-0.0787878787878788,4.0,9.0,12.0
11,C29,SKU24,56.0,1.0,259.5543969588002,82.0,39.0,6389.262232316855,31.0,3871.543909906956,242.79392192291974,14.0,15.0,286.69854835136766,3.0,72290.49237417508,262.20694448022726,25.0,27.0,4430.1278243402,16.0,148491.51822589754,248.45859731746984,31.0,35.0,5900.984207625734,21.0,184904.32509861933,-0.0787878787878788,3.0,9.0,10.0
11,C29,SKU93,21.0,1.0,106.28773382810267,82.0,39.0,6389.262232316855,31.0,2464.471171704367,242.79392192291974,14.0,15.0,3771.2980526762162,14.0,64309.306756835016,262.20694448022726,25.0,27.0,5963.945464659581,23.0,134425.20039296348,248.45859731746984,31.0,35.0,7243.474701731236,28.0,169326.71391872526,-0.0787878787878788,6.0,13.0,14.0
11,C29,SKU90,28.0,1.0,120.53941519485491,82.0,39.0,6389.262232316855,31.0,3680.1183033290145,242.79392192291974,14.0,15.0,4395.3248693451,13.0,71000.47885464548,262.20694448022726,25.0,27.0,6125.165358255388,20.0,137443.772888904,248.45859731746984,31.0,35.0,7179.063293597827,23.0,172175.24673959962,-0.0787878787878788,6.0,11.0,12.0
11,C29,SKU73,56.0,1.0,29.95339067297155,82.0,39.0,6389.262232316855,31.0,1600.6386856968245,242.79392192291974,14.0,15.0,2144.6610779968128,9.0,64309.306756835016,262.20694448022726,25.0,27.0,4922.04230623544,18.0,134425.20039296348,248.45859731746984,31.0,35.0,6172.422473412418,22.0,169326.71391872526,-0.0787878787878788,3.0,6.0,9.0
11,C29,SKU53,70.0,1.0,208.6524282930348,82.0,39.0,6389.262232316855,31.0,3977.09002432701,242.79392192291974,14.0,15.0,2994.1997658245277,11.0,64309.306756835016,262.20694448022726,25.0,27.0,6146.443756492574,20.0,134425.20039296348,248.45859731746984,31.0,35.0,7552.643426786867,26.0,169326.71391872526,-0.0787878787878788,4.0,10.0,14.0
11,C29,SKU16,49.0,1.0,486.71726946677563,82.0,39.0,6389.262232316855,31.0,2114.4928116909978,242.79392192291974,14.0,15.0,1267.8749765938103,6.0,64309.306756835016,262.20694448022726,25.0,27.0,2601.462544954339,11.0,134425.20039296348,248.45859731746984,31.0,35.0,3390.803962090401,16.0,169326.71391872526,-0.0787878787878788,4.0,7.0,9.0
11,C29,SKU30,,,,,,,,,,,,,,,,,,,,,,,,,,,,,,
11,C29,SKU98,28.0,1.0,39.76214461930663,82.0,39.0,6389.262232316855,31.0,2127.256591660423,242.79392192291974,14.0,15.0,2373.2708616765435,11.0,71000.47885464548,262.20694448022726,25.0,27.0,3380.219179246736,14.0,137443.772888904,248.45859731746984,31.0,35.0,4767.829085732679,19.0,172175.24673959962,-0.0787878787878788,6.0,8.0,12.0
11,C29,SKU8,21.0,1.0,463.88103522956953,82.0,39.0,6389.262232316855,31.0,1875.1871237634857,242.79392192291974,14.0,15.0,1356.43606397429,5.0,72290.49237417508,262.20694448022726,25.0,27.0,6079.582298352658,20.0,148491.51822589754,248.45859731746984,31.0,35.0,6774.285148584067,23.0,184904.32509861933,-0.0787878787878788,1.0,8.0,10.0
11,C29,SKU41,56.0,1.0,456.9439568494437,82.0,39.0,6389.262232316855,31.0,3260.748069865472,242.79392192291974,14.0,15.0,1227.9060523246405,4.0,71000.47885464548,262.20694448022726,25.0,27.0,3724.455823011518,12.0,137443.772888904,248.45859731746984,31.0,35.0,4799.390159470608,15.0,172175.24673959962,-0.0787878787878788,0.0,7.0,7.0
11,C29,SKU25,35.0,1.0,425.15732079984565,82.0,39.0,6389.262232316855,31.0,3482.3450801430713,242.79392192291974,14.0,15.0,3311.017450541504,13.0,72290.49237417508,262.20694448022726,25.0,27.0,6567.44870163083,25.0,148491.51822589754,248.45859731746984,31.0,35.0,8248.815644727618,31.0,184904.32509861933,-0.0787878787878788,8.0,15.0,16.0
11,C29,SKU96,28.0,1.0,350.8634664252481,82.0,39.0,6389.262232316855,31.0,3458.4755630408335,242.79392192291974,14.0,15.0,2285.8624136074177,9.0,72290.49237417508,262.20694448022726,25.0,27.0,3447.902699573569,14.0,148491.51822589754,248.45859731746984,31.0,35.0,5524.266048975098,20.0,184904.32509861933,-0.0787878787878788,6.0,11.0,13.0
11,C29,SKU84,21.0,2.0,394.0033221523272,82.0,39.0,6389.262232316855,31.0,3598.27359660886,242.79392192291974,14.0,15.0,2347.7386034283104,7.0,71000.47885464548,262.20694448022726,25.0,27.0,4926.045037747026,16.0,137443.772888904,248.45859731746984,31.0,35.0,5976.75994258024,20.0,172175.24673959962,-0.0787878787878788,2.0,6.0,7.0
11,C29,SKU84,21.0,2.0,394.0033221523272,82.0,39.0,6389.262232316855,31.0,3598.27359660886,242.79392192291974,14.0,15.0,2347.7386034283104,7.0,71000.47885464548,262.20694448022726,25.0,27.0,4926.045037747026,16.0,137443.772888904,248.45859731746984,31.0,35.0,5976.75994258024,20.0,172175.24673959962,-0.0787878787878788,2.0,6.0,7.0
11,C29,SKU88,28.0,1.0,477.2557846414361,82.0,39.0,6389.262232316855,31.0,2551.1637437636923,242.79392192291974,14.0,15.0,1549.9771923844714,4.0,71000.47885464548,262.20694448022726,25.0,27.0,3243.4660066444285,11.0,137443.772888904,248.45859731746984,31.0,35.0,5244.437165998218,18.0,172175.24673959962,-0.0787878787878788,2.0,7.0,10.0
11,C29,SKU33,70.0,1.0,370.18865911076335,82.0,39.0,6389.262232316855,31.0,2485.0420732140624,242.79392192291974,14.0,15.0,2642.2105627812716,8.0,72290.49237417508,262.20694448022726,25.0,27.0,5270.357451901102,17.0,148491.51822589754,248.45859731746984,31.0,35.0,6391.156494070515,20.0,184904.32509861933,-0.0787878787878788,4.0,10.0,12.0
11,C29,SKU48,,,,,,,,,,,,,,,,,,,,,,,,,,,,,,
11,C29,SKU87,56.0,1.0,212.46565592554543,82.0,39.0,6389.262232316855,31.0,1091.7497934863045,242.79392192291974,14.0,15.0,1325.3696225216397,3.0,72290.49237417508,262.20694448022726,25.0,27.0,4240.63360609992,14.0,148491.51822589754,248.45859731746984,31.0,35.0,4687.7934746868705,16.0,184904.32509861933,-0.0787878787878788,2.0,9.0,11.0
11,C29,SKU82,70.0,1.0,183.73371333493748,82.0,39.0,6389.262232316855,31.0,1590.0889523739684,242.79392192291974,14.0,15.0,1052.2117338770022,4.0,64309.306756835016,262.20694448022726,25.0,27.0,2579.596678909137,11.0,134425.20039296348,248.45859731746984,31.0,35.0,3253.6048083395153,15.0,169326.71391872526,-0.0787878787878788,1.0,5.0,6.0
11,C29,SKU67,35.0,1.0,492.67346665225614,82.0,39.0,6389.262232316855,31.0,3274.0392673701335,242.79392192291974,14.0,15.0,1181.8136750398212,5.0,71000.47885464548,262.20694448022726,25.0,27.0,3781.57818676148,14.0,137443.772888904,248.45859731746984,31.0,35.0,4700.319165521037,17.0,172175.24673959962,-0.0787878787878788,2.0,7.0,8.0
11,C29,SKU39,7.0,1.0,80.27848972086194,82.0,39.0,6389.262232316855,31.0,2282.9656555758825,242.79392192291974,14.0,15.0,2005.9294396816913,8.0,72290.49237417508,262.20694448022726,25.0,27.0,3384.497478530941,14.0,148491.51822589754,248.45859731746984,31.0,35.0,3539.74576465095,15.0,184904.32509861933,-0.0787878787878788,2.0,6.0,7.0
11,C29,SKU58,14.0,3.0,126.20250193357253,82.0,39.0,6389.262232316855,31.0,2428.364439028346,242.79392192291974,14.0,15.0,1297.7898246030197,8.0,72290.49237417508,262.20694448022726,25.0,27.0,3175.459193108213,16.0,148491.51822589754,248.45859731746984,31.0,35.0,4854.18394342602,23.0,184904.32509861933,-0.0787878787878788,4.0,8.0,12.0
11,C29,SKU58,14.0,3.0,126.20250193357253,82.0,39.0,6389.262232316855,31.0,2428.364439028346,242.79392192291974,14.0,15.0,1297.7898246030197,8.0,72290.49237417508,262.20694448022726,25.0,27.0,3175.459193108213,16.0,148491.51822589754,248.45859731746984,31.0,35.0,4854.18394342602,23.0,184904.32509861933,-0.0787878787878788,4.0,8.0,12.0
11,C29,SKU58,14.0,3.0,126.20250193357253,82.0,39.0,6389.262232316855,31.0,2428.364439028346,242.79392192291974,14.0,15.0,1297.7898246030197,8.0,72290.49237417508,262.20694448022726,25.0,27.0,3175.459193108213,16.0,148491.51822589754,248.45859731746984,31.0,35.0,4854.18394342602,23.0,184904.32509861933,-0.0787878787878788,4.0,8.0,12.0
11,C29,SKU76,,,,,,,,,,,,,,,,,,,,,,,,,,,,,,
11,C29,SKU10,63.0,1.0,218.08472377647269,82.0,39.0,6389.262232316855,31.0,1497.4464980275773,242.79392192291974,14.0,15.0,637.246305027026,4.0,71000.47885464548,262.20694448022726,25.0,27.0,3710.9206991514775,14.0,137443.772888904,248.45859731746984,31.0,35.0,4903.101289382736,19.0,172175.24673959962,-0.0787878787878788,3.0,6.0,9.0
11,C29,SKU5,56.0,1.0,40.375612758378786,82.0,39.0,6389.262232316855,31.0,4037.9799364658056,242.79392192291974,14.0,15.0,2752.7115105281678,9.0,72290.49237417508,262.20694448022726,25.0,27.0,7156.4594080845045,24.0,148491.51822589754,248.45859731746984,31.0,35.0,8513.080158022674,29.0,184904.32509861933,-0.0787878787878788,5.0,10.0,12.0
11,C29,SKU13,,,,,,,,,,,,,,,,,,,,,,,,,,,,,,
11,C29,SKU43,70.0,1.0,323.0687572084981,82.0,39.0,6389.262232316855,31.0,2029.372523564884,242.79392192291974,14.0,15.0,1168.0650395391517,5.0,72290.49237417508,262.20694448022726,25.0,27.0,3446.6599790396226,14.0,148491.51822589754,248.45859731746984,31.0,35.0,4562.116205894099,18.0,184904.32509861933,-0.0787878787878788,1.0,4.0,8.0
11,C29,SKU66,,,,,,,,,,,,,,,,,,,,,,,,,,,,,,
11,C29,SKU32,70.0,1.0,26.25674875063754,82.0,39.0,6389.262232316855,31.0,1986.3508003112574,242.79392192291974,14.0,15.0,2221.4941391896728,9.0,72290.49237417508,262.20694448022726,25.0,27.0,4070.9775382142357,15.0,148491.51822589754,248.45859731746984,31.0,35.0,5564.906756256995,23.0,184904.32509861933,-0.0787878787878788,4.0,7.0,11.0
11,C29,SKU85,7.0,1.0,438.18486584055063,82.0,39.0,6389.262232316855,31.0,2552.9427276113784,242.79392192291974,14.0,15.0,2098.0126112069374,8.0,64309.306756835016,262.20694448022726,25.0,27.0,3983.7048522072832,17.0,134425.20039296348,248.45859731746984,31.0,35.0,4745.749114396946,20.0,169326.71391872526,-0.0787878787878788,6.0,9.0,11.0
11,C29,SKU51,7.0,1.0,72.31474765900924,82.0,39.0,6389.262232316855,31.0,1891.5781601654553,242.79392192291974,14.0,15.0,486.7791275019824,5.0,64309.306756835016,262.20694448022726,25.0,27.0,2563.3211172380097,13.0,134425.20039296348,248.45859731746984,31.0,35.0,4153.947150176074,18.0,169326.71391872526,-0.0787878787878788,3.0,6.0,10.0
11,C29,SKU11,7.0,2.0,231.88750837592863,82.0,39.0,6389.262232316855,31.0,2549.992204157295,242.79392192291974,14.0,15.0,1306.338850366108,8.0,71000.47885464548,262.20694448022726,25.0,27.0,2550.8480591644948,13.0,137443.772888904,248.45859731746984,31.0,35.0,4121.535060767028,18.0,172175.24673959962,-0.0787878787878788,4.0,8.0,11.0
11,C29,SKU11,7.0,2.0,231.88750837592863,82.0,39.0,6389.262232316855,31.0,2549.992204157295,242.79392192291974,14.0,15.0,1306.338850366108,8.0,71000.47885464548,262.20694448022726,25.0,27.0,2550.8480591644948,13.0,137443.772888904,248.45859731746984,31.0,35.0,4121.535060767028,18.0,172175.24673959962,-0.0787878787878788,4.0,8.0,11.0
11,C30,SKU7,21.0,1.0,29.684170878143394,37.0,2.0,7582.486685623682,32.0,1674.9468493926297,196.67557208347307,12.0,14.0,1449.7856745482197,5.0,71000.47885464548,224.2610630301943,24.0,28.0,1868.9218877079497,9.0,137443.772888904,245.99930234378755,32.0,39.0,2898.6749084577245,12.0,172175.24673959962,-0.296969696969697,3.0,5.0,7.0
11,C30,SKU94,,,,,,,,,,,,,,,,,,,,,,,,,,,,,,
11,C30,SKU18,7.0,1.0,106.42396811417146,37.0,2.0,7582.486685623682,32.0,1912.7654782806037,196.67557208347307,12.0,14.0,2258.141245675125,9.0,64309.306756835016,224.2610630301943,24.0,28.0,3594.6492811204107,15.0,134425.20039296348,245.99930234378755,32.0,39.0,4487.374291389015,18.0,169326.71391872526,-0.296969696969697,7.0,12.0,12.0
11,C30,SKU49,14.0,1.0,428.5180184063085,37.0,2.0,7582.486685623682,32.0,2668.5709688252655,196.67557208347307,12.0,14.0,1795.5619315160645,9.0,71000.47885464548,224.2610630301943,24.0,28.0,3104.2376143523725,15.0,137443.772888904,245.99930234378755,32.0,39.0,5392.065726760854,22.0,172175.24673959962,-0.296969696969697,6.0,8.0,13.0
11,C30,SKU45,70.0,1.0,390.0222990838454,37.0,2.0,7582.486685623682,32.0,2521.432797693632,196.67557208347307,12.0,14.0,2225.67694976665,7.0,71000.47885464548,224.2610630301943,24.0,28.0,4352.962589053176,15.0,137443.772888904,245.99930234378755,32.0,39.0,5057.5910904026705,18.0,172175.24673959962,-0.296969696969697,6.0,9.0,11.0
11,C30,SKU69,63.0,1.0,444.35691592946404,37.0,2.0,7582.486685623682,32.0,2130.8667637584076,196.67557208347307,12.0,14.0,2035.2711131866931,7.0,64309.306756835016,224.2610630301943,24.0,28.0,4689.680921989357,15.0,134425.20039296348,245.99930234378755,32.0,39.0,6440.272283329844,22.0,169326.71391872526,-0.296969696969697,3.0,4.0,7.0
11,C30,SKU24,56.0,2.0,237.6561088102038,37.0,2.0,7582.486685623682,32.0,3871.543909906956,196.67557208347307,12.0,14.0,286.69854835136766,3.0,72290.49237417508,224.2610630301943,24.0,28.0,4430.1278243402,16.0,148491.51822589754,245.99930234378755,32.0,39.0,5900.984207625734,21.0,184904.32509861933,-0.296969696969697,0.0,7.0,11.0
11,C30,SKU24,56.0,2.0,237.6561088102038,37.0,2.0,7582.486685623682,32.0,3871.543909906956,196.67557208347307,12.0,14.0,286.69854835136766,3.0,72290.49237417508,224.2610630301943,24.0,28.0,4430.1278243402,16.0,148491.51822589754,245.99930234378755,32.0,39.0,5900.984207625734,21.0,184904.32509861933,-0.296969696969697,0.0,7.0,11.0
11,C30,SKU78,49.0,1.0,386.14914057328895,37.0,2.0,7582.486685623682,32.0,3642.609496256943,196.67557208347307,12.0,14.0,1554.1710557580261,9.0,64309.306756835016,224.2610630301943,24.0,28.0,4150.523764079384,19.0,134425.20039296348,245.99930234378755,32.0,39.0,5149.05149684041,23.0,169326.71391872526,-0.296969696969697,6.0,11.0,12.0
11,C30,SKU97,56.0,1.0,74.12579392245947,37.0,2.0,7582.486685623682,32.0,1341.6340003829177,196.67557208347307,12.0,14.0,1680.6880253238674,9.0,72290.49237417508,224.2610630301943,24.0,28.0,3408.703085968549,18.0,148491.51822589754,245.99930234378755,32.0,39.0,4105.349745126161,20.0,184904.32509861933,-0.296969696969697,4.0,9.0,11.0
11,C30,SKU63,70.0,1.0,497.40862064566477,37.0,2.0,7582.486685623682,32.0,2963.0440804812574,196.67557208347307,12.0,14.0,3844.564732690659,10.0,72290.49237417508,224.2610630301943,24.0,28.0,6449.086660364468,19.0,148491.51822589754,245.99930234378755,32.0,39.0,8086.425774464821,25.0,184904.32509861933,-0.296969696969697,3.0,8.0,13.0
11,C30,SKU12,28.0,1.0,147.84421516891274,37.0,2.0,7582.486685623682,32.0,1476.895792556513,196.67557208347307,12.0,14.0,2521.395030978758,9.0,64309.306756835016,224.2610630301943,24.0,28.0,3695.688159793338,13.0,134425.20039296348,245.99930234378755,32.0,39.0,4205.119040348188,15.0,169326.71391872526,-0.296969696969697,3.0,5.0,5.0
11,C30,SKU62,7.0,1.0,40.09177415035076,37.0,2.0,7582.486685623682,32.0,1512.6618527572714,196.67557208347307,12.0,14.0,2300.964082607896,9.0,72290.49237417508,224.2610630301943,24.0,28.0,3409.285760329741,13.0,148491.51822589754,245.99930234378755,32.0,39.0,5094.40761574676,19.0,184904.32509861933,-0.296969696969697,3.0,4.0,7.0
11,C30,SKU92,56.0,1.0,232.08079378515916,37.0,2.0,7582.486685623682,32.0,2871.877902604027,196.67557208347307,12.0,14.0,2058.795273282778,7.0,71000.47885464548,224.2610630301943,24.0,28.0,5764.102094818151,18.0,137443.772888904,245.99930234378755,32.0,39.0,6840.064896781741,22.0,172175.24673959962,-0.296969696969697,5.0,15.0,16.0
11,C30,SKU34,14.0,1.0,217.38300268399516,37.0,2.0,7582.486685623682,32.0,2190.9614076156327,196.67557208347307,12.0,14.0,3705.418135522522,14.0,71000.47885464548,224.2610630301943,24.0,28.0,6259.775782633862,23.0,137443.772888904,245.99930234378755,32.0,39.0,7435.249755115927,26.0,172175.24673959962,-0.296969696969697,11.0,15.0,17.0
11,C30,SKU53,,,,,,,,,,,,,,,,,,,,,,,,,,,,,,
11,C30,SKU81,42.0,1.0,268.63350355603137,37.0,2.0,7582.486685623682,32.0,2283.217610935724,196.67557208347307,12.0,14.0,884.0878153107776,7.0,64309.306756835016,224.2610630301943,24.0,28.0,3594.4891330396335,17.0,134425.20039296348,245.99930234378755,32.0,39.0,5080.177260453762,21.0,169326.71391872526,-0.296969696969697,4.0,13.0,16.0
11,C30,SKU30,,,,,,,,,,,,,,,,,,,,,,,,,,,,,,
11,C30,SKU47,49.0,2.0,335.2604546360026,37.0,2.0,7582.486685623682,32.0,1607.96020446487,196.67557208347307,12.0,14.0,1504.2583208823662,6.0,64309.306756835016,224.2610630301943,24.0,28.0,4078.5232405462552,15.0,134425.20039296348,245.99930234378755,32.0,39.0,4851.310939419624,19.0,169326.71391872526,-0.296969696969697,3.0,9.0,12.0
11,C30,SKU47,49.0,2.0,335.2604546360026,37.0,2.0,7582.486685623682,32.0,1607.96020446487,196.67557208347307,12.0,14.0,1504.2583208823662,6.0,64309.306756835016,224.2610630301943,24.0,28.0,4078.5232405462552,15.0,134425.20039296348,245.99930234378755,32.0,39.0,4851.310939419624,19.0,169326.71391872526,-0.296969696969697,3.0,9.0,12.0
11,C30,SKU56,21.0,1.0,44.31520620459198,37.0,2.0,7582.486685623682,32.0,2132.839872081411,196.67557208347307,12.0,14.0,1545.754829674268,6.0,64309.306756835016,224.2610630301943,24.0,28.0,3270.798830899707,18.0,134425.20039296348,245.99930234378755,32.0,39.0,3695.2568467426813,19.0,169326.71391872526,-0.296969696969697,3.0,10.0,11.0
11,C30,SKU25,42.0,1.0,29.748791654362325,37.0,2.0,7582.486685623682,32.0,3482.3450801430713,196.67557208347307,12.0,14.0,3311.017450541504,13.0,72290.49237417508,224.2610630301943,24.0,28.0,6567.44870163083,25.0,148491.51822589754,245.99930234378755,32.0,39.0,8248.815644727618,31.0,184904.32509861933,-0.296969696969697,5.0,10.0,15.0
11,C30,SKU52,,,,,,,,,,,,,,,,,,,,,,,,,,,,,,
11,C30,SKU84,21.0,2.0,154.056374330496,37.0,2.0,7582.486685623682,32.0,3598.27359660886,196.67557208347307,12.0,14.0,2347.7386034283104,7.0,71000.47885464548,224.2610630301943,24.0,28.0,4926.045037747026,16.0,137443.772888904,245.99930234378755,32.0,39.0,5976.75994258024,20.0,172175.24673959962,-0.296969696969697,5.0,10.0,13.0
11,C30,SKU84,21.0,2.0,154.056374330496,37.0,2.0,7582.486685623682,32.0,3598.27359660886,196.67557208347307,12.0,14.0,2347.7386034283104,7.0,71000.47885464548,224.2610630301943,24.0,28.0,4926.045037747026,16.0,137443.772888904,245.99930234378755,32.0,39.0,5976.75994258024,20.0,172175.24673959962,-0.296969696969697,5.0,10.0,13.0
11,C30,SKU88,70.0,1.0,396.5841416868232,37.0,2.0,7582.486685623682,32.0,2551.1637437636923,196.67557208347307,12.0,14.0,1549.9771923844714,4.0,71000.47885464548,224.2610630301943,24.0,28.0,3243.4660066444285,11.0,137443.772888904,245.99930234378755,32.0,39.0,5244.437165998218,18.0,172175.24673959962,-0.296969696969697,2.0,4.0,8.0
11,C30,SKU100,49.0,1.0,238.52895629716159,37.0,2.0,7582.486685623682,32.0,2481.3830967136573,196.67557208347307,12.0,14.0,2673.953826709808,9.0,72290.49237417508,224.2610630301943,24.0,28.0,4985.751239140065,20.0,148491.51822589754,245.99930234378755,32.0,39.0,6311.3762452218325,24.0,184904.32509861933,-0.296969696969697,3.0,8.0,11.0
11,C30,SKU14,70.0,1.0,132.91146929381046,37.0,2.0,7582.486685623682,32.0,1700.2406422027489,196.67557208347307,12.0,14.0,1952.9631937687732,9.0,71000.47885464548,224.2610630301943,24.0,28.0,5123.321333769345,20.0,137443.772888904,245.99930234378755,32.0,39.0,6176.511444700864,26.0,172175.24673959962,-0.296969696969697,7.0,13.0,18.0
11,C30,SKU72,35.0,1.0,82.78956365781384,37.0,2.0,7582.486685623682,32.0,3018.2863524980753,196.67557208347307,12.0,14.0,2143.854582708852,7.0,64309.306756835016,224.2610630301943,24.0,28.0,4863.608727258521,18.0,134425.20039296348,245.99930234378755,32.0,39.0,6002.861555273883,22.0,169326.71391872526,-0.296969696969697,4.0,12.0,16.0
11,C30,SKU39,21.0,2.0,458.5941394538287,37.0,2.0,7582.486685623682,32.0,2282.9656555758825,196.67557208347307,12.0,14.0,2005.9294396816913,8.0,72290.49237417508,224.2610630301943,24.0,28.0,3384.497478530941,14.0,148491.51822589754,245.99930234378755,32.0,39.0,3539.74576465095,15.0,184904.32509861933,-0.296969696969697,6.0,8.0,8.0
11,C30,SKU39,21.0,2.0,458.5941394538287,37.0,2.0,7582.486685623682,32.0,2282.9656555758825,196.67557208347307,12.0,14.0,2005.9294396816913,8.0,72290.49237417508,224.2610630301943,24.0,28.0,3384.497478530941,14.0,148491.51822589754,245.99930234378755,32.0,39.0,3539.74576465095,15.0,184904.32509861933,-0.296969696969697,6.0,8.0,8.0
11,C30,SKU20,,,,,,,,,,,,,,,,,,,,,,,,,,,,,,
11,C30,SKU55,63.0,1.0,85.63470287016989,37.0,2.0,7582.486685623682,32.0,1785.074221313132,196.67557208347307,12.0,14.0,1998.897600122124,7.0,64309.306756835016,224.2610630301943,24.0,28.0,3587.397886299588,12.0,134425.20039296348,245.99930234378755,32.0,39.0,4503.739931530498,16.0,169326.71391872526,-0.296969696969697,5.0,6.0,8.0
11,C30,SKU95,35.0,1.0,350.9090731777761,37.0,2.0,7582.486685623682,32.0,702.0450223927461,196.67557208347307,12.0,14.0,1881.0495206651105,8.0,64309.306756835016,224.2610630301943,24.0,28.0,4188.04017562578,16.0,134425.20039296348,245.99930234378755,32.0,39.0,4265.538178432196,17.0,169326.71391872526,-0.296969696969697,6.0,11.0,12.0
11,C30,SKU5,,,,,,,,,,,,,,,,,,,,,,,,,,,,,,
11,C30,SKU13,56.0,1.0,388.90948191923536,37.0,2.0,7582.486685623682,32.0,2622.2735648767484,196.67557208347307,12.0,14.0,2639.5557162582354,9.0,72290.49237417508,224.2610630301943,24.0,28.0,4043.166248554249,14.0,148491.51822589754,245.99930234378755,32.0,39.0,6020.244724995739,19.0,184904.32509861933,-0.296969696969697,8.0,11.0,13.0
11,C30,SKU57,7.0,2.0,163.69641503741656,37.0,2.0,7582.486685623682,32.0,2115.78636749953,196.67557208347307,12.0,14.0,2481.3321993654963,12.0,71000.47885464548,224.2610630301943,24.0,28.0,5034.701407276938,22.0,137443.772888904,245.99930234378755,32.0,39.0,6199.929816035148,26.0,172175.24673959962,-0.296969696969697,7.0,14.0,16.0
11,C30,SKU57,7.0,2.0,163.69641503741656,37.0,2.0,7582.486685623682,32.0,2115.78636749953,196.67557208347307,12.0,14.0,2481.3321993654963,12.0,71000.47885464548,224.2610630301943,24.0,28.0,5034.701407276938,22.0,137443.772888904,245.99930234378755,32.0,39.0,6199.929816035148,26.0,172175.24673959962,-0.296969696969697,7.0,14.0,16.0
11,C30,SKU66,14.0,1.0,35.85598128529938,37.0,2.0,7582.486685623682,32.0,1264.0725862483225,196.67557208347307,12.0,14.0,2782.60833972082,11.0,71000.47885464548,224.2610630301943,24.0,28.0,4217.844243944581,18.0,137443.772888904,245.99930234378755,32.0,39.0,4755.902905153972,20.0,172175.24673959962,-0.296969696969697,3.0,5.0,6.0
11,C30,SKU32,21.0,3.0,309.70452043984784,37.0,2.0,7582.486685623682,32.0,1986.3508003112574,196.67557208347307,12.0,14.0,2221.4941391896728,9.0,72290.49237417508,224.2610630301943,24.0,28.0,4070.9775382142357,15.0,148491.51822589754,245.99930234378755,32.0,39.0,5564.906756256995,23.0,184904.32509861933,-0.296969696969697,5.0,8.0,12.0
11,C30,SKU32,21.0,3.0,309.70452043984784,37.0,2.0,7582.486685623682,32.0,1986.3508003112574,196.67557208347307,12.0,14.0,2221.4941391896728,9.0,72290.49237417508,224.2610630301943,24.0,28.0,4070.9775382142357,15.0,148491.51822589754,245.99930234378755,32.0,39.0,5564.906756256995,23.0,184904.32509861933,-0.296969696969697,5.0,8.0,12.0
11,C30,SKU32,21.0,3.0,309.70452043984784,37.0,2.0,7582.486685623682,32.0,1986.3508003112574,196.67557208347307,12.0,14.0,2221.4941391896728,9.0,72290.49237417508,224.2610630301943,24.0,28.0,4070.9775382142357,15.0,148491.51822589754,245.99930234378755,32.0,39.0,5564.906756256995,23.0,184904.32509861933,-0.296969696969697,5.0,8.0,12.0
11,C30,SKU59,,,,,,,,,,,,,,,,,,,,,,,,,,,,,,
11,C30,SKU1,70.0,1.0,44.052425258884156,37.0,2.0,7582.486685623682,32.0,2040.4833708442043,196.67557208347307,12.0,14.0,1896.417385529631,8.0,64309.306756835016,224.2610630301943,24.0,28.0,2940.1441700632254,11.0,134425.20039296348,245.99930234378755,32.0,39.0,3629.2039743522905,16.0,169326.71391872526,-0.296969696969697,5.0,8.0,11.0
11,C30,SKU2,63.0,1.0,442.8569929302555,37.0,2.0,7582.486685623682,32.0,1552.299818017192,196.67557208347307,12.0,14.0,903.8945157772882,5.0,72290.49237417508,224.2610630301943,24.0,28.0,3056.9354831768433,13.0,148491.51822589754,245.99930234378755,32.0,39.0,3804.496357605421,16.0,184904.32509861933,-0.296969696969697,4.0,8.0,9.0
11,C30,SKU37,49.0,1.0,430.51324241829644,37.0,2.0,7582.486685623682,32.0,3591.5989554667126,196.67557208347307,12.0,14.0,2506.0641619629373,9.0,71000.47885464548,224.2610630301943,24.0,28.0,6062.756483960785,24.0,137443.772888904,245.99930234378755,32.0,39.0,7868.481946817385,30.0,172175.24673959962,-0.296969696969697,6.0,14.0,16.0
11,C31,SKU94,,,,,,,,,,,,,,,,,,,,,,,,,,,,,,
11,C31,SKU70,28.0,1.0,131.11554419629573,95.0,17.0,4435.185959587941,39.0,2591.9024941911803,238.77562322886288,15.0,15.0,4480.1417984573545,14.0,72290.49237417508,239.61992083879204,31.0,32.0,6010.096024175712,20.0,148491.51822589754,245.39372144337352,39.0,42.0,6403.032172003971,21.0,184904.32509861933,-0.07272727272727274,6.0,10.0,10.0
11,C31,SKU3,70.0,1.0,148.48677265240056,95.0,17.0,4435.185959587941,39.0,667.1246784683489,238.77562322886288,15.0,15.0,1098.6612416319165,4.0,71000.47885464548,239.61992083879204,31.0,32.0,2437.8505177723046,9.0,137443.772888904,245.39372144337352,39.0,42.0,2861.6502477050426,11.0,172175.24673959962,-0.07272727272727274,2.0,6.0,8.0
11,C31,SKU36,21.0,1.0,386.3527611512345,95.0,17.0,4435.185959587941,39.0,1128.3386916367908,238.77562322886288,15.0,15.0,2098.4499335866844,9.0,71000.47885464548,239.61992083879204,31.0,32.0,4085.6246541863675,16.0,137443.772888904,245.39372144337352,39.0,42.0,5006.714238376788,21.0,172175.24673959962,-0.07272727272727274,5.0,10.0,12.0
11,C31,SKU42,21.0,1.0,31.302596261517877,95.0,17.0,4435.185959587941,39.0,1269.8702120574414,238.77562322886288,15.0,15.0,2048.043858333036,8.0,64309.306756835016,239.61992083879204,31.0,32.0,2875.4570715654363,12.0,134425.20039296348,245.39372144337352,39.0,42.0,3693.722317751543,15.0,169326.71391872526,-0.07272727272727274,3.0,4.0,5.0
11,C31,SKU26,7.0,1.0,349.2657552368947,95.0,17.0,4435.185959587941,39.0,2800.9686683264476,238.77562322886288,15.0,15.0,1878.8963415535886,9.0,64309.306756835016,239.61992083879204,31.0,32.0,4362.126765130159,19.0,134425.20039296348,245.39372144337352,39.0,42.0,5671.0460414333365,24.0,169326.71391872526,-0.07272727272727274,5.0,12.0,13.0
11,C31,SKU29,63.0,1.0,194.03898175955217,95.0,17.0,4435.185959587941,39.0,2142.8023324917144,238.77562322886288,15.0,15.0,1124.9593254292206,6.0,64309.306756835016,239.61992083879204,31.0,32.0,2820.3394756077796,12.0,134425.20039296348,245.39372144337352,39.0,42.0,3933.4782928520303,17.0,169326.71391872526,-0.07272727272727274,5.0,9.0,13.0
11,C31,SKU69,21.0,1.0,350.6171145049587,95.0,17.0,4435.185959587941,39.0,2130.8667637584076,238.77562322886288,15.0,15.0,2035.2711131866931,7.0,64309.306756835016,239.61992083879204,31.0,32.0,4689.680921989357,15.0,134425.20039296348,245.39372144337352,39.0,42.0,6440.272283329844,22.0,169326.71391872526,-0.07272727272727274,4.0,11.0,15.0
11,C31,SKU24,14.0,1.0,71.87816641075716,95.0,17.0,4435.185959587941,39.0,3871.543909906956,238.77562322886288,15.0,15.0,286.69854835136766,3.0,72290.49237417508,239.61992083879204,31.0,32.0,4430.1278243402,16.0,148491.51822589754,245.39372144337352,39.0,42.0,5900.984207625734,21.0,184904.32509861933,-0.07272727272727274,3.0,9.0,10.0
11,C31,SKU99,14.0,1.0,77.93248501457516,95.0,17.0,4435.185959587941,39.0,2116.9755622507078,238.77562322886288,15.0,15.0,2063.456357418281,10.0,72290.49237417508,239.61992083879204,31.0,32.0,3861.6408359712746,19.0,148491.51822589754,245.39372144337352,39.0,42.0,5112.221920080666,24.0,184904.32509861933,-0.07272727272727274,3.0,6.0,7.0
11,C31,SKU97,56.0,1.0,448.97084831731513,95.0,17.0,4435.185959587941,39.0,1341.6340003829177,238.77562322886288,15.0,15.0,1680.6880253238674,9.0,72290.49237417508,239.61992083879204,31.0,32.0,3408.703085968549,18.0,148491.51822589754,245.39372144337352,39.0,42.0,4105.349745126161,20.0,184904.32509861933,-0.07272727272727274,5.0,9.0,9.0
11,C31,SKU65,49.0,1.0,20.764099736393007,95.0,17.0,4435.185959587941,39.0,2069.870294524778,238.77562322886288,15.0,15.0,1926.4022658393026,7.0,64309.306756835016,239.61992083879204,31.0,32.0,2847.126109998277,11.0,134425.20039296348,245.39372144337352,39.0,42.0,4812.507686816041,16.0,169326.71391872526,-0.07272727272727274,4.0,7.0,11.0
11,C31,SKU63,21.0,1.0,287.0983151436882,95.0,17.0,4435.185959587941,39.0,2963.0440804812574,238.77562322886288,15.0,15.0,3844.564732690659,10.0,72290.49237417508,239.61992083879204,31.0,32.0,6449.086660364468,19.0,148491.51822589754,245.39372144337352,39.0,42.0,8086.425774464821,25.0,184904.32509861933,-0.07272727272727274,7.0,11.0,12.0
11,C31,SKU50,70.0,1.0,28.838956822611394,95.0,17.0,4435.185959587941,39.0,1433.2282860598164,238.77562322886288,15.0,15.0,2043.4660640573127,8.0,72290.49237417508,239.61992083879204,31.0,32.0,3799.0039423972185,14.0,148491.51822589754,245.39372144337352,39.0,42.0,4985.330160061602,19.0,184904.32509861933,-0.07272727272727274,2.0,4.0,6.0
11,C31,SKU21,42.0,1.0,425.89919682023776,95.0,17.0,4435.185959587941,39.0,1615.9110381919827,238.77562322886288,15.0,15.0,2353.590426368052,8.0,72290.49237417508,239.61992083879204,31.0,32.0,3999.2104528811406,15.0,148491.51822589754,245.39372144337352,39.0,42.0,4945.858239130029,20.0,184904.32509861933,-0.07272727272727274,2.0,3.0,5.0
11,C31,SKU53,,,,,,,,,,,,,,,,,,,,,,,,,,,,,,
11,C31,SKU16,63.0,1.0,171.00954098455222,95.0,17.0,4435.185959587941,39.0,2114.4928116909978,238.77562322886288,15.0,15.0,1267.8749765938103,6.0,64309.306756835016,239.61992083879204,31.0,32.0,2601.462544954339,11.0,134425.20039296348,245.39372144337352,39.0,42.0,3390.803962090401,16.0,169326.71391872526,-0.07272727272727274,4.0,7.0,9.0
11,C31,SKU30,,,,,,,,,,,,,,,,,,,,,,,,,,,,,,
11,C31,SKU98,35.0,2.0,281.81424050739264,95.0,17.0,4435.185959587941,39.0,2127.256591660423,238.77562322886288,15.0,15.0,2373.2708616765435,11.0,71000.47885464548,239.61992083879204,31.0,32.0,3380.219179246736,14.0,137443.772888904,245.39372144337352,39.0,42.0,4767.829085732679,19.0,172175.24673959962,-0.07272727272727274,6.0,8.0,12.0
11,C31,SKU98,35.0,2.0,281.81424050739264,95.0,17.0,4435.185959587941,39.0,2127.256591660423,238.77562322886288,15.0,15.0,2373.2708616765435,11.0,71000.47885464548,239.61992083879204,31.0,32.0,3380.219179246736,14.0,137443.772888904,245.39372144337352,39.0,42.0,4767.829085732679,19.0,172175.24673959962,-0.07272727272727274,6.0,8.0,12.0
11,C31,SKU41,42.0,1.0,269.2694019417226,95.0,17.0,4435.185959587941,39.0,3260.748069865472,238.77562322886288,15.0,15.0,1227.9060523246405,4.0,71000.47885464548,239.61992083879204,31.0,32.0,3724.455823011518,12.0,137443.772888904,245.39372144337352,39.0,42.0,4799.390159470608,15.0,172175.24673959962,-0.07272727272727274,0.0,7.0,7.0
11,C31,SKU4,56.0,2.0,386.8299340543891,95.0,17.0,4435.185959587941,39.0,3013.2949312316678,238.77562322886288,15.0,15.0,2655.6484127428835,8.0,71000.47885464548,239.61992083879204,31.0,32.0,4052.347400421194,16.0,137443.772888904,245.39372144337352,39.0,42.0,5206.213575325947,19.0,172175.24673959962,-0.07272727272727274,5.0,8.0,10.0
11,C31,SKU4,56.0,2.0,386.8299340543891,95.0,17.0,4435.185959587941,39.0,3013.2949312316678,238.77562322886288,15.0,15.0,2655.6484127428835,8.0,71000.47885464548,239.61992083879204,31.0,32.0,4052.347400421194,16.0,137443.772888904,245.39372144337352,39.0,42.0,5206.213575325947,19.0,172175.24673959962,-0.07272727272727274,5.0,8.0,10.0
11,C31,SKU96,35.0,1.0,155.85861772025814,95.0,17.0,4435.185959587941,39.0,3458.4755630408335,238.77562322886288,15.0,15.0,2285.8624136074177,9.0,72290.49237417508,239.61992083879204,31.0,32.0,3447.902699573569,14.0,148491.51822589754,245.39372144337352,39.0,42.0,5524.266048975098,20.0,184904.32509861933,-0.07272727272727274,6.0,11.0,13.0
11,C31,SKU25,14.0,1.0,369.31023749476793,95.0,17.0,4435.185959587941,39.0,3482.3450801430713,238.77562322886288,15.0,15.0,3311.017450541504,13.0,72290.49237417508,239.61992083879204,31.0,32.0,6567.44870163083,25.0,148491.51822589754,245.39372144337352,39.0,42.0,8248.815644727618,31.0,184904.32509861933,-0.07272727272727274,8.0,15.0,16.0
11,C31,SKU48,14.0,1.0,237.70898708475357,95.0,17.0,4435.185959587941,39.0,2368.132574397137,238.77562322886288,15.0,15.0,2294.3657919101456,11.0,71000.47885464548,239.61992083879204,31.0,32.0,4714.559295750083,17.0,137443.772888904,245.39372144337352,39.0,42.0,5555.479837264602,20.0,172175.24673959962,-0.07272727272727274,5.0,8.0,9.0
11,C31,SKU14,35.0,1.0,151.46365774361544,95.0,17.0,4435.185959587941,39.0,1700.2406422027489,238.77562322886288,15.0,15.0,1952.9631937687732,9.0,71000.47885464548,239.61992083879204,31.0,32.0,5123.321333769345,20.0,137443.772888904,245.39372144337352,39.0,42.0,6176.511444700864,26.0,172175.24673959962,-0.07272727272727274,2.0,7.0,8.0
11,C31,SKU23,7.0,1.0,210.15243520821474,95.0,17.0,4435.185959587941,39.0,2529.226035705933,238.77562322886288,15.0,15.0,2634.4380931227643,10.0,71000.47885464548,239.61992083879204,31.0,32.0,4401.380339195599,16.0,137443.772888904,245.39372144337352,39.0,42.0,5978.508943032263,23.0,172175.24673959962,-0.07272727272727274,5.0,8.0,13.0
11,C31,SKU6,49.0,1.0,137.42488472200398,95.0,17.0,4435.185959587941,39.0,1381.6276825159036,238.77562322886288,15.0,15.0,1718.2138115896896,5.0,64309.306756835016,239.61992083879204,31.0,32.0,3444.5401016023407,13.0,134425.20039296348,245.39372144337352,39.0,42.0,3930.0555283698873,16.0,169326.71391872526,-0.07272727272727274,2.0,7.0,8.0
11,C31,SKU67,42.0,1.0,377.67241609350725,95.0,17.0,4435.185959587941,39.0,3274.0392673701335,238.77562322886288,15.0,15.0,1181.8136750398212,5.0,71000.47885464548,239.61992083879204,31.0,32.0,3781.57818676148,14.0,137443.772888904,245.39372144337352,39.0,42.0,4700.319165521037,17.0,172175.24673959962,-0.07272727272727274,2.0,7.0,8.0
11,C31,SKU72,28.0,1.0,429.6995211003126,95.0,17.0,4435.185959587941,39.0,3018.2863524980753,238.77562322886288,15.0,15.0,2143.854582708852,7.0,64309.306756835016,239.61992083879204,31.0,32.0,4863.608727258521,18.0,134425.20039296348,245.39372144337352,39.0,42.0,6002.861555273883,22.0,169326.71391872526,-0.07272727272727274,3.0,6.0,6.0
11,C31,SKU58,35.0,1.0,181.60959268217582,95.0,17.0,4435.185959587941,39.0,2428.364439028346,238.77562322886288,15.0,15.0,1297.7898246030197,8.0,72290.49237417508,239.61992083879204,31.0,32.0,3175.459193108213,16.0,148491.51822589754,245.39372144337352,39.0,42.0,4854.18394342602,23.0,184904.32509861933,-0.07272727272727274,4.0,8.0,12.0
11,C31,SKU20,56.0,1.0,45.26202124694074,95.0,17.0,4435.185959587941,39.0,1321.7946414201335,238.77562322886288,15.0,15.0,2064.335557946855,6.0,72290.49237417508,239.61992083879204,31.0,32.0,2995.0391942363067,11.0,148491.51822589754,245.39372144337352,39.0,42.0,3330.725406979164,13.0,184904.32509861933,-0.07272727272727274,3.0,7.0,7.0
11,C31,SKU27,49.0,1.0,46.122620809929195,95.0,17.0,4435.185959587941,39.0,1268.8374400402477,238.77562322886288,15.0,15.0,1850.686499348616,6.0,71000.47885464548,239.61992083879204,31.0,32.0,4532.766246076299,16.0,137443.772888904,245.39372144337352,39.0,42.0,4829.31304282509,18.0,172175.24673959962,-0.07272727272727274,5.0,12.0,14.0
11,C31,SKU5,,,,,,,,,,,,,,,,,,,,,,,,,,,,,,
11,C31,SKU22,7.0,2.0,230.7674588012955,95.0,17.0,4435.185959587941,39.0,2978.2039427356617,238.77562322886288,15.0,15.0,3590.4101892893627,10.0,71000.47885464548,239.61992083879204,31.0,32.0,5087.730946024144,16.0,137443.772888904,245.39372144337352,39.0,42.0,5587.376488651759,19.0,172175.24673959962,-0.07272727272727274,2.0,4.0,5.0
11,C31,SKU22,7.0,2.0,230.7674588012955,95.0,17.0,4435.185959587941,39.0,2978.2039427356617,238.77562322886288,15.0,15.0,3590.4101892893627,10.0,71000.47885464548,239.61992083879204,31.0,32.0,5087.730946024144,16.0,137443.772888904,245.39372144337352,39.0,42.0,5587.376488651759,19.0,172175.24673959962,-0.07272727272727274,2.0,4.0,5.0
11,C31,SKU13,,,,,,,,,,,,,,,,,,,,,,,,,,,,,,
11,C31,SKU57,,,,,,,,,,,,,,,,,,,,,,,,,,,,,,
11,C31,SKU71,7.0,1.0,311.9868080474206,95.0,17.0,4435.185959587941,39.0,3096.068461614182,238.77562322886288,15.0,15.0,2404.39611588069,11.0,72290.49237417508,239.61992083879204,31.0,32.0,4674.080739616792,20.0,148491.51822589754,245.39372144337352,39.0,42.0,6040.737840554442,26.0,184904.32509861933,-0.07272727272727274,5.0,9.0,11.0
11,C31,SKU66,70.0,1.0,424.2944774310996,95.0,17.0,4435.185959587941,39.0,1264.0725862483225,238.77562322886288,15.0,15.0,2782.60833972082,11.0,71000.47885464548,239.61992083879204,31.0,32.0,4217.844243944581,18.0,137443.772888904,245.39372144337352,39.0,42.0,4755.902905153972,20.0,172175.24673959962,-0.07272727272727274,8.0,13.0,14.0
11,C31,SKU89,56.0,1.0,459.2590205355479,95.0,17.0,4435.185959587941,39.0,3580.937800003732,238.77562322886288,15.0,15.0,2711.515344539416,8.0,72290.49237417508,239.61992083879204,31.0,32.0,4952.93249102111,17.0,148491.51822589754,245.39372144337352,39.0,42.0,5669.163547128538,19.0,184904.32509861933,-0.07272727272727274,2.0,6.0,6.0
11,C31,SKU40,7.0,1.0,35.76970077945351,95.0,17.0,4435.185959587941,39.0,2107.523665214607,238.77562322886288,15.0,15.0,1316.753953201328,10.0,64309.306756835016,239.61992083879204,31.0,32.0,2963.78974554345,17.0,134425.20039296348,245.39372144337352,39.0,42.0,3647.9288448918765,19.0,169326.71391872526,-0.07272727272727274,4.0,4.0,4.0
11,C31,SKU79,70.0,1.0,271.58649693211095,95.0,17.0,4435.185959587941,39.0,2114.1325580165408,238.77562322886288,15.0,15.0,3067.2727070094,9.0,64309.306756835016,239.61992083879204,31.0,32.0,5685.419533093278,19.0,134425.20039296348,245.39372144337352,39.0,42.0,6392.592072969643,23.0,169326.71391872526,-0.07272727272727274,4.0,8.0,10.0
11,C31,SKU2,35.0,1.0,338.1058741378914,95.0,17.0,4435.185959587941,39.0,1552.299818017192,238.77562322886288,15.0,15.0,903.8945157772882,5.0,72290.49237417508,239.61992083879204,31.0,32.0,3056.9354831768433,13.0,148491.51822589754,245.39372144337352,39.0,42.0,3804.496357605421,16.0,184904.32509861933,-0.07272727272727274,1.0,5.0,7.0
11,C31,SKU61,63.0,1.0,350.8598621141486,95.0,17.0,4435.185959587941,39.0,2099.688100255211,238.77562322886288,15.0,15.0,1023.1745756884936,5.0,64309.306756835016,239.61992083879204,31.0,32.0,2996.4024557418907,13.0,134425.20039296348,245.39372144337352,39.0,42.0,4420.266454509291,18.0,169326.71391872526,-0.07272727272727274,0.0,3.0,6.0
11,C31,SKU37,70.0,1.0,355.58533692466494,95.0,17.0,4435.185959587941,39.0,3591.5989554667126,238.77562322886288,15.0,15.0,2506.0641619629373,9.0,71000.47885464548,239.61992083879204,31.0,32.0,6062.756483960785,24.0,137443.772888904,245.39372144337352,39.0,42.0,7868.481946817385,30.0,172175.24673959962,-0.07272727272727274,3.0,10.0,14.0
11,C31,SKU9,49.0,1.0,225.13992813201202,95.0,17.0,4435.185959587941,39.0,2578.9032756017787,238.77562322886288,15.0,15.0,656.8016608132668,3.0,72290.49237417508,239.61992083879204,31.0,32.0,3547.4614779361054,16.0,148491.51822589754,245.39372144337352,39.0,42.0,4567.6472624663165,20.0,184904.32509861933,-0.07272727272727274,0.0,5.0,5.0
11,C32,SKU94,63.0,1.0,219.7085163290569,30.0,49.0,4422.378667862203,31.0,3757.5006028651565,286.0304032347319,14.0,15.0,2483.5489317856486,9.0,71000.47885464548,304.2163726715498,25.0,32.0,5875.653325400093,19.0,137443.772888904,292.376702273591,31.0,38.0,7988.092781982599,26.0,172175.24673959962,-0.048484848484848485,5.0,9.0,13.0
11,C32,SKU70,63.0,1.0,392.93614782825824,30.0,49.0,4422.378667862203,31.0,2591.9024941911803,286.0304032347319,14.0,15.0,4480.1417984573545,14.0,72290.49237417508,304.2163726715498,25.0,32.0,6010.096024175712,20.0,148491.51822589754,292.376702273591,31.0,38.0,6403.032172003971,21.0,184904.32509861933,-0.048484848484848485,8.0,10.0,11.0
11,C32,SKU19,14.0,1.0,312.3688198615977,30.0,49.0,4422.378667862203,31.0,1228.708682636908,286.0304032347319,14.0,15.0,2459.6185464635482,8.0,64309.306756835016,304.2163726715498,25.0,32.0,4521.7287856660405,15.0,134425.20039296348,292.376702273591,31.0,38.0,5248.878137480506,18.0,169326.71391872526,-0.048484848484848485,4.0,10.0,11.0
11,C32,SKU74,,,,,,,,,,,,,,,,,,,,,,,,,,,,,,
11,C32,SKU24,56.0,2.0,258.663196906233,30.0,49.0,4422.378667862203,31.0,3871.543909906956,286.0304032347319,14.0,15.0,286.69854835136766,3.0,72290.49237417508,304.2163726715498,25.0,32.0,4430.1278243402,16.0,148491.51822589754,292.376702273591,31.0,38.0,5900.984207625734,21.0,184904.32509861933,-0.048484848484848485,0.0,7.0,11.0
11,C32,SKU24,56.0,2.0,258.663196906233,30.0,49.0,4422.378667862203,31.0,3871.543909906956,286.0304032347319,14.0,15.0,286.69854835136766,3.0,72290.49237417508,304.2163726715498,25.0,32.0,4430.1278243402,16.0,148491.51822589754,292.376702273591,31.0,38.0,5900.984207625734,21.0,184904.32509861933,-0.048484848484848485,0.0,7.0,11.0
11,C32,SKU31,21.0,3.0,343.70239258500675,30.0,49.0,4422.378667862203,31.0,2968.0074830757503,286.0304032347319,14.0,15.0,2588.410931651886,10.0,72290.49237417508,304.2163726715498,25.0,32.0,5665.229170095801,21.0,148491.51822589754,292.376702273591,31.0,38.0,5817.221087898065,22.0,184904.32509861933,-0.048484848484848485,7.0,16.0,17.0
11,C32,SKU31,21.0,3.0,343.70239258500675,30.0,49.0,4422.378667862203,31.0,2968.0074830757503,286.0304032347319,14.0,15.0,2588.410931651886,10.0,72290.49237417508,304.2163726715498,25.0,32.0,5665.229170095801,21.0,148491.51822589754,292.376702273591,31.0,38.0,5817.221087898065,22.0,184904.32509861933,-0.048484848484848485,7.0,16.0,17.0
11,C32,SKU31,21.0,3.0,343.70239258500675,30.0,49.0,4422.378667862203,31.0,2968.0074830757503,286.0304032347319,14.0,15.0,2588.410931651886,10.0,72290.49237417508,304.2163726715498,25.0,32.0,5665.229170095801,21.0,148491.51822589754,292.376702273591,31.0,38.0,5817.221087898065,22.0,184904.32509861933,-0.048484848484848485,7.0,16.0,17.0
11,C32,SKU99,28.0,1.0,255.24508711664734,30.0,49.0,4422.378667862203,31.0,2116.9755622507078,286.0304032347319,14.0,15.0,2063.456357418281,10.0,72290.49237417508,304.2163726715498,25.0,32.0,3861.6408359712746,19.0,148491.51822589754,292.376702273591,31.0,38.0,5112.221920080666,24.0,184904.32509861933,-0.048484848484848485,7.0,13.0,17.0
11,C32,SKU63,14.0,2.0,333.24802561770935,30.0,49.0,4422.378667862203,31.0,2963.0440804812574,286.0304032347319,14.0,15.0,3844.564732690659,10.0,72290.49237417508,304.2163726715498,25.0,32.0,6449.086660364468,19.0,148491.51822589754,292.376702273591,31.0,38.0,8086.425774464821,25.0,184904.32509861933,-0.048484848484848485,3.0,8.0,13.0
11,C32,SKU63,14.0,2.0,333.24802561770935,30.0,49.0,4422.378667862203,31.0,2963.0440804812574,286.0304032347319,14.0,15.0,3844.564732690659,10.0,72290.49237417508,304.2163726715498,25.0,32.0,6449.086660364468,19.0,148491.51822589754,292.376702273591,31.0,38.0,8086.425774464821,25.0,184904.32509861933,-0.048484848484848485,3.0,8.0,13.0
11,C32,SKU65,,,,,,,,,,,,,,,,,,,,,,,,,,,,,,
11,C32,SKU77,21.0,2.0,363.0007341725452,30.0,49.0,4422.378667862203,31.0,2915.234266854536,286.0304032347319,14.0,15.0,1969.5849943511034,6.0,64309.306756835016,304.2163726715498,25.0,32.0,6020.897732327896,20.0,134425.20039296348,292.376702273591,31.0,38.0,7074.900189336561,24.0,169326.71391872526,-0.048484848484848485,4.0,11.0,12.0
11,C32,SKU77,21.0,2.0,363.0007341725452,30.0,49.0,4422.378667862203,31.0,2915.234266854536,286.0304032347319,14.0,15.0,1969.5849943511034,6.0,64309.306756835016,304.2163726715498,25.0,32.0,6020.897732327896,20.0,134425.20039296348,292.376702273591,31.0,38.0,7074.900189336561,24.0,169326.71391872526,-0.048484848484848485,4.0,11.0,12.0
11,C32,SKU60,14.0,1.0,384.5612869152357,30.0,49.0,4422.378667862203,31.0,2392.1984382967407,286.0304032347319,14.0,15.0,1791.5378940569078,6.0,71000.47885464548,304.2163726715498,25.0,32.0,4922.461327065566,16.0,137443.772888904,292.376702273591,31.0,38.0,5049.12612134024,17.0,172175.24673959962,-0.048484848484848485,4.0,11.0,12.0
11,C32,SKU73,7.0,1.0,106.4164072518443,30.0,49.0,4422.378667862203,31.0,1600.6386856968245,286.0304032347319,14.0,15.0,2144.6610779968128,9.0,64309.306756835016,304.2163726715498,25.0,32.0,4922.04230623544,18.0,134425.20039296348,292.376702273591,31.0,38.0,6172.422473412418,22.0,169326.71391872526,-0.048484848484848485,6.0,12.0,13.0
11,C32,SKU21,70.0,1.0,136.81220238648513,30.0,49.0,4422.378667862203,31.0,1615.9110381919827,286.0304032347319,14.0,15.0,2353.590426368052,8.0,72290.49237417508,304.2163726715498,25.0,32.0,3999.2104528811406,15.0,148491.51822589754,292.376702273591,31.0,38.0,4945.858239130029,20.0,184904.32509861933,-0.048484848484848485,6.0,12.0,15.0
11,C32,SKU92,14.0,1.0,465.64220890207946,30.0,49.0,4422.378667862203,31.0,2871.877902604027,286.0304032347319,14.0,15.0,2058.795273282778,7.0,71000.47885464548,304.2163726715498,25.0,32.0,5764.102094818151,18.0,137443.772888904,292.376702273591,31.0,38.0,6840.064896781741,22.0,172175.24673959962,-0.048484848484848485,5.0,15.0,16.0
11,C32,SKU34,49.0,1.0,174.35151157004765,30.0,49.0,4422.378667862203,31.0,2190.9614076156327,286.0304032347319,14.0,15.0,3705.418135522522,14.0,71000.47885464548,304.2163726715498,25.0,32.0,6259.775782633862,23.0,137443.772888904,292.376702273591,31.0,38.0,7435.249755115927,26.0,172175.24673959962,-0.048484848484848485,11.0,15.0,17.0
11,C32,SKU53,,,,,,,,,,,,,,,,,,,,,,,,,,,,,,
11,C32,SKU15,21.0,1.0,292.3418832467351,30.0,49.0,4422.378667862203,31.0,933.7710256421153,286.0304032347319,14.0,15.0,2494.919570641518,9.0,71000.47885464548,304.2163726715498,25.0,32.0,3418.6513460945753,13.0,137443.772888904,292.376702273591,31.0,38.0,3907.7532733767002,15.0,172175.24673959962,-0.048484848484848485,8.0,11.0,12.0
11,C32,SKU68,56.0,1.0,320.6604167158944,30.0,49.0,4422.378667862203,31.0,3586.185674528488,286.0304032347319,14.0,15.0,3757.0945615131045,10.0,72290.49237417508,304.2163726715498,25.0,32.0,6486.586612668207,19.0,148491.51822589754,292.376702273591,31.0,38.0,6767.085248268148,21.0,184904.32509861933,-0.048484848484848485,5.0,11.0,12.0
11,C32,SKU30,,,,,,,,,,,,,,,,,,,,,,,,,,,,,,
11,C32,SKU47,63.0,1.0,184.2011619137208,30.0,49.0,4422.378667862203,31.0,1607.96020446487,286.0304032347319,14.0,15.0,1504.2583208823662,6.0,64309.306756835016,304.2163726715498,25.0,32.0,4078.5232405462552,15.0,134425.20039296348,292.376702273591,31.0,38.0,4851.310939419624,19.0,169326.71391872526,-0.048484848484848485,3.0,9.0,12.0
11,C32,SKU4,56.0,1.0,93.81042934953868,30.0,49.0,4422.378667862203,31.0,3013.2949312316678,286.0304032347319,14.0,15.0,2655.6484127428835,8.0,71000.47885464548,304.2163726715498,25.0,32.0,4052.347400421194,16.0,137443.772888904,292.376702273591,31.0,38.0,5206.213575325947,19.0,172175.24673959962,-0.048484848484848485,3.0,8.0,9.0
11,C32,SKU96,70.0,1.0,417.27731943054,30.0,49.0,4422.378667862203,31.0,3458.4755630408335,286.0304032347319,14.0,15.0,2285.8624136074177,9.0,72290.49237417508,304.2163726715498,25.0,32.0,3447.902699573569,14.0,148491.51822589754,292.376702273591,31.0,38.0,5524.266048975098,20.0,184904.32509861933,-0.048484848484848485,3.0,3.0,7.0
11,C32,SKU25,14.0,1.0,155.77443489339245,30.0,49.0,4422.378667862203,31.0,3482.3450801430713,286.0304032347319,14.0,15.0,3311.017450541504,13.0,72290.49237417508,304.2163726715498,25.0,32.0,6567.44870163083,25.0,148491.51822589754,292.376702273591,31.0,38.0,8248.815644727618,31.0,184904.32509861933,-0.048484848484848485,5.0,10.0,15.0
11,C32,SKU80,70.0,1.0,24.45541301880383,30.0,49.0,4422.378667862203,31.0,2604.7048310487007,286.0304032347319,14.0,15.0,2146.07442467616,7.0,64309.306756835016,304.2163726715498,25.0,32.0,4759.000777469969,17.0,134425.20039296348,292.376702273591,31.0,38.0,5848.340218353709,22.0,169326.71391872526,-0.048484848484848485,3.0,8.0,10.0
11,C32,SKU87,,,,,,,,,,,,,,,,,,,,,,,,,,,,,,
11,C32,SKU23,35.0,1.0,499.9427250883364,30.0,49.0,4422.378667862203,31.0,2529.226035705933,286.0304032347319,14.0,15.0,2634.4380931227643,10.0,71000.47885464548,304.2163726715498,25.0,32.0,4401.380339195599,16.0,137443.772888904,292.376702273591,31.0,38.0,5978.508943032263,23.0,172175.24673959962,-0.048484848484848485,5.0,8.0,10.0
11,C32,SKU58,,,,,,,,,,,,,,,,,,,,,,,,,,,,,,
11,C32,SKU38,21.0,1.0,64.17566827840287,30.0,49.0,4422.378667862203,31.0,3688.49053974194,286.0304032347319,14.0,15.0,2761.0560156102297,11.0,72290.49237417508,304.2163726715498,25.0,32.0,5745.3779223572765,22.0,148491.51822589754,292.376702273591,31.0,38.0,7883.80530397241,28.0,184904.32509861933,-0.048484848484848485,6.0,10.0,14.0
11,C32,SKU55,7.0,1.0,207.11946966771626,30.0,49.0,4422.378667862203,31.0,1785.074221313132,286.0304032347319,14.0,15.0,1998.897600122124,7.0,64309.306756835016,304.2163726715498,25.0,32.0,3587.397886299588,12.0,134425.20039296348,292.376702273591,31.0,38.0,4503.739931530498,16.0,169326.71391872526,-0.048484848484848485,5.0,6.0,8.0
11,C32,SKU5,56.0,1.0,344.90907601467853,30.0,49.0,4422.378667862203,31.0,4037.9799364658056,286.0304032347319,14.0,15.0,2752.7115105281678,9.0,72290.49237417508,304.2163726715498,25.0,32.0,7156.4594080845045,24.0,148491.51822589754,292.376702273591,31.0,38.0,8513.080158022674,29.0,184904.32509861933,-0.048484848484848485,4.0,14.0,17.0
11,C32,SKU22,7.0,2.0,314.512810321189,30.0,49.0,4422.378667862203,31.0,2978.2039427356617,286.0304032347319,14.0,15.0,3590.4101892893627,10.0,71000.47885464548,304.2163726715498,25.0,32.0,5087.730946024144,16.0,137443.772888904,292.376702273591,31.0,38.0,5587.376488651759,19.0,172175.24673959962,-0.048484848484848485,8.0,12.0,14.0
11,C32,SKU22,7.0,2.0,314.512810321189,30.0,49.0,4422.378667862203,31.0,2978.2039427356617,286.0304032347319,14.0,15.0,3590.4101892893627,10.0,71000.47885464548,304.2163726715498,25.0,32.0,5087.730946024144,16.0,137443.772888904,292.376702273591,31.0,38.0,5587.376488651759,19.0,172175.24673959962,-0.048484848484848485,8.0,12.0,14.0
11,C32,SKU43,56.0,1.0,356.4580641594235,30.0,49.0,4422.378667862203,31.0,2029.372523564884,286.0304032347319,14.0,15.0,1168.0650395391517,5.0,72290.49237417508,304.2163726715498,25.0,32.0,3446.6599790396226,14.0,148491.51822589754,292.376702273591,31.0,38.0,4562.116205894099,18.0,184904.32509861933,-0.048484848484848485,4.0,10.0,10.0
11,C32,SKU71,42.0,1.0,342.64389962872167,30.0,49.0,4422.378667862203,31.0,3096.068461614182,286.0304032347319,14.0,15.0,2404.39611588069,11.0,72290.49237417508,304.2163726715498,25.0,32.0,4674.080739616792,20.0,148491.51822589754,292.376702273591,31.0,38.0,6040.737840554442,26.0,184904.32509861933,-0.048484848484848485,6.0,11.0,15.0
11,C32,SKU66,42.0,1.0,294.2241331847689,30.0,49.0,4422.378667862203,31.0,1264.0725862483225,286.0304032347319,14.0,15.0,2782.60833972082,11.0,71000.47885464548,304.2163726715498,25.0,32.0,4217.844243944581,18.0,137443.772888904,292.376702273591,31.0,38.0,4755.902905153972,20.0,172175.24673959962,-0.048484848484848485,3.0,5.0,6.0
11,C32,SKU89,35.0,1.0,160.43973703320475,30.0,49.0,4422.378667862203,31.0,3580.937800003732,286.0304032347319,14.0,15.0,2711.515344539416,8.0,72290.49237417508,304.2163726715498,25.0,32.0,4952.93249102111,17.0,148491.51822589754,292.376702273591,31.0,38.0,5669.163547128538,19.0,184904.32509861933,-0.048484848484848485,6.0,11.0,13.0
11,C32,SKU40,56.0,2.0,431.69460040562296,30.0,49.0,4422.378667862203,31.0,2107.523665214607,286.0304032347319,14.0,15.0,1316.753953201328,10.0,64309.306756835016,304.2163726715498,25.0,32.0,2963.78974554345,17.0,134425.20039296348,292.376702273591,31.0,38.0,3647.9288448918765,19.0,169326.71391872526,-0.048484848484848485,6.0,13.0,15.0
11,C32,SKU40,56.0,2.0,431.69460040562296,30.0,49.0,4422.378667862203,31.0,2107.523665214607,286.0304032347319,14.0,15.0,1316.753953201328,10.0,64309.306756835016,304.2163726715498,25.0,32.0,2963.78974554345,17.0,134425.20039296348,292.376702273591,31.0,38.0,3647.9288448918765,19.0,169326.71391872526,-0.048484848484848485,6.0,13.0,15.0
11,C32,SKU61,28.0,1.0,470.4927540097078,30.0,49.0,4422.378667862203,31.0,2099.688100255211,286.0304032347319,14.0,15.0,1023.1745756884936,5.0,64309.306756835016,304.2163726715498,25.0,32.0,2996.4024557418907,13.0,134425.20039296348,292.376702273591,31.0,38.0,4420.266454509291,18.0,169326.71391872526,-0.048484848484848485,5.0,10.0,12.0
11,C33,SKU70,35.0,1.0,84.56010473113773,29.0,36.0,6462.808077558534,17.0,3811.12967781279,179.90532754461273,9.0,9.0,4480.1417984573545,14.0,72290.49237417508,224.7508914048258,14.0,17.0,6010.096024175712,20.0,148491.51822589754,228.11821246544537,17.0,21.0,6403.032172003971,21.0,184904.32509861933,-0.3914473684210526,8.0,10.0,11.0
11,C33,SKU18,42.0,1.0,455.0313919410111,29.0,36.0,6462.808077558534,17.0,2574.6088131084107,179.90532754461273,9.0,9.0,2258.141245675125,9.0,64309.306756835016,224.7508914048258,14.0,17.0,3594.6492811204107,15.0,134425.20039296348,228.11821246544537,17.0,21.0,4487.374291389015,18.0,169326.71391872526,-0.3914473684210526,7.0,12.0,12.0
11,C33,SKU3,14.0,1.0,382.54182143937646,29.0,36.0,6462.808077558534,17.0,2194.525569236694,179.90532754461273,9.0,9.0,1098.6612416319165,4.0,71000.47885464548,224.7508914048258,14.0,17.0,2437.8505177723046,9.0,137443.772888904,228.11821246544537,17.0,21.0,2861.6502477050426,11.0,172175.24673959962,-0.3914473684210526,2.0,3.0,3.0
11,C33,SKU26,63.0,1.0,228.34263311676406,29.0,36.0,6462.808077558534,17.0,2870.077373106889,179.90532754461273,9.0,9.0,1878.8963415535886,9.0,64309.306756835016,224.7508914048258,14.0,17.0,4362.126765130159,19.0,134425.20039296348,228.11821246544537,17.0,21.0,5671.0460414333365,24.0,169326.71391872526,-0.3914473684210526,4.0,7.0,11.0
11,C33,SKU99,21.0,2.0,111.2801692840484,29.0,36.0,6462.808077558534,17.0,2995.2463578299585,179.90532754461273,9.0,9.0,2063.456357418281,10.0,72290.49237417508,224.7508914048258,14.0,17.0,3861.6408359712746,19.0,148491.51822589754,228.11821246544537,17.0,21.0,5112.221920080666,24.0,184904.32509861933,-0.3914473684210526,7.0,13.0,17.0
11,C33,SKU99,21.0,2.0,111.2801692840484,29.0,36.0,6462.808077558534,17.0,2995.2463578299585,179.90532754461273,9.0,9.0,2063.456357418281,10.0,72290.49237417508,224.7508914048258,14.0,17.0,3861.6408359712746,19.0,148491.51822589754,228.11821246544537,17.0,21.0,5112.221920080666,24.0,184904.32509861933,-0.3914473684210526,7.0,13.0,17.0
11,C33,SKU31,28.0,2.0,101.90351556689004,29.0,36.0,6462.808077558534,17.0,2849.213604822314,179.90532754461273,9.0,9.0,2588.410931651886,10.0,72290.49237417508,224.7508914048258,14.0,17.0,5665.229170095801,21.0,148491.51822589754,228.11821246544537,17.0,21.0,5817.221087898065,22.0,184904.32509861933,-0.3914473684210526,7.0,16.0,17.0
11,C33,SKU31,28.0,2.0,101.90351556689004,29.0,36.0,6462.808077558534,17.0,2849.213604822314,179.90532754461273,9.0,9.0,2588.410931651886,10.0,72290.49237417508,224.7508914048258,14.0,17.0,5665.229170095801,21.0,148491.51822589754,228.11821246544537,17.0,21.0,5817.221087898065,22.0,184904.32509861933,-0.3914473684210526,7.0,16.0,17.0
11,C33,SKU63,,,,,,,,,,,,,,,,,,,,,,,,,,,,,,
11,C33,SKU97,28.0,1.0,33.12961763909006,29.0,36.0,6462.808077558534,17.0,2763.7157447432432,179.90532754461273,9.0,9.0,1680.6880253238674,9.0,72290.49237417508,224.7508914048258,14.0,17.0,3408.703085968549,18.0,148491.51822589754,228.11821246544537,17.0,21.0,4105.349745126161,20.0,184904.32509861933,-0.3914473684210526,4.0,9.0,11.0
11,C33,SKU93,,,,,,,,,,,,,,,,,,,,,,,,,,,,,,
11,C33,SKU77,28.0,1.0,152.06522344652936,29.0,36.0,6462.808077558534,17.0,4159.665922482025,179.90532754461273,9.0,9.0,1969.5849943511034,6.0,64309.306756835016,224.7508914048258,14.0,17.0,6020.897732327896,20.0,134425.20039296348,228.11821246544537,17.0,21.0,7074.900189336561,24.0,169326.71391872526,-0.3914473684210526,4.0,11.0,12.0
11,C33,SKU73,35.0,1.0,473.13941937633564,29.0,36.0,6462.808077558534,17.0,4571.7837877155935,179.90532754461273,9.0,9.0,2144.6610779968128,9.0,64309.306756835016,224.7508914048258,14.0,17.0,4922.04230623544,18.0,134425.20039296348,228.11821246544537,17.0,21.0,6172.422473412418,22.0,169326.71391872526,-0.3914473684210526,6.0,12.0,13.0
11,C33,SKU21,7.0,3.0,257.4450041402919,29.0,36.0,6462.808077558534,17.0,3329.9472009380474,179.90532754461273,9.0,9.0,2353.590426368052,8.0,72290.49237417508,224.7508914048258,14.0,17.0,3999.2104528811406,15.0,148491.51822589754,228.11821246544537,17.0,21.0,4945.858239130029,20.0,184904.32509861933,-0.3914473684210526,6.0,12.0,15.0
11,C33,SKU21,7.0,3.0,257.4450041402919,29.0,36.0,6462.808077558534,17.0,3329.9472009380474,179.90532754461273,9.0,9.0,2353.590426368052,8.0,72290.49237417508,224.7508914048258,14.0,17.0,3999.2104528811406,15.0,148491.51822589754,228.11821246544537,17.0,21.0,4945.858239130029,20.0,184904.32509861933,-0.3914473684210526,6.0,12.0,15.0
11,C33,SKU21,7.0,3.0,257.4450041402919,29.0,36.0,6462.808077558534,17.0,3329.9472009380474,179.90532754461273,9.0,9.0,2353.590426368052,8.0,72290.49237417508,224.7508914048258,14.0,17.0,3999.2104528811406,15.0,148491.51822589754,228.11821246544537,17.0,21.0,4945.858239130029,20.0,184904.32509861933,-0.3914473684210526,6.0,12.0,15.0
11,C33,SKU34,,,,,,,,,,,,,,,,,,,,,,,,,,,,,,
11,C33,SKU91,35.0,1.0,489.8736378486448,29.0,36.0,6462.808077558534,17.0,3041.4309024381173,179.90532754461273,9.0,9.0,2984.7942397263446,12.0,71000.47885464548,224.7508914048258,14.0,17.0,5467.293917927763,21.0,137443.772888904,228.11821246544537,17.0,21.0,6199.939367149383,24.0,172175.24673959962,-0.3914473684210526,4.0,7.0,10.0
11,C33,SKU98,63.0,1.0,416.9006565747313,29.0,36.0,6462.808077558534,17.0,2640.5724940722566,179.90532754461273,9.0,9.0,2373.2708616765435,11.0,71000.47885464548,224.7508914048258,14.0,17.0,3380.219179246736,14.0,137443.772888904,228.11821246544537,17.0,21.0,4767.829085732679,19.0,172175.24673959962,-0.3914473684210526,5.0,6.0,7.0
11,C33,SKU8,,,,,,,,,,,,,,,,,,,,,,,,,,,,,,
11,C33,SKU96,21.0,1.0,290.4344827298503,29.0,36.0,6462.808077558534,17.0,2065.7904859342652,179.90532754461273,9.0,9.0,2285.8624136074177,9.0,72290.49237417508,224.7508914048258,14.0,17.0,3447.902699573569,14.0,148491.51822589754,228.11821246544537,17.0,21.0,5524.266048975098,20.0,184904.32509861933,-0.3914473684210526,3.0,3.0,7.0
11,C33,SKU25,63.0,1.0,106.66158811773758,29.0,36.0,6462.808077558534,17.0,4766.470564584546,179.90532754461273,9.0,9.0,3311.017450541504,13.0,72290.49237417508,224.7508914048258,14.0,17.0,6567.44870163083,25.0,148491.51822589754,228.11821246544537,17.0,21.0,8248.815644727618,31.0,184904.32509861933,-0.3914473684210526,5.0,10.0,15.0
11,C33,SKU54,42.0,1.0,135.88723940571901,29.0,36.0,6462.808077558534,17.0,2239.1404558524237,179.90532754461273,9.0,9.0,1609.6467143000414,7.0,72290.49237417508,224.7508914048258,14.0,17.0,2606.8102918522354,11.0,148491.51822589754,228.11821246544537,17.0,21.0,3631.498343241021,15.0,184904.32509861933,-0.3914473684210526,5.0,8.0,10.0
11,C33,SKU48,7.0,1.0,305.8102897066262,29.0,36.0,6462.808077558534,17.0,3187.3472628674654,179.90532754461273,9.0,9.0,2294.3657919101456,11.0,71000.47885464548,224.7508914048258,14.0,17.0,4714.559295750083,17.0,137443.772888904,228.11821246544537,17.0,21.0,5555.479837264602,20.0,172175.24673959962,-0.3914473684210526,6.0,9.0,11.0
11,C33,SKU14,,,,,,,,,,,,,,,,,,,,,,,,,,,,,,
11,C33,SKU17,,,,,,,,,,,,,,,,,,,,,,,,,,,,,,
11,C33,SKU76,,,,,,,,,,,,,,,,,,,,,,,,,,,,,,
11,C33,SKU20,,,,,,,,,,,,,,,,,,,,,,,,,,,,,,
11,C33,SKU71,28.0,1.0,37.40197357804513,29.0,36.0,6462.808077558534,17.0,2944.6693789402602,179.90532754461273,9.0,9.0,2404.39611588069,11.0,72290.49237417508,224.7508914048258,14.0,17.0,4674.080739616792,20.0,148491.51822589754,228.11821246544537,17.0,21.0,6040.737840554442,26.0,184904.32509861933,-0.3914473684210526,6.0,11.0,15.0
11,C34,SKU94,56.0,1.0,255.89124871877598,55.0,46.0,2112.383378576121,33.0,3757.5006028651565,269.5804412030694,12.0,13.0,2483.5489317856486,9.0,71000.47885464548,268.6853755445881,26.0,29.0,5875.653325400093,19.0,137443.772888904,268.12977734213075,33.0,37.0,7988.092781982599,26.0,172175.24673959962,0.018181818181818177,5.0,9.0,13.0
11,C34,SKU46,70.0,1.0,369.3941002682099,55.0,46.0,2112.383378576121,33.0,2294.787006916099,269.5804412030694,12.0,13.0,1113.88374513786,5.0,71000.47885464548,268.6853755445881,26.0,29.0,2359.140085796144,10.0,137443.772888904,268.12977734213075,33.0,37.0,4011.448091088257,17.0,172175.24673959962,0.018181818181818177,1.0,2.0,4.0
11,C34,SKU49,63.0,1.0,311.4805002461173,55.0,46.0,2112.383378576121,33.0,2668.5709688252655,269.5804412030694,12.0,13.0,1795.5619315160645,9.0,71000.47885464548,268.6853755445881,26.0,29.0,3104.2376143523725,15.0,137443.772888904,268.12977734213075,33.0,37.0,5392.065726760854,22.0,172175.24673959962,0.018181818181818177,6.0,8.0,13.0
11,C34,SKU42,7.0,1.0,190.1422600699246,55.0,46.0,2112.383378576121,33.0,1269.8702120574414,269.5804412030694,12.0,13.0,2048.043858333036,8.0,64309.306756835016,268.6853755445881,26.0,29.0,2875.4570715654363,12.0,134425.20039296348,268.12977734213075,33.0,37.0,3693.722317751543,15.0,169326.71391872526,0.018181818181818177,5.0,8.0,10.0
11,C34,SKU11,49.0,1.0,68.7356373077829,55.0,46.0,2112.383378576121,33.0,2549.992204157295,269.5804412030694,12.0,13.0,1306.338850366108,8.0,71000.47885464548,268.6853755445881,26.0,29.0,2550.8480591644948,13.0,137443.772888904,268.12977734213075,33.0,37.0,4121.535060767028,18.0,172175.24673959962,0.018181818181818177,4.0,5.0,7.0
11,C34,SKU19,35.0,2.0,326.35019489153865,55.0,46.0,2112.383378576121,33.0,1228.708682636908,269.5804412030694,12.0,13.0,2459.6185464635482,8.0,64309.306756835016,268.6853755445881,26.0,29.0,4521.7287856660405,15.0,134425.20039296348,268.12977734213075,33.0,37.0,5248.878137480506,18.0,169326.71391872526,0.018181818181818177,4.0,10.0,11.0
11,C34,SKU19,35.0,2.0,326.35019489153865,55.0,46.0,2112.383378576121,33.0,1228.708682636908,269.5804412030694,12.0,13.0,2459.6185464635482,8.0,64309.306756835016,268.6853755445881,26.0,29.0,4521.7287856660405,15.0,134425.20039296348,268.12977734213075,33.0,37.0,5248.878137480506,18.0,169326.71391872526,0.018181818181818177,4.0,10.0,11.0
11,C34,SKU24,,,,,,,,,,,,,,,,,,,,,,,,,,,,,,
11,C34,SKU63,63.0,1.0,297.73288299371643,55.0,46.0,2112.383378576121,33.0,2963.0440804812574,269.5804412030694,12.0,13.0,3844.564732690659,10.0,72290.49237417508,268.6853755445881,26.0,29.0,6449.086660364468,19.0,148491.51822589754,268.12977734213075,33.0,37.0,8086.425774464821,25.0,184904.32509861933,0.018181818181818177,3.0,8.0,13.0
11,C34,SKU79,7.0,1.0,329.8122253979645,55.0,46.0,2112.383378576121,33.0,2114.1325580165408,269.5804412030694,12.0,13.0,3067.2727070094,9.0,64309.306756835016,268.6853755445881,26.0,29.0,5685.419533093278,19.0,134425.20039296348,268.12977734213075,33.0,37.0,6392.592072969643,23.0,169326.71391872526,0.018181818181818177,5.0,11.0,13.0
11,C34,SKU90,14.0,1.0,492.1456904633747,55.0,46.0,2112.383378576121,33.0,3680.1183033290145,269.5804412030694,12.0,13.0,4395.3248693451,13.0,71000.47885464548,268.6853755445881,26.0,29.0,6125.165358255388,20.0,137443.772888904,268.12977734213075,33.0,37.0,7179.063293597827,23.0,172175.24673959962,0.018181818181818177,7.0,9.0,11.0
11,C34,SKU60,42.0,1.0,295.3109060776896,55.0,46.0,2112.383378576121,33.0,2392.1984382967407,269.5804412030694,12.0,13.0,1791.5378940569078,6.0,71000.47885464548,268.6853755445881,26.0,29.0,4922.461327065566,16.0,137443.772888904,268.12977734213075,33.0,37.0,5049.12612134024,17.0,172175.24673959962,0.018181818181818177,4.0,11.0,12.0
11,C34,SKU50,63.0,1.0,310.67657694646573,55.0,46.0,2112.383378576121,33.0,1433.2282860598164,269.5804412030694,12.0,13.0,2043.4660640573127,8.0,72290.49237417508,268.6853755445881,26.0,29.0,3799.0039423972185,14.0,148491.51822589754,268.12977734213075,33.0,37.0,4985.330160061602,19.0,184904.32509861933,0.018181818181818177,6.0,10.0,13.0
11,C34,SKU62,42.0,1.0,361.75284234746397,55.0,46.0,2112.383378576121,33.0,1512.6618527572714,269.5804412030694,12.0,13.0,2300.964082607896,9.0,72290.49237417508,268.6853755445881,26.0,29.0,3409.285760329741,13.0,148491.51822589754,268.12977734213075,33.0,37.0,5094.40761574676,19.0,184904.32509861933,0.018181818181818177,3.0,4.0,7.0
11,C34,SKU21,42.0,1.0,97.34915006806936,55.0,46.0,2112.383378576121,33.0,1615.9110381919827,269.5804412030694,12.0,13.0,2353.590426368052,8.0,72290.49237417508,268.6853755445881,26.0,29.0,3999.2104528811406,15.0,148491.51822589754,268.12977734213075,33.0,37.0,4945.858239130029,20.0,184904.32509861933,0.018181818181818177,6.0,12.0,15.0
11,C34,SKU53,,,,,,,,,,,,,,,,,,,,,,,,,,,,,,
11,C34,SKU30,,,,,,,,,,,,,,,,,,,,,,,,,,,,,,
11,C34,SKU56,42.0,2.0,330.8320828136361,55.0,46.0,2112.383378576121,33.0,2132.839872081411,269.5804412030694,12.0,13.0,1545.754829674268,6.0,64309.306756835016,268.6853755445881,26.0,29.0,3270.798830899707,18.0,134425.20039296348,268.12977734213075,33.0,37.0,3695.2568467426813,19.0,169326.71391872526,0.018181818181818177,3.0,10.0,11.0
11,C34,SKU56,42.0,2.0,330.8320828136361,55.0,46.0,2112.383378576121,33.0,2132.839872081411,269.5804412030694,12.0,13.0,1545.754829674268,6.0,64309.306756835016,268.6853755445881,26.0,29.0,3270.798830899707,18.0,134425.20039296348,268.12977734213075,33.0,37.0,3695.2568467426813,19.0,169326.71391872526,0.018181818181818177,3.0,10.0,11.0
11,C34,SKU96,14.0,1.0,288.667281821788,55.0,46.0,2112.383378576121,33.0,3458.4755630408335,269.5804412030694,12.0,13.0,2285.8624136074177,9.0,72290.49237417508,268.6853755445881,26.0,29.0,3447.902699573569,14.0,148491.51822589754,268.12977734213075,33.0,37.0,5524.266048975098,20.0,184904.32509861933,0.018181818181818177,3.0,3.0,7.0
11,C34,SKU88,63.0,1.0,98.55186362658715,55.0,46.0,2112.383378576121,33.0,2551.1637437636923,269.5804412030694,12.0,13.0,1549.9771923844714,4.0,71000.47885464548,268.6853755445881,26.0,29.0,3243.4660066444285,11.0,137443.772888904,268.12977734213075,33.0,37.0,5244.437165998218,18.0,172175.24673959962,0.018181818181818177,2.0,4.0,8.0
11,C34,SKU54,14.0,1.0,152.71499263425363,55.0,46.0,2112.383378576121,33.0,1392.3578873885974,269.5804412030694,12.0,13.0,1609.6467143000414,7.0,72290.49237417508,268.6853755445881,26.0,29.0,2606.8102918522354,11.0,148491.51822589754,268.12977734213075,33.0,37.0,3631.498343241021,15.0,184904.32509861933,0.018181818181818177,5.0,8.0,10.0
11,C34,SKU48,28.0,2.0,311.65002305473143,55.0,46.0,2112.383378576121,33.0,2368.132574397137,269.5804412030694,12.0,13.0,2294.3657919101456,11.0,71000.47885464548,268.6853755445881,26.0,29.0,4714.559295750083,17.0,137443.772888904,268.12977734213075,33.0,37.0,5555.479837264602,20.0,172175.24673959962,0.018181818181818177,6.0,9.0,11.0
11,C34,SKU48,28.0,2.0,311.65002305473143,55.0,46.0,2112.383378576121,33.0,2368.132574397137,269.5804412030694,12.0,13.0,2294.3657919101456,11.0,71000.47885464548,268.6853755445881,26.0,29.0,4714.559295750083,17.0,137443.772888904,268.12977734213075,33.0,37.0,5555.479837264602,20.0,172175.24673959962,0.018181818181818177,6.0,9.0,11.0
11,C34,SKU80,42.0,1.0,384.0010405905637,55.0,46.0,2112.383378576121,33.0,2604.7048310487007,269.5804412030694,12.0,13.0,2146.07442467616,7.0,64309.306756835016,268.6853755445881,26.0,29.0,4759.000777469969,17.0,134425.20039296348,268.12977734213075,33.0,37.0,5848.340218353709,22.0,169326.71391872526,0.018181818181818177,3.0,8.0,10.0
11,C34,SKU100,14.0,2.0,297.95802615168594,55.0,46.0,2112.383378576121,33.0,2481.3830967136573,269.5804412030694,12.0,13.0,2673.953826709808,9.0,72290.49237417508,268.6853755445881,26.0,29.0,4985.751239140065,20.0,148491.51822589754,268.12977734213075,33.0,37.0,6311.3762452218325,24.0,184904.32509861933,0.018181818181818177,3.0,8.0,11.0
11,C34,SKU100,14.0,2.0,297.95802615168594,55.0,46.0,2112.383378576121,33.0,2481.3830967136573,269.5804412030694,12.0,13.0,2673.953826709808,9.0,72290.49237417508,268.6853755445881,26.0,29.0,4985.751239140065,20.0,148491.51822589754,268.12977734213075,33.0,37.0,6311.3762452218325,24.0,184904.32509861933,0.018181818181818177,3.0,8.0,11.0
11,C34,SKU82,35.0,1.0,271.6703429472917,55.0,46.0,2112.383378576121,33.0,1590.0889523739684,269.5804412030694,12.0,13.0,1052.2117338770022,4.0,64309.306756835016,268.6853755445881,26.0,29.0,2579.596678909137,11.0,134425.20039296348,268.12977734213075,33.0,37.0,3253.6048083395153,15.0,169326.71391872526,0.018181818181818177,3.0,6.0,9.0
11,C34,SKU72,70.0,1.0,88.20365191004042,55.0,46.0,2112.383378576121,33.0,3018.2863524980753,269.5804412030694,12.0,13.0,2143.854582708852,7.0,64309.306756835016,268.6853755445881,26.0,29.0,4863.608727258521,18.0,134425.20039296348,268.12977734213075,33.0,37.0,6002.861555273883,22.0,169326.71391872526,0.018181818181818177,4.0,12.0,16.0
11,C34,SKU39,,,,,,,,,,,,,,,,,,,,,,,,,,,,,,
11,C34,SKU38,70.0,1.0,228.4282790316709,55.0,46.0,2112.383378576121,33.0,3688.49053974194,269.5804412030694,12.0,13.0,2761.0560156102297,11.0,72290.49237417508,268.6853755445881,26.0,29.0,5745.3779223572765,22.0,148491.51822589754,268.12977734213075,33.0,37.0,7883.80530397241,28.0,184904.32509861933,0.018181818181818177,6.0,10.0,14.0
11,C34,SKU76,35.0,1.0,47.55375395946581,55.0,46.0,2112.383378576121,33.0,2637.59123784951,269.5804412030694,12.0,13.0,2408.515227882009,11.0,71000.47885464548,268.6853755445881,26.0,29.0,4641.153927856552,19.0,137443.772888904,268.12977734213075,33.0,37.0,5347.188208957184,22.0,172175.24673959962,0.018181818181818177,3.0,10.0,10.0
11,C34,SKU20,21.0,1.0,485.08395719239434,55.0,46.0,2112.383378576121,33.0,1321.7946414201335,269.5804412030694,12.0,13.0,2064.335557946855,6.0,72290.49237417508,268.6853755445881,26.0,29.0,2995.0391942363067,11.0,148491.51822589754,268.12977734213075,33.0,37.0,3330.725406979164,13.0,184904.32509861933,0.018181818181818177,3.0,4.0,6.0
11,C34,SKU5,,,,,,,,,,,,,,,,,,,,,,,,,,,,,,
11,C34,SKU13,7.0,1.0,476.4186666619976,55.0,46.0,2112.383378576121,33.0,2622.2735648767484,269.5804412030694,12.0,13.0,2639.5557162582354,9.0,72290.49237417508,268.6853755445881,26.0,29.0,4043.166248554249,14.0,148491.51822589754,268.12977734213075,33.0,37.0,6020.244724995739,19.0,184904.32509861933,0.018181818181818177,8.0,11.0,13.0
11,C34,SKU57,14.0,1.0,134.90327250476298,55.0,46.0,2112.383378576121,33.0,2115.78636749953,269.5804412030694,12.0,13.0,2481.3321993654963,12.0,71000.47885464548,268.6853755445881,26.0,29.0,5034.701407276938,22.0,137443.772888904,268.12977734213075,33.0,37.0,6199.929816035148,26.0,172175.24673959962,0.018181818181818177,7.0,14.0,16.0
11,C34,SKU1,35.0,1.0,290.39099313731674,55.0,46.0,2112.383378576121,33.0,2040.4833708442043,269.5804412030694,12.0,13.0,1896.417385529631,8.0,64309.306756835016,268.6853755445881,26.0,29.0,2940.1441700632254,11.0,134425.20039296348,268.12977734213075,33.0,37.0,3629.2039743522905,16.0,169326.71391872526,0.018181818181818177,5.0,8.0,11.0
11,C34,SKU61,14.0,1.0,93.34357901365368,55.0,46.0,2112.383378576121,33.0,2099.688100255211,269.5804412030694,12.0,13.0,1023.1745756884936,5.0,64309.306756835016,268.6853755445881,26.0,29.0,2996.4024557418907,13.0,134425.20039296348,268.12977734213075,33.0,37.0,4420.266454509291,18.0,169326.71391872526,0.018181818181818177,5.0,10.0,12.0
11,C34,SKU51,56.0,1.0,431.3003723411597,55.0,46.0,2112.383378576121,33.0,1891.5781601654553,269.5804412030694,12.0,13.0,486.7791275019824,5.0,64309.306756835016,268.6853755445881,26.0,29.0,2563.3211172380097,13.0,134425.20039296348,268.12977734213075,33.0,37.0,4153.947150176074,18.0,169326.71391872526,0.018181818181818177,2.0,7.0,8.0
11,C34,SKU44,49.0,1.0,71.52076279930705,55.0,46.0,2112.383378576121,33.0,1286.5556691419476,269.5804412030694,12.0,13.0,3375.707094179786,14.0,72290.49237417508,268.6853755445881,26.0,29.0,3709.5889620045978,17.0,148491.51822589754,268.12977734213075,33.0,37.0,3975.385161577007,18.0,184904.32509861933,0.018181818181818177,7.0,8.0,8.0
11,C34,SKU37,49.0,1.0,335.6976494940071,55.0,46.0,2112.383378576121,33.0,3591.5989554667126,269.5804412030694,12.0,13.0,2506.0641619629373,9.0,71000.47885464548,268.6853755445881,26.0,29.0,6062.756483960785,24.0,137443.772888904,268.12977734213075,33.0,37.0,7868.481946817385,30.0,172175.24673959962,0.018181818181818177,6.0,14.0,16.0
11,C34,SKU9,14.0,1.0,128.34662726383812,55.0,46.0,2112.383378576121,33.0,2578.9032756017787,269.5804412030694,12.0,13.0,656.8016608132668,3.0,72290.49237417508,268.6853755445881,26.0,29.0,3547.4614779361054,16.0,148491.51822589754,268.12977734213075,33.0,37.0,4567.6472624663165,20.0,184904.32509861933,0.018181818181818177,3.0,11.0,15.0
11,C35,SKU7,,,,,,,,,,,,,,,,,,,,,,,,,,,,,,
11,C35,SKU94,63.0,1.0,114.63646460560402,29.0,26.0,4608.596966736775,34.0,4230.592179117441,229.614720772888,14.0,15.0,2483.5489317856486,9.0,71000.47885464548,236.13782301756746,27.0,32.0,5875.653325400093,19.0,137443.772888904,229.2799529203685,34.0,40.0,7988.092781982599,26.0,172175.24673959962,0.0,5.0,9.0,13.0
11,C35,SKU18,14.0,1.0,186.74649658938029,29.0,26.0,4608.596966736775,34.0,2574.6088131084107,229.614720772888,14.0,15.0,2258.141245675125,9.0,64309.306756835016,236.13782301756746,27.0,32.0,3594.6492811204107,15.0,134425.20039296348,229.2799529203685,34.0,40.0,4487.374291389015,18.0,169326.71391872526,0.0,7.0,12.0,12.0
11,C35,SKU36,49.0,1.0,176.77960145090293,29.0,26.0,4608.596966736775,34.0,3878.3755467399974,229.614720772888,14.0,15.0,2098.4499335866844,9.0,71000.47885464548,236.13782301756746,27.0,32.0,4085.6246541863675,16.0,137443.772888904,229.2799529203685,34.0,40.0,5006.714238376788,21.0,172175.24673959962,0.0,4.0,6.0,9.0
11,C35,SKU49,63.0,1.0,40.333490621452164,29.0,26.0,4608.596966736775,34.0,2723.4947579355885,229.614720772888,14.0,15.0,1795.5619315160645,9.0,71000.47885464548,236.13782301756746,27.0,32.0,3104.2376143523725,15.0,137443.772888904,229.2799529203685,34.0,40.0,5392.065726760854,22.0,172175.24673959962,0.0,6.0,8.0,13.0
11,C35,SKU42,7.0,1.0,345.4043659158671,29.0,26.0,4608.596966736775,34.0,2423.8521056941017,229.614720772888,14.0,15.0,2048.043858333036,8.0,64309.306756835016,236.13782301756746,27.0,32.0,2875.4570715654363,12.0,134425.20039296348,229.2799529203685,34.0,40.0,3693.722317751543,15.0,169326.71391872526,0.0,5.0,8.0,10.0
11,C35,SKU83,42.0,1.0,183.55015915458625,29.0,26.0,4608.596966736775,34.0,3988.4532153091122,229.614720772888,14.0,15.0,1745.4084827186693,5.0,64309.306756835016,236.13782301756746,27.0,32.0,6022.622707175466,19.0,134425.20039296348,229.2799529203685,34.0,40.0,7061.109254625385,23.0,169326.71391872526,0.0,1.0,10.0,11.0
11,C35,SKU99,21.0,1.0,12.222680304529598,29.0,26.0,4608.596966736775,34.0,2995.2463578299585,229.614720772888,14.0,15.0,2063.456357418281,10.0,72290.49237417508,236.13782301756746,27.0,32.0,3861.6408359712746,19.0,148491.51822589754,229.2799529203685,34.0,40.0,5112.221920080666,24.0,184904.32509861933,0.0,7.0,13.0,17.0
11,C35,SKU93,,,,,,,,,,,,,,,,,,,,,,,,,,,,,,
11,C35,SKU97,63.0,1.0,368.0361204681351,29.0,26.0,4608.596966736775,34.0,2763.7157447432432,229.614720772888,14.0,15.0,1680.6880253238674,9.0,72290.49237417508,236.13782301756746,27.0,32.0,3408.703085968549,18.0,148491.51822589754,229.2799529203685,34.0,40.0,4105.349745126161,20.0,184904.32509861933,0.0,4.0,9.0,11.0
11,C35,SKU63,,,,,,,,,,,,,,,,,,,,,,,,,,,,,,
11,C35,SKU60,42.0,1.0,343.4389222380906,29.0,26.0,4608.596966736775,34.0,2656.9276830435,229.614720772888,14.0,15.0,1791.5378940569078,6.0,71000.47885464548,236.13782301756746,27.0,32.0,4922.461327065566,16.0,137443.772888904,229.2799529203685,34.0,40.0,5049.12612134024,17.0,172175.24673959962,0.0,4.0,11.0,12.0
11,C35,SKU73,28.0,1.0,71.21816740298456,29.0,26.0,4608.596966736775,34.0,4571.7837877155935,229.614720772888,14.0,15.0,2144.6610779968128,9.0,64309.306756835016,236.13782301756746,27.0,32.0,4922.04230623544,18.0,134425.20039296348,229.2799529203685,34.0,40.0,6172.422473412418,22.0,169326.71391872526,0.0,6.0,12.0,13.0
11,C35,SKU92,28.0,2.0,297.0228568097599,29.0,26.0,4608.596966736775,34.0,3968.186994177711,229.614720772888,14.0,15.0,2058.795273282778,7.0,71000.47885464548,236.13782301756746,27.0,32.0,5764.102094818151,18.0,137443.772888904,229.2799529203685,34.0,40.0,6840.064896781741,22.0,172175.24673959962,0.0,5.0,15.0,16.0
11,C35,SKU92,28.0,2.0,297.0228568097599,29.0,26.0,4608.596966736775,34.0,3968.186994177711,229.614720772888,14.0,15.0,2058.795273282778,7.0,71000.47885464548,236.13782301756746,27.0,32.0,5764.102094818151,18.0,137443.772888904,229.2799529203685,34.0,40.0,6840.064896781741,22.0,172175.24673959962,0.0,5.0,15.0,16.0
11,C35,SKU34,,,,,,,,,,,,,,,,,,,,,,,,,,,,,,
11,C35,SKU81,42.0,1.0,376.46186348562685,29.0,26.0,4608.596966736775,34.0,2796.9596495180376,229.614720772888,14.0,15.0,884.0878153107776,7.0,64309.306756835016,236.13782301756746,27.0,32.0,3594.4891330396335,17.0,134425.20039296348,229.2799529203685,34.0,40.0,5080.177260453762,21.0,169326.71391872526,0.0,4.0,13.0,16.0
11,C35,SKU16,70.0,1.0,419.91319171844646,29.0,26.0,4608.596966736775,34.0,1276.3111503994032,229.614720772888,14.0,15.0,1267.8749765938103,6.0,64309.306756835016,236.13782301756746,27.0,32.0,2601.462544954339,11.0,134425.20039296348,229.2799529203685,34.0,40.0,3390.803962090401,16.0,169326.71391872526,0.0,2.0,4.0,7.0
11,C35,SKU8,7.0,1.0,170.2814528965336,29.0,26.0,4608.596966736775,34.0,4899.0980248205815,229.614720772888,14.0,15.0,1356.43606397429,5.0,72290.49237417508,236.13782301756746,27.0,32.0,6079.582298352658,20.0,148491.51822589754,229.2799529203685,34.0,40.0,6774.285148584067,23.0,184904.32509861933,0.0,4.0,12.0,13.0
11,C35,SKU88,49.0,1.0,260.30322577376046,29.0,26.0,4608.596966736775,34.0,2693.273422234526,229.614720772888,14.0,15.0,1549.9771923844714,4.0,71000.47885464548,236.13782301756746,27.0,32.0,3243.4660066444285,11.0,137443.772888904,229.2799529203685,34.0,40.0,5244.437165998218,18.0,172175.24673959962,0.0,2.0,4.0,8.0
11,C35,SKU100,49.0,1.0,306.8362544286162,29.0,26.0,4608.596966736775,34.0,3829.993148508176,229.614720772888,14.0,15.0,2673.953826709808,9.0,72290.49237417508,236.13782301756746,27.0,32.0,4985.751239140065,20.0,148491.51822589754,229.2799529203685,34.0,40.0,6311.3762452218325,24.0,184904.32509861933,0.0,3.0,8.0,11.0
11,C35,SKU87,7.0,1.0,441.2417557367141,29.0,26.0,4608.596966736775,34.0,3596.043681200566,229.614720772888,14.0,15.0,1325.3696225216397,3.0,72290.49237417508,236.13782301756746,27.0,32.0,4240.63360609992,14.0,148491.51822589754,229.2799529203685,34.0,40.0,4687.7934746868705,16.0,184904.32509861933,0.0,1.0,5.0,5.0
11,C35,SKU14,21.0,2.0,145.3704684112838,29.0,26.0,4608.596966736775,34.0,4476.270802498114,229.614720772888,14.0,15.0,1952.9631937687732,9.0,71000.47885464548,236.13782301756746,27.0,32.0,5123.321333769345,20.0,137443.772888904,229.2799529203685,34.0,40.0,6176.511444700864,26.0,172175.24673959962,0.0,7.0,13.0,18.0
11,C35,SKU14,21.0,2.0,145.3704684112838,29.0,26.0,4608.596966736775,34.0,4476.270802498114,229.614720772888,14.0,15.0,1952.9631937687732,9.0,71000.47885464548,236.13782301756746,27.0,32.0,5123.321333769345,20.0,137443.772888904,229.2799529203685,34.0,40.0,6176.511444700864,26.0,172175.24673959962,0.0,7.0,13.0,18.0
11,C35,SKU82,70.0,1.0,59.82717053930938,29.0,26.0,4608.596966736775,34.0,1663.515855965547,229.614720772888,14.0,15.0,1052.2117338770022,4.0,64309.306756835016,236.13782301756746,27.0,32.0,2579.596678909137,11.0,134425.20039296348,229.2799529203685,34.0,40.0,3253.6048083395153,15.0,169326.71391872526,0.0,3.0,6.0,9.0
11,C35,SKU17,,,,,,,,,,,,,,,,,,,,,,,,,,,,,,
11,C35,SKU76,56.0,1.0,213.1440708232523,29.0,26.0,4608.596966736775,34.0,2709.5969711076746,229.614720772888,14.0,15.0,2408.515227882009,11.0,71000.47885464548,236.13782301756746,27.0,32.0,4641.153927856552,19.0,137443.772888904,229.2799529203685,34.0,40.0,5347.188208957184,22.0,172175.24673959962,0.0,3.0,10.0,10.0
11,C35,SKU95,14.0,2.0,464.0247708216716,29.0,26.0,4608.596966736775,34.0,3563.493156039451,229.614720772888,14.0,15.0,1881.0495206651105,8.0,64309.306756835016,236.13782301756746,27.0,32.0,4188.04017562578,16.0,134425.20039296348,229.2799529203685,34.0,40.0,4265.538178432196,17.0,169326.71391872526,0.0,6.0,11.0,12.0
11,C35,SKU95,14.0,2.0,464.0247708216716,29.0,26.0,4608.596966736775,34.0,3563.493156039451,229.614720772888,14.0,15.0,1881.0495206651105,8.0,64309.306756835016,236.13782301756746,27.0,32.0,4188.04017562578,16.0,134425.20039296348,229.2799529203685,34.0,40.0,4265.538178432196,17.0,169326.71391872526,0.0,6.0,11.0,12.0
11,C35,SKU27,,,,,,,,,,,,,,,,,,,,,,,,,,,,,,
11,C35,SKU5,63.0,1.0,202.5457547977358,29.0,26.0,4608.596966736775,34.0,4475.10022155687,229.614720772888,14.0,15.0,2752.7115105281678,9.0,72290.49237417508,236.13782301756746,27.0,32.0,7156.4594080845045,24.0,148491.51822589754,229.2799529203685,34.0,40.0,8513.080158022674,29.0,184904.32509861933,0.0,4.0,14.0,17.0
11,C35,SKU13,7.0,2.0,342.3116128062792,29.0,26.0,4608.596966736775,34.0,3397.9711601189915,229.614720772888,14.0,15.0,2639.5557162582354,9.0,72290.49237417508,236.13782301756746,27.0,32.0,4043.166248554249,14.0,148491.51822589754,229.2799529203685,34.0,40.0,6020.244724995739,19.0,184904.32509861933,0.0,8.0,11.0,13.0
11,C35,SKU13,7.0,2.0,342.3116128062792,29.0,26.0,4608.596966736775,34.0,3397.9711601189915,229.614720772888,14.0,15.0,2639.5557162582354,9.0,72290.49237417508,236.13782301756746,27.0,32.0,4043.166248554249,14.0,148491.51822589754,229.2799529203685,34.0,40.0,6020.244724995739,19.0,184904.32509861933,0.0,8.0,11.0,13.0
11,C35,SKU57,56.0,1.0,47.59132652494461,29.0,26.0,4608.596966736775,34.0,4084.1434485356185,229.614720772888,14.0,15.0,2481.3321993654963,12.0,71000.47885464548,236.13782301756746,27.0,32.0,5034.701407276938,22.0,137443.772888904,229.2799529203685,34.0,40.0,6199.929816035148,26.0,172175.24673959962,0.0,7.0,14.0,16.0
11,C35,SKU71,35.0,2.0,245.73497432048248,29.0,26.0,4608.596966736775,34.0,2944.6693789402602,229.614720772888,14.0,15.0,2404.39611588069,11.0,72290.49237417508,236.13782301756746,27.0,32.0,4674.080739616792,20.0,148491.51822589754,229.2799529203685,34.0,40.0,6040.737840554442,26.0,184904.32509861933,0.0,6.0,11.0,15.0
11,C35,SKU71,35.0,2.0,245.73497432048248,29.0,26.0,4608.596966736775,34.0,2944.6693789402602,229.614720772888,14.0,15.0,2404.39611588069,11.0,72290.49237417508,236.13782301756746,27.0,32.0,4674.080739616792,20.0,148491.51822589754,229.2799529203685,34.0,40.0,6040.737840554442,26.0,184904.32509861933,0.0,6.0,11.0,15.0
11,C35,SKU85,35.0,1.0,62.076307760311295,29.0,26.0,4608.596966736775,34.0,2192.8063867855676,229.614720772888,14.0,15.0,2098.0126112069374,8.0,64309.306756835016,236.13782301756746,27.0,32.0,3983.7048522072832,17.0,134425.20039296348,229.2799529203685,34.0,40.0,4745.749114396946,20.0,169326.71391872526,0.0,2.0,8.0,9.0
11,C35,SKU40,14.0,1.0,50.09725294589573,29.0,26.0,4608.596966736775,34.0,1540.40517967727,229.614720772888,14.0,15.0,1316.753953201328,10.0,64309.306756835016,236.13782301756746,27.0,32.0,2963.78974554345,17.0,134425.20039296348,229.2799529203685,34.0,40.0,3647.9288448918765,19.0,169326.71391872526,0.0,6.0,13.0,15.0
11,C35,SKU1,14.0,1.0,19.64591410452848,29.0,26.0,4608.596966736775,34.0,1588.7206035080865,229.614720772888,14.0,15.0,1896.417385529631,8.0,64309.306756835016,236.13782301756746,27.0,32.0,2940.1441700632254,11.0,134425.20039296348,229.2799529203685,34.0,40.0,3629.2039743522905,16.0,169326.71391872526,0.0,5.0,8.0,11.0
11,C35,SKU79,28.0,1.0,390.24092649421584,29.0,26.0,4608.596966736775,34.0,4278.459514953102,229.614720772888,14.0,15.0,3067.2727070094,9.0,64309.306756835016,236.13782301756746,27.0,32.0,5685.419533093278,19.0,134425.20039296348,229.2799529203685,34.0,40.0,6392.592072969643,23.0,169326.71391872526,0.0,5.0,11.0,13.0
11,C35,SKU86,28.0,1.0,115.21617104523897,29.0,26.0,4608.596966736775,34.0,2363.081131861271,229.614720772888,14.0,15.0,1623.0877239540343,7.0,64309.306756835016,236.13782301756746,27.0,32.0,3044.2798000924367,13.0,134425.20039296348,229.2799529203685,34.0,40.0,4659.285780581268,21.0,169326.71391872526,0.0,4.0,6.0,11.0
11,C35,SKU61,56.0,1.0,451.6766342367921,29.0,26.0,4608.596966736775,34.0,2320.5783542540794,229.614720772888,14.0,15.0,1023.1745756884936,5.0,64309.306756835016,236.13782301756746,27.0,32.0,2996.4024557418907,13.0,134425.20039296348,229.2799529203685,34.0,40.0,4420.266454509291,18.0,169326.71391872526,0.0,5.0,10.0,12.0
11,C35,SKU37,70.0,1.0,151.06499782795476,29.0,26.0,4608.596966736775,34.0,4276.8829913506725,229.614720772888,14.0,15.0,2506.0641619629373,9.0,71000.47885464548,236.13782301756746,27.0,32.0,6062.756483960785,24.0,137443.772888904,229.2799529203685,34.0,40.0,7868.481946817385,30.0,172175.24673959962,0.0,6.0,14.0,16.0
11,C35,SKU75,42.0,1.0,312.9048181881283,29.0,26.0,4608.596966736775,34.0,2823.663135072765,229.614720772888,14.0,15.0,1970.3063744189749,8.0,64309.306756835016,236.13782301756746,27.0,32.0,2791.700373441383,11.0,134425.20039296348,229.2799529203685,34.0,40.0,3740.740571377569,15.0,169326.71391872526,0.0,4.0,5.0,7.0
11,C35,SKU9,35.0,2.0,144.4165961981244,29.0,26.0,4608.596966736775,34.0,1988.7439868645379,229.614720772888,14.0,15.0,656.8016608132668,3.0,72290.49237417508,236.13782301756746,27.0,32.0,3547.4614779361054,16.0,148491.51822589754,229.2799529203685,34.0,40.0,4567.6472624663165,20.0,184904.32509861933,0.0,3.0,11.0,15.0
11,C35,SKU9,35.0,2.0,144.4165961981244,29.0,26.0,4608.596966736775,34.0,1988.7439868645379,229.614720772888,14.0,15.0,656.8016608132668,3.0,72290.49237417508,236.13782301756746,27.0,32.0,3547.4614779361054,16.0,148491.51822589754,229.2799529203685,34.0,40.0,4567.6472624663165,20.0,184904.32509861933,0.0,3.0,11.0,15.0
11,C36,SKU36,42.0,2.0,251.4233812936027,7.0,43.0,4684.215111461226,34.0,3878.3755467399974,276.6008787683428,14.0,16.0,2098.4499335866844,9.0,71000.47885464548,284.6975126911665,28.0,33.0,4085.6246541863675,16.0,137443.772888904,267.80318695621884,34.0,42.0,5006.714238376788,21.0,172175.24673959962,-0.07272727272727274,4.0,6.0,9.0
11,C36,SKU36,42.0,2.0,251.4233812936027,7.0,43.0,4684.215111461226,34.0,3878.3755467399974,276.6008787683428,14.0,16.0,2098.4499335866844,9.0,71000.47885464548,284.6975126911665,28.0,33.0,4085.6246541863675,16.0,137443.772888904,267.80318695621884,34.0,42.0,5006.714238376788,21.0,172175.24673959962,-0.07272727272727274,4.0,6.0,9.0
11,C36,SKU42,63.0,1.0,251.22134232439365,7.0,43.0,4684.215111461226,34.0,2423.8521056941017,276.6008787683428,14.0,16.0,2048.043858333036,8.0,64309.306756835016,284.6975126911665,28.0,33.0,2875.4570715654363,12.0,134425.20039296348,267.80318695621884,34.0,42.0,3693.722317751543,15.0,169326.71391872526,-0.07272727272727274,5.0,8.0,10.0
11,C36,SKU37,14.0,2.0,254.08478343681367,7.0,43.0,4684.215111461226,34.0,4276.8829913506725,276.6008787683428,14.0,16.0,2506.0641619629373,9.0,71000.47885464548,284.6975126911665,28.0,33.0,6062.756483960785,24.0,137443.772888904,267.80318695621884,34.0,42.0,7868.481946817385,30.0,172175.24673959962,-0.07272727272727274,6.0,14.0,16.0
11,C36,SKU37,14.0,2.0,254.08478343681367,7.0,43.0,4684.215111461226,34.0,4276.8829913506725,276.6008787683428,14.0,16.0,2506.0641619629373,9.0,71000.47885464548,284.6975126911665,28.0,33.0,6062.756483960785,24.0,137443.772888904,267.80318695621884,34.0,42.0,7868.481946817385,30.0,172175.24673959962,-0.07272727272727274,6.0,14.0,16.0
11,C36,SKU69,70.0,1.0,27.397372069689936,7.0,43.0,4684.215111461226,34.0,4309.405519571437,276.6008787683428,14.0,16.0,2035.2711131866931,7.0,64309.306756835016,284.6975126911665,28.0,33.0,4689.680921989357,15.0,134425.20039296348,267.80318695621884,34.0,42.0,6440.272283329844,22.0,169326.71391872526,-0.07272727272727274,3.0,4.0,7.0
11,C36,SKU45,21.0,1.0,289.0396959765279,7.0,43.0,4684.215111461226,34.0,2536.158292709038,276.6008787683428,14.0,16.0,2225.67694976665,7.0,71000.47885464548,284.6975126911665,28.0,33.0,4352.962589053176,15.0,137443.772888904,267.80318695621884,34.0,42.0,5057.5910904026705,18.0,172175.24673959962,-0.07272727272727274,6.0,9.0,11.0
11,C36,SKU74,21.0,1.0,351.1031419357721,7.0,43.0,4684.215111461226,34.0,2224.72054041231,276.6008787683428,14.0,16.0,1386.155419707367,8.0,72290.49237417508,284.6975126911665,28.0,33.0,2321.551476393496,11.0,148491.51822589754,267.80318695621884,34.0,42.0,3024.234494034939,15.0,184904.32509861933,-0.07272727272727274,4.0,5.0,6.0
11,C36,SKU24,63.0,1.0,351.1360451844218,7.0,43.0,4684.215111461226,34.0,2029.4402977187783,276.6008787683428,14.0,16.0,286.69854835136766,3.0,72290.49237417508,284.6975126911665,28.0,33.0,4430.1278243402,16.0,148491.51822589754,267.80318695621884,34.0,42.0,5900.984207625734,21.0,184904.32509861933,-0.07272727272727274,0.0,7.0,11.0
11,C36,SKU78,21.0,1.0,83.83121439132236,7.0,43.0,4684.215111461226,34.0,1506.4420005834681,276.6008787683428,14.0,16.0,1554.1710557580261,9.0,64309.306756835016,284.6975126911665,28.0,33.0,4150.523764079384,19.0,134425.20039296348,267.80318695621884,34.0,42.0,5149.05149684041,23.0,169326.71391872526,-0.07272727272727274,6.0,11.0,12.0
11,C36,SKU63,28.0,2.0,409.2750177094821,7.0,43.0,4684.215111461226,34.0,5123.381693983563,276.6008787683428,14.0,16.0,3844.564732690659,10.0,72290.49237417508,284.6975126911665,28.0,33.0,6449.086660364468,19.0,148491.51822589754,267.80318695621884,34.0,42.0,8086.425774464821,25.0,184904.32509861933,-0.07272727272727274,3.0,8.0,13.0
11,C36,SKU63,28.0,2.0,409.2750177094821,7.0,43.0,4684.215111461226,34.0,5123.381693983563,276.6008787683428,14.0,16.0,3844.564732690659,10.0,72290.49237417508,284.6975126911665,28.0,33.0,6449.086660364468,19.0,148491.51822589754,267.80318695621884,34.0,42.0,8086.425774464821,25.0,184904.32509861933,-0.07272727272727274,3.0,8.0,13.0
11,C36,SKU93,7.0,1.0,324.4693864785642,7.0,43.0,4684.215111461226,34.0,4779.003530026869,276.6008787683428,14.0,16.0,3771.2980526762162,14.0,64309.306756835016,284.6975126911665,28.0,33.0,5963.945464659581,23.0,134425.20039296348,267.80318695621884,34.0,42.0,7243.474701731236,28.0,169326.71391872526,-0.07272727272727274,8.0,10.0,14.0
11,C36,SKU77,42.0,1.0,446.1843402422164,7.0,43.0,4684.215111461226,34.0,4159.665922482025,276.6008787683428,14.0,16.0,1969.5849943511034,6.0,64309.306756835016,284.6975126911665,28.0,33.0,6020.897732327896,20.0,134425.20039296348,267.80318695621884,34.0,42.0,7074.900189336561,24.0,169326.71391872526,-0.07272727272727274,4.0,11.0,12.0
11,C36,SKU90,49.0,1.0,78.54657687141088,7.0,43.0,4684.215111461226,34.0,3498.944990268814,276.6008787683428,14.0,16.0,4395.3248693451,13.0,71000.47885464548,284.6975126911665,28.0,33.0,6125.165358255388,20.0,137443.772888904,267.80318695621884,34.0,42.0,7179.063293597827,23.0,172175.24673959962,-0.07272727272727274,7.0,9.0,11.0
11,C36,SKU62,,,,,,,,,,,,,,,,,,,,,,,,,,,,,,
11,C36,SKU34,,,,,,,,,,,,,,,,,,,,,,,,,,,,,,
11,C36,SKU53,42.0,1.0,282.61441912299045,7.0,43.0,4684.215111461226,34.0,3575.553402459858,276.6008787683428,14.0,16.0,2994.1997658245277,11.0,64309.306756835016,284.6975126911665,28.0,33.0,6146.443756492574,20.0,134425.20039296348,267.80318695621884,34.0,42.0,7552.643426786867,26.0,169326.71391872526,-0.07272727272727274,7.0,10.0,12.0
11,C36,SKU15,28.0,1.0,154.97835360601454,7.0,43.0,4684.215111461226,34.0,2973.982247734585,276.6008787683428,14.0,16.0,2494.919570641518,9.0,71000.47885464548,284.6975126911665,28.0,33.0,3418.6513460945753,13.0,137443.772888904,267.80318695621884,34.0,42.0,3907.7532733767002,15.0,172175.24673959962,-0.07272727272727274,8.0,11.0,12.0
11,C36,SKU81,42.0,2.0,125.38583103081275,7.0,43.0,4684.215111461226,34.0,2796.9596495180376,276.6008787683428,14.0,16.0,884.0878153107776,7.0,64309.306756835016,284.6975126911665,28.0,33.0,3594.4891330396335,17.0,134425.20039296348,267.80318695621884,34.0,42.0,5080.177260453762,21.0,169326.71391872526,-0.07272727272727274,4.0,13.0,16.0
11,C36,SKU81,42.0,2.0,125.38583103081275,7.0,43.0,4684.215111461226,34.0,2796.9596495180376,276.6008787683428,14.0,16.0,884.0878153107776,7.0,64309.306756835016,284.6975126911665,28.0,33.0,3594.4891330396335,17.0,134425.20039296348,267.80318695621884,34.0,42.0,5080.177260453762,21.0,169326.71391872526,-0.07272727272727274,4.0,13.0,16.0
11,C36,SKU68,,,,,,,,,,,,,,,,,,,,,,,,,,,,,,
11,C36,SKU47,49.0,1.0,387.78013090103946,7.0,43.0,4684.215111461226,34.0,3243.350734954755,276.6008787683428,14.0,16.0,1504.2583208823662,6.0,64309.306756835016,284.6975126911665,28.0,33.0,4078.5232405462552,15.0,134425.20039296348,267.80318695621884,34.0,42.0,4851.310939419624,19.0,169326.71391872526,-0.07272727272727274,3.0,9.0,12.0
11,C36,SKU56,,,,,,,,,,,,,,,,,,,,,,,,,,,,,,
11,C36,SKU8,7.0,1.0,394.5323070811941,7.0,43.0,4684.215111461226,34.0,4899.0980248205815,276.6008787683428,14.0,16.0,1356.43606397429,5.0,72290.49237417508,284.6975126911665,28.0,33.0,6079.582298352658,20.0,148491.51822589754,267.80318695621884,34.0,42.0,6774.285148584067,23.0,184904.32509861933,-0.07272727272727274,4.0,12.0,13.0
11,C36,SKU25,7.0,3.0,310.02246216803684,7.0,43.0,4684.215111461226,34.0,4766.470564584546,276.6008787683428,14.0,16.0,3311.017450541504,13.0,72290.49237417508,284.6975126911665,28.0,33.0,6567.44870163083,25.0,148491.51822589754,267.80318695621884,34.0,42.0,8248.815644727618,31.0,184904.32509861933,-0.07272727272727274,5.0,10.0,15.0
11,C36,SKU25,7.0,3.0,310.02246216803684,7.0,43.0,4684.215111461226,34.0,4766.470564584546,276.6008787683428,14.0,16.0,3311.017450541504,13.0,72290.49237417508,284.6975126911665,28.0,33.0,6567.44870163083,25.0,148491.51822589754,267.80318695621884,34.0,42.0,8248.815644727618,31.0,184904.32509861933,-0.07272727272727274,5.0,10.0,15.0
11,C36,SKU25,7.0,3.0,310.02246216803684,7.0,43.0,4684.215111461226,34.0,4766.470564584546,276.6008787683428,14.0,16.0,3311.017450541504,13.0,72290.49237417508,284.6975126911665,28.0,33.0,6567.44870163083,25.0,148491.51822589754,267.80318695621884,34.0,42.0,8248.815644727618,31.0,184904.32509861933,-0.07272727272727274,5.0,10.0,15.0
11,C36,SKU80,21.0,1.0,375.530897481431,7.0,43.0,4684.215111461226,34.0,3243.635387305008,276.6008787683428,14.0,16.0,2146.07442467616,7.0,64309.306756835016,284.6975126911665,28.0,33.0,4759.000777469969,17.0,134425.20039296348,267.80318695621884,34.0,42.0,5848.340218353709,22.0,169326.71391872526,-0.07272727272727274,3.0,8.0,10.0
11,C36,SKU14,56.0,2.0,225.30441613557343,7.0,43.0,4684.215111461226,34.0,4476.270802498114,276.6008787683428,14.0,16.0,1952.9631937687732,9.0,71000.47885464548,284.6975126911665,28.0,33.0,5123.321333769345,20.0,137443.772888904,267.80318695621884,34.0,42.0,6176.511444700864,26.0,172175.24673959962,-0.07272727272727274,7.0,13.0,18.0
11,C36,SKU14,56.0,2.0,225.30441613557343,7.0,43.0,4684.215111461226,34.0,4476.270802498114,276.6008787683428,14.0,16.0,1952.9631937687732,9.0,71000.47885464548,284.6975126911665,28.0,33.0,5123.321333769345,20.0,137443.772888904,267.80318695621884,34.0,42.0,6176.511444700864,26.0,172175.24673959962,-0.07272727272727274,7.0,13.0,18.0
11,C36,SKU82,35.0,1.0,244.38880800055617,7.0,43.0,4684.215111461226,34.0,1663.515855965547,276.6008787683428,14.0,16.0,1052.2117338770022,4.0,64309.306756835016,284.6975126911665,28.0,33.0,2579.596678909137,11.0,134425.20039296348,267.80318695621884,34.0,42.0,3253.6048083395153,15.0,169326.71391872526,-0.07272727272727274,3.0,6.0,9.0
11,C36,SKU17,56.0,1.0,275.04097940195686,7.0,43.0,4684.215111461226,34.0,5081.190266320188,276.6008787683428,14.0,16.0,1099.92123122253,4.0,72290.49237417508,284.6975126911665,28.0,33.0,6046.566669899512,20.0,148491.51822589754,267.80318695621884,34.0,42.0,7723.295835124876,24.0,184904.32509861933,-0.07272727272727274,2.0,8.0,10.0
11,C36,SKU76,49.0,1.0,435.47552193134925,7.0,43.0,4684.215111461226,34.0,2709.5969711076746,276.6008787683428,14.0,16.0,2408.515227882009,11.0,71000.47885464548,284.6975126911665,28.0,33.0,4641.153927856552,19.0,137443.772888904,267.80318695621884,34.0,42.0,5347.188208957184,22.0,172175.24673959962,-0.07272727272727274,3.0,10.0,10.0
11,C36,SKU38,14.0,1.0,244.48238187185044,7.0,43.0,4684.215111461226,34.0,4195.31476423047,276.6008787683428,14.0,16.0,2761.0560156102297,11.0,72290.49237417508,284.6975126911665,28.0,33.0,5745.3779223572765,22.0,148491.51822589754,267.80318695621884,34.0,42.0,7883.80530397241,28.0,184904.32509861933,-0.07272727272727274,6.0,10.0,14.0
11,C36,SKU95,42.0,1.0,200.2786601686675,7.0,43.0,4684.215111461226,34.0,3563.493156039451,276.6008787683428,14.0,16.0,1881.0495206651105,8.0,64309.306756835016,284.6975126911665,28.0,33.0,4188.04017562578,16.0,134425.20039296348,267.80318695621884,34.0,42.0,4265.538178432196,17.0,169326.71391872526,-0.07272727272727274,6.0,11.0,12.0
11,C36,SKU55,70.0,1.0,406.47930918543244,7.0,43.0,4684.215111461226,34.0,2718.6657102173667,276.6008787683428,14.0,16.0,1998.897600122124,7.0,64309.306756835016,284.6975126911665,28.0,33.0,3587.397886299588,12.0,134425.20039296348,267.80318695621884,34.0,42.0,4503.739931530498,16.0,169326.71391872526,-0.07272727272727274,5.0,6.0,8.0
11,C36,SKU10,35.0,1.0,390.3225201223746,7.0,43.0,4684.215111461226,34.0,3405.6547913551576,276.6008787683428,14.0,16.0,637.246305027026,4.0,71000.47885464548,284.6975126911665,28.0,33.0,3710.9206991514775,14.0,137443.772888904,267.80318695621884,34.0,42.0,4903.101289382736,19.0,172175.24673959962,-0.07272727272727274,1.0,8.0,10.0
11,C36,SKU5,21.0,1.0,419.8257879853421,7.0,43.0,4684.215111461226,34.0,4475.10022155687,276.6008787683428,14.0,16.0,2752.7115105281678,9.0,72290.49237417508,284.6975126911665,28.0,33.0,7156.4594080845045,24.0,148491.51822589754,267.80318695621884,34.0,42.0,8513.080158022674,29.0,184904.32509861933,-0.07272727272727274,4.0,14.0,17.0
11,C36,SKU43,56.0,1.0,292.81542975658624,7.0,43.0,4684.215111461226,34.0,2532.743682329215,276.6008787683428,14.0,16.0,1168.0650395391517,5.0,72290.49237417508,284.6975126911665,28.0,33.0,3446.6599790396226,14.0,148491.51822589754,267.80318695621884,34.0,42.0,4562.116205894099,18.0,184904.32509861933,-0.07272727272727274,4.0,10.0,10.0
11,C36,SKU89,21.0,2.0,280.5452029767035,7.0,43.0,4684.215111461226,34.0,2088.225747124807,276.6008787683428,14.0,16.0,2711.515344539416,8.0,72290.49237417508,284.6975126911665,28.0,33.0,4952.93249102111,17.0,148491.51822589754,267.80318695621884,34.0,42.0,5669.163547128538,19.0,184904.32509861933,-0.07272727272727274,6.0,11.0,13.0
11,C36,SKU89,21.0,2.0,280.5452029767035,7.0,43.0,4684.215111461226,34.0,2088.225747124807,276.6008787683428,14.0,16.0,2711.515344539416,8.0,72290.49237417508,284.6975126911665,28.0,33.0,4952.93249102111,17.0,148491.51822589754,267.80318695621884,34.0,42.0,5669.163547128538,19.0,184904.32509861933,-0.07272727272727274,6.0,11.0,13.0
11,C36,SKU40,49.0,1.0,112.65369545512685,7.0,43.0,4684.215111461226,34.0,1540.40517967727,276.6008787683428,14.0,16.0,1316.753953201328,10.0,64309.306756835016,284.6975126911665,28.0,33.0,2963.78974554345,17.0,134425.20039296348,267.80318695621884,34.0,42.0,3647.9288448918765,19.0,169326.71391872526,-0.07272727272727274,6.0,13.0,15.0
11,C36,SKU1,70.0,1.0,116.40949479564323,7.0,43.0,4684.215111461226,34.0,1588.7206035080865,276.6008787683428,14.0,16.0,1896.417385529631,8.0,64309.306756835016,284.6975126911665,28.0,33.0,2940.1441700632254,11.0,134425.20039296348,267.80318695621884,34.0,42.0,3629.2039743522905,16.0,169326.71391872526,-0.07272727272727274,5.0,8.0,11.0
11,C36,SKU11,21.0,1.0,87.31117236468903,7.0,43.0,4684.215111461226,34.0,1571.5428566097337,276.6008787683428,14.0,16.0,1306.338850366108,8.0,71000.47885464548,284.6975126911665,28.0,33.0,2550.8480591644948,13.0,137443.772888904,267.80318695621884,34.0,42.0,4121.535060767028,18.0,172175.24673959962,-0.07272727272727274,4.0,5.0,7.0
11,C36,SKU75,63.0,1.0,201.7802157845399,7.0,43.0,4684.215111461226,34.0,2823.663135072765,276.6008787683428,14.0,16.0,1970.3063744189749,8.0,64309.306756835016,284.6975126911665,28.0,33.0,2791.700373441383,11.0,134425.20039296348,267.80318695621884,34.0,42.0,3740.740571377569,15.0,169326.71391872526,-0.07272727272727274,4.0,5.0,7.0
11,C36,SKU9,,,,,,,,,,,,,,,,,,,,,,,,,,,,,,
11,C37,SKU94,,,,,,,,,,,,,,,,,,,,,,,,,,,,,,
11,C37,SKU18,,,,,,,,,,,,,,,,,,,,,,,,,,,,,,
11,C37,SKU49,35.0,1.0,91.67747939342057,42.0,24.0,7246.049402107561,25.0,2668.5709688252655,225.60039098447004,8.0,8.0,1795.5619315160645,9.0,71000.47885464548,232.03434829582213,22.0,22.0,3104.2376143523725,15.0,137443.772888904,232.48061706591727,25.0,26.0,5392.065726760854,22.0,172175.24673959962,0.11666666666666667,3.0,7.0,9.0
11,C37,SKU69,63.0,1.0,34.599942178677104,42.0,24.0,7246.049402107561,25.0,2130.8667637584076,225.60039098447004,8.0,8.0,2035.2711131866931,7.0,64309.306756835016,232.03434829582213,22.0,22.0,4689.680921989357,15.0,134425.20039296348,232.48061706591727,25.0,26.0,6440.272283329844,22.0,169326.71391872526,0.11666666666666667,4.0,11.0,15.0
11,C37,SKU74,,,,,,,,,,,,,,,,,,,,,,,,,,,,,,
11,C37,SKU24,42.0,2.0,227.13177754069494,42.0,24.0,7246.049402107561,25.0,3871.543909906956,225.60039098447004,8.0,8.0,286.69854835136766,3.0,72290.49237417508,232.03434829582213,22.0,22.0,4430.1278243402,16.0,148491.51822589754,232.48061706591727,25.0,26.0,5900.984207625734,21.0,184904.32509861933,0.11666666666666667,3.0,9.0,10.0
11,C37,SKU24,42.0,2.0,227.13177754069494,42.0,24.0,7246.049402107561,25.0,3871.543909906956,225.60039098447004,8.0,8.0,286.69854835136766,3.0,72290.49237417508,232.03434829582213,22.0,22.0,4430.1278243402,16.0,148491.51822589754,232.48061706591727,25.0,26.0,5900.984207625734,21.0,184904.32509861933,0.11666666666666667,3.0,9.0,10.0
11,C37,SKU78,,,,,,,,,,,,,,,,,,,,,,,,,,,,,,
11,C37,SKU90,35.0,1.0,213.56348475940266,42.0,24.0,7246.049402107561,25.0,3680.1183033290145,225.60039098447004,8.0,8.0,4395.3248693451,13.0,71000.47885464548,232.03434829582213,22.0,22.0,6125.165358255388,20.0,137443.772888904,232.48061706591727,25.0,26.0,7179.063293597827,23.0,172175.24673959962,0.11666666666666667,6.0,11.0,12.0
11,C37,SKU92,35.0,1.0,358.0192399523526,42.0,24.0,7246.049402107561,25.0,2871.877902604027,225.60039098447004,8.0,8.0,2058.795273282778,7.0,71000.47885464548,232.03434829582213,22.0,22.0,5764.102094818151,18.0,137443.772888904,232.48061706591727,25.0,26.0,6840.064896781741,22.0,172175.24673959962,0.11666666666666667,2.0,3.0,6.0
11,C37,SKU34,56.0,1.0,230.64232267953784,42.0,24.0,7246.049402107561,25.0,2190.9614076156327,225.60039098447004,8.0,8.0,3705.418135522522,14.0,71000.47885464548,232.03434829582213,22.0,22.0,6259.775782633862,23.0,137443.772888904,232.48061706591727,25.0,26.0,7435.249755115927,26.0,172175.24673959962,0.11666666666666667,3.0,8.0,9.0
11,C37,SKU53,56.0,1.0,293.97480361812273,42.0,24.0,7246.049402107561,25.0,3977.09002432701,225.60039098447004,8.0,8.0,2994.1997658245277,11.0,64309.306756835016,232.03434829582213,22.0,22.0,6146.443756492574,20.0,134425.20039296348,232.48061706591727,25.0,26.0,7552.643426786867,26.0,169326.71391872526,0.11666666666666667,4.0,10.0,14.0
11,C37,SKU16,28.0,1.0,418.16162624875045,42.0,24.0,7246.049402107561,25.0,2114.4928116909978,225.60039098447004,8.0,8.0,1267.8749765938103,6.0,64309.306756835016,232.03434829582213,22.0,22.0,2601.462544954339,11.0,134425.20039296348,232.48061706591727,25.0,26.0,3390.803962090401,16.0,169326.71391872526,0.11666666666666667,4.0,7.0,9.0
11,C37,SKU30,14.0,1.0,392.2128574712881,42.0,24.0,7246.049402107561,25.0,3711.786557467801,225.60039098447004,8.0,8.0,3297.6177659457226,9.0,64309.306756835016,232.03434829582213,22.0,22.0,5966.215162100634,19.0,134425.20039296348,232.48061706591727,25.0,26.0,7394.873152362657,26.0,169326.71391872526,0.11666666666666667,6.0,7.0,9.0
11,C37,SKU98,28.0,1.0,198.17533916642822,42.0,24.0,7246.049402107561,25.0,2127.256591660423,225.60039098447004,8.0,8.0,2373.2708616765435,11.0,71000.47885464548,232.03434829582213,22.0,22.0,3380.219179246736,14.0,137443.772888904,232.48061706591727,25.0,26.0,4767.829085732679,19.0,172175.24673959962,0.11666666666666667,6.0,8.0,12.0
11,C37,SKU56,42.0,1.0,204.25712625560507,42.0,24.0,7246.049402107561,25.0,2132.839872081411,225.60039098447004,8.0,8.0,1545.754829674268,6.0,64309.306756835016,232.03434829582213,22.0,22.0,3270.798830899707,18.0,134425.20039296348,232.48061706591727,25.0,26.0,3695.2568467426813,19.0,169326.71391872526,0.11666666666666667,3.0,8.0,8.0
11,C37,SKU25,14.0,1.0,304.35370437195616,42.0,24.0,7246.049402107561,25.0,3482.3450801430713,225.60039098447004,8.0,8.0,3311.017450541504,13.0,72290.49237417508,232.03434829582213,22.0,22.0,6567.44870163083,25.0,148491.51822589754,232.48061706591727,25.0,26.0,8248.815644727618,31.0,184904.32509861933,0.11666666666666667,8.0,15.0,16.0
11,C37,SKU80,49.0,1.0,411.5877261690512,42.0,24.0,7246.049402107561,25.0,2604.7048310487007,225.60039098447004,8.0,8.0,2146.07442467616,7.0,64309.306756835016,232.03434829582213,22.0,22.0,4759.000777469969,17.0,134425.20039296348,232.48061706591727,25.0,26.0,5848.340218353709,22.0,169326.71391872526,0.11666666666666667,4.0,9.0,12.0
11,C37,SKU82,42.0,1.0,90.86004729890615,42.0,24.0,7246.049402107561,25.0,1590.0889523739684,225.60039098447004,8.0,8.0,1052.2117338770022,4.0,64309.306756835016,232.03434829582213,22.0,22.0,2579.596678909137,11.0,134425.20039296348,232.48061706591727,25.0,26.0,3253.6048083395153,15.0,169326.71391872526,0.11666666666666667,1.0,5.0,6.0
11,C37,SKU58,63.0,1.0,335.2167273925892,42.0,24.0,7246.049402107561,25.0,2428.364439028346,225.60039098447004,8.0,8.0,1297.7898246030197,8.0,72290.49237417508,232.03434829582213,22.0,22.0,3175.459193108213,16.0,148491.51822589754,232.48061706591727,25.0,26.0,4854.18394342602,23.0,184904.32509861933,0.11666666666666667,4.0,8.0,12.0
11,C37,SKU38,70.0,1.0,418.58081337733967,42.0,24.0,7246.049402107561,25.0,3688.49053974194,225.60039098447004,8.0,8.0,2761.0560156102297,11.0,72290.49237417508,232.03434829582213,22.0,22.0,5745.3779223572765,22.0,148491.51822589754,232.48061706591727,25.0,26.0,7883.80530397241,28.0,184904.32509861933,0.11666666666666667,5.0,12.0,14.0
11,C37,SKU20,49.0,1.0,216.71250531809125,42.0,24.0,7246.049402107561,25.0,1321.7946414201335,225.60039098447004,8.0,8.0,2064.335557946855,6.0,72290.49237417508,232.03434829582213,22.0,22.0,2995.0391942363067,11.0,148491.51822589754,232.48061706591727,25.0,26.0,3330.725406979164,13.0,184904.32509861933,0.11666666666666667,3.0,7.0,7.0
11,C37,SKU76,28.0,1.0,133.657936283227,42.0,24.0,7246.049402107561,25.0,2637.59123784951,225.60039098447004,8.0,8.0,2408.515227882009,11.0,71000.47885464548,232.03434829582213,22.0,22.0,4641.153927856552,19.0,137443.772888904,232.48061706591727,25.0,26.0,5347.188208957184,22.0,172175.24673959962,0.11666666666666667,8.0,9.0,12.0
11,C37,SKU55,35.0,1.0,437.14930899576507,42.0,24.0,7246.049402107561,25.0,1785.074221313132,225.60039098447004,8.0,8.0,1998.897600122124,7.0,64309.306756835016,232.03434829582213,22.0,22.0,3587.397886299588,12.0,134425.20039296348,232.48061706591727,25.0,26.0,4503.739931530498,16.0,169326.71391872526,0.11666666666666667,2.0,6.0,8.0
11,C37,SKU5,35.0,1.0,151.68731755643427,42.0,24.0,7246.049402107561,25.0,4037.9799364658056,225.60039098447004,8.0,8.0,2752.7115105281678,9.0,72290.49237417508,232.03434829582213,22.0,22.0,7156.4594080845045,24.0,148491.51822589754,232.48061706591727,25.0,26.0,8513.080158022674,29.0,184904.32509861933,0.11666666666666667,5.0,10.0,12.0
11,C37,SKU32,,,,,,,,,,,,,,,,,,,,,,,,,,,,,,
11,C37,SKU59,35.0,1.0,231.4063058425097,42.0,24.0,7246.049402107561,25.0,841.2306552485313,225.60039098447004,8.0,8.0,495.6727845513598,3.0,72290.49237417508,232.03434829582213,22.0,22.0,2020.2083700771911,9.0,148491.51822589754,232.48061706591727,25.0,26.0,3141.0112032649795,12.0,184904.32509861933,0.11666666666666667,1.0,4.0,4.0
11,C37,SKU40,21.0,1.0,128.70994244919268,42.0,24.0,7246.049402107561,25.0,2107.523665214607,225.60039098447004,8.0,8.0,1316.753953201328,10.0,64309.306756835016,232.03434829582213,22.0,22.0,2963.78974554345,17.0,134425.20039296348,232.48061706591727,25.0,26.0,3647.9288448918765,19.0,169326.71391872526,0.11666666666666667,4.0,4.0,4.0
11,C37,SKU51,28.0,1.0,148.88549671460558,42.0,24.0,7246.049402107561,25.0,1891.5781601654553,225.60039098447004,8.0,8.0,486.7791275019824,5.0,64309.306756835016,232.03434829582213,22.0,22.0,2563.3211172380097,13.0,134425.20039296348,232.48061706591727,25.0,26.0,4153.947150176074,18.0,169326.71391872526,0.11666666666666667,3.0,6.0,10.0
11,C37,SKU86,42.0,1.0,65.49420996889353,42.0,24.0,7246.049402107561,25.0,2296.2046487199973,225.60039098447004,8.0,8.0,1623.0877239540343,7.0,64309.306756835016,232.03434829582213,22.0,22.0,3044.2798000924367,13.0,134425.20039296348,232.48061706591727,25.0,26.0,4659.285780581268,21.0,169326.71391872526,0.11666666666666667,3.0,7.0,10.0
11,C37,SKU44,28.0,1.0,80.64622517031196,42.0,24.0,7246.049402107561,25.0,1286.5556691419476,225.60039098447004,8.0,8.0,3375.707094179786,14.0,72290.49237417508,232.03434829582213,22.0,22.0,3709.5889620045978,17.0,148491.51822589754,232.48061706591727,25.0,26.0,3975.385161577007,18.0,184904.32509861933,0.11666666666666667,7.0,9.0,10.0
11,C38,SKU7,,,,,,,,,,,,,,,,,,,,,,,,,,,,,,
11,C38,SKU94,,,,,,,,,,,,,,,,,,,,,,,,,,,,,,
11,C38,SKU70,7.0,1.0,269.03577024807475,67.0,7.0,4971.991281810688,31.0,2591.9024941911803,247.4225789915253,20.0,21.0,4480.1417984573545,14.0,72290.49237417508,234.51838546317435,29.0,31.0,6010.096024175712,20.0,148491.51822589754,241.51124522959745,31.0,34.0,6403.032172003971,21.0,184904.32509861933,0.4791666666666666,8.0,10.0,11.0
11,C38,SKU29,56.0,1.0,295.7976687973394,67.0,7.0,4971.991281810688,31.0,2142.8023324917144,247.4225789915253,20.0,21.0,1124.9593254292206,6.0,64309.306756835016,234.51838546317435,29.0,31.0,2820.3394756077796,12.0,134425.20039296348,241.51124522959745,31.0,34.0,3933.4782928520303,17.0,169326.71391872526,0.4791666666666666,1.0,3.0,4.0
11,C38,SKU24,,,,,,,,,,,,,,,,,,,,,,,,,,,,,,
11,C38,SKU93,7.0,1.0,98.54376750779345,67.0,7.0,4971.991281810688,31.0,2464.471171704367,247.4225789915253,20.0,21.0,3771.2980526762162,14.0,64309.306756835016,234.51838546317435,29.0,31.0,5963.945464659581,23.0,134425.20039296348,241.51124522959745,31.0,34.0,7243.474701731236,28.0,169326.71391872526,0.4791666666666666,8.0,10.0,14.0
11,C38,SKU97,14.0,1.0,240.26240573771827,67.0,7.0,4971.991281810688,31.0,1341.6340003829177,247.4225789915253,20.0,21.0,1680.6880253238674,9.0,72290.49237417508,234.51838546317435,29.0,31.0,3408.703085968549,18.0,148491.51822589754,241.51124522959745,31.0,34.0,4105.349745126161,20.0,184904.32509861933,0.4791666666666666,4.0,9.0,11.0
11,C38,SKU90,,,,,,,,,,,,,,,,,,,,,,,,,,,,,,
11,C38,SKU50,28.0,1.0,144.2366124645369,67.0,7.0,4971.991281810688,31.0,1433.2282860598164,247.4225789915253,20.0,21.0,2043.4660640573127,8.0,72290.49237417508,234.51838546317435,29.0,31.0,3799.0039423972185,14.0,148491.51822589754,241.51124522959745,31.0,34.0,4985.330160061602,19.0,184904.32509861933,0.4791666666666666,6.0,10.0,13.0
11,C38,SKU92,21.0,2.0,324.42796905746013,67.0,7.0,4971.991281810688,31.0,2871.877902604027,247.4225789915253,20.0,21.0,2058.795273282778,7.0,71000.47885464548,234.51838546317435,29.0,31.0,5764.102094818151,18.0,137443.772888904,241.51124522959745,31.0,34.0,6840.064896781741,22.0,172175.24673959962,0.4791666666666666,5.0,15.0,16.0
11,C38,SKU92,21.0,2.0,324.42796905746013,67.0,7.0,4971.991281810688,31.0,2871.877902604027,247.4225789915253,20.0,21.0,2058.795273282778,7.0,71000.47885464548,234.51838546317435,29.0,31.0,5764.102094818151,18.0,137443.772888904,241.51124522959745,31.0,34.0,6840.064896781741,22.0,172175.24673959962,0.4791666666666666,5.0,15.0,16.0
11,C38,SKU64,56.0,1.0,28.88794193409349,67.0,7.0,4971.991281810688,31.0,1159.3452208952294,247.4225789915253,20.0,21.0,955.5557594937186,5.0,64309.306756835016,234.51838546317435,29.0,31.0,1889.4927849954656,11.0,134425.20039296348,241.51124522959745,31.0,34.0,2974.437939968098,14.0,169326.71391872526,0.4791666666666666,3.0,7.0,9.0
11,C38,SKU53,14.0,1.0,335.4487381907151,67.0,7.0,4971.991281810688,31.0,3977.09002432701,247.4225789915253,20.0,21.0,2994.1997658245277,11.0,64309.306756835016,234.51838546317435,29.0,31.0,6146.443756492574,20.0,134425.20039296348,241.51124522959745,31.0,34.0,7552.643426786867,26.0,169326.71391872526,0.4791666666666666,7.0,10.0,12.0
11,C38,SKU15,21.0,1.0,425.2177779321696,67.0,7.0,4971.991281810688,31.0,933.7710256421153,247.4225789915253,20.0,21.0,2494.919570641518,9.0,71000.47885464548,234.51838546317435,29.0,31.0,3418.6513460945753,13.0,137443.772888904,241.51124522959745,31.0,34.0,3907.7532733767002,15.0,172175.24673959962,0.4791666666666666,8.0,11.0,12.0
11,C38,SKU81,56.0,1.0,12.283757122611942,67.0,7.0,4971.991281810688,31.0,2283.217610935724,247.4225789915253,20.0,21.0,884.0878153107776,7.0,64309.306756835016,234.51838546317435,29.0,31.0,3594.4891330396335,17.0,134425.20039296348,241.51124522959745,31.0,34.0,5080.177260453762,21.0,169326.71391872526,0.4791666666666666,4.0,13.0,16.0
11,C38,SKU30,63.0,1.0,214.1903078632125,67.0,7.0,4971.991281810688,31.0,3711.786557467801,247.4225789915253,20.0,21.0,3297.6177659457226,9.0,64309.306756835016,234.51838546317435,29.0,31.0,5966.215162100634,19.0,134425.20039296348,241.51124522959745,31.0,34.0,7394.873152362657,26.0,169326.71391872526,0.4791666666666666,3.0,12.0,17.0
11,C38,SKU98,14.0,1.0,55.09993854676677,67.0,7.0,4971.991281810688,31.0,2127.256591660423,247.4225789915253,20.0,21.0,2373.2708616765435,11.0,71000.47885464548,234.51838546317435,29.0,31.0,3380.219179246736,14.0,137443.772888904,241.51124522959745,31.0,34.0,4767.829085732679,19.0,172175.24673959962,0.4791666666666666,5.0,6.0,7.0
11,C38,SKU47,42.0,1.0,58.36745737163861,67.0,7.0,4971.991281810688,31.0,1607.96020446487,247.4225789915253,20.0,21.0,1504.2583208823662,6.0,64309.306756835016,234.51838546317435,29.0,31.0,4078.5232405462552,15.0,134425.20039296348,241.51124522959745,31.0,34.0,4851.310939419624,19.0,169326.71391872526,0.4791666666666666,3.0,9.0,12.0
11,C38,SKU25,70.0,1.0,482.45273195401523,67.0,7.0,4971.991281810688,31.0,3482.3450801430713,247.4225789915253,20.0,21.0,3311.017450541504,13.0,72290.49237417508,234.51838546317435,29.0,31.0,6567.44870163083,25.0,148491.51822589754,241.51124522959745,31.0,34.0,8248.815644727618,31.0,184904.32509861933,0.4791666666666666,5.0,10.0,15.0
11,C38,SKU33,14.0,1.0,378.8207155387336,67.0,7.0,4971.991281810688,31.0,2485.0420732140624,247.4225789915253,20.0,21.0,2642.2105627812716,8.0,72290.49237417508,234.51838546317435,29.0,31.0,5270.357451901102,17.0,148491.51822589754,241.51124522959745,31.0,34.0,6391.156494070515,20.0,184904.32509861933,0.4791666666666666,4.0,7.0,8.0
11,C38,SKU48,7.0,1.0,172.45876797780264,67.0,7.0,4971.991281810688,31.0,2368.132574397137,247.4225789915253,20.0,21.0,2294.3657919101456,11.0,71000.47885464548,234.51838546317435,29.0,31.0,4714.559295750083,17.0,137443.772888904,241.51124522959745,31.0,34.0,5555.479837264602,20.0,172175.24673959962,0.4791666666666666,6.0,9.0,11.0
11,C38,SKU100,42.0,1.0,298.8327672644296,67.0,7.0,4971.991281810688,31.0,2481.3830967136573,247.4225789915253,20.0,21.0,2673.953826709808,9.0,72290.49237417508,234.51838546317435,29.0,31.0,4985.751239140065,20.0,148491.51822589754,241.51124522959745,31.0,34.0,6311.3762452218325,24.0,184904.32509861933,0.4791666666666666,3.0,8.0,11.0
11,C38,SKU28,28.0,2.0,367.438714842851,67.0,7.0,4971.991281810688,31.0,1736.0124168882357,247.4225789915253,20.0,21.0,2768.6171096267003,9.0,71000.47885464548,234.51838546317435,29.0,31.0,4081.7553652923557,14.0,137443.772888904,241.51124522959745,31.0,34.0,4723.73510150179,16.0,172175.24673959962,0.4791666666666666,8.0,9.0,10.0
11,C38,SKU28,28.0,2.0,367.438714842851,67.0,7.0,4971.991281810688,31.0,1736.0124168882357,247.4225789915253,20.0,21.0,2768.6171096267003,9.0,71000.47885464548,234.51838546317435,29.0,31.0,4081.7553652923557,14.0,137443.772888904,241.51124522959745,31.0,34.0,4723.73510150179,16.0,172175.24673959962,0.4791666666666666,8.0,9.0,10.0
11,C38,SKU14,35.0,1.0,256.7311251942847,67.0,7.0,4971.991281810688,31.0,1700.2406422027489,247.4225789915253,20.0,21.0,1952.9631937687732,9.0,71000.47885464548,234.51838546317435,29.0,31.0,5123.321333769345,20.0,137443.772888904,241.51124522959745,31.0,34.0,6176.511444700864,26.0,172175.24673959962,0.4791666666666666,7.0,13.0,18.0
11,C38,SKU23,35.0,1.0,354.8227572820591,67.0,7.0,4971.991281810688,31.0,2529.226035705933,247.4225789915253,20.0,21.0,2634.4380931227643,10.0,71000.47885464548,234.51838546317435,29.0,31.0,4401.380339195599,16.0,137443.772888904,241.51124522959745,31.0,34.0,5978.508943032263,23.0,172175.24673959962,0.4791666666666666,5.0,8.0,10.0
11,C38,SKU72,21.0,1.0,432.1903504528083,67.0,7.0,4971.991281810688,31.0,3018.2863524980753,247.4225789915253,20.0,21.0,2143.854582708852,7.0,64309.306756835016,234.51838546317435,29.0,31.0,4863.608727258521,18.0,134425.20039296348,241.51124522959745,31.0,34.0,6002.861555273883,22.0,169326.71391872526,0.4791666666666666,4.0,12.0,16.0
11,C38,SKU39,7.0,1.0,224.86737855726213,67.0,7.0,4971.991281810688,31.0,2282.9656555758825,247.4225789915253,20.0,21.0,2005.9294396816913,8.0,72290.49237417508,234.51838546317435,29.0,31.0,3384.497478530941,14.0,148491.51822589754,241.51124522959745,31.0,34.0,3539.74576465095,15.0,184904.32509861933,0.4791666666666666,6.0,8.0,8.0
11,C38,SKU58,35.0,1.0,145.69768800554328,67.0,7.0,4971.991281810688,31.0,2428.364439028346,247.4225789915253,20.0,21.0,1297.7898246030197,8.0,72290.49237417508,234.51838546317435,29.0,31.0,3175.459193108213,16.0,148491.51822589754,241.51124522959745,31.0,34.0,4854.18394342602,23.0,184904.32509861933,0.4791666666666666,4.0,8.0,11.0
11,C38,SKU10,28.0,1.0,144.22077699983495,67.0,7.0,4971.991281810688,31.0,1497.4464980275773,247.4225789915253,20.0,21.0,637.246305027026,4.0,71000.47885464548,234.51838546317435,29.0,31.0,3710.9206991514775,14.0,137443.772888904,241.51124522959745,31.0,34.0,4903.101289382736,19.0,172175.24673959962,0.4791666666666666,1.0,8.0,10.0
11,C38,SKU27,,,,,,,,,,,,,,,,,,,,,,,,,,,,,,
11,C38,SKU5,,,,,,,,,,,,,,,,,,,,,,,,,,,,,,
11,C38,SKU13,21.0,1.0,220.09884510333748,67.0,7.0,4971.991281810688,31.0,2622.2735648767484,247.4225789915253,20.0,21.0,2639.5557162582354,9.0,72290.49237417508,234.51838546317435,29.0,31.0,4043.166248554249,14.0,148491.51822589754,241.51124522959745,31.0,34.0,6020.244724995739,19.0,184904.32509861933,0.4791666666666666,8.0,11.0,13.0
11,C38,SKU57,7.0,1.0,109.52961667429562,67.0,7.0,4971.991281810688,31.0,2115.78636749953,247.4225789915253,20.0,21.0,2481.3321993654963,12.0,71000.47885464548,234.51838546317435,29.0,31.0,5034.701407276938,22.0,137443.772888904,241.51124522959745,31.0,34.0,6199.929816035148,26.0,172175.24673959962,0.4791666666666666,7.0,14.0,16.0
11,C38,SKU71,21.0,1.0,338.9446150310784,67.0,7.0,4971.991281810688,31.0,3096.068461614182,247.4225789915253,20.0,21.0,2404.39611588069,11.0,72290.49237417508,234.51838546317435,29.0,31.0,4674.080739616792,20.0,148491.51822589754,241.51124522959745,31.0,34.0,6040.737840554442,26.0,184904.32509861933,0.4791666666666666,6.0,11.0,15.0
11,C38,SKU85,42.0,1.0,164.3835721989265,67.0,7.0,4971.991281810688,31.0,2552.9427276113784,247.4225789915253,20.0,21.0,2098.0126112069374,8.0,64309.306756835016,234.51838546317435,29.0,31.0,3983.7048522072832,17.0,134425.20039296348,241.51124522959745,31.0,34.0,4745.749114396946,20.0,169326.71391872526,0.4791666666666666,2.0,8.0,9.0
11,C38,SKU40,7.0,2.0,121.48821597548432,67.0,7.0,4971.991281810688,31.0,2107.523665214607,247.4225789915253,20.0,21.0,1316.753953201328,10.0,64309.306756835016,234.51838546317435,29.0,31.0,2963.78974554345,17.0,134425.20039296348,241.51124522959745,31.0,34.0,3647.9288448918765,19.0,169326.71391872526,0.4791666666666666,6.0,13.0,15.0
11,C38,SKU40,7.0,2.0,121.48821597548432,67.0,7.0,4971.991281810688,31.0,2107.523665214607,247.4225789915253,20.0,21.0,1316.753953201328,10.0,64309.306756835016,234.51838546317435,29.0,31.0,2963.78974554345,17.0,134425.20039296348,241.51124522959745,31.0,34.0,3647.9288448918765,19.0,169326.71391872526,0.4791666666666666,6.0,13.0,15.0
11,C38,SKU44,14.0,1.0,407.61224660171996,67.0,7.0,4971.991281810688,31.0,1286.5556691419476,247.4225789915253,20.0,21.0,3375.707094179786,14.0,72290.49237417508,234.51838546317435,29.0,31.0,3709.5889620045978,17.0,148491.51822589754,241.51124522959745,31.0,34.0,3975.385161577007,18.0,184904.32509861933,0.4791666666666666,7.0,8.0,8.0
11,C38,SKU75,21.0,1.0,275.63643950192215,67.0,7.0,4971.991281810688,31.0,917.0774363048039,247.4225789915253,20.0,21.0,1970.3063744189749,8.0,64309.306756835016,234.51838546317435,29.0,31.0,2791.700373441383,11.0,134425.20039296348,241.51124522959745,31.0,34.0,3740.740571377569,15.0,169326.71391872526,0.4791666666666666,4.0,5.0,7.0
11,C39,SKU46,35.0,1.0,265.6766736729535,24.0,22.0,1894.3007413034768,35.0,1716.661084172158,239.93553872533047,17.0,20.0,1113.88374513786,5.0,71000.47885464548,265.1908189783094,29.0,38.0,2359.140085796144,10.0,137443.772888904,257.4241784980607,35.0,44.0,4011.448091088257,17.0,172175.24673959962,0.23030303030303031,4.0,8.0,13.0
11,C39,SKU49,,,,,,,,,,,,,,,,,,,,,,,,,,,,,,
11,C39,SKU69,63.0,1.0,177.18653273995676,24.0,22.0,1894.3007413034768,35.0,4309.405519571437,239.93553872533047,17.0,20.0,2035.2711131866931,7.0,64309.306756835016,265.1908189783094,29.0,38.0,4689.680921989357,15.0,134425.20039296348,257.4241784980607,35.0,44.0,6440.272283329844,22.0,169326.71391872526,0.23030303030303031,4.0,11.0,15.0
11,C39,SKU83,42.0,1.0,320.614228197615,24.0,22.0,1894.3007413034768,35.0,3988.4532153091122,239.93553872533047,17.0,20.0,1745.4084827186693,5.0,64309.306756835016,265.1908189783094,29.0,38.0,6022.622707175466,19.0,134425.20039296348,257.4241784980607,35.0,44.0,7061.109254625385,23.0,169326.71391872526,0.23030303030303031,4.0,9.0,12.0
11,C39,SKU29,7.0,1.0,411.80155357342613,24.0,22.0,1894.3007413034768,35.0,1790.6759603603157,239.93553872533047,17.0,20.0,1124.9593254292206,6.0,64309.306756835016,265.1908189783094,29.0,38.0,2820.3394756077796,12.0,134425.20039296348,257.4241784980607,35.0,44.0,3933.4782928520303,17.0,169326.71391872526,0.23030303030303031,5.0,9.0,13.0
11,C39,SKU93,42.0,1.0,428.3532894357883,24.0,22.0,1894.3007413034768,35.0,4779.003530026869,239.93553872533047,17.0,20.0,3771.2980526762162,14.0,64309.306756835016,265.1908189783094,29.0,38.0,5963.945464659581,23.0,134425.20039296348,257.4241784980607,35.0,44.0,7243.474701731236,28.0,169326.71391872526,0.23030303030303031,6.0,13.0,14.0
11,C39,SKU78,35.0,1.0,142.32355737178165,24.0,22.0,1894.3007413034768,35.0,1506.4420005834681,239.93553872533047,17.0,20.0,1554.1710557580261,9.0,64309.306756835016,265.1908189783094,29.0,38.0,4150.523764079384,19.0,134425.20039296348,257.4241784980607,35.0,44.0,5149.05149684041,23.0,169326.71391872526,0.23030303030303031,3.0,8.0,11.0
11,C39,SKU12,21.0,1.0,457.8088258874238,24.0,22.0,1894.3007413034768,35.0,2728.223247791675,239.93553872533047,17.0,20.0,2521.395030978758,9.0,64309.306756835016,265.1908189783094,29.0,38.0,3695.688159793338,13.0,134425.20039296348,257.4241784980607,35.0,44.0,4205.119040348188,15.0,169326.71391872526,0.23030303030303031,6.0,8.0,10.0
11,C39,SKU97,14.0,1.0,219.18763641473203,24.0,22.0,1894.3007413034768,35.0,2763.7157447432432,239.93553872533047,17.0,20.0,1680.6880253238674,9.0,72290.49237417508,265.1908189783094,29.0,38.0,3408.703085968549,18.0,148491.51822589754,257.4241784980607,35.0,44.0,4105.349745126161,20.0,184904.32509861933,0.23030303030303031,5.0,9.0,9.0
11,C39,SKU63,,,,,,,,,,,,,,,,,,,,,,,,,,,,,,
11,C39,SKU90,7.0,1.0,334.4283811052627,24.0,22.0,1894.3007413034768,35.0,3498.944990268814,239.93553872533047,17.0,20.0,4395.3248693451,13.0,71000.47885464548,265.1908189783094,29.0,38.0,6125.165358255388,20.0,137443.772888904,257.4241784980607,35.0,44.0,7179.063293597827,23.0,172175.24673959962,0.23030303030303031,6.0,11.0,12.0
11,C39,SKU21,70.0,1.0,363.81202930106053,24.0,22.0,1894.3007413034768,35.0,3329.9472009380474,239.93553872533047,17.0,20.0,2353.590426368052,8.0,72290.49237417508,265.1908189783094,29.0,38.0,3999.2104528811406,15.0,148491.51822589754,257.4241784980607,35.0,44.0,4945.858239130029,20.0,184904.32509861933,0.23030303030303031,2.0,3.0,5.0
11,C39,SKU62,28.0,1.0,41.73116353240441,24.0,22.0,1894.3007413034768,35.0,3581.745762989488,239.93553872533047,17.0,20.0,2300.964082607896,9.0,72290.49237417508,265.1908189783094,29.0,38.0,3409.285760329741,13.0,148491.51822589754,257.4241784980607,35.0,44.0,5094.40761574676,19.0,184904.32509861933,0.23030303030303031,6.0,9.0,12.0
11,C39,SKU92,70.0,1.0,383.3405021718051,24.0,22.0,1894.3007413034768,35.0,3968.186994177711,239.93553872533047,17.0,20.0,2058.795273282778,7.0,71000.47885464548,265.1908189783094,29.0,38.0,5764.102094818151,18.0,137443.772888904,257.4241784980607,35.0,44.0,6840.064896781741,22.0,172175.24673959962,0.23030303030303031,2.0,3.0,6.0
11,C39,SKU34,,,,,,,,,,,,,,,,,,,,,,,,,,,,,,
11,C39,SKU64,21.0,1.0,204.50032364388136,24.0,22.0,1894.3007413034768,35.0,1815.0927190728687,239.93553872533047,17.0,20.0,955.5557594937186,5.0,64309.306756835016,265.1908189783094,29.0,38.0,1889.4927849954656,11.0,134425.20039296348,257.4241784980607,35.0,44.0,2974.437939968098,14.0,169326.71391872526,0.23030303030303031,2.0,4.0,5.0
11,C39,SKU15,42.0,1.0,341.98675996317627,24.0,22.0,1894.3007413034768,35.0,2973.982247734585,239.93553872533047,17.0,20.0,2494.919570641518,9.0,71000.47885464548,265.1908189783094,29.0,38.0,3418.6513460945753,13.0,137443.772888904,257.4241784980607,35.0,44.0,3907.7532733767002,15.0,172175.24673959962,0.23030303030303031,1.0,2.0,3.0
11,C39,SKU47,56.0,1.0,484.9379713133581,24.0,22.0,1894.3007413034768,35.0,3243.350734954755,239.93553872533047,17.0,20.0,1504.2583208823662,6.0,64309.306756835016,265.1908189783094,29.0,38.0,4078.5232405462552,15.0,134425.20039296348,257.4241784980607,35.0,44.0,4851.310939419624,19.0,169326.71391872526,0.23030303030303031,3.0,6.0,7.0
11,C39,SKU56,14.0,2.0,173.17042470097857,24.0,22.0,1894.3007413034768,35.0,1562.4169746612702,239.93553872533047,17.0,20.0,1545.754829674268,6.0,64309.306756835016,265.1908189783094,29.0,38.0,3270.798830899707,18.0,134425.20039296348,257.4241784980607,35.0,44.0,3695.2568467426813,19.0,169326.71391872526,0.23030303030303031,3.0,8.0,8.0
11,C39,SKU56,14.0,2.0,173.17042470097857,24.0,22.0,1894.3007413034768,35.0,1562.4169746612702,239.93553872533047,17.0,20.0,1545.754829674268,6.0,64309.306756835016,265.1908189783094,29.0,38.0,3270.798830899707,18.0,134425.20039296348,257.4241784980607,35.0,44.0,3695.2568467426813,19.0,169326.71391872526,0.23030303030303031,3.0,8.0,8.0
11,C39,SKU8,,,,,,,,,,,,,,,,,,,,,,,,,,,,,,
11,C39,SKU25,49.0,1.0,378.5452974620405,24.0,22.0,1894.3007413034768,35.0,4766.470564584546,239.93553872533047,17.0,20.0,3311.017450541504,13.0,72290.49237417508,265.1908189783094,29.0,38.0,6567.44870163083,25.0,148491.51822589754,257.4241784980607,35.0,44.0,8248.815644727618,31.0,184904.32509861933,0.23030303030303031,8.0,15.0,16.0
11,C39,SKU52,14.0,1.0,135.51647907608742,24.0,22.0,1894.3007413034768,35.0,2756.4448547017687,239.93553872533047,17.0,20.0,1741.9187812705975,9.0,72290.49237417508,265.1908189783094,29.0,38.0,3427.098935903869,15.0,148491.51822589754,257.4241784980607,35.0,44.0,3902.437562751791,16.0,184904.32509861933,0.23030303030303031,4.0,7.0,8.0
11,C39,SKU54,7.0,3.0,189.24175665016267,24.0,22.0,1894.3007413034768,35.0,2239.1404558524237,239.93553872533047,17.0,20.0,1609.6467143000414,7.0,72290.49237417508,265.1908189783094,29.0,38.0,2606.8102918522354,11.0,148491.51822589754,257.4241784980607,35.0,44.0,3631.498343241021,15.0,184904.32509861933,0.23030303030303031,2.0,3.0,5.0
11,C39,SKU54,7.0,3.0,189.24175665016267,24.0,22.0,1894.3007413034768,35.0,2239.1404558524237,239.93553872533047,17.0,20.0,1609.6467143000414,7.0,72290.49237417508,265.1908189783094,29.0,38.0,2606.8102918522354,11.0,148491.51822589754,257.4241784980607,35.0,44.0,3631.498343241021,15.0,184904.32509861933,0.23030303030303031,2.0,3.0,5.0
11,C39,SKU54,7.0,3.0,189.24175665016267,24.0,22.0,1894.3007413034768,35.0,2239.1404558524237,239.93553872533047,17.0,20.0,1609.6467143000414,7.0,72290.49237417508,265.1908189783094,29.0,38.0,2606.8102918522354,11.0,148491.51822589754,257.4241784980607,35.0,44.0,3631.498343241021,15.0,184904.32509861933,0.23030303030303031,2.0,3.0,5.0
11,C39,SKU33,14.0,3.0,324.1481690944691,24.0,22.0,1894.3007413034768,35.0,3906.1144208564524,239.93553872533047,17.0,20.0,2642.2105627812716,8.0,72290.49237417508,265.1908189783094,29.0,38.0,5270.357451901102,17.0,148491.51822589754,257.4241784980607,35.0,44.0,6391.156494070515,20.0,184904.32509861933,0.23030303030303031,4.0,10.0,12.0
11,C39,SKU33,14.0,3.0,324.1481690944691,24.0,22.0,1894.3007413034768,35.0,3906.1144208564524,239.93553872533047,17.0,20.0,2642.2105627812716,8.0,72290.49237417508,265.1908189783094,29.0,38.0,5270.357451901102,17.0,148491.51822589754,257.4241784980607,35.0,44.0,6391.156494070515,20.0,184904.32509861933,0.23030303030303031,4.0,10.0,12.0
11,C39,SKU33,14.0,3.0,324.1481690944691,24.0,22.0,1894.3007413034768,35.0,3906.1144208564524,239.93553872533047,17.0,20.0,2642.2105627812716,8.0,72290.49237417508,265.1908189783094,29.0,38.0,5270.357451901102,17.0,148491.51822589754,257.4241784980607,35.0,44.0,6391.156494070515,20.0,184904.32509861933,0.23030303030303031,4.0,10.0,12.0
11,C39,SKU100,56.0,1.0,215.75873625807907,24.0,22.0,1894.3007413034768,35.0,3829.993148508176,239.93553872533047,17.0,20.0,2673.953826709808,9.0,72290.49237417508,265.1908189783094,29.0,38.0,4985.751239140065,20.0,148491.51822589754,257.4241784980607,35.0,44.0,6311.3762452218325,24.0,184904.32509861933,0.23030303030303031,6.0,12.0,13.0
11,C39,SKU14,14.0,1.0,73.04310867500853,24.0,22.0,1894.3007413034768,35.0,4476.270802498114,239.93553872533047,17.0,20.0,1952.9631937687732,9.0,71000.47885464548,265.1908189783094,29.0,38.0,5123.321333769345,20.0,137443.772888904,257.4241784980607,35.0,44.0,6176.511444700864,26.0,172175.24673959962,0.23030303030303031,2.0,7.0,8.0
11,C39,SKU23,63.0,1.0,123.31620516888182,24.0,22.0,1894.3007413034768,35.0,3449.282907326329,239.93553872533047,17.0,20.0,2634.4380931227643,10.0,71000.47885464548,265.1908189783094,29.0,38.0,4401.380339195599,16.0,137443.772888904,257.4241784980607,35.0,44.0,5978.508943032263,23.0,172175.24673959962,0.23030303030303031,5.0,8.0,13.0
11,C39,SKU58,70.0,1.0,87.62491789011331,24.0,22.0,1894.3007413034768,35.0,2425.819504397674,239.93553872533047,17.0,20.0,1297.7898246030197,8.0,72290.49237417508,265.1908189783094,29.0,38.0,3175.459193108213,16.0,148491.51822589754,257.4241784980607,35.0,44.0,4854.18394342602,23.0,184904.32509861933,0.23030303030303031,4.0,8.0,12.0
11,C39,SKU17,28.0,2.0,122.03796262053976,24.0,22.0,1894.3007413034768,35.0,5081.190266320188,239.93553872533047,17.0,20.0,1099.92123122253,4.0,72290.49237417508,265.1908189783094,29.0,38.0,6046.566669899512,20.0,148491.51822589754,257.4241784980607,35.0,44.0,7723.295835124876,24.0,184904.32509861933,0.23030303030303031,2.0,12.0,14.0
11,C39,SKU17,28.0,2.0,122.03796262053976,24.0,22.0,1894.3007413034768,35.0,5081.190266320188,239.93553872533047,17.0,20.0,1099.92123122253,4.0,72290.49237417508,265.1908189783094,29.0,38.0,6046.566669899512,20.0,148491.51822589754,257.4241784980607,35.0,44.0,7723.295835124876,24.0,184904.32509861933,0.23030303030303031,2.0,12.0,14.0
11,C39,SKU55,28.0,1.0,422.0532690137896,24.0,22.0,1894.3007413034768,35.0,2718.6657102173667,239.93553872533047,17.0,20.0,1998.897600122124,7.0,64309.306756835016,265.1908189783094,29.0,38.0,3587.397886299588,12.0,134425.20039296348,257.4241784980607,35.0,44.0,4503.739931530498,16.0,169326.71391872526,0.23030303030303031,2.0,6.0,8.0
11,C39,SKU27,28.0,2.0,367.2849076299274,24.0,22.0,1894.3007413034768,35.0,3560.4756027848416,239.93553872533047,17.0,20.0,1850.686499348616,6.0,71000.47885464548,265.1908189783094,29.0,38.0,4532.766246076299,16.0,137443.772888904,257.4241784980607,35.0,44.0,4829.31304282509,18.0,172175.24673959962,0.23030303030303031,5.0,12.0,14.0
11,C39,SKU27,28.0,2.0,367.2849076299274,24.0,22.0,1894.3007413034768,35.0,3560.4756027848416,239.93553872533047,17.0,20.0,1850.686499348616,6.0,71000.47885464548,265.1908189783094,29.0,38.0,4532.766246076299,16.0,137443.772888904,257.4241784980607,35.0,44.0,4829.31304282509,18.0,172175.24673959962,0.23030303030303031,5.0,12.0,14.0
11,C39,SKU5,49.0,1.0,444.85908949703264,24.0,22.0,1894.3007413034768,35.0,4475.10022155687,239.93553872533047,17.0,20.0,2752.7115105281678,9.0,72290.49237417508,265.1908189783094,29.0,38.0,7156.4594080845045,24.0,148491.51822589754,257.4241784980607,35.0,44.0,8513.080158022674,29.0,184904.32509861933,0.23030303030303031,5.0,10.0,12.0
11,C39,SKU22,63.0,1.0,114.13254546709972,24.0,22.0,1894.3007413034768,35.0,2609.1725459160966,239.93553872533047,17.0,20.0,3590.4101892893627,10.0,71000.47885464548,265.1908189783094,29.0,38.0,5087.730946024144,16.0,137443.772888904,257.4241784980607,35.0,44.0,5587.376488651759,19.0,172175.24673959962,0.23030303030303031,2.0,4.0,5.0
11,C39,SKU66,14.0,3.0,262.217206703518,24.0,22.0,1894.3007413034768,35.0,3491.83031890565,239.93553872533047,17.0,20.0,2782.60833972082,11.0,71000.47885464548,265.1908189783094,29.0,38.0,4217.844243944581,18.0,137443.772888904,257.4241784980607,35.0,44.0,4755.902905153972,20.0,172175.24673959962,0.23030303030303031,8.0,13.0,14.0
11,C39,SKU66,14.0,3.0,262.217206703518,24.0,22.0,1894.3007413034768,35.0,3491.83031890565,239.93553872533047,17.0,20.0,2782.60833972082,11.0,71000.47885464548,265.1908189783094,29.0,38.0,4217.844243944581,18.0,137443.772888904,257.4241784980607,35.0,44.0,4755.902905153972,20.0,172175.24673959962,0.23030303030303031,8.0,13.0,14.0
11,C39,SKU66,14.0,3.0,262.217206703518,24.0,22.0,1894.3007413034768,35.0,3491.83031890565,239.93553872533047,17.0,20.0,2782.60833972082,11.0,71000.47885464548,265.1908189783094,29.0,38.0,4217.844243944581,18.0,137443.772888904,257.4241784980607,35.0,44.0,4755.902905153972,20.0,172175.24673959962,0.23030303030303031,8.0,13.0,14.0
11,C39,SKU59,49.0,1.0,435.2049483666711,24.0,22.0,1894.3007413034768,35.0,2299.7805480164484,239.93553872533047,17.0,20.0,495.6727845513598,3.0,72290.49237417508,265.1908189783094,29.0,38.0,2020.2083700771911,9.0,148491.51822589754,257.4241784980607,35.0,44.0,3141.0112032649795,12.0,184904.32509861933,0.23030303030303031,1.0,4.0,4.0
11,C39,SKU79,7.0,1.0,249.06105330957553,24.0,22.0,1894.3007413034768,35.0,4278.459514953102,239.93553872533047,17.0,20.0,3067.2727070094,9.0,64309.306756835016,265.1908189783094,29.0,38.0,5685.419533093278,19.0,134425.20039296348,257.4241784980607,35.0,44.0,6392.592072969643,23.0,169326.71391872526,0.23030303030303031,4.0,8.0,10.0
11,C39,SKU2,,,,,,,,,,,,,,,,,,,,,,,,,,,,,,
11,C39,SKU37,49.0,1.0,164.70719967737372,24.0,22.0,1894.3007413034768,35.0,4276.8829913506725,239.93553872533047,17.0,20.0,2506.0641619629373,9.0,71000.47885464548,265.1908189783094,29.0,38.0,6062.756483960785,24.0,137443.772888904,257.4241784980607,35.0,44.0,7868.481946817385,30.0,172175.24673959962,0.23030303030303031,3.0,10.0,14.0
11,C39,SKU75,7.0,1.0,34.30143488168595,24.0,22.0,1894.3007413034768,35.0,2823.663135072765,239.93553872533047,17.0,20.0,1970.3063744189749,8.0,64309.306756835016,265.1908189783094,29.0,38.0,2791.700373441383,11.0,134425.20039296348,257.4241784980607,35.0,44.0,3740.740571377569,15.0,169326.71391872526,0.23030303030303031,4.0,6.0,8.0
11,C39,SKU9,35.0,1.0,219.04215359926715,24.0,22.0,1894.3007413034768,35.0,1988.7439868645379,239.93553872533047,17.0,20.0,656.8016608132668,3.0,72290.49237417508,265.1908189783094,29.0,38.0,3547.4614779361054,16.0,148491.51822589754,257.4241784980607,35.0,44.0,4567.6472624663165,20.0,184904.32509861933,0.23030303030303031,0.0,5.0,5.0
11,C40,SKU94,42.0,1.0,431.96010032890877,79.0,42.0,1149.4933880367023,27.0,4230.592179117441,255.24350962616515,15.0,15.0,2483.5489317856486,9.0,71000.47885464548,253.87243515173898,24.0,27.0,5875.653325400093,19.0,137443.772888904,266.7395622608975,27.0,32.0,7988.092781982599,26.0,172175.24673959962,0.19393939393939394,4.0,10.0,13.0
11,C40,SKU36,7.0,2.0,166.0841391483043,79.0,42.0,1149.4933880367023,27.0,3878.3755467399974,255.24350962616515,15.0,15.0,2098.4499335866844,9.0,71000.47885464548,253.87243515173898,24.0,27.0,4085.6246541863675,16.0,137443.772888904,266.7395622608975,27.0,32.0,5006.714238376788,21.0,172175.24673959962,0.19393939393939394,5.0,10.0,12.0
11,C40,SKU36,7.0,2.0,166.0841391483043,79.0,42.0,1149.4933880367023,27.0,3878.3755467399974,255.24350962616515,15.0,15.0,2098.4499335866844,9.0,71000.47885464548,253.87243515173898,24.0,27.0,4085.6246541863675,16.0,137443.772888904,266.7395622608975,27.0,32.0,5006.714238376788,21.0,172175.24673959962,0.19393939393939394,5.0,10.0,12.0
11,C40,SKU46,14.0,1.0,148.43973104535368,79.0,42.0,1149.4933880367023,27.0,1716.661084172158,255.24350962616515,15.0,15.0,1113.88374513786,5.0,71000.47885464548,253.87243515173898,24.0,27.0,2359.140085796144,10.0,137443.772888904,266.7395622608975,27.0,32.0,4011.448091088257,17.0,172175.24673959962,0.19393939393939394,4.0,8.0,13.0
11,C40,SKU49,,,,,,,,,,,,,,,,,,,,,,,,,,,,,,
11,C40,SKU26,28.0,1.0,72.45487172366245,79.0,42.0,1149.4933880367023,27.0,2870.077373106889,255.24350962616515,15.0,15.0,1878.8963415535886,9.0,64309.306756835016,253.87243515173898,24.0,27.0,4362.126765130159,19.0,134425.20039296348,266.7395622608975,27.0,32.0,5671.0460414333365,24.0,169326.71391872526,0.19393939393939394,5.0,12.0,13.0
11,C40,SKU69,35.0,1.0,469.7430776944162,79.0,42.0,1149.4933880367023,27.0,4309.405519571437,255.24350962616515,15.0,15.0,2035.2711131866931,7.0,64309.306756835016,253.87243515173898,24.0,27.0,4689.680921989357,15.0,134425.20039296348,266.7395622608975,27.0,32.0,6440.272283329844,22.0,169326.71391872526,0.19393939393939394,4.0,11.0,15.0
11,C40,SKU19,21.0,2.0,120.87887728979777,79.0,42.0,1149.4933880367023,27.0,4020.1694548435967,255.24350962616515,15.0,15.0,2459.6185464635482,8.0,64309.306756835016,253.87243515173898,24.0,27.0,4521.7287856660405,15.0,134425.20039296348,266.7395622608975,27.0,32.0,5248.878137480506,18.0,169326.71391872526,0.19393939393939394,4.0,5.0,7.0
11,C40,SKU19,21.0,2.0,120.87887728979777,79.0,42.0,1149.4933880367023,27.0,4020.1694548435967,255.24350962616515,15.0,15.0,2459.6185464635482,8.0,64309.306756835016,253.87243515173898,24.0,27.0,4521.7287856660405,15.0,134425.20039296348,266.7395622608975,27.0,32.0,5248.878137480506,18.0,169326.71391872526,0.19393939393939394,4.0,5.0,7.0
11,C40,SKU24,,,,,,,,,,,,,,,,,,,,,,,,,,,,,,
11,C40,SKU99,,,,,,,,,,,,,,,,,,,,,,,,,,,,,,
11,C40,SKU93,,,,,,,,,,,,,,,,,,,,,,,,,,,,,,
11,C40,SKU63,49.0,1.0,233.18411503811762,79.0,42.0,1149.4933880367023,27.0,5123.381693983563,255.24350962616515,15.0,15.0,3844.564732690659,10.0,72290.49237417508,253.87243515173898,24.0,27.0,6449.086660364468,19.0,148491.51822589754,266.7395622608975,27.0,32.0,8086.425774464821,25.0,184904.32509861933,0.19393939393939394,7.0,11.0,12.0
11,C40,SKU77,21.0,1.0,335.35334317240677,79.0,42.0,1149.4933880367023,27.0,4159.665922482025,255.24350962616515,15.0,15.0,1969.5849943511034,6.0,64309.306756835016,253.87243515173898,24.0,27.0,6020.897732327896,20.0,134425.20039296348,266.7395622608975,27.0,32.0,7074.900189336561,24.0,169326.71391872526,0.19393939393939394,2.0,9.0,12.0
11,C40,SKU79,14.0,1.0,499.59192469114964,79.0,42.0,1149.4933880367023,27.0,4278.459514953102,255.24350962616515,15.0,15.0,3067.2727070094,9.0,64309.306756835016,253.87243515173898,24.0,27.0,5685.419533093278,19.0,134425.20039296348,266.7395622608975,27.0,32.0,6392.592072969643,23.0,169326.71391872526,0.19393939393939394,4.0,8.0,10.0
11,C40,SKU62,28.0,1.0,498.65293251567516,79.0,42.0,1149.4933880367023,27.0,3581.745762989488,255.24350962616515,15.0,15.0,2300.964082607896,9.0,72290.49237417508,253.87243515173898,24.0,27.0,3409.285760329741,13.0,148491.51822589754,266.7395622608975,27.0,32.0,5094.40761574676,19.0,184904.32509861933,0.19393939393939394,6.0,9.0,12.0
11,C40,SKU34,,,,,,,,,,,,,,,,,,,,,,,,,,,,,,
11,C40,SKU91,35.0,3.0,189.05583067608336,79.0,42.0,1149.4933880367023,27.0,3041.4309024381173,255.24350962616515,15.0,15.0,2984.7942397263446,12.0,71000.47885464548,253.87243515173898,24.0,27.0,5467.293917927763,21.0,137443.772888904,266.7395622608975,27.0,32.0,6199.939367149383,24.0,172175.24673959962,0.19393939393939394,8.0,14.0,14.0
11,C40,SKU91,35.0,3.0,189.05583067608336,79.0,42.0,1149.4933880367023,27.0,3041.4309024381173,255.24350962616515,15.0,15.0,2984.7942397263446,12.0,71000.47885464548,253.87243515173898,24.0,27.0,5467.293917927763,21.0,137443.772888904,266.7395622608975,27.0,32.0,6199.939367149383,24.0,172175.24673959962,0.19393939393939394,8.0,14.0,14.0
11,C40,SKU91,35.0,3.0,189.05583067608336,79.0,42.0,1149.4933880367023,27.0,3041.4309024381173,255.24350962616515,15.0,15.0,2984.7942397263446,12.0,71000.47885464548,253.87243515173898,24.0,27.0,5467.293917927763,21.0,137443.772888904,266.7395622608975,27.0,32.0,6199.939367149383,24.0,172175.24673959962,0.19393939393939394,8.0,14.0,14.0
11,C40,SKU68,7.0,1.0,120.84111205758231,79.0,42.0,1149.4933880367023,27.0,3180.8995737396594,255.24350962616515,15.0,15.0,3757.0945615131045,10.0,72290.49237417508,253.87243515173898,24.0,27.0,6486.586612668207,19.0,148491.51822589754,266.7395622608975,27.0,32.0,6767.085248268148,21.0,184904.32509861933,0.19393939393939394,5.0,8.0,9.0
11,C40,SKU8,,,,,,,,,,,,,,,,,,,,,,,,,,,,,,
11,C40,SKU96,14.0,1.0,107.67671345044329,79.0,42.0,1149.4933880367023,27.0,2065.7904859342652,255.24350962616515,15.0,15.0,2285.8624136074177,9.0,72290.49237417508,253.87243515173898,24.0,27.0,3447.902699573569,14.0,148491.51822589754,266.7395622608975,27.0,32.0,5524.266048975098,20.0,184904.32509861933,0.19393939393939394,6.0,11.0,13.0
11,C40,SKU52,70.0,1.0,475.33862684792217,79.0,42.0,1149.4933880367023,27.0,2756.4448547017687,255.24350962616515,15.0,15.0,1741.9187812705975,9.0,72290.49237417508,253.87243515173898,24.0,27.0,3427.098935903869,15.0,148491.51822589754,266.7395622608975,27.0,32.0,3902.437562751791,16.0,184904.32509861933,0.19393939393939394,4.0,7.0,8.0
11,C40,SKU84,63.0,1.0,329.1343398474909,79.0,42.0,1149.4933880367023,27.0,2378.4863459713806,255.24350962616515,15.0,15.0,2347.7386034283104,7.0,71000.47885464548,253.87243515173898,24.0,27.0,4926.045037747026,16.0,137443.772888904,266.7395622608975,27.0,32.0,5976.75994258024,20.0,172175.24673959962,0.19393939393939394,2.0,6.0,7.0
11,C40,SKU33,49.0,1.0,213.17057453840664,79.0,42.0,1149.4933880367023,27.0,3906.1144208564524,255.24350962616515,15.0,15.0,2642.2105627812716,8.0,72290.49237417508,253.87243515173898,24.0,27.0,5270.357451901102,17.0,148491.51822589754,266.7395622608975,27.0,32.0,6391.156494070515,20.0,184904.32509861933,0.19393939393939394,4.0,10.0,12.0
11,C40,SKU100,28.0,1.0,324.66526855257194,79.0,42.0,1149.4933880367023,27.0,3829.993148508176,255.24350962616515,15.0,15.0,2673.953826709808,9.0,72290.49237417508,253.87243515173898,24.0,27.0,4985.751239140065,20.0,148491.51822589754,266.7395622608975,27.0,32.0,6311.3762452218325,24.0,184904.32509861933,0.19393939393939394,6.0,12.0,13.0
11,C40,SKU28,21.0,1.0,312.1137476207678,79.0,42.0,1149.4933880367023,27.0,2987.7226846135545,255.24350962616515,15.0,15.0,2768.6171096267003,9.0,71000.47885464548,253.87243515173898,24.0,27.0,4081.7553652923557,14.0,137443.772888904,266.7395622608975,27.0,32.0,4723.73510150179,16.0,172175.24673959962,0.19393939393939394,1.0,5.0,6.0
11,C40,SKU6,49.0,1.0,361.5484547332643,79.0,42.0,1149.4933880367023,27.0,2548.427845853984,255.24350962616515,15.0,15.0,1718.2138115896896,5.0,64309.306756835016,253.87243515173898,24.0,27.0,3444.5401016023407,13.0,134425.20039296348,266.7395622608975,27.0,32.0,3930.0555283698873,16.0,169326.71391872526,0.19393939393939394,2.0,7.0,8.0
11,C40,SKU20,21.0,1.0,367.0992923271543,79.0,42.0,1149.4933880367023,27.0,2008.93076555903,255.24350962616515,15.0,15.0,2064.335557946855,6.0,72290.49237417508,253.87243515173898,24.0,27.0,2995.0391942363067,11.0,148491.51822589754,266.7395622608975,27.0,32.0,3330.725406979164,13.0,184904.32509861933,0.19393939393939394,3.0,7.0,7.0
11,C40,SKU76,7.0,1.0,91.62550281328588,79.0,42.0,1149.4933880367023,27.0,2709.5969711076746,255.24350962616515,15.0,15.0,2408.515227882009,11.0,71000.47885464548,253.87243515173898,24.0,27.0,4641.153927856552,19.0,137443.772888904,266.7395622608975,27.0,32.0,5347.188208957184,22.0,172175.24673959962,0.19393939393939394,8.0,9.0,12.0
11,C40,SKU17,,,,,,,,,,,,,,,,,,,,,,,,,,,,,,
11,C40,SKU27,7.0,1.0,260.6946592359661,79.0,42.0,1149.4933880367023,27.0,3560.4756027848416,255.24350962616515,15.0,15.0,1850.686499348616,6.0,71000.47885464548,253.87243515173898,24.0,27.0,4532.766246076299,16.0,137443.772888904,266.7395622608975,27.0,32.0,4829.31304282509,18.0,172175.24673959962,0.19393939393939394,5.0,12.0,14.0
11,C40,SKU71,35.0,1.0,252.38547755192192,79.0,42.0,1149.4933880367023,27.0,2944.6693789402602,255.24350962616515,15.0,15.0,2404.39611588069,11.0,72290.49237417508,253.87243515173898,24.0,27.0,4674.080739616792,20.0,148491.51822589754,266.7395622608975,27.0,32.0,6040.737840554442,26.0,184904.32509861933,0.19393939393939394,5.0,9.0,11.0
11,C40,SKU89,42.0,1.0,15.40032774500932,79.0,42.0,1149.4933880367023,27.0,2088.225747124807,255.24350962616515,15.0,15.0,2711.515344539416,8.0,72290.49237417508,253.87243515173898,24.0,27.0,4952.93249102111,17.0,148491.51822589754,266.7395622608975,27.0,32.0,5669.163547128538,19.0,184904.32509861933,0.19393939393939394,2.0,6.0,6.0
11,C40,SKU66,7.0,1.0,372.696449182991,79.0,42.0,1149.4933880367023,27.0,3491.83031890565,255.24350962616515,15.0,15.0,2782.60833972082,11.0,71000.47885464548,253.87243515173898,24.0,27.0,4217.844243944581,18.0,137443.772888904,266.7395622608975,27.0,32.0,4755.902905153972,20.0,172175.24673959962,0.19393939393939394,8.0,13.0,14.0
11,C40,SKU51,70.0,2.0,397.4701070517319,79.0,42.0,1149.4933880367023,27.0,2262.3689900106183,255.24350962616515,15.0,15.0,486.7791275019824,5.0,64309.306756835016,253.87243515173898,24.0,27.0,2563.3211172380097,13.0,134425.20039296348,266.7395622608975,27.0,32.0,4153.947150176074,18.0,169326.71391872526,0.19393939393939394,3.0,6.0,10.0
11,C40,SKU51,70.0,2.0,397.4701070517319,79.0,42.0,1149.4933880367023,27.0,2262.3689900106183,255.24350962616515,15.0,15.0,486.7791275019824,5.0,64309.306756835016,253.87243515173898,24.0,27.0,2563.3211172380097,13.0,134425.20039296348,266.7395622608975,27.0,32.0,4153.947150176074,18.0,169326.71391872526,0.19393939393939394,3.0,6.0,10.0
11,C40,SKU11,42.0,1.0,305.8616106263351,79.0,42.0,1149.4933880367023,27.0,1571.5428566097337,255.24350962616515,15.0,15.0,1306.338850366108,8.0,71000.47885464548,253.87243515173898,24.0,27.0,2550.8480591644948,13.0,137443.772888904,266.7395622608975,27.0,32.0,4121.535060767028,18.0,172175.24673959962,0.19393939393939394,4.0,8.0,11.0
11,C41,SKU70,28.0,1.0,349.5387059148757,61.0,15.0,1436.4855964886863,31.0,3811.12967781279,323.81502757360454,15.0,16.0,4480.1417984573545,14.0,72290.49237417508,298.1708122764569,25.0,29.0,6010.096024175712,20.0,148491.51822589754,287.9849549950385,31.0,41.0,6403.032172003971,21.0,184904.32509861933,-0.2363636363636364,6.0,10.0,10.0
11,C41,SKU35,56.0,1.0,285.77593817876243,61.0,15.0,1436.4855964886863,31.0,3712.4861044710765,323.81502757360454,15.0,16.0,2754.1797051098306,13.0,71000.47885464548,298.1708122764569,25.0,29.0,4134.082406545251,18.0,137443.772888904,287.9849549950385,31.0,41.0,5605.79976774534,22.0,172175.24673959962,-0.2363636363636364,6.0,8.0,12.0
11,C41,SKU26,21.0,1.0,201.65830823402433,61.0,15.0,1436.4855964886863,31.0,2870.077373106889,323.81502757360454,15.0,16.0,1878.8963415535886,9.0,64309.306756835016,298.1708122764569,25.0,29.0,4362.126765130159,19.0,134425.20039296348,287.9849549950385,31.0,41.0,5671.0460414333365,24.0,169326.71391872526,-0.2363636363636364,5.0,12.0,13.0
11,C41,SKU83,21.0,1.0,168.54566318187594,61.0,15.0,1436.4855964886863,31.0,3988.4532153091122,323.81502757360454,15.0,16.0,1745.4084827186693,5.0,64309.306756835016,298.1708122764569,25.0,29.0,6022.622707175466,19.0,134425.20039296348,287.9849549950385,31.0,41.0,7061.109254625385,23.0,169326.71391872526,-0.2363636363636364,4.0,9.0,12.0
11,C41,SKU19,70.0,1.0,209.56324450821666,61.0,15.0,1436.4855964886863,31.0,4020.1694548435967,323.81502757360454,15.0,16.0,2459.6185464635482,8.0,64309.306756835016,298.1708122764569,25.0,29.0,4521.7287856660405,15.0,134425.20039296348,287.9849549950385,31.0,41.0,5248.878137480506,18.0,169326.71391872526,-0.2363636363636364,4.0,5.0,7.0
11,C41,SKU93,,,,,,,,,,,,,,,,,,,,,,,,,,,,,,
11,C41,SKU63,,,,,,,,,,,,,,,,,,,,,,,,,,,,,,
11,C41,SKU65,56.0,3.0,414.60651729480065,61.0,15.0,1436.4855964886863,31.0,2742.637392291262,323.81502757360454,15.0,16.0,1926.4022658393026,7.0,64309.306756835016,298.1708122764569,25.0,29.0,2847.126109998277,11.0,134425.20039296348,287.9849549950385,31.0,41.0,4812.507686816041,16.0,169326.71391872526,-0.2363636363636364,4.0,7.0,11.0
11,C41,SKU65,56.0,3.0,414.60651729480065,61.0,15.0,1436.4855964886863,31.0,2742.637392291262,323.81502757360454,15.0,16.0,1926.4022658393026,7.0,64309.306756835016,298.1708122764569,25.0,29.0,2847.126109998277,11.0,134425.20039296348,287.9849549950385,31.0,41.0,4812.507686816041,16.0,169326.71391872526,-0.2363636363636364,4.0,7.0,11.0
11,C41,SKU65,56.0,3.0,414.60651729480065,61.0,15.0,1436.4855964886863,31.0,2742.637392291262,323.81502757360454,15.0,16.0,1926.4022658393026,7.0,64309.306756835016,298.1708122764569,25.0,29.0,2847.126109998277,11.0,134425.20039296348,287.9849549950385,31.0,41.0,4812.507686816041,16.0,169326.71391872526,-0.2363636363636364,4.0,7.0,11.0
11,C41,SKU12,,,,,,,,,,,,,,,,,,,,,,,,,,,,,,
11,C41,SKU73,7.0,1.0,443.8320156592568,61.0,15.0,1436.4855964886863,31.0,4571.7837877155935,323.81502757360454,15.0,16.0,2144.6610779968128,9.0,64309.306756835016,298.1708122764569,25.0,29.0,4922.04230623544,18.0,134425.20039296348,287.9849549950385,31.0,41.0,6172.422473412418,22.0,169326.71391872526,-0.2363636363636364,3.0,6.0,9.0
11,C41,SKU21,63.0,1.0,75.12660938487276,61.0,15.0,1436.4855964886863,31.0,3329.9472009380474,323.81502757360454,15.0,16.0,2353.590426368052,8.0,72290.49237417508,298.1708122764569,25.0,29.0,3999.2104528811406,15.0,148491.51822589754,287.9849549950385,31.0,41.0,4945.858239130029,20.0,184904.32509861933,-0.2363636363636364,2.0,3.0,5.0
11,C41,SKU92,70.0,1.0,192.05271138199498,61.0,15.0,1436.4855964886863,31.0,3968.186994177711,323.81502757360454,15.0,16.0,2058.795273282778,7.0,71000.47885464548,298.1708122764569,25.0,29.0,5764.102094818151,18.0,137443.772888904,287.9849549950385,31.0,41.0,6840.064896781741,22.0,172175.24673959962,-0.2363636363636364,2.0,3.0,6.0
11,C41,SKU34,21.0,1.0,111.7577375279279,61.0,15.0,1436.4855964886863,31.0,5244.288347500294,323.81502757360454,15.0,16.0,3705.418135522522,14.0,71000.47885464548,298.1708122764569,25.0,29.0,6259.775782633862,23.0,137443.772888904,287.9849549950385,31.0,41.0,7435.249755115927,26.0,172175.24673959962,-0.2363636363636364,3.0,8.0,9.0
11,C41,SKU68,28.0,2.0,237.95640787640104,61.0,15.0,1436.4855964886863,31.0,3180.8995737396594,323.81502757360454,15.0,16.0,3757.0945615131045,10.0,72290.49237417508,298.1708122764569,25.0,29.0,6486.586612668207,19.0,148491.51822589754,287.9849549950385,31.0,41.0,6767.085248268148,21.0,184904.32509861933,-0.2363636363636364,5.0,8.0,9.0
11,C41,SKU68,28.0,2.0,237.95640787640104,61.0,15.0,1436.4855964886863,31.0,3180.8995737396594,323.81502757360454,15.0,16.0,3757.0945615131045,10.0,72290.49237417508,298.1708122764569,25.0,29.0,6486.586612668207,19.0,148491.51822589754,287.9849549950385,31.0,41.0,6767.085248268148,21.0,184904.32509861933,-0.2363636363636364,5.0,8.0,9.0
11,C41,SKU98,28.0,1.0,490.2696650995507,61.0,15.0,1436.4855964886863,31.0,2640.5724940722566,323.81502757360454,15.0,16.0,2373.2708616765435,11.0,71000.47885464548,298.1708122764569,25.0,29.0,3380.219179246736,14.0,137443.772888904,287.9849549950385,31.0,41.0,4767.829085732679,19.0,172175.24673959962,-0.2363636363636364,6.0,8.0,12.0
11,C41,SKU8,,,,,,,,,,,,,,,,,,,,,,,,,,,,,,
11,C41,SKU4,70.0,1.0,178.66280034993602,61.0,15.0,1436.4855964886863,31.0,2192.918644094279,323.81502757360454,15.0,16.0,2655.6484127428835,8.0,71000.47885464548,298.1708122764569,25.0,29.0,4052.347400421194,16.0,137443.772888904,287.9849549950385,31.0,41.0,5206.213575325947,19.0,172175.24673959962,-0.2363636363636364,5.0,8.0,10.0
11,C41,SKU25,21.0,3.0,219.13315995986355,61.0,15.0,1436.4855964886863,31.0,4766.470564584546,323.81502757360454,15.0,16.0,3311.017450541504,13.0,72290.49237417508,298.1708122764569,25.0,29.0,6567.44870163083,25.0,148491.51822589754,287.9849549950385,31.0,41.0,8248.815644727618,31.0,184904.32509861933,-0.2363636363636364,8.0,15.0,16.0
11,C41,SKU25,21.0,3.0,219.13315995986355,61.0,15.0,1436.4855964886863,31.0,4766.470564584546,323.81502757360454,15.0,16.0,3311.017450541504,13.0,72290.49237417508,298.1708122764569,25.0,29.0,6567.44870163083,25.0,148491.51822589754,287.9849549950385,31.0,41.0,8248.815644727618,31.0,184904.32509861933,-0.2363636363636364,8.0,15.0,16.0
11,C41,SKU25,21.0,3.0,219.13315995986355,61.0,15.0,1436.4855964886863,31.0,4766.470564584546,323.81502757360454,15.0,16.0,3311.017450541504,13.0,72290.49237417508,298.1708122764569,25.0,29.0,6567.44870163083,25.0,148491.51822589754,287.9849549950385,31.0,41.0,8248.815644727618,31.0,184904.32509861933,-0.2363636363636364,8.0,15.0,16.0
11,C41,SKU96,35.0,1.0,435.0509363335364,61.0,15.0,1436.4855964886863,31.0,2065.7904859342652,323.81502757360454,15.0,16.0,2285.8624136074177,9.0,72290.49237417508,298.1708122764569,25.0,29.0,3447.902699573569,14.0,148491.51822589754,287.9849549950385,31.0,41.0,5524.266048975098,20.0,184904.32509861933,-0.2363636363636364,6.0,11.0,13.0
11,C41,SKU80,63.0,1.0,474.30976470399753,61.0,15.0,1436.4855964886863,31.0,3243.635387305008,323.81502757360454,15.0,16.0,2146.07442467616,7.0,64309.306756835016,298.1708122764569,25.0,29.0,4759.000777469969,17.0,134425.20039296348,287.9849549950385,31.0,41.0,5848.340218353709,22.0,169326.71391872526,-0.2363636363636364,4.0,9.0,12.0
11,C41,SKU33,7.0,1.0,375.19812418367945,61.0,15.0,1436.4855964886863,31.0,3906.1144208564524,323.81502757360454,15.0,16.0,2642.2105627812716,8.0,72290.49237417508,298.1708122764569,25.0,29.0,5270.357451901102,17.0,148491.51822589754,287.9849549950385,31.0,41.0,6391.156494070515,20.0,184904.32509861933,-0.2363636363636364,4.0,10.0,12.0
11,C41,SKU100,21.0,1.0,171.74011323776767,61.0,15.0,1436.4855964886863,31.0,3829.993148508176,323.81502757360454,15.0,16.0,2673.953826709808,9.0,72290.49237417508,298.1708122764569,25.0,29.0,4985.751239140065,20.0,148491.51822589754,287.9849549950385,31.0,41.0,6311.3762452218325,24.0,184904.32509861933,-0.2363636363636364,6.0,12.0,13.0
11,C41,SKU28,56.0,1.0,135.52176467248452,61.0,15.0,1436.4855964886863,31.0,2987.7226846135545,323.81502757360454,15.0,16.0,2768.6171096267003,9.0,71000.47885464548,298.1708122764569,25.0,29.0,4081.7553652923557,14.0,137443.772888904,287.9849549950385,31.0,41.0,4723.73510150179,16.0,172175.24673959962,-0.2363636363636364,1.0,5.0,6.0
11,C41,SKU87,,,,,,,,,,,,,,,,,,,,,,,,,,,,,,
11,C41,SKU14,42.0,1.0,379.35986353957134,61.0,15.0,1436.4855964886863,31.0,4476.270802498114,323.81502757360454,15.0,16.0,1952.9631937687732,9.0,71000.47885464548,298.1708122764569,25.0,29.0,5123.321333769345,20.0,137443.772888904,287.9849549950385,31.0,41.0,6176.511444700864,26.0,172175.24673959962,-0.2363636363636364,2.0,7.0,8.0
11,C41,SKU23,28.0,1.0,231.59025639457303,61.0,15.0,1436.4855964886863,31.0,3449.282907326329,323.81502757360454,15.0,16.0,2634.4380931227643,10.0,71000.47885464548,298.1708122764569,25.0,29.0,4401.380339195599,16.0,137443.772888904,287.9849549950385,31.0,41.0,5978.508943032263,23.0,172175.24673959962,-0.2363636363636364,5.0,8.0,13.0
11,C41,SKU72,35.0,1.0,319.1448251444744,61.0,15.0,1436.4855964886863,31.0,2984.5752027758062,323.81502757360454,15.0,16.0,2143.854582708852,7.0,64309.306756835016,298.1708122764569,25.0,29.0,4863.608727258521,18.0,134425.20039296348,287.9849549950385,31.0,41.0,6002.861555273883,22.0,169326.71391872526,-0.2363636363636364,3.0,6.0,6.0
11,C41,SKU58,,,,,,,,,,,,,,,,,,,,,,,,,,,,,,
11,C41,SKU17,35.0,1.0,462.61312181247104,61.0,15.0,1436.4855964886863,31.0,5081.190266320188,323.81502757360454,15.0,16.0,1099.92123122253,4.0,72290.49237417508,298.1708122764569,25.0,29.0,6046.566669899512,20.0,148491.51822589754,287.9849549950385,31.0,41.0,7723.295835124876,24.0,184904.32509861933,-0.2363636363636364,2.0,12.0,14.0
11,C41,SKU38,7.0,2.0,457.98422407050884,61.0,15.0,1436.4855964886863,31.0,4195.31476423047,323.81502757360454,15.0,16.0,2761.0560156102297,11.0,72290.49237417508,298.1708122764569,25.0,29.0,5745.3779223572765,22.0,148491.51822589754,287.9849549950385,31.0,41.0,7883.80530397241,28.0,184904.32509861933,-0.2363636363636364,5.0,12.0,14.0
11,C41,SKU38,7.0,2.0,457.98422407050884,61.0,15.0,1436.4855964886863,31.0,4195.31476423047,323.81502757360454,15.0,16.0,2761.0560156102297,11.0,72290.49237417508,298.1708122764569,25.0,29.0,5745.3779223572765,22.0,148491.51822589754,287.9849549950385,31.0,41.0,7883.80530397241,28.0,184904.32509861933,-0.2363636363636364,5.0,12.0,14.0
11,C41,SKU27,70.0,1.0,246.51833304435354,61.0,15.0,1436.4855964886863,31.0,3560.4756027848416,323.81502757360454,15.0,16.0,1850.686499348616,6.0,71000.47885464548,298.1708122764569,25.0,29.0,4532.766246076299,16.0,137443.772888904,287.9849549950385,31.0,41.0,4829.31304282509,18.0,172175.24673959962,-0.2363636363636364,5.0,12.0,14.0
11,C41,SKU43,49.0,2.0,247.78156145281582,61.0,15.0,1436.4855964886863,31.0,2532.743682329215,323.81502757360454,15.0,16.0,1168.0650395391517,5.0,72290.49237417508,298.1708122764569,25.0,29.0,3446.6599790396226,14.0,148491.51822589754,287.9849549950385,31.0,41.0,4562.116205894099,18.0,184904.32509861933,-0.2363636363636364,1.0,4.0,8.0
11,C41,SKU43,49.0,2.0,247.78156145281582,61.0,15.0,1436.4855964886863,31.0,2532.743682329215,323.81502757360454,15.0,16.0,1168.0650395391517,5.0,72290.49237417508,298.1708122764569,25.0,29.0,3446.6599790396226,14.0,148491.51822589754,287.9849549950385,31.0,41.0,4562.116205894099,18.0,184904.32509861933,-0.2363636363636364,1.0,4.0,8.0
11,C41,SKU32,21.0,1.0,368.4929491666419,61.0,15.0,1436.4855964886863,31.0,3578.5559559457374,323.81502757360454,15.0,16.0,2221.4941391896728,9.0,72290.49237417508,298.1708122764569,25.0,29.0,4070.9775382142357,15.0,148491.51822589754,287.9849549950385,31.0,41.0,5564.906756256995,23.0,184904.32509861933,-0.2363636363636364,4.0,7.0,11.0
11,C41,SKU59,,,,,,,,,,,,,,,,,,,,,,,,,,,,,,
11,C41,SKU51,42.0,2.0,224.95900736311904,61.0,15.0,1436.4855964886863,31.0,2262.3689900106183,323.81502757360454,15.0,16.0,486.7791275019824,5.0,64309.306756835016,298.1708122764569,25.0,29.0,2563.3211172380097,13.0,134425.20039296348,287.9849549950385,31.0,41.0,4153.947150176074,18.0,169326.71391872526,-0.2363636363636364,3.0,6.0,10.0
11,C41,SKU51,42.0,2.0,224.95900736311904,61.0,15.0,1436.4855964886863,31.0,2262.3689900106183,323.81502757360454,15.0,16.0,486.7791275019824,5.0,64309.306756835016,298.1708122764569,25.0,29.0,2563.3211172380097,13.0,134425.20039296348,287.9849549950385,31.0,41.0,4153.947150176074,18.0,169326.71391872526,-0.2363636363636364,3.0,6.0,10.0
11,C41,SKU86,14.0,2.0,285.6261938048193,61.0,15.0,1436.4855964886863,31.0,2363.081131861271,323.81502757360454,15.0,16.0,1623.0877239540343,7.0,64309.306756835016,298.1708122764569,25.0,29.0,3044.2798000924367,13.0,134425.20039296348,287.9849549950385,31.0,41.0,4659.285780581268,21.0,169326.71391872526,-0.2363636363636364,3.0,7.0,10.0
11,C41,SKU86,14.0,2.0,285.6261938048193,61.0,15.0,1436.4855964886863,31.0,2363.081131861271,323.81502757360454,15.0,16.0,1623.0877239540343,7.0,64309.306756835016,298.1708122764569,25.0,29.0,3044.2798000924367,13.0,134425.20039296348,287.9849549950385,31.0,41.0,4659.285780581268,21.0,169326.71391872526,-0.2363636363636364,3.0,7.0,10.0
11,C41,SKU2,,,,,,,,,,,,,,,,,,,,,,,,,,,,,,
11,C41,SKU44,42.0,2.0,237.49141522736394,61.0,15.0,1436.4855964886863,31.0,2688.8294924350594,323.81502757360454,15.0,16.0,3375.707094179786,14.0,72290.49237417508,298.1708122764569,25.0,29.0,3709.5889620045978,17.0,148491.51822589754,287.9849549950385,31.0,41.0,3975.385161577007,18.0,184904.32509861933,-0.2363636363636364,7.0,9.0,10.0
11,C41,SKU44,42.0,2.0,237.49141522736394,61.0,15.0,1436.4855964886863,31.0,2688.8294924350594,323.81502757360454,15.0,16.0,3375.707094179786,14.0,72290.49237417508,298.1708122764569,25.0,29.0,3709.5889620045978,17.0,148491.51822589754,287.9849549950385,31.0,41.0,3975.385161577007,18.0,184904.32509861933,-0.2363636363636364,7.0,9.0,10.0
11,C41,SKU75,28.0,1.0,216.24305178768446,61.0,15.0,1436.4855964886863,31.0,2823.663135072765,323.81502757360454,15.0,16.0,1970.3063744189749,8.0,64309.306756835016,298.1708122764569,25.0,29.0,2791.700373441383,11.0,134425.20039296348,287.9849549950385,31.0,41.0,3740.740571377569,15.0,169326.71391872526,-0.2363636363636364,4.0,6.0,8.0
11,C42,SKU94,63.0,1.0,440.08034548331517,28.0,15.0,9197.49499796268,37.0,3757.5006028651565,271.1155444674767,14.0,15.0,2483.5489317856486,9.0,71000.47885464548,255.2412109494648,30.0,36.0,5875.653325400093,19.0,137443.772888904,260.4661895411573,37.0,44.0,7988.092781982599,26.0,172175.24673959962,0.0,4.0,10.0,13.0
11,C42,SKU46,70.0,1.0,236.65627069313618,28.0,15.0,9197.49499796268,37.0,2294.787006916099,271.1155444674767,14.0,15.0,1113.88374513786,5.0,71000.47885464548,255.2412109494648,30.0,36.0,2359.140085796144,10.0,137443.772888904,260.4661895411573,37.0,44.0,4011.448091088257,17.0,172175.24673959962,0.0,4.0,8.0,13.0
11,C42,SKU42,21.0,1.0,256.67999270688495,28.0,15.0,9197.49499796268,37.0,1269.8702120574414,271.1155444674767,14.0,15.0,2048.043858333036,8.0,64309.306756835016,255.2412109494648,30.0,36.0,2875.4570715654363,12.0,134425.20039296348,260.4661895411573,37.0,44.0,3693.722317751543,15.0,169326.71391872526,0.0,3.0,4.0,5.0
11,C42,SKU11,70.0,1.0,311.639371833001,28.0,15.0,9197.49499796268,37.0,2549.992204157295,271.1155444674767,14.0,15.0,1306.338850366108,8.0,71000.47885464548,255.2412109494648,30.0,36.0,2550.8480591644948,13.0,137443.772888904,260.4661895411573,37.0,44.0,4121.535060767028,18.0,172175.24673959962,0.0,4.0,8.0,11.0
11,C42,SKU69,70.0,1.0,395.090374279512,28.0,15.0,9197.49499796268,37.0,2130.8667637584076,271.1155444674767,14.0,15.0,2035.2711131866931,7.0,64309.306756835016,255.2412109494648,30.0,36.0,4689.680921989357,15.0,134425.20039296348,260.4661895411573,37.0,44.0,6440.272283329844,22.0,169326.71391872526,0.0,4.0,11.0,15.0
11,C42,SKU83,21.0,2.0,319.92110867200427,28.0,15.0,9197.49499796268,37.0,3072.6560393162713,271.1155444674767,14.0,15.0,1745.4084827186693,5.0,64309.306756835016,255.2412109494648,30.0,36.0,6022.622707175466,19.0,134425.20039296348,260.4661895411573,37.0,44.0,7061.109254625385,23.0,169326.71391872526,0.0,4.0,9.0,12.0
11,C42,SKU83,21.0,2.0,319.92110867200427,28.0,15.0,9197.49499796268,37.0,3072.6560393162713,271.1155444674767,14.0,15.0,1745.4084827186693,5.0,64309.306756835016,255.2412109494648,30.0,36.0,6022.622707175466,19.0,134425.20039296348,260.4661895411573,37.0,44.0,7061.109254625385,23.0,169326.71391872526,0.0,4.0,9.0,12.0
11,C42,SKU29,35.0,1.0,250.77767899802342,28.0,15.0,9197.49499796268,37.0,2142.8023324917144,271.1155444674767,14.0,15.0,1124.9593254292206,6.0,64309.306756835016,255.2412109494648,30.0,36.0,2820.3394756077796,12.0,134425.20039296348,260.4661895411573,37.0,44.0,3933.4782928520303,17.0,169326.71391872526,0.0,5.0,9.0,13.0
11,C42,SKU24,35.0,1.0,481.7359980370974,28.0,15.0,9197.49499796268,37.0,3871.543909906956,271.1155444674767,14.0,15.0,286.69854835136766,3.0,72290.49237417508,255.2412109494648,30.0,36.0,4430.1278243402,16.0,148491.51822589754,260.4661895411573,37.0,44.0,5900.984207625734,21.0,184904.32509861933,0.0,3.0,9.0,10.0
11,C42,SKU93,56.0,1.0,177.10029985206012,28.0,15.0,9197.49499796268,37.0,2464.471171704367,271.1155444674767,14.0,15.0,3771.2980526762162,14.0,64309.306756835016,255.2412109494648,30.0,36.0,5963.945464659581,23.0,134425.20039296348,260.4661895411573,37.0,44.0,7243.474701731236,28.0,169326.71391872526,0.0,6.0,13.0,14.0
11,C42,SKU97,28.0,1.0,220.40855580650705,28.0,15.0,9197.49499796268,37.0,1341.6340003829177,271.1155444674767,14.0,15.0,1680.6880253238674,9.0,72290.49237417508,255.2412109494648,30.0,36.0,3408.703085968549,18.0,148491.51822589754,260.4661895411573,37.0,44.0,4105.349745126161,20.0,184904.32509861933,0.0,5.0,9.0,9.0
11,C42,SKU65,63.0,1.0,218.37432437488613,28.0,15.0,9197.49499796268,37.0,2069.870294524778,271.1155444674767,14.0,15.0,1926.4022658393026,7.0,64309.306756835016,255.2412109494648,30.0,36.0,2847.126109998277,11.0,134425.20039296348,260.4661895411573,37.0,44.0,4812.507686816041,16.0,169326.71391872526,0.0,4.0,7.0,11.0
11,C42,SKU12,14.0,1.0,79.97220695852158,28.0,15.0,9197.49499796268,37.0,1476.895792556513,271.1155444674767,14.0,15.0,2521.395030978758,9.0,64309.306756835016,255.2412109494648,30.0,36.0,3695.688159793338,13.0,134425.20039296348,260.4661895411573,37.0,44.0,4205.119040348188,15.0,169326.71391872526,0.0,6.0,8.0,10.0
11,C42,SKU77,56.0,1.0,235.68622870473547,28.0,15.0,9197.49499796268,37.0,2915.234266854536,271.1155444674767,14.0,15.0,1969.5849943511034,6.0,64309.306756835016,255.2412109494648,30.0,36.0,6020.897732327896,20.0,134425.20039296348,260.4661895411573,37.0,44.0,7074.900189336561,24.0,169326.71391872526,0.0,2.0,9.0,12.0
11,C42,SKU90,35.0,2.0,210.30355130362022,28.0,15.0,9197.49499796268,37.0,3680.1183033290145,271.1155444674767,14.0,15.0,4395.3248693451,13.0,71000.47885464548,255.2412109494648,30.0,36.0,6125.165358255388,20.0,137443.772888904,260.4661895411573,37.0,44.0,7179.063293597827,23.0,172175.24673959962,0.0,6.0,11.0,12.0
11,C42,SKU90,35.0,2.0,210.30355130362022,28.0,15.0,9197.49499796268,37.0,3680.1183033290145,271.1155444674767,14.0,15.0,4395.3248693451,13.0,71000.47885464548,255.2412109494648,30.0,36.0,6125.165358255388,20.0,137443.772888904,260.4661895411573,37.0,44.0,7179.063293597827,23.0,172175.24673959962,0.0,6.0,11.0,12.0
11,C42,SKU60,49.0,1.0,311.1760476125339,28.0,15.0,9197.49499796268,37.0,2392.1984382967407,271.1155444674767,14.0,15.0,1791.5378940569078,6.0,71000.47885464548,255.2412109494648,30.0,36.0,4922.461327065566,16.0,137443.772888904,260.4661895411573,37.0,44.0,5049.12612134024,17.0,172175.24673959962,0.0,2.0,5.0,5.0
11,C42,SKU62,42.0,1.0,158.05432516512533,28.0,15.0,9197.49499796268,37.0,1512.6618527572714,271.1155444674767,14.0,15.0,2300.964082607896,9.0,72290.49237417508,255.2412109494648,30.0,36.0,3409.285760329741,13.0,148491.51822589754,260.4661895411573,37.0,44.0,5094.40761574676,19.0,184904.32509861933,0.0,6.0,9.0,12.0
11,C42,SKU34,56.0,1.0,299.7765629562153,28.0,15.0,9197.49499796268,37.0,2190.9614076156327,271.1155444674767,14.0,15.0,3705.418135522522,14.0,71000.47885464548,255.2412109494648,30.0,36.0,6259.775782633862,23.0,137443.772888904,260.4661895411573,37.0,44.0,7435.249755115927,26.0,172175.24673959962,0.0,3.0,8.0,9.0
11,C42,SKU53,14.0,1.0,271.0951985338007,28.0,15.0,9197.49499796268,37.0,3977.09002432701,271.1155444674767,14.0,15.0,2994.1997658245277,11.0,64309.306756835016,255.2412109494648,30.0,36.0,6146.443756492574,20.0,134425.20039296348,260.4661895411573,37.0,44.0,7552.643426786867,26.0,169326.71391872526,0.0,4.0,10.0,14.0
11,C42,SKU91,42.0,2.0,216.9653165126381,28.0,15.0,9197.49499796268,37.0,3158.508464711266,271.1155444674767,14.0,15.0,2984.7942397263446,12.0,71000.47885464548,255.2412109494648,30.0,36.0,5467.293917927763,21.0,137443.772888904,260.4661895411573,37.0,44.0,6199.939367149383,24.0,172175.24673959962,0.0,8.0,14.0,14.0
11,C42,SKU91,42.0,2.0,216.9653165126381,28.0,15.0,9197.49499796268,37.0,3158.508464711266,271.1155444674767,14.0,15.0,2984.7942397263446,12.0,71000.47885464548,255.2412109494648,30.0,36.0,5467.293917927763,21.0,137443.772888904,260.4661895411573,37.0,44.0,6199.939367149383,24.0,172175.24673959962,0.0,8.0,14.0,14.0
11,C42,SKU16,28.0,1.0,220.6124077534234,28.0,15.0,9197.49499796268,37.0,2114.4928116909978,271.1155444674767,14.0,15.0,1267.8749765938103,6.0,64309.306756835016,255.2412109494648,30.0,36.0,2601.462544954339,11.0,134425.20039296348,260.4661895411573,37.0,44.0,3390.803962090401,16.0,169326.71391872526,0.0,4.0,7.0,9.0
11,C42,SKU98,14.0,2.0,322.1167965492346,28.0,15.0,9197.49499796268,37.0,2127.256591660423,271.1155444674767,14.0,15.0,2373.2708616765435,11.0,71000.47885464548,255.2412109494648,30.0,36.0,3380.219179246736,14.0,137443.772888904,260.4661895411573,37.0,44.0,4767.829085732679,19.0,172175.24673959962,0.0,6.0,8.0,12.0
11,C42,SKU98,14.0,2.0,322.1167965492346,28.0,15.0,9197.49499796268,37.0,2127.256591660423,271.1155444674767,14.0,15.0,2373.2708616765435,11.0,71000.47885464548,255.2412109494648,30.0,36.0,3380.219179246736,14.0,137443.772888904,260.4661895411573,37.0,44.0,4767.829085732679,19.0,172175.24673959962,0.0,6.0,8.0,12.0
11,C42,SKU30,,,,,,,,,,,,,,,,,,,,,,,,,,,,,,
11,C42,SKU8,42.0,1.0,247.43373632847363,28.0,15.0,9197.49499796268,37.0,1875.1871237634857,271.1155444674767,14.0,15.0,1356.43606397429,5.0,72290.49237417508,255.2412109494648,30.0,36.0,6079.582298352658,20.0,148491.51822589754,260.4661895411573,37.0,44.0,6774.285148584067,23.0,184904.32509861933,0.0,1.0,8.0,10.0
11,C42,SKU25,56.0,1.0,255.59091043839516,28.0,15.0,9197.49499796268,37.0,3482.3450801430713,271.1155444674767,14.0,15.0,3311.017450541504,13.0,72290.49237417508,255.2412109494648,30.0,36.0,6567.44870163083,25.0,148491.51822589754,260.4661895411573,37.0,44.0,8248.815644727618,31.0,184904.32509861933,0.0,8.0,15.0,16.0
11,C42,SKU96,7.0,2.0,161.83583889918603,28.0,15.0,9197.49499796268,37.0,3458.4755630408335,271.1155444674767,14.0,15.0,2285.8624136074177,9.0,72290.49237417508,255.2412109494648,30.0,36.0,3447.902699573569,14.0,148491.51822589754,260.4661895411573,37.0,44.0,5524.266048975098,20.0,184904.32509861933,0.0,6.0,11.0,13.0
11,C42,SKU96,7.0,2.0,161.83583889918603,28.0,15.0,9197.49499796268,37.0,3458.4755630408335,271.1155444674767,14.0,15.0,2285.8624136074177,9.0,72290.49237417508,255.2412109494648,30.0,36.0,3447.902699573569,14.0,148491.51822589754,260.4661895411573,37.0,44.0,5524.266048975098,20.0,184904.32509861933,0.0,6.0,11.0,13.0
11,C42,SKU88,42.0,1.0,430.723112024366,28.0,15.0,9197.49499796268,37.0,2551.1637437636923,271.1155444674767,14.0,15.0,1549.9771923844714,4.0,71000.47885464548,255.2412109494648,30.0,36.0,3243.4660066444285,11.0,137443.772888904,260.4661895411573,37.0,44.0,5244.437165998218,18.0,172175.24673959962,0.0,2.0,7.0,10.0
11,C42,SKU84,35.0,1.0,353.7309392825475,28.0,15.0,9197.49499796268,37.0,3598.27359660886,271.1155444674767,14.0,15.0,2347.7386034283104,7.0,71000.47885464548,255.2412109494648,30.0,36.0,4926.045037747026,16.0,137443.772888904,260.4661895411573,37.0,44.0,5976.75994258024,20.0,172175.24673959962,0.0,2.0,6.0,7.0
11,C42,SKU80,7.0,2.0,136.0476877149759,28.0,15.0,9197.49499796268,37.0,2604.7048310487007,271.1155444674767,14.0,15.0,2146.07442467616,7.0,64309.306756835016,255.2412109494648,30.0,36.0,4759.000777469969,17.0,134425.20039296348,260.4661895411573,37.0,44.0,5848.340218353709,22.0,169326.71391872526,0.0,4.0,9.0,12.0
11,C42,SKU80,7.0,2.0,136.0476877149759,28.0,15.0,9197.49499796268,37.0,2604.7048310487007,271.1155444674767,14.0,15.0,2146.07442467616,7.0,64309.306756835016,255.2412109494648,30.0,36.0,4759.000777469969,17.0,134425.20039296348,260.4661895411573,37.0,44.0,5848.340218353709,22.0,169326.71391872526,0.0,4.0,9.0,12.0
11,C42,SKU87,56.0,1.0,88.90646144299637,28.0,15.0,9197.49499796268,37.0,1091.7497934863045,271.1155444674767,14.0,15.0,1325.3696225216397,3.0,72290.49237417508,255.2412109494648,30.0,36.0,4240.63360609992,14.0,148491.51822589754,260.4661895411573,37.0,44.0,4687.7934746868705,16.0,184904.32509861933,0.0,2.0,9.0,11.0
11,C42,SKU67,63.0,1.0,295.8563728983069,28.0,15.0,9197.49499796268,37.0,3274.0392673701335,271.1155444674767,14.0,15.0,1181.8136750398212,5.0,71000.47885464548,255.2412109494648,30.0,36.0,3781.57818676148,14.0,137443.772888904,260.4661895411573,37.0,44.0,4700.319165521037,17.0,172175.24673959962,0.0,2.0,7.0,8.0
11,C42,SKU72,56.0,1.0,220.03497668874925,28.0,15.0,9197.49499796268,37.0,3018.2863524980753,271.1155444674767,14.0,15.0,2143.854582708852,7.0,64309.306756835016,255.2412109494648,30.0,36.0,4863.608727258521,18.0,134425.20039296348,260.4661895411573,37.0,44.0,6002.861555273883,22.0,169326.71391872526,0.0,3.0,6.0,6.0
11,C42,SKU38,21.0,1.0,358.5939144514022,28.0,15.0,9197.49499796268,37.0,3688.49053974194,271.1155444674767,14.0,15.0,2761.0560156102297,11.0,72290.49237417508,255.2412109494648,30.0,36.0,5745.3779223572765,22.0,148491.51822589754,260.4661895411573,37.0,44.0,7883.80530397241,28.0,184904.32509861933,0.0,5.0,12.0,14.0
11,C42,SKU17,7.0,1.0,356.0943559584781,28.0,15.0,9197.49499796268,37.0,2642.1055688046877,271.1155444674767,14.0,15.0,1099.92123122253,4.0,72290.49237417508,255.2412109494648,30.0,36.0,6046.566669899512,20.0,148491.51822589754,260.4661895411573,37.0,44.0,7723.295835124876,24.0,184904.32509861933,0.0,2.0,12.0,14.0
11,C42,SKU10,,,,,,,,,,,,,,,,,,,,,,,,,,,,,,
11,C42,SKU5,7.0,1.0,403.1122821343166,28.0,15.0,9197.49499796268,37.0,4037.9799364658056,271.1155444674767,14.0,15.0,2752.7115105281678,9.0,72290.49237417508,255.2412109494648,30.0,36.0,7156.4594080845045,24.0,148491.51822589754,260.4661895411573,37.0,44.0,8513.080158022674,29.0,184904.32509861933,0.0,5.0,10.0,12.0
11,C42,SKU57,,,,,,,,,,,,,,,,,,,,,,,,,,,,,,
11,C42,SKU71,7.0,1.0,23.983962974105335,28.0,15.0,9197.49499796268,37.0,3096.068461614182,271.1155444674767,14.0,15.0,2404.39611588069,11.0,72290.49237417508,255.2412109494648,30.0,36.0,4674.080739616792,20.0,148491.51822589754,260.4661895411573,37.0,44.0,6040.737840554442,26.0,184904.32509861933,0.0,5.0,9.0,11.0
11,C42,SKU85,7.0,2.0,272.96187827544264,28.0,15.0,9197.49499796268,37.0,2552.9427276113784,271.1155444674767,14.0,15.0,2098.0126112069374,8.0,64309.306756835016,255.2412109494648,30.0,36.0,3983.7048522072832,17.0,134425.20039296348,260.4661895411573,37.0,44.0,4745.749114396946,20.0,169326.71391872526,0.0,6.0,9.0,11.0
11,C42,SKU85,7.0,2.0,272.96187827544264,28.0,15.0,9197.49499796268,37.0,2552.9427276113784,271.1155444674767,14.0,15.0,2098.0126112069374,8.0,64309.306756835016,255.2412109494648,30.0,36.0,3983.7048522072832,17.0,134425.20039296348,260.4661895411573,37.0,44.0,4745.749114396946,20.0,169326.71391872526,0.0,6.0,9.0,11.0
11,C42,SKU79,,,,,,,,,,,,,,,,,,,,,,,,,,,,,,
11,C42,SKU37,63.0,1.0,306.39770403082906,28.0,15.0,9197.49499796268,37.0,3591.5989554667126,271.1155444674767,14.0,15.0,2506.0641619629373,9.0,71000.47885464548,255.2412109494648,30.0,36.0,6062.756483960785,24.0,137443.772888904,260.4661895411573,37.0,44.0,7868.481946817385,30.0,172175.24673959962,0.0,3.0,10.0,14.0
11,C42,SKU9,35.0,1.0,274.8330655549744,28.0,15.0,9197.49499796268,37.0,2578.9032756017787,271.1155444674767,14.0,15.0,656.8016608132668,3.0,72290.49237417508,255.2412109494648,30.0,36.0,3547.4614779361054,16.0,148491.51822589754,260.4661895411573,37.0,44.0,4567.6472624663165,20.0,184904.32509861933,0.0,0.0,5.0,5.0
11,C43,SKU94,,,,,,,,,,,,,,,,,,,,,,,,,,,,,,
11,C43,SKU18,7.0,1.0,312.07673724118735,95.0,13.0,3310.5519295358317,43.0,1912.7654782806037,313.2432321791414,18.0,18.0,2258.141245675125,9.0,64309.306756835016,299.02285054597786,33.0,34.0,3594.6492811204107,15.0,134425.20039296348,292.5445980990108,43.0,47.0,4487.374291389015,18.0,169326.71391872526,-0.22424242424242424,7.0,12.0,12.0
11,C43,SKU46,56.0,1.0,399.3775856457299,95.0,13.0,3310.5519295358317,43.0,2294.787006916099,313.2432321791414,18.0,18.0,1113.88374513786,5.0,71000.47885464548,299.02285054597786,33.0,34.0,2359.140085796144,10.0,137443.772888904,292.5445980990108,43.0,47.0,4011.448091088257,17.0,172175.24673959962,-0.22424242424242424,1.0,2.0,4.0
11,C43,SKU37,7.0,1.0,367.39965000184424,95.0,13.0,3310.5519295358317,43.0,3591.5989554667126,313.2432321791414,18.0,18.0,2506.0641619629373,9.0,71000.47885464548,299.02285054597786,33.0,34.0,6062.756483960785,24.0,137443.772888904,292.5445980990108,43.0,47.0,7868.481946817385,30.0,172175.24673959962,-0.22424242424242424,6.0,14.0,16.0
11,C43,SKU26,,,,,,,,,,,,,,,,,,,,,,,,,,,,,,
11,C43,SKU69,28.0,1.0,451.72987529363076,95.0,13.0,3310.5519295358317,43.0,2130.8667637584076,313.2432321791414,18.0,18.0,2035.2711131866931,7.0,64309.306756835016,299.02285054597786,33.0,34.0,4689.680921989357,15.0,134425.20039296348,292.5445980990108,43.0,47.0,6440.272283329844,22.0,169326.71391872526,-0.22424242424242424,3.0,4.0,7.0
11,C43,SKU45,7.0,1.0,417.79615985787404,95.0,13.0,3310.5519295358317,43.0,2521.432797693632,313.2432321791414,18.0,18.0,2225.67694976665,7.0,71000.47885464548,299.02285054597786,33.0,34.0,4352.962589053176,15.0,137443.772888904,292.5445980990108,43.0,47.0,5057.5910904026705,18.0,172175.24673959962,-0.22424242424242424,6.0,9.0,11.0
11,C43,SKU24,,,,,,,,,,,,,,,,,,,,,,,,,,,,,,
11,C43,SKU99,7.0,1.0,334.50576267100274,95.0,13.0,3310.5519295358317,43.0,2116.9755622507078,313.2432321791414,18.0,18.0,2063.456357418281,10.0,72290.49237417508,299.02285054597786,33.0,34.0,3861.6408359712746,19.0,148491.51822589754,292.5445980990108,43.0,47.0,5112.221920080666,24.0,184904.32509861933,-0.22424242424242424,7.0,13.0,17.0
11,C43,SKU78,70.0,1.0,408.4104709662479,95.0,13.0,3310.5519295358317,43.0,3642.609496256943,313.2432321791414,18.0,18.0,1554.1710557580261,9.0,64309.306756835016,299.02285054597786,33.0,34.0,4150.523764079384,19.0,134425.20039296348,292.5445980990108,43.0,47.0,5149.05149684041,23.0,169326.71391872526,-0.22424242424242424,6.0,11.0,12.0
11,C43,SKU63,49.0,1.0,103.72454849310576,95.0,13.0,3310.5519295358317,43.0,2963.0440804812574,313.2432321791414,18.0,18.0,3844.564732690659,10.0,72290.49237417508,299.02285054597786,33.0,34.0,6449.086660364468,19.0,148491.51822589754,292.5445980990108,43.0,47.0,8086.425774464821,25.0,184904.32509861933,-0.22424242424242424,3.0,8.0,13.0
11,C43,SKU65,70.0,1.0,486.8916957907599,95.0,13.0,3310.5519295358317,43.0,2069.870294524778,313.2432321791414,18.0,18.0,1926.4022658393026,7.0,64309.306756835016,299.02285054597786,33.0,34.0,2847.126109998277,11.0,134425.20039296348,292.5445980990108,43.0,47.0,4812.507686816041,16.0,169326.71391872526,-0.22424242424242424,3.0,4.0,5.0
11,C43,SKU93,21.0,1.0,367.49515768641345,95.0,13.0,3310.5519295358317,43.0,2464.471171704367,313.2432321791414,18.0,18.0,3771.2980526762162,14.0,64309.306756835016,299.02285054597786,33.0,34.0,5963.945464659581,23.0,134425.20039296348,292.5445980990108,43.0,47.0,7243.474701731236,28.0,169326.71391872526,-0.22424242424242424,8.0,10.0,14.0
11,C43,SKU73,14.0,1.0,325.8092140401409,95.0,13.0,3310.5519295358317,43.0,1600.6386856968245,313.2432321791414,18.0,18.0,2144.6610779968128,9.0,64309.306756835016,299.02285054597786,33.0,34.0,4922.04230623544,18.0,134425.20039296348,292.5445980990108,43.0,47.0,6172.422473412418,22.0,169326.71391872526,-0.22424242424242424,6.0,12.0,13.0
11,C43,SKU50,63.0,1.0,283.8974270729325,95.0,13.0,3310.5519295358317,43.0,1433.2282860598164,313.2432321791414,18.0,18.0,2043.4660640573127,8.0,72290.49237417508,299.02285054597786,33.0,34.0,3799.0039423972185,14.0,148491.51822589754,292.5445980990108,43.0,47.0,4985.330160061602,19.0,184904.32509861933,-0.22424242424242424,6.0,10.0,13.0
11,C43,SKU62,70.0,1.0,381.12462007673565,95.0,13.0,3310.5519295358317,43.0,1512.6618527572714,313.2432321791414,18.0,18.0,2300.964082607896,9.0,72290.49237417508,299.02285054597786,33.0,34.0,3409.285760329741,13.0,148491.51822589754,292.5445980990108,43.0,47.0,5094.40761574676,19.0,184904.32509861933,-0.22424242424242424,3.0,4.0,7.0
11,C43,SKU34,42.0,1.0,402.74568443182625,95.0,13.0,3310.5519295358317,43.0,2190.9614076156327,313.2432321791414,18.0,18.0,3705.418135522522,14.0,71000.47885464548,299.02285054597786,33.0,34.0,6259.775782633862,23.0,137443.772888904,292.5445980990108,43.0,47.0,7435.249755115927,26.0,172175.24673959962,-0.22424242424242424,11.0,15.0,17.0
11,C43,SKU64,70.0,1.0,436.36825812066377,95.0,13.0,3310.5519295358317,43.0,1159.3452208952294,313.2432321791414,18.0,18.0,955.5557594937186,5.0,64309.306756835016,299.02285054597786,33.0,34.0,1889.4927849954656,11.0,134425.20039296348,292.5445980990108,43.0,47.0,2974.437939968098,14.0,169326.71391872526,-0.22424242424242424,3.0,7.0,9.0
11,C43,SKU53,35.0,1.0,374.90887295366673,95.0,13.0,3310.5519295358317,43.0,3977.09002432701,313.2432321791414,18.0,18.0,2994.1997658245277,11.0,64309.306756835016,299.02285054597786,33.0,34.0,6146.443756492574,20.0,134425.20039296348,292.5445980990108,43.0,47.0,7552.643426786867,26.0,169326.71391872526,-0.22424242424242424,7.0,10.0,12.0
11,C43,SKU68,28.0,2.0,276.1099432425751,95.0,13.0,3310.5519295358317,43.0,3586.185674528488,313.2432321791414,18.0,18.0,3757.0945615131045,10.0,72290.49237417508,299.02285054597786,33.0,34.0,6486.586612668207,19.0,148491.51822589754,292.5445980990108,43.0,47.0,6767.085248268148,21.0,184904.32509861933,-0.22424242424242424,5.0,11.0,12.0
11,C43,SKU68,28.0,2.0,276.1099432425751,95.0,13.0,3310.5519295358317,43.0,3586.185674528488,313.2432321791414,18.0,18.0,3757.0945615131045,10.0,72290.49237417508,299.02285054597786,33.0,34.0,6486.586612668207,19.0,148491.51822589754,292.5445980990108,43.0,47.0,6767.085248268148,21.0,184904.32509861933,-0.22424242424242424,5.0,11.0,12.0
11,C43,SKU30,35.0,1.0,265.58576875028245,95.0,13.0,3310.5519295358317,43.0,3711.786557467801,313.2432321791414,18.0,18.0,3297.6177659457226,9.0,64309.306756835016,299.02285054597786,33.0,34.0,5966.215162100634,19.0,134425.20039296348,292.5445980990108,43.0,47.0,7394.873152362657,26.0,169326.71391872526,-0.22424242424242424,3.0,12.0,17.0
11,C43,SKU47,63.0,1.0,18.94634225428365,95.0,13.0,3310.5519295358317,43.0,1607.96020446487,313.2432321791414,18.0,18.0,1504.2583208823662,6.0,64309.306756835016,299.02285054597786,33.0,34.0,4078.5232405462552,15.0,134425.20039296348,292.5445980990108,43.0,47.0,4851.310939419624,19.0,169326.71391872526,-0.22424242424242424,3.0,9.0,12.0
11,C43,SKU56,35.0,1.0,108.47580743789364,95.0,13.0,3310.5519295358317,43.0,2132.839872081411,313.2432321791414,18.0,18.0,1545.754829674268,6.0,64309.306756835016,299.02285054597786,33.0,34.0,3270.798830899707,18.0,134425.20039296348,292.5445980990108,43.0,47.0,3695.2568467426813,19.0,169326.71391872526,-0.22424242424242424,3.0,10.0,11.0
11,C43,SKU8,49.0,1.0,275.40970789427587,95.0,13.0,3310.5519295358317,43.0,1875.1871237634857,313.2432321791414,18.0,18.0,1356.43606397429,5.0,72290.49237417508,299.02285054597786,33.0,34.0,6079.582298352658,20.0,148491.51822589754,292.5445980990108,43.0,47.0,6774.285148584067,23.0,184904.32509861933,-0.22424242424242424,4.0,12.0,13.0
11,C43,SKU4,56.0,1.0,14.151873402139504,95.0,13.0,3310.5519295358317,43.0,3013.2949312316678,313.2432321791414,18.0,18.0,2655.6484127428835,8.0,71000.47885464548,299.02285054597786,33.0,34.0,4052.347400421194,16.0,137443.772888904,292.5445980990108,43.0,47.0,5206.213575325947,19.0,172175.24673959962,-0.22424242424242424,3.0,8.0,9.0
11,C43,SKU96,63.0,1.0,244.71087918035144,95.0,13.0,3310.5519295358317,43.0,3458.4755630408335,313.2432321791414,18.0,18.0,2285.8624136074177,9.0,72290.49237417508,299.02285054597786,33.0,34.0,3447.902699573569,14.0,148491.51822589754,292.5445980990108,43.0,47.0,5524.266048975098,20.0,184904.32509861933,-0.22424242424242424,3.0,3.0,7.0
11,C43,SKU52,7.0,1.0,321.3842562029523,95.0,13.0,3310.5519295358317,43.0,1145.992708050022,313.2432321791414,18.0,18.0,1741.9187812705975,9.0,72290.49237417508,299.02285054597786,33.0,34.0,3427.098935903869,15.0,148491.51822589754,292.5445980990108,43.0,47.0,3902.437562751791,16.0,184904.32509861933,-0.22424242424242424,5.0,8.0,8.0
11,C43,SKU48,28.0,1.0,145.85821693413675,95.0,13.0,3310.5519295358317,43.0,2368.132574397137,313.2432321791414,18.0,18.0,2294.3657919101456,11.0,71000.47885464548,299.02285054597786,33.0,34.0,4714.559295750083,17.0,137443.772888904,292.5445980990108,43.0,47.0,5555.479837264602,20.0,172175.24673959962,-0.22424242424242424,6.0,9.0,11.0
11,C43,SKU80,28.0,1.0,298.6578453273799,95.0,13.0,3310.5519295358317,43.0,2604.7048310487007,313.2432321791414,18.0,18.0,2146.07442467616,7.0,64309.306756835016,299.02285054597786,33.0,34.0,4759.000777469969,17.0,134425.20039296348,292.5445980990108,43.0,47.0,5848.340218353709,22.0,169326.71391872526,-0.22424242424242424,3.0,8.0,10.0
11,C43,SKU87,56.0,1.0,215.7922775349237,95.0,13.0,3310.5519295358317,43.0,1091.7497934863045,313.2432321791414,18.0,18.0,1325.3696225216397,3.0,72290.49237417508,299.02285054597786,33.0,34.0,4240.63360609992,14.0,148491.51822589754,292.5445980990108,43.0,47.0,4687.7934746868705,16.0,184904.32509861933,-0.22424242424242424,1.0,5.0,5.0
11,C43,SKU33,7.0,1.0,245.6791271177806,95.0,13.0,3310.5519295358317,43.0,2485.0420732140624,313.2432321791414,18.0,18.0,2642.2105627812716,8.0,72290.49237417508,299.02285054597786,33.0,34.0,5270.357451901102,17.0,148491.51822589754,292.5445980990108,43.0,47.0,6391.156494070515,20.0,184904.32509861933,-0.22424242424242424,4.0,7.0,8.0
11,C43,SKU6,70.0,1.0,36.68927014561031,95.0,13.0,3310.5519295358317,43.0,1381.6276825159036,313.2432321791414,18.0,18.0,1718.2138115896896,5.0,64309.306756835016,299.02285054597786,33.0,34.0,3444.5401016023407,13.0,134425.20039296348,292.5445980990108,43.0,47.0,3930.0555283698873,16.0,169326.71391872526,-0.22424242424242424,3.0,6.0,8.0
11,C43,SKU72,49.0,1.0,473.98164925072274,95.0,13.0,3310.5519295358317,43.0,3018.2863524980753,313.2432321791414,18.0,18.0,2143.854582708852,7.0,64309.306756835016,299.02285054597786,33.0,34.0,4863.608727258521,18.0,134425.20039296348,292.5445980990108,43.0,47.0,6002.861555273883,22.0,169326.71391872526,-0.22424242424242424,4.0,12.0,16.0
11,C43,SKU67,7.0,1.0,409.81309271377233,95.0,13.0,3310.5519295358317,43.0,3274.0392673701335,313.2432321791414,18.0,18.0,1181.8136750398212,5.0,71000.47885464548,299.02285054597786,33.0,34.0,3781.57818676148,14.0,137443.772888904,292.5445980990108,43.0,47.0,4700.319165521037,17.0,172175.24673959962,-0.22424242424242424,3.0,7.0,9.0
11,C43,SKU58,,,,,,,,,,,,,,,,,,,,,,,,,,,,,,
11,C43,SKU17,35.0,1.0,369.5930382507635,95.0,13.0,3310.5519295358317,43.0,2642.1055688046877,313.2432321791414,18.0,18.0,1099.92123122253,4.0,72290.49237417508,299.02285054597786,33.0,34.0,6046.566669899512,20.0,148491.51822589754,292.5445980990108,43.0,47.0,7723.295835124876,24.0,184904.32509861933,-0.22424242424242424,2.0,8.0,10.0
11,C43,SKU38,28.0,1.0,326.5206232902402,95.0,13.0,3310.5519295358317,43.0,3688.49053974194,313.2432321791414,18.0,18.0,2761.0560156102297,11.0,72290.49237417508,299.02285054597786,33.0,34.0,5745.3779223572765,22.0,148491.51822589754,292.5445980990108,43.0,47.0,7883.80530397241,28.0,184904.32509861933,-0.22424242424242424,6.0,10.0,14.0
11,C43,SKU95,,,,,,,,,,,,,,,,,,,,,,,,,,,,,,
11,C43,SKU5,42.0,2.0,275.2574626786734,95.0,13.0,3310.5519295358317,43.0,4037.9799364658056,313.2432321791414,18.0,18.0,2752.7115105281678,9.0,72290.49237417508,299.02285054597786,33.0,34.0,7156.4594080845045,24.0,148491.51822589754,292.5445980990108,43.0,47.0,8513.080158022674,29.0,184904.32509861933,-0.22424242424242424,4.0,14.0,17.0
11,C43,SKU5,42.0,2.0,275.2574626786734,95.0,13.0,3310.5519295358317,43.0,4037.9799364658056,313.2432321791414,18.0,18.0,2752.7115105281678,9.0,72290.49237417508,299.02285054597786,33.0,34.0,7156.4594080845045,24.0,148491.51822589754,292.5445980990108,43.0,47.0,8513.080158022674,29.0,184904.32509861933,-0.22424242424242424,4.0,14.0,17.0
11,C43,SKU22,28.0,1.0,148.6898493888227,95.0,13.0,3310.5519295358317,43.0,2978.2039427356617,313.2432321791414,18.0,18.0,3590.4101892893627,10.0,71000.47885464548,299.02285054597786,33.0,34.0,5087.730946024144,16.0,137443.772888904,292.5445980990108,43.0,47.0,5587.376488651759,19.0,172175.24673959962,-0.22424242424242424,8.0,12.0,14.0
11,C43,SKU57,42.0,1.0,323.4655779125238,95.0,13.0,3310.5519295358317,43.0,2115.78636749953,313.2432321791414,18.0,18.0,2481.3321993654963,12.0,71000.47885464548,299.02285054597786,33.0,34.0,5034.701407276938,22.0,137443.772888904,292.5445980990108,43.0,47.0,6199.929816035148,26.0,172175.24673959962,-0.22424242424242424,7.0,14.0,16.0
11,C43,SKU71,28.0,2.0,367.25661172474247,95.0,13.0,3310.5519295358317,43.0,3096.068461614182,313.2432321791414,18.0,18.0,2404.39611588069,11.0,72290.49237417508,299.02285054597786,33.0,34.0,4674.080739616792,20.0,148491.51822589754,292.5445980990108,43.0,47.0,6040.737840554442,26.0,184904.32509861933,-0.22424242424242424,6.0,11.0,15.0
11,C43,SKU71,28.0,2.0,367.25661172474247,95.0,13.0,3310.5519295358317,43.0,3096.068461614182,313.2432321791414,18.0,18.0,2404.39611588069,11.0,72290.49237417508,299.02285054597786,33.0,34.0,4674.080739616792,20.0,148491.51822589754,292.5445980990108,43.0,47.0,6040.737840554442,26.0,184904.32509861933,-0.22424242424242424,6.0,11.0,15.0
11,C43,SKU32,21.0,2.0,141.67057451458402,95.0,13.0,3310.5519295358317,43.0,1986.3508003112574,313.2432321791414,18.0,18.0,2221.4941391896728,9.0,72290.49237417508,299.02285054597786,33.0,34.0,4070.9775382142357,15.0,148491.51822589754,292.5445980990108,43.0,47.0,5564.906756256995,23.0,184904.32509861933,-0.22424242424242424,5.0,8.0,12.0
11,C43,SKU32,21.0,2.0,141.67057451458402,95.0,13.0,3310.5519295358317,43.0,1986.3508003112574,313.2432321791414,18.0,18.0,2221.4941391896728,9.0,72290.49237417508,299.02285054597786,33.0,34.0,4070.9775382142357,15.0,148491.51822589754,292.5445980990108,43.0,47.0,5564.906756256995,23.0,184904.32509861933,-0.22424242424242424,5.0,8.0,12.0
11,C43,SKU85,35.0,1.0,468.9776708177117,95.0,13.0,3310.5519295358317,43.0,2552.9427276113784,313.2432321791414,18.0,18.0,2098.0126112069374,8.0,64309.306756835016,299.02285054597786,33.0,34.0,3983.7048522072832,17.0,134425.20039296348,292.5445980990108,43.0,47.0,4745.749114396946,20.0,169326.71391872526,-0.22424242424242424,2.0,8.0,9.0
11,C43,SKU1,63.0,1.0,200.02593319145294,95.0,13.0,3310.5519295358317,43.0,2040.4833708442043,313.2432321791414,18.0,18.0,1896.417385529631,8.0,64309.306756835016,299.02285054597786,33.0,34.0,2940.1441700632254,11.0,134425.20039296348,292.5445980990108,43.0,47.0,3629.2039743522905,16.0,169326.71391872526,-0.22424242424242424,5.0,8.0,11.0
11,C43,SKU51,56.0,1.0,181.69375120578934,95.0,13.0,3310.5519295358317,43.0,1891.5781601654553,313.2432321791414,18.0,18.0,486.7791275019824,5.0,64309.306756835016,299.02285054597786,33.0,34.0,2563.3211172380097,13.0,134425.20039296348,292.5445980990108,43.0,47.0,4153.947150176074,18.0,169326.71391872526,-0.22424242424242424,2.0,7.0,8.0
11,C43,SKU44,28.0,1.0,290.9728518936991,95.0,13.0,3310.5519295358317,43.0,1286.5556691419476,313.2432321791414,18.0,18.0,3375.707094179786,14.0,72290.49237417508,299.02285054597786,33.0,34.0,3709.5889620045978,17.0,148491.51822589754,292.5445980990108,43.0,47.0,3975.385161577007,18.0,184904.32509861933,-0.22424242424242424,7.0,8.0,8.0
11,C43,SKU11,70.0,1.0,389.66979589108774,95.0,13.0,3310.5519295358317,43.0,2549.992204157295,313.2432321791414,18.0,18.0,1306.338850366108,8.0,71000.47885464548,299.02285054597786,33.0,34.0,2550.8480591644948,13.0,137443.772888904,292.5445980990108,43.0,47.0,4121.535060767028,18.0,172175.24673959962,-0.22424242424242424,4.0,5.0,7.0
11,C44,SKU94,7.0,1.0,95.82720959245846,30.0,42.0,5582.90205502795,27.0,4230.592179117441,224.53517303806282,11.0,11.0,2483.5489317856486,9.0,71000.47885464548,231.44574330562864,22.0,23.0,5875.653325400093,19.0,137443.772888904,234.88592328620234,27.0,29.0,7988.092781982599,26.0,172175.24673959962,-0.08676470588235297,4.0,10.0,13.0
11,C44,SKU18,63.0,1.0,129.4472638569273,30.0,42.0,5582.90205502795,27.0,2574.6088131084107,224.53517303806282,11.0,11.0,2258.141245675125,9.0,64309.306756835016,231.44574330562864,22.0,23.0,3594.6492811204107,15.0,134425.20039296348,234.88592328620234,27.0,29.0,4487.374291389015,18.0,169326.71391872526,-0.08676470588235297,2.0,3.0,6.0
11,C44,SKU36,63.0,1.0,312.92309562616146,30.0,42.0,5582.90205502795,27.0,3878.3755467399974,224.53517303806282,11.0,11.0,2098.4499335866844,9.0,71000.47885464548,231.44574330562864,22.0,23.0,4085.6246541863675,16.0,137443.772888904,234.88592328620234,27.0,29.0,5006.714238376788,21.0,172175.24673959962,-0.08676470588235297,5.0,10.0,12.0
11,C44,SKU35,21.0,1.0,157.2645161545075,30.0,42.0,5582.90205502795,27.0,3712.4861044710765,224.53517303806282,11.0,11.0,2754.1797051098306,13.0,71000.47885464548,231.44574330562864,22.0,23.0,4134.082406545251,18.0,137443.772888904,234.88592328620234,27.0,29.0,5605.79976774534,22.0,172175.24673959962,-0.08676470588235297,6.0,8.0,12.0
11,C44,SKU49,7.0,1.0,64.8201955863957,30.0,42.0,5582.90205502795,27.0,2723.4947579355885,224.53517303806282,11.0,11.0,1795.5619315160645,9.0,71000.47885464548,231.44574330562864,22.0,23.0,3104.2376143523725,15.0,137443.772888904,234.88592328620234,27.0,29.0,5392.065726760854,22.0,172175.24673959962,-0.08676470588235297,3.0,7.0,9.0
11,C44,SKU83,28.0,1.0,256.8824279434283,30.0,42.0,5582.90205502795,27.0,3988.4532153091122,224.53517303806282,11.0,11.0,1745.4084827186693,5.0,64309.306756835016,231.44574330562864,22.0,23.0,6022.622707175466,19.0,134425.20039296348,234.88592328620234,27.0,29.0,7061.109254625385,23.0,169326.71391872526,-0.08676470588235297,4.0,9.0,12.0
11,C44,SKU45,,,,,,,,,,,,,,,,,,,,,,,,,,,,,,
11,C44,SKU19,21.0,1.0,318.6033857344726,30.0,42.0,5582.90205502795,27.0,4020.1694548435967,224.53517303806282,11.0,11.0,2459.6185464635482,8.0,64309.306756835016,231.44574330562864,22.0,23.0,4521.7287856660405,15.0,134425.20039296348,234.88592328620234,27.0,29.0,5248.878137480506,18.0,169326.71391872526,-0.08676470588235297,4.0,5.0,7.0
11,C44,SKU24,21.0,1.0,77.45143574061551,30.0,42.0,5582.90205502795,27.0,2029.4402977187783,224.53517303806282,11.0,11.0,286.69854835136766,3.0,72290.49237417508,231.44574330562864,22.0,23.0,4430.1278243402,16.0,148491.51822589754,234.88592328620234,27.0,29.0,5900.984207625734,21.0,184904.32509861933,-0.08676470588235297,3.0,9.0,10.0
11,C44,SKU93,,,,,,,,,,,,,,,,,,,,,,,,,,,,,,
11,C44,SKU63,,,,,,,,,,,,,,,,,,,,,,,,,,,,,,
11,C44,SKU78,,,,,,,,,,,,,,,,,,,,,,,,,,,,,,
11,C44,SKU90,14.0,1.0,392.49303999047794,30.0,42.0,5582.90205502795,27.0,3498.944990268814,224.53517303806282,11.0,11.0,4395.3248693451,13.0,71000.47885464548,231.44574330562864,22.0,23.0,6125.165358255388,20.0,137443.772888904,234.88592328620234,27.0,29.0,7179.063293597827,23.0,172175.24673959962,-0.08676470588235297,6.0,11.0,12.0
11,C44,SKU92,63.0,1.0,467.9743600068119,30.0,42.0,5582.90205502795,27.0,3968.186994177711,224.53517303806282,11.0,11.0,2058.795273282778,7.0,71000.47885464548,231.44574330562864,22.0,23.0,5764.102094818151,18.0,137443.772888904,234.88592328620234,27.0,29.0,6840.064896781741,22.0,172175.24673959962,-0.08676470588235297,2.0,3.0,6.0
11,C44,SKU34,,,,,,,,,,,,,,,,,,,,,,,,,,,,,,
11,C44,SKU53,63.0,1.0,374.7546755646417,30.0,42.0,5582.90205502795,27.0,3575.553402459858,224.53517303806282,11.0,11.0,2994.1997658245277,11.0,64309.306756835016,231.44574330562864,22.0,23.0,6146.443756492574,20.0,134425.20039296348,234.88592328620234,27.0,29.0,7552.643426786867,26.0,169326.71391872526,-0.08676470588235297,4.0,10.0,14.0
11,C44,SKU16,35.0,2.0,61.09934198417095,30.0,42.0,5582.90205502795,27.0,1276.3111503994032,224.53517303806282,11.0,11.0,1267.8749765938103,6.0,64309.306756835016,231.44574330562864,22.0,23.0,2601.462544954339,11.0,134425.20039296348,234.88592328620234,27.0,29.0,3390.803962090401,16.0,169326.71391872526,-0.08676470588235297,4.0,7.0,9.0
11,C44,SKU16,35.0,2.0,61.09934198417095,30.0,42.0,5582.90205502795,27.0,1276.3111503994032,224.53517303806282,11.0,11.0,1267.8749765938103,6.0,64309.306756835016,231.44574330562864,22.0,23.0,2601.462544954339,11.0,134425.20039296348,234.88592328620234,27.0,29.0,3390.803962090401,16.0,169326.71391872526,-0.08676470588235297,4.0,7.0,9.0
11,C44,SKU8,42.0,1.0,298.5908487647576,30.0,42.0,5582.90205502795,27.0,4899.0980248205815,224.53517303806282,11.0,11.0,1356.43606397429,5.0,72290.49237417508,231.44574330562864,22.0,23.0,6079.582298352658,20.0,148491.51822589754,234.88592328620234,27.0,29.0,6774.285148584067,23.0,184904.32509861933,-0.08676470588235297,1.0,8.0,10.0
11,C44,SKU4,28.0,2.0,244.2395503001166,30.0,42.0,5582.90205502795,27.0,2192.918644094279,224.53517303806282,11.0,11.0,2655.6484127428835,8.0,71000.47885464548,231.44574330562864,22.0,23.0,4052.347400421194,16.0,137443.772888904,234.88592328620234,27.0,29.0,5206.213575325947,19.0,172175.24673959962,-0.08676470588235297,5.0,8.0,10.0
11,C44,SKU4,28.0,2.0,244.2395503001166,30.0,42.0,5582.90205502795,27.0,2192.918644094279,224.53517303806282,11.0,11.0,2655.6484127428835,8.0,71000.47885464548,231.44574330562864,22.0,23.0,4052.347400421194,16.0,137443.772888904,234.88592328620234,27.0,29.0,5206.213575325947,19.0,172175.24673959962,-0.08676470588235297,5.0,8.0,10.0
11,C44,SKU25,49.0,1.0,165.8480472987416,30.0,42.0,5582.90205502795,27.0,4766.470564584546,224.53517303806282,11.0,11.0,3311.017450541504,13.0,72290.49237417508,231.44574330562864,22.0,23.0,6567.44870163083,25.0,148491.51822589754,234.88592328620234,27.0,29.0,8248.815644727618,31.0,184904.32509861933,-0.08676470588235297,8.0,15.0,16.0
11,C44,SKU88,7.0,1.0,368.26913571174305,30.0,42.0,5582.90205502795,27.0,2693.273422234526,224.53517303806282,11.0,11.0,1549.9771923844714,4.0,71000.47885464548,231.44574330562864,22.0,23.0,3243.4660066444285,11.0,137443.772888904,234.88592328620234,27.0,29.0,5244.437165998218,18.0,172175.24673959962,-0.08676470588235297,2.0,7.0,10.0
11,C44,SKU28,,,,,,,,,,,,,,,,,,,,,,,,,,,,,,
11,C44,SKU14,,,,,,,,,,,,,,,,,,,,,,,,,,,,,,
11,C44,SKU67,42.0,1.0,80.18420960268509,30.0,42.0,5582.90205502795,27.0,1426.279898150903,224.53517303806282,11.0,11.0,1181.8136750398212,5.0,71000.47885464548,231.44574330562864,22.0,23.0,3781.57818676148,14.0,137443.772888904,234.88592328620234,27.0,29.0,4700.319165521037,17.0,172175.24673959962,-0.08676470588235297,2.0,7.0,8.0
11,C44,SKU6,42.0,1.0,472.74711055978895,30.0,42.0,5582.90205502795,27.0,2548.427845853984,224.53517303806282,11.0,11.0,1718.2138115896896,5.0,64309.306756835016,231.44574330562864,22.0,23.0,3444.5401016023407,13.0,134425.20039296348,234.88592328620234,27.0,29.0,3930.0555283698873,16.0,169326.71391872526,-0.08676470588235297,2.0,7.0,8.0
11,C44,SKU17,49.0,1.0,233.95153007786334,30.0,42.0,5582.90205502795,27.0,5081.190266320188,224.53517303806282,11.0,11.0,1099.92123122253,4.0,72290.49237417508,231.44574330562864,22.0,23.0,6046.566669899512,20.0,148491.51822589754,234.88592328620234,27.0,29.0,7723.295835124876,24.0,184904.32509861933,-0.08676470588235297,2.0,12.0,14.0
11,C44,SKU76,28.0,1.0,255.85847909890404,30.0,42.0,5582.90205502795,27.0,2709.5969711076746,224.53517303806282,11.0,11.0,2408.515227882009,11.0,71000.47885464548,231.44574330562864,22.0,23.0,4641.153927856552,19.0,137443.772888904,234.88592328620234,27.0,29.0,5347.188208957184,22.0,172175.24673959962,-0.08676470588235297,8.0,9.0,12.0
11,C44,SKU10,42.0,1.0,429.88977340644607,30.0,42.0,5582.90205502795,27.0,3405.6547913551576,224.53517303806282,11.0,11.0,637.246305027026,4.0,71000.47885464548,231.44574330562864,22.0,23.0,3710.9206991514775,14.0,137443.772888904,234.88592328620234,27.0,29.0,4903.101289382736,19.0,172175.24673959962,-0.08676470588235297,3.0,6.0,9.0
11,C44,SKU5,49.0,1.0,153.25866786417527,30.0,42.0,5582.90205502795,27.0,4475.10022155687,224.53517303806282,11.0,11.0,2752.7115105281678,9.0,72290.49237417508,231.44574330562864,22.0,23.0,7156.4594080845045,24.0,148491.51822589754,234.88592328620234,27.0,29.0,8513.080158022674,29.0,184904.32509861933,-0.08676470588235297,5.0,10.0,12.0
11,C44,SKU57,70.0,1.0,179.76316259934515,30.0,42.0,5582.90205502795,27.0,4084.1434485356185,224.53517303806282,11.0,11.0,2481.3321993654963,12.0,71000.47885464548,231.44574330562864,22.0,23.0,5034.701407276938,22.0,137443.772888904,234.88592328620234,27.0,29.0,6199.929816035148,26.0,172175.24673959962,-0.08676470588235297,5.0,8.0,10.0
11,C44,SKU71,42.0,1.0,155.1148483913475,30.0,42.0,5582.90205502795,27.0,2944.6693789402602,224.53517303806282,11.0,11.0,2404.39611588069,11.0,72290.49237417508,231.44574330562864,22.0,23.0,4674.080739616792,20.0,148491.51822589754,234.88592328620234,27.0,29.0,6040.737840554442,26.0,184904.32509861933,-0.08676470588235297,5.0,9.0,11.0
11,C44,SKU85,21.0,1.0,123.91245057493705,30.0,42.0,5582.90205502795,27.0,2192.8063867855676,224.53517303806282,11.0,11.0,2098.0126112069374,8.0,64309.306756835016,231.44574330562864,22.0,23.0,3983.7048522072832,17.0,134425.20039296348,234.88592328620234,27.0,29.0,4745.749114396946,20.0,169326.71391872526,-0.08676470588235297,6.0,9.0,11.0
11,C44,SKU2,42.0,1.0,403.8520664692245,30.0,42.0,5582.90205502795,27.0,2252.1965395882294,224.53517303806282,11.0,11.0,903.8945157772882,5.0,72290.49237417508,231.44574330562864,22.0,23.0,3056.9354831768433,13.0,148491.51822589754,234.88592328620234,27.0,29.0,3804.496357605421,16.0,184904.32509861933,-0.08676470588235297,1.0,5.0,7.0
11,C44,SKU37,42.0,1.0,231.33205451443564,30.0,42.0,5582.90205502795,27.0,4276.8829913506725,224.53517303806282,11.0,11.0,2506.0641619629373,9.0,71000.47885464548,231.44574330562864,22.0,23.0,6062.756483960785,24.0,137443.772888904,234.88592328620234,27.0,29.0,7868.481946817385,30.0,172175.24673959962,-0.08676470588235297,3.0,10.0,14.0
11,C45,SKU94,14.0,1.0,410.3639366085346,61.0,22.0,8094.583261013676,40.0,4230.592179117441,288.4927261940568,14.0,14.0,2483.5489317856486,9.0,71000.47885464548,264.6975317835779,35.0,38.0,5875.653325400093,19.0,137443.772888904,257.9673636587294,40.0,46.0,7988.092781982599,26.0,172175.24673959962,-0.18181818181818182,5.0,9.0,13.0
11,C45,SKU18,28.0,1.0,214.1403348966017,61.0,22.0,8094.583261013676,40.0,2574.6088131084107,288.4927261940568,14.0,14.0,2258.141245675125,9.0,64309.306756835016,264.6975317835779,35.0,38.0,3594.6492811204107,15.0,134425.20039296348,257.9673636587294,40.0,46.0,4487.374291389015,18.0,169326.71391872526,-0.18181818181818182,7.0,12.0,12.0
11,C45,SKU35,21.0,2.0,164.71778163655014,61.0,22.0,8094.583261013676,40.0,3712.4861044710765,288.4927261940568,14.0,14.0,2754.1797051098306,13.0,71000.47885464548,264.6975317835779,35.0,38.0,4134.082406545251,18.0,137443.772888904,257.9673636587294,40.0,46.0,5605.79976774534,22.0,172175.24673959962,-0.18181818181818182,7.0,10.0,10.0
11,C45,SKU35,21.0,2.0,164.71778163655014,61.0,22.0,8094.583261013676,40.0,3712.4861044710765,288.4927261940568,14.0,14.0,2754.1797051098306,13.0,71000.47885464548,264.6975317835779,35.0,38.0,4134.082406545251,18.0,137443.772888904,257.9673636587294,40.0,46.0,5605.79976774534,22.0,172175.24673959962,-0.18181818181818182,7.0,10.0,10.0
11,C45,SKU49,56.0,1.0,413.43862376130795,61.0,22.0,8094.583261013676,40.0,2723.4947579355885,288.4927261940568,14.0,14.0,1795.5619315160645,9.0,71000.47885464548,264.6975317835779,35.0,38.0,3104.2376143523725,15.0,137443.772888904,257.9673636587294,40.0,46.0,5392.065726760854,22.0,172175.24673959962,-0.18181818181818182,6.0,8.0,13.0
11,C45,SKU46,,,,,,,,,,,,,,,,,,,,,,,,,,,,,,
11,C45,SKU26,,,,,,,,,,,,,,,,,,,,,,,,,,,,,,
11,C45,SKU51,35.0,1.0,12.708711615216531,61.0,22.0,8094.583261013676,40.0,2262.3689900106183,288.4927261940568,14.0,14.0,486.7791275019824,5.0,64309.306756835016,264.6975317835779,35.0,38.0,2563.3211172380097,13.0,134425.20039296348,257.9673636587294,40.0,46.0,4153.947150176074,18.0,169326.71391872526,-0.18181818181818182,2.0,7.0,8.0
11,C45,SKU19,14.0,1.0,386.1523934313053,61.0,22.0,8094.583261013676,40.0,4020.1694548435967,288.4927261940568,14.0,14.0,2459.6185464635482,8.0,64309.306756835016,264.6975317835779,35.0,38.0,4521.7287856660405,15.0,134425.20039296348,257.9673636587294,40.0,46.0,5248.878137480506,18.0,169326.71391872526,-0.18181818181818182,4.0,10.0,11.0
11,C45,SKU24,49.0,1.0,478.71299897980657,61.0,22.0,8094.583261013676,40.0,2029.4402977187783,288.4927261940568,14.0,14.0,286.69854835136766,3.0,72290.49237417508,264.6975317835779,35.0,38.0,4430.1278243402,16.0,148491.51822589754,257.9673636587294,40.0,46.0,5900.984207625734,21.0,184904.32509861933,-0.18181818181818182,0.0,7.0,11.0
11,C45,SKU74,14.0,1.0,71.77232131839448,61.0,22.0,8094.583261013676,40.0,2224.72054041231,288.4927261940568,14.0,14.0,1386.155419707367,8.0,72290.49237417508,264.6975317835779,35.0,38.0,2321.551476393496,11.0,148491.51822589754,257.9673636587294,40.0,46.0,3024.234494034939,15.0,184904.32509861933,-0.18181818181818182,4.0,5.0,6.0
11,C45,SKU93,21.0,1.0,445.43959020796154,61.0,22.0,8094.583261013676,40.0,4779.003530026869,288.4927261940568,14.0,14.0,3771.2980526762162,14.0,64309.306756835016,264.6975317835779,35.0,38.0,5963.945464659581,23.0,134425.20039296348,257.9673636587294,40.0,46.0,7243.474701731236,28.0,169326.71391872526,-0.18181818181818182,8.0,10.0,14.0
11,C45,SKU63,,,,,,,,,,,,,,,,,,,,,,,,,,,,,,
11,C45,SKU90,49.0,1.0,286.0672943484428,61.0,22.0,8094.583261013676,40.0,3498.944990268814,288.4927261940568,14.0,14.0,4395.3248693451,13.0,71000.47885464548,264.6975317835779,35.0,38.0,6125.165358255388,20.0,137443.772888904,257.9673636587294,40.0,46.0,7179.063293597827,23.0,172175.24673959962,-0.18181818181818182,7.0,9.0,11.0
11,C45,SKU50,35.0,1.0,330.7779653352067,61.0,22.0,8094.583261013676,40.0,3552.1018740017853,288.4927261940568,14.0,14.0,2043.4660640573127,8.0,72290.49237417508,264.6975317835779,35.0,38.0,3799.0039423972185,14.0,148491.51822589754,257.9673636587294,40.0,46.0,4985.330160061602,19.0,184904.32509861933,-0.18181818181818182,6.0,10.0,13.0
11,C45,SKU92,42.0,1.0,205.5309771892738,61.0,22.0,8094.583261013676,40.0,3968.186994177711,288.4927261940568,14.0,14.0,2058.795273282778,7.0,71000.47885464548,264.6975317835779,35.0,38.0,5764.102094818151,18.0,137443.772888904,257.9673636587294,40.0,46.0,6840.064896781741,22.0,172175.24673959962,-0.18181818181818182,5.0,15.0,16.0
11,C45,SKU34,,,,,,,,,,,,,,,,,,,,,,,,,,,,,,
11,C45,SKU64,28.0,2.0,237.87325547776103,61.0,22.0,8094.583261013676,40.0,1815.0927190728687,288.4927261940568,14.0,14.0,955.5557594937186,5.0,64309.306756835016,264.6975317835779,35.0,38.0,1889.4927849954656,11.0,134425.20039296348,257.9673636587294,40.0,46.0,2974.437939968098,14.0,169326.71391872526,-0.18181818181818182,3.0,7.0,9.0
11,C45,SKU64,28.0,2.0,237.87325547776103,61.0,22.0,8094.583261013676,40.0,1815.0927190728687,288.4927261940568,14.0,14.0,955.5557594937186,5.0,64309.306756835016,264.6975317835779,35.0,38.0,1889.4927849954656,11.0,134425.20039296348,257.9673636587294,40.0,46.0,2974.437939968098,14.0,169326.71391872526,-0.18181818181818182,3.0,7.0,9.0
11,C45,SKU81,49.0,1.0,427.5223285545428,61.0,22.0,8094.583261013676,40.0,2796.9596495180376,288.4927261940568,14.0,14.0,884.0878153107776,7.0,64309.306756835016,264.6975317835779,35.0,38.0,3594.4891330396335,17.0,134425.20039296348,257.9673636587294,40.0,46.0,5080.177260453762,21.0,169326.71391872526,-0.18181818181818182,4.0,13.0,16.0
11,C45,SKU30,63.0,1.0,241.45750014953248,61.0,22.0,8094.583261013676,40.0,3683.0865948948563,288.4927261940568,14.0,14.0,3297.6177659457226,9.0,64309.306756835016,264.6975317835779,35.0,38.0,5966.215162100634,19.0,134425.20039296348,257.9673636587294,40.0,46.0,7394.873152362657,26.0,169326.71391872526,-0.18181818181818182,3.0,12.0,17.0
11,C45,SKU68,21.0,1.0,232.24225493348064,61.0,22.0,8094.583261013676,40.0,3180.8995737396594,288.4927261940568,14.0,14.0,3757.0945615131045,10.0,72290.49237417508,264.6975317835779,35.0,38.0,6486.586612668207,19.0,148491.51822589754,257.9673636587294,40.0,46.0,6767.085248268148,21.0,184904.32509861933,-0.18181818181818182,5.0,11.0,12.0
11,C45,SKU8,35.0,1.0,491.93876046084324,61.0,22.0,8094.583261013676,40.0,4899.0980248205815,288.4927261940568,14.0,14.0,1356.43606397429,5.0,72290.49237417508,264.6975317835779,35.0,38.0,6079.582298352658,20.0,148491.51822589754,257.9673636587294,40.0,46.0,6774.285148584067,23.0,184904.32509861933,-0.18181818181818182,4.0,12.0,13.0
11,C45,SKU4,7.0,1.0,266.27063038801583,61.0,22.0,8094.583261013676,40.0,2192.918644094279,288.4927261940568,14.0,14.0,2655.6484127428835,8.0,71000.47885464548,264.6975317835779,35.0,38.0,4052.347400421194,16.0,137443.772888904,257.9673636587294,40.0,46.0,5206.213575325947,19.0,172175.24673959962,-0.18181818181818182,3.0,8.0,9.0
11,C45,SKU25,70.0,1.0,231.82169936676493,61.0,22.0,8094.583261013676,40.0,4766.470564584546,288.4927261940568,14.0,14.0,3311.017450541504,13.0,72290.49237417508,264.6975317835779,35.0,38.0,6567.44870163083,25.0,148491.51822589754,257.9673636587294,40.0,46.0,8248.815644727618,31.0,184904.32509861933,-0.18181818181818182,5.0,10.0,15.0
11,C45,SKU52,14.0,1.0,282.0680498399628,61.0,22.0,8094.583261013676,40.0,2756.4448547017687,288.4927261940568,14.0,14.0,1741.9187812705975,9.0,72290.49237417508,264.6975317835779,35.0,38.0,3427.098935903869,15.0,148491.51822589754,257.9673636587294,40.0,46.0,3902.437562751791,16.0,184904.32509861933,-0.18181818181818182,5.0,8.0,8.0
11,C45,SKU54,49.0,1.0,103.01059002838403,61.0,22.0,8094.583261013676,40.0,2239.1404558524237,288.4927261940568,14.0,14.0,1609.6467143000414,7.0,72290.49237417508,264.6975317835779,35.0,38.0,2606.8102918522354,11.0,148491.51822589754,257.9673636587294,40.0,46.0,3631.498343241021,15.0,184904.32509861933,-0.18181818181818182,5.0,8.0,10.0
11,C45,SKU33,63.0,1.0,429.13170972244353,61.0,22.0,8094.583261013676,40.0,3906.1144208564524,288.4927261940568,14.0,14.0,2642.2105627812716,8.0,72290.49237417508,264.6975317835779,35.0,38.0,5270.357451901102,17.0,148491.51822589754,257.9673636587294,40.0,46.0,6391.156494070515,20.0,184904.32509861933,-0.18181818181818182,4.0,7.0,8.0
11,C45,SKU80,63.0,1.0,301.7182496436631,61.0,22.0,8094.583261013676,40.0,3243.635387305008,288.4927261940568,14.0,14.0,2146.07442467616,7.0,64309.306756835016,264.6975317835779,35.0,38.0,4759.000777469969,17.0,134425.20039296348,257.9673636587294,40.0,46.0,5848.340218353709,22.0,169326.71391872526,-0.18181818181818182,3.0,8.0,10.0
11,C45,SKU14,35.0,1.0,195.15704903514833,61.0,22.0,8094.583261013676,40.0,4476.270802498114,288.4927261940568,14.0,14.0,1952.9631937687732,9.0,71000.47885464548,264.6975317835779,35.0,38.0,5123.321333769345,20.0,137443.772888904,257.9673636587294,40.0,46.0,6176.511444700864,26.0,172175.24673959962,-0.18181818181818182,7.0,13.0,18.0
11,C45,SKU6,42.0,2.0,131.16779108007245,61.0,22.0,8094.583261013676,40.0,2548.427845853984,288.4927261940568,14.0,14.0,1718.2138115896896,5.0,64309.306756835016,264.6975317835779,35.0,38.0,3444.5401016023407,13.0,134425.20039296348,257.9673636587294,40.0,46.0,3930.0555283698873,16.0,169326.71391872526,-0.18181818181818182,3.0,6.0,8.0
11,C45,SKU6,42.0,2.0,131.16779108007245,61.0,22.0,8094.583261013676,40.0,2548.427845853984,288.4927261940568,14.0,14.0,1718.2138115896896,5.0,64309.306756835016,264.6975317835779,35.0,38.0,3444.5401016023407,13.0,134425.20039296348,257.9673636587294,40.0,46.0,3930.0555283698873,16.0,169326.71391872526,-0.18181818181818182,3.0,6.0,8.0
11,C45,SKU67,14.0,2.0,37.42969865396202,61.0,22.0,8094.583261013676,40.0,1426.279898150903,288.4927261940568,14.0,14.0,1181.8136750398212,5.0,71000.47885464548,264.6975317835779,35.0,38.0,3781.57818676148,14.0,137443.772888904,257.9673636587294,40.0,46.0,4700.319165521037,17.0,172175.24673959962,-0.18181818181818182,3.0,7.0,9.0
11,C45,SKU67,14.0,2.0,37.42969865396202,61.0,22.0,8094.583261013676,40.0,1426.279898150903,288.4927261940568,14.0,14.0,1181.8136750398212,5.0,71000.47885464548,264.6975317835779,35.0,38.0,3781.57818676148,14.0,137443.772888904,257.9673636587294,40.0,46.0,4700.319165521037,17.0,172175.24673959962,-0.18181818181818182,3.0,7.0,9.0
11,C45,SKU17,,,,,,,,,,,,,,,,,,,,,,,,,,,,,,
11,C45,SKU95,14.0,1.0,413.1728211273289,61.0,22.0,8094.583261013676,40.0,3563.493156039451,288.4927261940568,14.0,14.0,1881.0495206651105,8.0,64309.306756835016,264.6975317835779,35.0,38.0,4188.04017562578,16.0,134425.20039296348,257.9673636587294,40.0,46.0,4265.538178432196,17.0,169326.71391872526,-0.18181818181818182,6.0,11.0,12.0
11,C45,SKU10,42.0,1.0,453.0452454598779,61.0,22.0,8094.583261013676,40.0,3405.6547913551576,288.4927261940568,14.0,14.0,637.246305027026,4.0,71000.47885464548,264.6975317835779,35.0,38.0,3710.9206991514775,14.0,137443.772888904,257.9673636587294,40.0,46.0,4903.101289382736,19.0,172175.24673959962,-0.18181818181818182,1.0,8.0,10.0
11,C45,SKU27,56.0,1.0,347.6391297129101,61.0,22.0,8094.583261013676,40.0,3560.4756027848416,288.4927261940568,14.0,14.0,1850.686499348616,6.0,71000.47885464548,264.6975317835779,35.0,38.0,4532.766246076299,16.0,137443.772888904,257.9673636587294,40.0,46.0,4829.31304282509,18.0,172175.24673959962,-0.18181818181818182,1.0,4.0,4.0
11,C45,SKU22,42.0,2.0,219.46054841330167,61.0,22.0,8094.583261013676,40.0,2609.1725459160966,288.4927261940568,14.0,14.0,3590.4101892893627,10.0,71000.47885464548,264.6975317835779,35.0,38.0,5087.730946024144,16.0,137443.772888904,257.9673636587294,40.0,46.0,5587.376488651759,19.0,172175.24673959962,-0.18181818181818182,8.0,12.0,14.0
11,C45,SKU22,42.0,2.0,219.46054841330167,61.0,22.0,8094.583261013676,40.0,2609.1725459160966,288.4927261940568,14.0,14.0,3590.4101892893627,10.0,71000.47885464548,264.6975317835779,35.0,38.0,5087.730946024144,16.0,137443.772888904,257.9673636587294,40.0,46.0,5587.376488651759,19.0,172175.24673959962,-0.18181818181818182,8.0,12.0,14.0
11,C45,SKU57,56.0,1.0,117.15980122239219,61.0,22.0,8094.583261013676,40.0,4084.1434485356185,288.4927261940568,14.0,14.0,2481.3321993654963,12.0,71000.47885464548,264.6975317835779,35.0,38.0,5034.701407276938,22.0,137443.772888904,257.9673636587294,40.0,46.0,6199.929816035148,26.0,172175.24673959962,-0.18181818181818182,7.0,14.0,16.0
11,C45,SKU43,49.0,1.0,453.29234592900076,61.0,22.0,8094.583261013676,40.0,2532.743682329215,288.4927261940568,14.0,14.0,1168.0650395391517,5.0,72290.49237417508,264.6975317835779,35.0,38.0,3446.6599790396226,14.0,148491.51822589754,257.9673636587294,40.0,46.0,4562.116205894099,18.0,184904.32509861933,-0.18181818181818182,4.0,10.0,10.0
11,C45,SKU66,49.0,1.0,119.60736132891333,61.0,22.0,8094.583261013676,40.0,3491.83031890565,288.4927261940568,14.0,14.0,2782.60833972082,11.0,71000.47885464548,264.6975317835779,35.0,38.0,4217.844243944581,18.0,137443.772888904,257.9673636587294,40.0,46.0,4755.902905153972,20.0,172175.24673959962,-0.18181818181818182,3.0,5.0,6.0
11,C45,SKU32,7.0,2.0,255.82640033751858,61.0,22.0,8094.583261013676,40.0,3578.5559559457374,288.4927261940568,14.0,14.0,2221.4941391896728,9.0,72290.49237417508,264.6975317835779,35.0,38.0,4070.9775382142357,15.0,148491.51822589754,257.9673636587294,40.0,46.0,5564.906756256995,23.0,184904.32509861933,-0.18181818181818182,5.0,8.0,12.0
11,C45,SKU32,7.0,2.0,255.82640033751858,61.0,22.0,8094.583261013676,40.0,3578.5559559457374,288.4927261940568,14.0,14.0,2221.4941391896728,9.0,72290.49237417508,264.6975317835779,35.0,38.0,4070.9775382142357,15.0,148491.51822589754,257.9673636587294,40.0,46.0,5564.906756256995,23.0,184904.32509861933,-0.18181818181818182,5.0,8.0,12.0
11,C45,SKU40,56.0,1.0,273.69536097826847,61.0,22.0,8094.583261013676,40.0,1540.40517967727,288.4927261940568,14.0,14.0,1316.753953201328,10.0,64309.306756835016,264.6975317835779,35.0,38.0,2963.78974554345,17.0,134425.20039296348,257.9673636587294,40.0,46.0,3647.9288448918765,19.0,169326.71391872526,-0.18181818181818182,6.0,13.0,15.0
11,C45,SKU1,14.0,1.0,439.0357519937785,61.0,22.0,8094.583261013676,40.0,1588.7206035080865,288.4927261940568,14.0,14.0,1896.417385529631,8.0,64309.306756835016,264.6975317835779,35.0,38.0,2940.1441700632254,11.0,134425.20039296348,257.9673636587294,40.0,46.0,3629.2039743522905,16.0,169326.71391872526,-0.18181818181818182,5.0,8.0,11.0
11,C45,SKU79,49.0,1.0,288.68092511099553,61.0,22.0,8094.583261013676,40.0,4278.459514953102,288.4927261940568,14.0,14.0,3067.2727070094,9.0,64309.306756835016,264.6975317835779,35.0,38.0,5685.419533093278,19.0,134425.20039296348,257.9673636587294,40.0,46.0,6392.592072969643,23.0,169326.71391872526,-0.18181818181818182,5.0,11.0,13.0
11,C45,SKU86,63.0,1.0,265.5213753671023,61.0,22.0,8094.583261013676,40.0,2363.081131861271,288.4927261940568,14.0,14.0,1623.0877239540343,7.0,64309.306756835016,264.6975317835779,35.0,38.0,3044.2798000924367,13.0,134425.20039296348,257.9673636587294,40.0,46.0,4659.285780581268,21.0,169326.71391872526,-0.18181818181818182,4.0,6.0,11.0
11,C45,SKU61,56.0,1.0,132.25125593911707,61.0,22.0,8094.583261013676,40.0,2320.5783542540794,288.4927261940568,14.0,14.0,1023.1745756884936,5.0,64309.306756835016,264.6975317835779,35.0,38.0,2996.4024557418907,13.0,134425.20039296348,257.9673636587294,40.0,46.0,4420.266454509291,18.0,169326.71391872526,-0.18181818181818182,5.0,10.0,12.0
11,C45,SKU37,42.0,1.0,13.002433118702008,61.0,22.0,8094.583261013676,40.0,4276.8829913506725,288.4927261940568,14.0,14.0,2506.0641619629373,9.0,71000.47885464548,264.6975317835779,35.0,38.0,6062.756483960785,24.0,137443.772888904,257.9673636587294,40.0,46.0,7868.481946817385,30.0,172175.24673959962,-0.18181818181818182,6.0,14.0,16.0
11,C46,SKU7,63.0,1.0,466.37667496104376,12.0,7.0,5867.138710504623,46.0,1223.7280590650948,315.56197483698764,25.0,26.0,1449.7856745482197,5.0,71000.47885464548,313.9644209700238,41.0,50.0,1868.9218877079497,9.0,137443.772888904,310.3247680840783,46.0,57.0,2898.6749084577245,12.0,172175.24673959962,0.4787878787878788,3.0,5.0,7.0
11,C46,SKU70,21.0,1.0,418.1156934017449,12.0,7.0,5867.138710504623,46.0,3811.12967781279,315.56197483698764,25.0,26.0,4480.1417984573545,14.0,72290.49237417508,313.9644209700238,41.0,50.0,6010.096024175712,20.0,148491.51822589754,310.3247680840783,46.0,57.0,6403.032172003971,21.0,184904.32509861933,0.4787878787878788,8.0,10.0,11.0
11,C46,SKU18,28.0,1.0,211.8794870939555,12.0,7.0,5867.138710504623,46.0,2574.6088131084107,315.56197483698764,25.0,26.0,2258.141245675125,9.0,64309.306756835016,313.9644209700238,41.0,50.0,3594.6492811204107,15.0,134425.20039296348,310.3247680840783,46.0,57.0,4487.374291389015,18.0,169326.71391872526,0.4787878787878788,7.0,12.0,12.0
11,C46,SKU36,21.0,2.0,160.96555865730255,12.0,7.0,5867.138710504623,46.0,3878.3755467399974,315.56197483698764,25.0,26.0,2098.4499335866844,9.0,71000.47885464548,313.9644209700238,41.0,50.0,4085.6246541863675,16.0,137443.772888904,310.3247680840783,46.0,57.0,5006.714238376788,21.0,172175.24673959962,0.4787878787878788,4.0,6.0,9.0
11,C46,SKU36,21.0,2.0,160.96555865730255,12.0,7.0,5867.138710504623,46.0,3878.3755467399974,315.56197483698764,25.0,26.0,2098.4499335866844,9.0,71000.47885464548,313.9644209700238,41.0,50.0,4085.6246541863675,16.0,137443.772888904,310.3247680840783,46.0,57.0,5006.714238376788,21.0,172175.24673959962,0.4787878787878788,4.0,6.0,9.0
11,C46,SKU42,21.0,1.0,467.98452725317486,12.0,7.0,5867.138710504623,46.0,2423.8521056941017,315.56197483698764,25.0,26.0,2048.043858333036,8.0,64309.306756835016,313.9644209700238,41.0,50.0,2875.4570715654363,12.0,134425.20039296348,310.3247680840783,46.0,57.0,3693.722317751543,15.0,169326.71391872526,0.4787878787878788,5.0,8.0,10.0
11,C46,SKU26,14.0,1.0,112.32467676487833,12.0,7.0,5867.138710504623,46.0,2870.077373106889,315.56197483698764,25.0,26.0,1878.8963415535886,9.0,64309.306756835016,313.9644209700238,41.0,50.0,4362.126765130159,19.0,134425.20039296348,310.3247680840783,46.0,57.0,5671.0460414333365,24.0,169326.71391872526,0.4787878787878788,4.0,7.0,11.0
11,C46,SKU83,35.0,2.0,439.86602899858883,12.0,7.0,5867.138710504623,46.0,3988.4532153091122,315.56197483698764,25.0,26.0,1745.4084827186693,5.0,64309.306756835016,313.9644209700238,41.0,50.0,6022.622707175466,19.0,134425.20039296348,310.3247680840783,46.0,57.0,7061.109254625385,23.0,169326.71391872526,0.4787878787878788,1.0,10.0,11.0
11,C46,SKU83,35.0,2.0,439.86602899858883,12.0,7.0,5867.138710504623,46.0,3988.4532153091122,315.56197483698764,25.0,26.0,1745.4084827186693,5.0,64309.306756835016,313.9644209700238,41.0,50.0,6022.622707175466,19.0,134425.20039296348,310.3247680840783,46.0,57.0,7061.109254625385,23.0,169326.71391872526,0.4787878787878788,1.0,10.0,11.0
11,C46,SKU19,49.0,1.0,50.79608135503257,12.0,7.0,5867.138710504623,46.0,4020.1694548435967,315.56197483698764,25.0,26.0,2459.6185464635482,8.0,64309.306756835016,313.9644209700238,41.0,50.0,4521.7287856660405,15.0,134425.20039296348,310.3247680840783,46.0,57.0,5248.878137480506,18.0,169326.71391872526,0.4787878787878788,4.0,10.0,11.0
11,C46,SKU31,28.0,1.0,277.0622918062081,12.0,7.0,5867.138710504623,46.0,2849.213604822314,315.56197483698764,25.0,26.0,2588.410931651886,10.0,72290.49237417508,313.9644209700238,41.0,50.0,5665.229170095801,21.0,148491.51822589754,310.3247680840783,46.0,57.0,5817.221087898065,22.0,184904.32509861933,0.4787878787878788,7.0,16.0,17.0
11,C46,SKU93,56.0,1.0,347.52332523085806,12.0,7.0,5867.138710504623,46.0,4779.003530026869,315.56197483698764,25.0,26.0,3771.2980526762162,14.0,64309.306756835016,313.9644209700238,41.0,50.0,5963.945464659581,23.0,134425.20039296348,310.3247680840783,46.0,57.0,7243.474701731236,28.0,169326.71391872526,0.4787878787878788,8.0,10.0,14.0
11,C46,SKU63,,,,,,,,,,,,,,,,,,,,,,,,,,,,,,
11,C46,SKU90,28.0,1.0,289.2135554085307,12.0,7.0,5867.138710504623,46.0,3498.944990268814,315.56197483698764,25.0,26.0,4395.3248693451,13.0,71000.47885464548,313.9644209700238,41.0,50.0,6125.165358255388,20.0,137443.772888904,310.3247680840783,46.0,57.0,7179.063293597827,23.0,172175.24673959962,0.4787878787878788,7.0,9.0,11.0
11,C46,SKU50,70.0,1.0,160.92470628983918,12.0,7.0,5867.138710504623,46.0,3552.1018740017853,315.56197483698764,25.0,26.0,2043.4660640573127,8.0,72290.49237417508,313.9644209700238,41.0,50.0,3799.0039423972185,14.0,148491.51822589754,310.3247680840783,46.0,57.0,4985.330160061602,19.0,184904.32509861933,0.4787878787878788,6.0,10.0,13.0
11,C46,SKU21,14.0,2.0,430.86185367147755,12.0,7.0,5867.138710504623,46.0,3329.9472009380474,315.56197483698764,25.0,26.0,2353.590426368052,8.0,72290.49237417508,313.9644209700238,41.0,50.0,3999.2104528811406,15.0,148491.51822589754,310.3247680840783,46.0,57.0,4945.858239130029,20.0,184904.32509861933,0.4787878787878788,6.0,12.0,15.0
11,C46,SKU21,14.0,2.0,430.86185367147755,12.0,7.0,5867.138710504623,46.0,3329.9472009380474,315.56197483698764,25.0,26.0,2353.590426368052,8.0,72290.49237417508,313.9644209700238,41.0,50.0,3999.2104528811406,15.0,148491.51822589754,310.3247680840783,46.0,57.0,4945.858239130029,20.0,184904.32509861933,0.4787878787878788,6.0,12.0,15.0
11,C46,SKU92,35.0,2.0,380.641132266053,12.0,7.0,5867.138710504623,46.0,3968.186994177711,315.56197483698764,25.0,26.0,2058.795273282778,7.0,71000.47885464548,313.9644209700238,41.0,50.0,5764.102094818151,18.0,137443.772888904,310.3247680840783,46.0,57.0,6840.064896781741,22.0,172175.24673959962,0.4787878787878788,5.0,15.0,16.0
11,C46,SKU92,35.0,2.0,380.641132266053,12.0,7.0,5867.138710504623,46.0,3968.186994177711,315.56197483698764,25.0,26.0,2058.795273282778,7.0,71000.47885464548,313.9644209700238,41.0,50.0,5764.102094818151,18.0,137443.772888904,310.3247680840783,46.0,57.0,6840.064896781741,22.0,172175.24673959962,0.4787878787878788,5.0,15.0,16.0
11,C46,SKU34,7.0,1.0,18.338462264128776,12.0,7.0,5867.138710504623,46.0,5244.288347500294,315.56197483698764,25.0,26.0,3705.418135522522,14.0,71000.47885464548,313.9644209700238,41.0,50.0,6259.775782633862,23.0,137443.772888904,310.3247680840783,46.0,57.0,7435.249755115927,26.0,172175.24673959962,0.4787878787878788,11.0,15.0,17.0
11,C46,SKU64,21.0,1.0,375.697063660704,12.0,7.0,5867.138710504623,46.0,1815.0927190728687,315.56197483698764,25.0,26.0,955.5557594937186,5.0,64309.306756835016,313.9644209700238,41.0,50.0,1889.4927849954656,11.0,134425.20039296348,310.3247680840783,46.0,57.0,2974.437939968098,14.0,169326.71391872526,0.4787878787878788,3.0,7.0,9.0
11,C46,SKU15,63.0,1.0,393.6334844075078,12.0,7.0,5867.138710504623,46.0,2973.982247734585,315.56197483698764,25.0,26.0,2494.919570641518,9.0,71000.47885464548,313.9644209700238,41.0,50.0,3418.6513460945753,13.0,137443.772888904,310.3247680840783,46.0,57.0,3907.7532733767002,15.0,172175.24673959962,0.4787878787878788,8.0,11.0,12.0
11,C46,SKU81,14.0,2.0,266.01004634391717,12.0,7.0,5867.138710504623,46.0,2796.9596495180376,315.56197483698764,25.0,26.0,884.0878153107776,7.0,64309.306756835016,313.9644209700238,41.0,50.0,3594.4891330396335,17.0,134425.20039296348,310.3247680840783,46.0,57.0,5080.177260453762,21.0,169326.71391872526,0.4787878787878788,4.0,13.0,16.0
11,C46,SKU81,14.0,2.0,266.01004634391717,12.0,7.0,5867.138710504623,46.0,2796.9596495180376,315.56197483698764,25.0,26.0,884.0878153107776,7.0,64309.306756835016,313.9644209700238,41.0,50.0,3594.4891330396335,17.0,134425.20039296348,310.3247680840783,46.0,57.0,5080.177260453762,21.0,169326.71391872526,0.4787878787878788,4.0,13.0,16.0
11,C46,SKU68,21.0,1.0,495.6786665000683,12.0,7.0,5867.138710504623,46.0,3180.8995737396594,315.56197483698764,25.0,26.0,3757.0945615131045,10.0,72290.49237417508,313.9644209700238,41.0,50.0,6486.586612668207,19.0,148491.51822589754,310.3247680840783,46.0,57.0,6767.085248268148,21.0,184904.32509861933,0.4787878787878788,5.0,11.0,12.0
11,C46,SKU8,35.0,2.0,279.8429654502305,12.0,7.0,5867.138710504623,46.0,4899.0980248205815,315.56197483698764,25.0,26.0,1356.43606397429,5.0,72290.49237417508,313.9644209700238,41.0,50.0,6079.582298352658,20.0,148491.51822589754,310.3247680840783,46.0,57.0,6774.285148584067,23.0,184904.32509861933,0.4787878787878788,4.0,12.0,13.0
11,C46,SKU8,35.0,2.0,279.8429654502305,12.0,7.0,5867.138710504623,46.0,4899.0980248205815,315.56197483698764,25.0,26.0,1356.43606397429,5.0,72290.49237417508,313.9644209700238,41.0,50.0,6079.582298352658,20.0,148491.51822589754,310.3247680840783,46.0,57.0,6774.285148584067,23.0,184904.32509861933,0.4787878787878788,4.0,12.0,13.0
11,C46,SKU4,14.0,1.0,329.915287257707,12.0,7.0,5867.138710504623,46.0,2192.918644094279,315.56197483698764,25.0,26.0,2655.6484127428835,8.0,71000.47885464548,313.9644209700238,41.0,50.0,4052.347400421194,16.0,137443.772888904,310.3247680840783,46.0,57.0,5206.213575325947,19.0,172175.24673959962,0.4787878787878788,3.0,8.0,9.0
11,C46,SKU25,21.0,1.0,472.90232448021067,12.0,7.0,5867.138710504623,46.0,4766.470564584546,315.56197483698764,25.0,26.0,3311.017450541504,13.0,72290.49237417508,313.9644209700238,41.0,50.0,6567.44870163083,25.0,148491.51822589754,310.3247680840783,46.0,57.0,8248.815644727618,31.0,184904.32509861933,0.4787878787878788,5.0,10.0,15.0
11,C46,SKU52,35.0,1.0,454.2034994078597,12.0,7.0,5867.138710504623,46.0,2756.4448547017687,315.56197483698764,25.0,26.0,1741.9187812705975,9.0,72290.49237417508,313.9644209700238,41.0,50.0,3427.098935903869,15.0,148491.51822589754,310.3247680840783,46.0,57.0,3902.437562751791,16.0,184904.32509861933,0.4787878787878788,5.0,8.0,8.0
11,C46,SKU84,35.0,1.0,495.5945018826656,12.0,7.0,5867.138710504623,46.0,2378.4863459713806,315.56197483698764,25.0,26.0,2347.7386034283104,7.0,71000.47885464548,313.9644209700238,41.0,50.0,4926.045037747026,16.0,137443.772888904,310.3247680840783,46.0,57.0,5976.75994258024,20.0,172175.24673959962,0.4787878787878788,5.0,10.0,13.0
11,C46,SKU96,14.0,1.0,386.82093896582103,12.0,7.0,5867.138710504623,46.0,2065.7904859342652,315.56197483698764,25.0,26.0,2285.8624136074177,9.0,72290.49237417508,313.9644209700238,41.0,50.0,3447.902699573569,14.0,148491.51822589754,310.3247680840783,46.0,57.0,5524.266048975098,20.0,184904.32509861933,0.4787878787878788,3.0,3.0,7.0
11,C46,SKU33,14.0,1.0,338.44461564707166,12.0,7.0,5867.138710504623,46.0,3906.1144208564524,315.56197483698764,25.0,26.0,2642.2105627812716,8.0,72290.49237417508,313.9644209700238,41.0,50.0,5270.357451901102,17.0,148491.51822589754,310.3247680840783,46.0,57.0,6391.156494070515,20.0,184904.32509861933,0.4787878787878788,4.0,7.0,8.0
11,C46,SKU87,42.0,1.0,489.5639520913754,12.0,7.0,5867.138710504623,46.0,3596.043681200566,315.56197483698764,25.0,26.0,1325.3696225216397,3.0,72290.49237417508,313.9644209700238,41.0,50.0,4240.63360609992,14.0,148491.51822589754,310.3247680840783,46.0,57.0,4687.7934746868705,16.0,184904.32509861933,0.4787878787878788,1.0,5.0,5.0
11,C46,SKU23,14.0,1.0,371.9703032381901,12.0,7.0,5867.138710504623,46.0,3449.282907326329,315.56197483698764,25.0,26.0,2634.4380931227643,10.0,71000.47885464548,313.9644209700238,41.0,50.0,4401.380339195599,16.0,137443.772888904,310.3247680840783,46.0,57.0,5978.508943032263,23.0,172175.24673959962,0.4787878787878788,5.0,8.0,10.0
11,C46,SKU6,42.0,1.0,144.54509095021257,12.0,7.0,5867.138710504623,46.0,2548.427845853984,315.56197483698764,25.0,26.0,1718.2138115896896,5.0,64309.306756835016,313.9644209700238,41.0,50.0,3444.5401016023407,13.0,134425.20039296348,310.3247680840783,46.0,57.0,3930.0555283698873,16.0,169326.71391872526,0.4787878787878788,3.0,6.0,8.0
11,C46,SKU72,35.0,1.0,229.84426617960492,12.0,7.0,5867.138710504623,46.0,2984.5752027758062,315.56197483698764,25.0,26.0,2143.854582708852,7.0,64309.306756835016,313.9644209700238,41.0,50.0,4863.608727258521,18.0,134425.20039296348,310.3247680840783,46.0,57.0,6002.861555273883,22.0,169326.71391872526,0.4787878787878788,4.0,12.0,16.0
11,C46,SKU39,7.0,1.0,454.92683341713655,12.0,7.0,5867.138710504623,46.0,1256.7801090750672,315.56197483698764,25.0,26.0,2005.9294396816913,8.0,72290.49237417508,313.9644209700238,41.0,50.0,3384.497478530941,14.0,148491.51822589754,310.3247680840783,46.0,57.0,3539.74576465095,15.0,184904.32509861933,0.4787878787878788,6.0,8.0,8.0
11,C46,SKU20,63.0,1.0,71.51545350265613,12.0,7.0,5867.138710504623,46.0,2008.93076555903,315.56197483698764,25.0,26.0,2064.335557946855,6.0,72290.49237417508,313.9644209700238,41.0,50.0,2995.0391942363067,11.0,148491.51822589754,310.3247680840783,46.0,57.0,3330.725406979164,13.0,184904.32509861933,0.4787878787878788,3.0,4.0,6.0
11,C46,SKU17,35.0,2.0,193.29077664237138,12.0,7.0,5867.138710504623,46.0,5081.190266320188,315.56197483698764,25.0,26.0,1099.92123122253,4.0,72290.49237417508,313.9644209700238,41.0,50.0,6046.566669899512,20.0,148491.51822589754,310.3247680840783,46.0,57.0,7723.295835124876,24.0,184904.32509861933,0.4787878787878788,2.0,8.0,10.0
11,C46,SKU17,35.0,2.0,193.29077664237138,12.0,7.0,5867.138710504623,46.0,5081.190266320188,315.56197483698764,25.0,26.0,1099.92123122253,4.0,72290.49237417508,313.9644209700238,41.0,50.0,6046.566669899512,20.0,148491.51822589754,310.3247680840783,46.0,57.0,7723.295835124876,24.0,184904.32509861933,0.4787878787878788,2.0,8.0,10.0
11,C46,SKU38,14.0,1.0,141.0669020989538,12.0,7.0,5867.138710504623,46.0,4195.31476423047,315.56197483698764,25.0,26.0,2761.0560156102297,11.0,72290.49237417508,313.9644209700238,41.0,50.0,5745.3779223572765,22.0,148491.51822589754,310.3247680840783,46.0,57.0,7883.80530397241,28.0,184904.32509861933,0.4787878787878788,6.0,10.0,14.0
11,C46,SKU5,28.0,1.0,356.592570191259,12.0,7.0,5867.138710504623,46.0,4475.10022155687,315.56197483698764,25.0,26.0,2752.7115105281678,9.0,72290.49237417508,313.9644209700238,41.0,50.0,7156.4594080845045,24.0,148491.51822589754,310.3247680840783,46.0,57.0,8513.080158022674,29.0,184904.32509861933,0.4787878787878788,4.0,14.0,17.0
11,C46,SKU13,56.0,1.0,438.14174748157103,12.0,7.0,5867.138710504623,46.0,3397.9711601189915,315.56197483698764,25.0,26.0,2639.5557162582354,9.0,72290.49237417508,313.9644209700238,41.0,50.0,4043.166248554249,14.0,148491.51822589754,310.3247680840783,46.0,57.0,6020.244724995739,19.0,184904.32509861933,0.4787878787878788,8.0,11.0,13.0
11,C46,SKU57,21.0,3.0,199.15576113455336,12.0,7.0,5867.138710504623,46.0,4084.1434485356185,315.56197483698764,25.0,26.0,2481.3321993654963,12.0,71000.47885464548,313.9644209700238,41.0,50.0,5034.701407276938,22.0,137443.772888904,310.3247680840783,46.0,57.0,6199.929816035148,26.0,172175.24673959962,0.4787878787878788,7.0,14.0,16.0
11,C46,SKU57,21.0,3.0,199.15576113455336,12.0,7.0,5867.138710504623,46.0,4084.1434485356185,315.56197483698764,25.0,26.0,2481.3321993654963,12.0,71000.47885464548,313.9644209700238,41.0,50.0,5034.701407276938,22.0,137443.772888904,310.3247680840783,46.0,57.0,6199.929816035148,26.0,172175.24673959962,0.4787878787878788,7.0,14.0,16.0
11,C46,SKU57,21.0,3.0,199.15576113455336,12.0,7.0,5867.138710504623,46.0,4084.1434485356185,315.56197483698764,25.0,26.0,2481.3321993654963,12.0,71000.47885464548,313.9644209700238,41.0,50.0,5034.701407276938,22.0,137443.772888904,310.3247680840783,46.0,57.0,6199.929816035148,26.0,172175.24673959962,0.4787878787878788,7.0,14.0,16.0
11,C46,SKU22,35.0,1.0,13.767280370780623,12.0,7.0,5867.138710504623,46.0,2609.1725459160966,315.56197483698764,25.0,26.0,3590.4101892893627,10.0,71000.47885464548,313.9644209700238,41.0,50.0,5087.730946024144,16.0,137443.772888904,310.3247680840783,46.0,57.0,5587.376488651759,19.0,172175.24673959962,0.4787878787878788,8.0,12.0,14.0
11,C46,SKU71,28.0,1.0,336.7827942135839,12.0,7.0,5867.138710504623,46.0,2944.6693789402602,315.56197483698764,25.0,26.0,2404.39611588069,11.0,72290.49237417508,313.9644209700238,41.0,50.0,4674.080739616792,20.0,148491.51822589754,310.3247680840783,46.0,57.0,6040.737840554442,26.0,184904.32509861933,0.4787878787878788,6.0,11.0,15.0
11,C46,SKU32,42.0,1.0,456.3626240404573,12.0,7.0,5867.138710504623,46.0,3578.5559559457374,315.56197483698764,25.0,26.0,2221.4941391896728,9.0,72290.49237417508,313.9644209700238,41.0,50.0,4070.9775382142357,15.0,148491.51822589754,310.3247680840783,46.0,57.0,5564.906756256995,23.0,184904.32509861933,0.4787878787878788,5.0,8.0,12.0
11,C46,SKU85,35.0,1.0,324.8228163759622,12.0,7.0,5867.138710504623,46.0,2192.8063867855676,315.56197483698764,25.0,26.0,2098.0126112069374,8.0,64309.306756835016,313.9644209700238,41.0,50.0,3983.7048522072832,17.0,134425.20039296348,310.3247680840783,46.0,57.0,4745.749114396946,20.0,169326.71391872526,0.4787878787878788,2.0,8.0,9.0
11,C46,SKU40,70.0,2.0,342.069549674213,12.0,7.0,5867.138710504623,46.0,1540.40517967727,315.56197483698764,25.0,26.0,1316.753953201328,10.0,64309.306756835016,313.9644209700238,41.0,50.0,2963.78974554345,17.0,134425.20039296348,310.3247680840783,46.0,57.0,3647.9288448918765,19.0,169326.71391872526,0.4787878787878788,6.0,13.0,15.0
11,C46,SKU40,70.0,2.0,342.069549674213,12.0,7.0,5867.138710504623,46.0,1540.40517967727,315.56197483698764,25.0,26.0,1316.753953201328,10.0,64309.306756835016,313.9644209700238,41.0,50.0,2963.78974554345,17.0,134425.20039296348,310.3247680840783,46.0,57.0,3647.9288448918765,19.0,169326.71391872526,0.4787878787878788,6.0,13.0,15.0
11,C46,SKU1,7.0,1.0,325.23760703284825,12.0,7.0,5867.138710504623,46.0,1588.7206035080865,315.56197483698764,25.0,26.0,1896.417385529631,8.0,64309.306756835016,313.9644209700238,41.0,50.0,2940.1441700632254,11.0,134425.20039296348,310.3247680840783,46.0,57.0,3629.2039743522905,16.0,169326.71391872526,0.4787878787878788,5.0,8.0,11.0
11,C46,SKU79,21.0,2.0,216.15280156939042,12.0,7.0,5867.138710504623,46.0,4278.459514953102,315.56197483698764,25.0,26.0,3067.2727070094,9.0,64309.306756835016,313.9644209700238,41.0,50.0,5685.419533093278,19.0,134425.20039296348,310.3247680840783,46.0,57.0,6392.592072969643,23.0,169326.71391872526,0.4787878787878788,5.0,11.0,13.0
11,C46,SKU79,21.0,2.0,216.15280156939042,12.0,7.0,5867.138710504623,46.0,4278.459514953102,315.56197483698764,25.0,26.0,3067.2727070094,9.0,64309.306756835016,313.9644209700238,41.0,50.0,5685.419533093278,19.0,134425.20039296348,310.3247680840783,46.0,57.0,6392.592072969643,23.0,169326.71391872526,0.4787878787878788,5.0,11.0,13.0
11,C46,SKU75,7.0,1.0,499.407383364696,12.0,7.0,5867.138710504623,46.0,2823.663135072765,315.56197483698764,25.0,26.0,1970.3063744189749,8.0,64309.306756835016,313.9644209700238,41.0,50.0,2791.700373441383,11.0,134425.20039296348,310.3247680840783,46.0,57.0,3740.740571377569,15.0,169326.71391872526,0.4787878787878788,4.0,5.0,7.0
11,C46,SKU9,35.0,1.0,453.66558225341714,12.0,7.0,5867.138710504623,46.0,1988.7439868645379,315.56197483698764,25.0,26.0,656.8016608132668,3.0,72290.49237417508,313.9644209700238,41.0,50.0,3547.4614779361054,16.0,148491.51822589754,310.3247680840783,46.0,57.0,4567.6472624663165,20.0,184904.32509861933,0.4787878787878788,3.0,11.0,15.0
11,C47,SKU94,21.0,1.0,172.2547817410642,4.0,34.0,8942.163993902484,37.0,4230.592179117441,267.56345849635903,17.0,20.0,2483.5489317856486,9.0,71000.47885464548,256.5839808095756,31.0,34.0,5875.653325400093,19.0,137443.772888904,257.46156239186223,37.0,43.0,7988.092781982599,26.0,172175.24673959962,0.09090909090909091,5.0,9.0,13.0
11,C47,SKU70,7.0,1.0,273.50619637858586,4.0,34.0,8942.163993902484,37.0,3811.12967781279,267.56345849635903,17.0,20.0,4480.1417984573545,14.0,72290.49237417508,256.5839808095756,31.0,34.0,6010.096024175712,20.0,148491.51822589754,257.46156239186223,37.0,43.0,6403.032172003971,21.0,184904.32509861933,0.09090909090909091,8.0,10.0,11.0
11,C47,SKU18,56.0,1.0,44.48388491278284,4.0,34.0,8942.163993902484,37.0,2574.6088131084107,267.56345849635903,17.0,20.0,2258.141245675125,9.0,64309.306756835016,256.5839808095756,31.0,34.0,3594.6492811204107,15.0,134425.20039296348,257.46156239186223,37.0,43.0,4487.374291389015,18.0,169326.71391872526,0.09090909090909091,7.0,12.0,12.0
11,C47,SKU36,28.0,1.0,271.92994680596735,4.0,34.0,8942.163993902484,37.0,3878.3755467399974,267.56345849635903,17.0,20.0,2098.4499335866844,9.0,71000.47885464548,256.5839808095756,31.0,34.0,4085.6246541863675,16.0,137443.772888904,257.46156239186223,37.0,43.0,5006.714238376788,21.0,172175.24673959962,0.09090909090909091,4.0,6.0,9.0
11,C47,SKU35,21.0,1.0,442.87661502840206,4.0,34.0,8942.163993902484,37.0,3712.4861044710765,267.56345849635903,17.0,20.0,2754.1797051098306,13.0,71000.47885464548,256.5839808095756,31.0,34.0,4134.082406545251,18.0,137443.772888904,257.46156239186223,37.0,43.0,5605.79976774534,22.0,172175.24673959962,0.09090909090909091,7.0,10.0,10.0
11,C47,SKU49,7.0,1.0,108.7262693028744,4.0,34.0,8942.163993902484,37.0,2723.4947579355885,267.56345849635903,17.0,20.0,1795.5619315160645,9.0,71000.47885464548,256.5839808095756,31.0,34.0,3104.2376143523725,15.0,137443.772888904,257.46156239186223,37.0,43.0,5392.065726760854,22.0,172175.24673959962,0.09090909090909091,6.0,8.0,13.0
11,C47,SKU83,49.0,1.0,226.75841612452683,4.0,34.0,8942.163993902484,37.0,3988.4532153091122,267.56345849635903,17.0,20.0,1745.4084827186693,5.0,64309.306756835016,256.5839808095756,31.0,34.0,6022.622707175466,19.0,134425.20039296348,257.46156239186223,37.0,43.0,7061.109254625385,23.0,169326.71391872526,0.09090909090909091,1.0,10.0,11.0
11,C47,SKU29,,,,,,,,,,,,,,,,,,,,,,,,,,,,,,
11,C47,SKU19,7.0,2.0,378.78648724008235,4.0,34.0,8942.163993902484,37.0,4020.1694548435967,267.56345849635903,17.0,20.0,2459.6185464635482,8.0,64309.306756835016,256.5839808095756,31.0,34.0,4521.7287856660405,15.0,134425.20039296348,257.46156239186223,37.0,43.0,5248.878137480506,18.0,169326.71391872526,0.09090909090909091,4.0,10.0,11.0
11,C47,SKU19,7.0,2.0,378.78648724008235,4.0,34.0,8942.163993902484,37.0,4020.1694548435967,267.56345849635903,17.0,20.0,2459.6185464635482,8.0,64309.306756835016,256.5839808095756,31.0,34.0,4521.7287856660405,15.0,134425.20039296348,257.46156239186223,37.0,43.0,5248.878137480506,18.0,169326.71391872526,0.09090909090909091,4.0,10.0,11.0
11,C47,SKU24,70.0,1.0,93.32736944504676,4.0,34.0,8942.163993902484,37.0,2029.4402977187783,267.56345849635903,17.0,20.0,286.69854835136766,3.0,72290.49237417508,256.5839808095756,31.0,34.0,4430.1278243402,16.0,148491.51822589754,257.46156239186223,37.0,43.0,5900.984207625734,21.0,184904.32509861933,0.09090909090909091,0.0,7.0,11.0
11,C47,SKU31,7.0,2.0,266.72025530860867,4.0,34.0,8942.163993902484,37.0,2849.213604822314,267.56345849635903,17.0,20.0,2588.410931651886,10.0,72290.49237417508,256.5839808095756,31.0,34.0,5665.229170095801,21.0,148491.51822589754,257.46156239186223,37.0,43.0,5817.221087898065,22.0,184904.32509861933,0.09090909090909091,7.0,16.0,17.0
11,C47,SKU31,7.0,2.0,266.72025530860867,4.0,34.0,8942.163993902484,37.0,2849.213604822314,267.56345849635903,17.0,20.0,2588.410931651886,10.0,72290.49237417508,256.5839808095756,31.0,34.0,5665.229170095801,21.0,148491.51822589754,257.46156239186223,37.0,43.0,5817.221087898065,22.0,184904.32509861933,0.09090909090909091,7.0,16.0,17.0
11,C47,SKU93,70.0,1.0,25.652634835927486,4.0,34.0,8942.163993902484,37.0,4779.003530026869,267.56345849635903,17.0,20.0,3771.2980526762162,14.0,64309.306756835016,256.5839808095756,31.0,34.0,5963.945464659581,23.0,134425.20039296348,257.46156239186223,37.0,43.0,7243.474701731236,28.0,169326.71391872526,0.09090909090909091,8.0,10.0,14.0
11,C47,SKU97,21.0,1.0,68.6742995392728,4.0,34.0,8942.163993902484,37.0,2763.7157447432432,267.56345849635903,17.0,20.0,1680.6880253238674,9.0,72290.49237417508,256.5839808095756,31.0,34.0,3408.703085968549,18.0,148491.51822589754,257.46156239186223,37.0,43.0,4105.349745126161,20.0,184904.32509861933,0.09090909090909091,4.0,9.0,11.0
11,C47,SKU12,14.0,1.0,405.0030890495182,4.0,34.0,8942.163993902484,37.0,2728.223247791675,267.56345849635903,17.0,20.0,2521.395030978758,9.0,64309.306756835016,256.5839808095756,31.0,34.0,3695.688159793338,13.0,134425.20039296348,257.46156239186223,37.0,43.0,4205.119040348188,15.0,169326.71391872526,0.09090909090909091,3.0,5.0,5.0
11,C47,SKU63,,,,,,,,,,,,,,,,,,,,,,,,,,,,,,
11,C47,SKU77,42.0,1.0,244.80033416965088,4.0,34.0,8942.163993902484,37.0,4159.665922482025,267.56345849635903,17.0,20.0,1969.5849943511034,6.0,64309.306756835016,256.5839808095756,31.0,34.0,6020.897732327896,20.0,134425.20039296348,257.46156239186223,37.0,43.0,7074.900189336561,24.0,169326.71391872526,0.09090909090909091,4.0,11.0,12.0
11,C47,SKU73,21.0,1.0,13.223112741045671,4.0,34.0,8942.163993902484,37.0,4571.7837877155935,267.56345849635903,17.0,20.0,2144.6610779968128,9.0,64309.306756835016,256.5839808095756,31.0,34.0,4922.04230623544,18.0,134425.20039296348,257.46156239186223,37.0,43.0,6172.422473412418,22.0,169326.71391872526,0.09090909090909091,6.0,12.0,13.0
11,C47,SKU34,,,,,,,,,,,,,,,,,,,,,,,,,,,,,,
11,C47,SKU64,49.0,1.0,15.99292474015686,4.0,34.0,8942.163993902484,37.0,1815.0927190728687,267.56345849635903,17.0,20.0,955.5557594937186,5.0,64309.306756835016,256.5839808095756,31.0,34.0,1889.4927849954656,11.0,134425.20039296348,257.46156239186223,37.0,43.0,2974.437939968098,14.0,169326.71391872526,0.09090909090909091,3.0,7.0,9.0
11,C47,SKU15,14.0,2.0,443.11598735154314,4.0,34.0,8942.163993902484,37.0,2973.982247734585,267.56345849635903,17.0,20.0,2494.919570641518,9.0,71000.47885464548,256.5839808095756,31.0,34.0,3418.6513460945753,13.0,137443.772888904,257.46156239186223,37.0,43.0,3907.7532733767002,15.0,172175.24673959962,0.09090909090909091,8.0,11.0,12.0
11,C47,SKU15,14.0,2.0,443.11598735154314,4.0,34.0,8942.163993902484,37.0,2973.982247734585,267.56345849635903,17.0,20.0,2494.919570641518,9.0,71000.47885464548,256.5839808095756,31.0,34.0,3418.6513460945753,13.0,137443.772888904,257.46156239186223,37.0,43.0,3907.7532733767002,15.0,172175.24673959962,0.09090909090909091,8.0,11.0,12.0
11,C47,SKU91,35.0,2.0,396.0809789532302,4.0,34.0,8942.163993902484,37.0,3041.4309024381173,267.56345849635903,17.0,20.0,2984.7942397263446,12.0,71000.47885464548,256.5839808095756,31.0,34.0,5467.293917927763,21.0,137443.772888904,257.46156239186223,37.0,43.0,6199.939367149383,24.0,172175.24673959962,0.09090909090909091,4.0,7.0,10.0
11,C47,SKU91,35.0,2.0,396.0809789532302,4.0,34.0,8942.163993902484,37.0,3041.4309024381173,267.56345849635903,17.0,20.0,2984.7942397263446,12.0,71000.47885464548,256.5839808095756,31.0,34.0,5467.293917927763,21.0,137443.772888904,257.46156239186223,37.0,43.0,6199.939367149383,24.0,172175.24673959962,0.09090909090909091,4.0,7.0,10.0
11,C47,SKU30,49.0,1.0,162.51073470072816,4.0,34.0,8942.163993902484,37.0,3683.0865948948563,267.56345849635903,17.0,20.0,3297.6177659457226,9.0,64309.306756835016,256.5839808095756,31.0,34.0,5966.215162100634,19.0,134425.20039296348,257.46156239186223,37.0,43.0,7394.873152362657,26.0,169326.71391872526,0.09090909090909091,3.0,12.0,17.0
11,C47,SKU16,,,,,,,,,,,,,,,,,,,,,,,,,,,,,,
11,C47,SKU56,35.0,1.0,197.9833226051431,4.0,34.0,8942.163993902484,37.0,1562.4169746612702,267.56345849635903,17.0,20.0,1545.754829674268,6.0,64309.306756835016,256.5839808095756,31.0,34.0,3270.798830899707,18.0,134425.20039296348,257.46156239186223,37.0,43.0,3695.2568467426813,19.0,169326.71391872526,0.09090909090909091,3.0,10.0,11.0
11,C47,SKU8,,,,,,,,,,,,,,,,,,,,,,,,,,,,,,
11,C47,SKU88,56.0,1.0,146.65662761097227,4.0,34.0,8942.163993902484,37.0,2693.273422234526,267.56345849635903,17.0,20.0,1549.9771923844714,4.0,71000.47885464548,256.5839808095756,31.0,34.0,3243.4660066444285,11.0,137443.772888904,257.46156239186223,37.0,43.0,5244.437165998218,18.0,172175.24673959962,0.09090909090909091,2.0,4.0,8.0
11,C47,SKU54,21.0,1.0,458.2641268481142,4.0,34.0,8942.163993902484,37.0,2239.1404558524237,267.56345849635903,17.0,20.0,1609.6467143000414,7.0,72290.49237417508,256.5839808095756,31.0,34.0,2606.8102918522354,11.0,148491.51822589754,257.46156239186223,37.0,43.0,3631.498343241021,15.0,184904.32509861933,0.09090909090909091,5.0,8.0,10.0
11,C47,SKU33,56.0,1.0,296.2334739399292,4.0,34.0,8942.163993902484,37.0,3906.1144208564524,267.56345849635903,17.0,20.0,2642.2105627812716,8.0,72290.49237417508,256.5839808095756,31.0,34.0,5270.357451901102,17.0,148491.51822589754,257.46156239186223,37.0,43.0,6391.156494070515,20.0,184904.32509861933,0.09090909090909091,4.0,7.0,8.0
11,C47,SKU100,49.0,1.0,119.53365981089733,4.0,34.0,8942.163993902484,37.0,3829.993148508176,267.56345849635903,17.0,20.0,2673.953826709808,9.0,72290.49237417508,256.5839808095756,31.0,34.0,4985.751239140065,20.0,148491.51822589754,257.46156239186223,37.0,43.0,6311.3762452218325,24.0,184904.32509861933,0.09090909090909091,3.0,8.0,11.0
11,C47,SKU14,7.0,2.0,201.17145890866763,4.0,34.0,8942.163993902484,37.0,4476.270802498114,267.56345849635903,17.0,20.0,1952.9631937687732,9.0,71000.47885464548,256.5839808095756,31.0,34.0,5123.321333769345,20.0,137443.772888904,257.46156239186223,37.0,43.0,6176.511444700864,26.0,172175.24673959962,0.09090909090909091,7.0,13.0,18.0
11,C47,SKU14,7.0,2.0,201.17145890866763,4.0,34.0,8942.163993902484,37.0,4476.270802498114,267.56345849635903,17.0,20.0,1952.9631937687732,9.0,71000.47885464548,256.5839808095756,31.0,34.0,5123.321333769345,20.0,137443.772888904,257.46156239186223,37.0,43.0,6176.511444700864,26.0,172175.24673959962,0.09090909090909091,7.0,13.0,18.0
11,C47,SKU82,70.0,1.0,213.14898288822403,4.0,34.0,8942.163993902484,37.0,1663.515855965547,267.56345849635903,17.0,20.0,1052.2117338770022,4.0,64309.306756835016,256.5839808095756,31.0,34.0,2579.596678909137,11.0,134425.20039296348,257.46156239186223,37.0,43.0,3253.6048083395153,15.0,169326.71391872526,0.09090909090909091,3.0,6.0,9.0
11,C47,SKU67,42.0,1.0,466.2550671675489,4.0,34.0,8942.163993902484,37.0,1426.279898150903,267.56345849635903,17.0,20.0,1181.8136750398212,5.0,71000.47885464548,256.5839808095756,31.0,34.0,3781.57818676148,14.0,137443.772888904,257.46156239186223,37.0,43.0,4700.319165521037,17.0,172175.24673959962,0.09090909090909091,3.0,7.0,9.0
11,C47,SKU58,70.0,1.0,87.02630642374963,4.0,34.0,8942.163993902484,37.0,2425.819504397674,267.56345849635903,17.0,20.0,1297.7898246030197,8.0,72290.49237417508,256.5839808095756,31.0,34.0,3175.459193108213,16.0,148491.51822589754,257.46156239186223,37.0,43.0,4854.18394342602,23.0,184904.32509861933,0.09090909090909091,4.0,8.0,11.0
11,C47,SKU38,56.0,1.0,455.5899309279323,4.0,34.0,8942.163993902484,37.0,4195.31476423047,267.56345849635903,17.0,20.0,2761.0560156102297,11.0,72290.49237417508,256.5839808095756,31.0,34.0,5745.3779223572765,22.0,148491.51822589754,257.46156239186223,37.0,43.0,7883.80530397241,28.0,184904.32509861933,0.09090909090909091,6.0,10.0,14.0
11,C47,SKU20,63.0,1.0,264.1707592402007,4.0,34.0,8942.163993902484,37.0,2008.93076555903,267.56345849635903,17.0,20.0,2064.335557946855,6.0,72290.49237417508,256.5839808095756,31.0,34.0,2995.0391942363067,11.0,148491.51822589754,257.46156239186223,37.0,43.0,3330.725406979164,13.0,184904.32509861933,0.09090909090909091,3.0,4.0,6.0
11,C47,SKU17,,,,,,,,,,,,,,,,,,,,,,,,,,,,,,
11,C47,SKU95,,,,,,,,,,,,,,,,,,,,,,,,,,,,,,
11,C47,SKU13,14.0,2.0,395.0978094036867,4.0,34.0,8942.163993902484,37.0,3397.9711601189915,267.56345849635903,17.0,20.0,2639.5557162582354,9.0,72290.49237417508,256.5839808095756,31.0,34.0,4043.166248554249,14.0,148491.51822589754,257.46156239186223,37.0,43.0,6020.244724995739,19.0,184904.32509861933,0.09090909090909091,8.0,11.0,13.0
11,C47,SKU13,14.0,2.0,395.0978094036867,4.0,34.0,8942.163993902484,37.0,3397.9711601189915,267.56345849635903,17.0,20.0,2639.5557162582354,9.0,72290.49237417508,256.5839808095756,31.0,34.0,4043.166248554249,14.0,148491.51822589754,257.46156239186223,37.0,43.0,6020.244724995739,19.0,184904.32509861933,0.09090909090909091,8.0,11.0,13.0
11,C47,SKU71,,,,,,,,,,,,,,,,,,,,,,,,,,,,,,
11,C47,SKU59,14.0,1.0,245.43650702419149,4.0,34.0,8942.163993902484,37.0,2299.7805480164484,267.56345849635903,17.0,20.0,495.6727845513598,3.0,72290.49237417508,256.5839808095756,31.0,34.0,2020.2083700771911,9.0,148491.51822589754,257.46156239186223,37.0,43.0,3141.0112032649795,12.0,184904.32509861933,0.09090909090909091,2.0,5.0,8.0
11,C47,SKU85,49.0,1.0,242.6342306514577,4.0,34.0,8942.163993902484,37.0,2192.8063867855676,267.56345849635903,17.0,20.0,2098.0126112069374,8.0,64309.306756835016,256.5839808095756,31.0,34.0,3983.7048522072832,17.0,134425.20039296348,257.46156239186223,37.0,43.0,4745.749114396946,20.0,169326.71391872526,0.09090909090909091,2.0,8.0,9.0
11,C47,SKU86,7.0,1.0,306.2982209786233,4.0,34.0,8942.163993902484,37.0,2363.081131861271,267.56345849635903,17.0,20.0,1623.0877239540343,7.0,64309.306756835016,256.5839808095756,31.0,34.0,3044.2798000924367,13.0,134425.20039296348,257.46156239186223,37.0,43.0,4659.285780581268,21.0,169326.71391872526,0.09090909090909091,4.0,6.0,11.0
11,C47,SKU61,14.0,1.0,126.97131015212847,4.0,34.0,8942.163993902484,37.0,2320.5783542540794,267.56345849635903,17.0,20.0,1023.1745756884936,5.0,64309.306756835016,256.5839808095756,31.0,34.0,2996.4024557418907,13.0,134425.20039296348,257.46156239186223,37.0,43.0,4420.266454509291,18.0,169326.71391872526,0.09090909090909091,5.0,10.0,12.0
11,C47,SKU37,49.0,1.0,338.6138485160829,4.0,34.0,8942.163993902484,37.0,4276.8829913506725,267.56345849635903,17.0,20.0,2506.0641619629373,9.0,71000.47885464548,256.5839808095756,31.0,34.0,6062.756483960785,24.0,137443.772888904,257.46156239186223,37.0,43.0,7868.481946817385,30.0,172175.24673959962,0.09090909090909091,6.0,14.0,16.0
11,C47,SKU9,70.0,1.0,374.3642442176904,4.0,34.0,8942.163993902484,37.0,1988.7439868645379,267.56345849635903,17.0,20.0,656.8016608132668,3.0,72290.49237417508,256.5839808095756,31.0,34.0,3547.4614779361054,16.0,148491.51822589754,257.46156239186223,37.0,43.0,4567.6472624663165,20.0,184904.32509861933,0.09090909090909091,3.0,11.0,15.0
11,C48,SKU94,63.0,1.0,339.82546697795874,72.0,8.0,7843.518205143103,35.0,4230.592179117441,270.8776408648138,13.0,14.0,2483.5489317856486,9.0,71000.47885464548,281.7837570988586,27.0,30.0,5875.653325400093,19.0,137443.772888904,274.82426421786306,35.0,38.0,7988.092781982599,26.0,172175.24673959962,-0.18181818181818182,5.0,9.0,13.0
11,C48,SKU70,,,,,,,,,,,,,,,,,,,,,,,,,,,,,,
11,C48,SKU36,63.0,1.0,54.4507221630985,72.0,8.0,7843.518205143103,35.0,3878.3755467399974,270.8776408648138,13.0,14.0,2098.4499335866844,9.0,71000.47885464548,281.7837570988586,27.0,30.0,4085.6246541863675,16.0,137443.772888904,274.82426421786306,35.0,38.0,5006.714238376788,21.0,172175.24673959962,-0.18181818181818182,4.0,6.0,9.0
11,C48,SKU42,49.0,1.0,254.00382317440565,72.0,8.0,7843.518205143103,35.0,2423.8521056941017,270.8776408648138,13.0,14.0,2048.043858333036,8.0,64309.306756835016,281.7837570988586,27.0,30.0,2875.4570715654363,12.0,134425.20039296348,274.82426421786306,35.0,38.0,3693.722317751543,15.0,169326.71391872526,-0.18181818181818182,5.0,8.0,10.0
11,C48,SKU69,7.0,1.0,342.1557686570759,72.0,8.0,7843.518205143103,35.0,4309.405519571437,270.8776408648138,13.0,14.0,2035.2711131866931,7.0,64309.306756835016,281.7837570988586,27.0,30.0,4689.680921989357,15.0,134425.20039296348,274.82426421786306,35.0,38.0,6440.272283329844,22.0,169326.71391872526,-0.18181818181818182,3.0,4.0,7.0
11,C48,SKU74,63.0,1.0,104.54883269310429,72.0,8.0,7843.518205143103,35.0,2224.72054041231,270.8776408648138,13.0,14.0,1386.155419707367,8.0,72290.49237417508,281.7837570988586,27.0,30.0,2321.551476393496,11.0,148491.51822589754,274.82426421786306,35.0,38.0,3024.234494034939,15.0,184904.32509861933,-0.18181818181818182,4.0,5.0,6.0
11,C48,SKU19,35.0,1.0,188.3830598520525,72.0,8.0,7843.518205143103,35.0,4020.1694548435967,270.8776408648138,13.0,14.0,2459.6185464635482,8.0,64309.306756835016,281.7837570988586,27.0,30.0,4521.7287856660405,15.0,134425.20039296348,274.82426421786306,35.0,38.0,5248.878137480506,18.0,169326.71391872526,-0.18181818181818182,4.0,10.0,11.0
11,C48,SKU31,49.0,1.0,481.5931228070042,72.0,8.0,7843.518205143103,35.0,2849.213604822314,270.8776408648138,13.0,14.0,2588.410931651886,10.0,72290.49237417508,281.7837570988586,27.0,30.0,5665.229170095801,21.0,148491.51822589754,274.82426421786306,35.0,38.0,5817.221087898065,22.0,184904.32509861933,-0.18181818181818182,7.0,16.0,17.0
11,C48,SKU99,35.0,1.0,482.0680316467917,72.0,8.0,7843.518205143103,35.0,2995.2463578299585,270.8776408648138,13.0,14.0,2063.456357418281,10.0,72290.49237417508,281.7837570988586,27.0,30.0,3861.6408359712746,19.0,148491.51822589754,274.82426421786306,35.0,38.0,5112.221920080666,24.0,184904.32509861933,-0.18181818181818182,7.0,13.0,17.0
11,C48,SKU63,56.0,1.0,224.9058400998812,72.0,8.0,7843.518205143103,35.0,5123.381693983563,270.8776408648138,13.0,14.0,3844.564732690659,10.0,72290.49237417508,281.7837570988586,27.0,30.0,6449.086660364468,19.0,148491.51822589754,274.82426421786306,35.0,38.0,8086.425774464821,25.0,184904.32509861933,-0.18181818181818182,3.0,8.0,13.0
11,C48,SKU97,70.0,1.0,328.610538689477,72.0,8.0,7843.518205143103,35.0,2763.7157447432432,270.8776408648138,13.0,14.0,1680.6880253238674,9.0,72290.49237417508,281.7837570988586,27.0,30.0,3408.703085968549,18.0,148491.51822589754,274.82426421786306,35.0,38.0,4105.349745126161,20.0,184904.32509861933,-0.18181818181818182,4.0,9.0,11.0
11,C48,SKU93,28.0,1.0,494.23415527492386,72.0,8.0,7843.518205143103,35.0,4779.003530026869,270.8776408648138,13.0,14.0,3771.2980526762162,14.0,64309.306756835016,281.7837570988586,27.0,30.0,5963.945464659581,23.0,134425.20039296348,274.82426421786306,35.0,38.0,7243.474701731236,28.0,169326.71391872526,-0.18181818181818182,8.0,10.0,14.0
11,C48,SKU21,63.0,1.0,153.08451509339125,72.0,8.0,7843.518205143103,35.0,3329.9472009380474,270.8776408648138,13.0,14.0,2353.590426368052,8.0,72290.49237417508,281.7837570988586,27.0,30.0,3999.2104528811406,15.0,148491.51822589754,274.82426421786306,35.0,38.0,4945.858239130029,20.0,184904.32509861933,-0.18181818181818182,6.0,12.0,15.0
11,C48,SKU50,56.0,1.0,313.1206783313619,72.0,8.0,7843.518205143103,35.0,3552.1018740017853,270.8776408648138,13.0,14.0,2043.4660640573127,8.0,72290.49237417508,281.7837570988586,27.0,30.0,3799.0039423972185,14.0,148491.51822589754,274.82426421786306,35.0,38.0,4985.330160061602,19.0,184904.32509861933,-0.18181818181818182,6.0,10.0,13.0
11,C48,SKU62,,,,,,,,,,,,,,,,,,,,,,,,,,,,,,
11,C48,SKU34,,,,,,,,,,,,,,,,,,,,,,,,,,,,,,
11,C48,SKU64,70.0,1.0,360.6052901695418,72.0,8.0,7843.518205143103,35.0,1815.0927190728687,270.8776408648138,13.0,14.0,955.5557594937186,5.0,64309.306756835016,281.7837570988586,27.0,30.0,1889.4927849954656,11.0,134425.20039296348,274.82426421786306,35.0,38.0,2974.437939968098,14.0,169326.71391872526,-0.18181818181818182,3.0,7.0,9.0
11,C48,SKU53,63.0,1.0,323.86043831231643,72.0,8.0,7843.518205143103,35.0,3575.553402459858,270.8776408648138,13.0,14.0,2994.1997658245277,11.0,64309.306756835016,281.7837570988586,27.0,30.0,6146.443756492574,20.0,134425.20039296348,274.82426421786306,35.0,38.0,7552.643426786867,26.0,169326.71391872526,-0.18181818181818182,7.0,10.0,12.0
11,C48,SKU15,56.0,1.0,159.99424469269738,72.0,8.0,7843.518205143103,35.0,2973.982247734585,270.8776408648138,13.0,14.0,2494.919570641518,9.0,71000.47885464548,281.7837570988586,27.0,30.0,3418.6513460945753,13.0,137443.772888904,274.82426421786306,35.0,38.0,3907.7532733767002,15.0,172175.24673959962,-0.18181818181818182,8.0,11.0,12.0
11,C48,SKU56,35.0,1.0,146.05219337671423,72.0,8.0,7843.518205143103,35.0,1562.4169746612702,270.8776408648138,13.0,14.0,1545.754829674268,6.0,64309.306756835016,281.7837570988586,27.0,30.0,3270.798830899707,18.0,134425.20039296348,274.82426421786306,35.0,38.0,3695.2568467426813,19.0,169326.71391872526,-0.18181818181818182,3.0,10.0,11.0
11,C48,SKU8,,,,,,,,,,,,,,,,,,,,,,,,,,,,,,
11,C48,SKU25,14.0,2.0,364.2245414042578,72.0,8.0,7843.518205143103,35.0,4766.470564584546,270.8776408648138,13.0,14.0,3311.017450541504,13.0,72290.49237417508,281.7837570988586,27.0,30.0,6567.44870163083,25.0,148491.51822589754,274.82426421786306,35.0,38.0,8248.815644727618,31.0,184904.32509861933,-0.18181818181818182,5.0,10.0,15.0
11,C48,SKU25,14.0,2.0,364.2245414042578,72.0,8.0,7843.518205143103,35.0,4766.470564584546,270.8776408648138,13.0,14.0,3311.017450541504,13.0,72290.49237417508,281.7837570988586,27.0,30.0,6567.44870163083,25.0,148491.51822589754,274.82426421786306,35.0,38.0,8248.815644727618,31.0,184904.32509861933,-0.18181818181818182,5.0,10.0,15.0
11,C48,SKU96,,,,,,,,,,,,,,,,,,,,,,,,,,,,,,
11,C48,SKU84,49.0,1.0,66.05691207366502,72.0,8.0,7843.518205143103,35.0,2378.4863459713806,270.8776408648138,13.0,14.0,2347.7386034283104,7.0,71000.47885464548,281.7837570988586,27.0,30.0,4926.045037747026,16.0,137443.772888904,274.82426421786306,35.0,38.0,5976.75994258024,20.0,172175.24673959962,-0.18181818181818182,5.0,10.0,13.0
11,C48,SKU80,28.0,1.0,390.92390501564546,72.0,8.0,7843.518205143103,35.0,3243.635387305008,270.8776408648138,13.0,14.0,2146.07442467616,7.0,64309.306756835016,281.7837570988586,27.0,30.0,4759.000777469969,17.0,134425.20039296348,274.82426421786306,35.0,38.0,5848.340218353709,22.0,169326.71391872526,-0.18181818181818182,3.0,8.0,10.0
11,C48,SKU87,49.0,1.0,263.6652999246376,72.0,8.0,7843.518205143103,35.0,3596.043681200566,270.8776408648138,13.0,14.0,1325.3696225216397,3.0,72290.49237417508,281.7837570988586,27.0,30.0,4240.63360609992,14.0,148491.51822589754,274.82426421786306,35.0,38.0,4687.7934746868705,16.0,184904.32509861933,-0.18181818181818182,1.0,5.0,5.0
11,C48,SKU82,21.0,1.0,352.4577288750503,72.0,8.0,7843.518205143103,35.0,1663.515855965547,270.8776408648138,13.0,14.0,1052.2117338770022,4.0,64309.306756835016,281.7837570988586,27.0,30.0,2579.596678909137,11.0,134425.20039296348,274.82426421786306,35.0,38.0,3253.6048083395153,15.0,169326.71391872526,-0.18181818181818182,3.0,6.0,9.0
11,C48,SKU72,42.0,1.0,460.8094539609264,72.0,8.0,7843.518205143103,35.0,2984.5752027758062,270.8776408648138,13.0,14.0,2143.854582708852,7.0,64309.306756835016,281.7837570988586,27.0,30.0,4863.608727258521,18.0,134425.20039296348,274.82426421786306,35.0,38.0,6002.861555273883,22.0,169326.71391872526,-0.18181818181818182,4.0,12.0,16.0
11,C48,SKU58,14.0,1.0,117.32542401056855,72.0,8.0,7843.518205143103,35.0,2425.819504397674,270.8776408648138,13.0,14.0,1297.7898246030197,8.0,72290.49237417508,281.7837570988586,27.0,30.0,3175.459193108213,16.0,148491.51822589754,274.82426421786306,35.0,38.0,4854.18394342602,23.0,184904.32509861933,-0.18181818181818182,4.0,8.0,11.0
11,C48,SKU17,49.0,1.0,275.46190506804584,72.0,8.0,7843.518205143103,35.0,5081.190266320188,270.8776408648138,13.0,14.0,1099.92123122253,4.0,72290.49237417508,281.7837570988586,27.0,30.0,6046.566669899512,20.0,148491.51822589754,274.82426421786306,35.0,38.0,7723.295835124876,24.0,184904.32509861933,-0.18181818181818182,2.0,8.0,10.0
11,C48,SKU76,21.0,1.0,53.8916718355543,72.0,8.0,7843.518205143103,35.0,2709.5969711076746,270.8776408648138,13.0,14.0,2408.515227882009,11.0,71000.47885464548,281.7837570988586,27.0,30.0,4641.153927856552,19.0,137443.772888904,274.82426421786306,35.0,38.0,5347.188208957184,22.0,172175.24673959962,-0.18181818181818182,3.0,10.0,10.0
11,C48,SKU95,21.0,3.0,207.0732729038838,72.0,8.0,7843.518205143103,35.0,3563.493156039451,270.8776408648138,13.0,14.0,1881.0495206651105,8.0,64309.306756835016,281.7837570988586,27.0,30.0,4188.04017562578,16.0,134425.20039296348,274.82426421786306,35.0,38.0,4265.538178432196,17.0,169326.71391872526,-0.18181818181818182,6.0,11.0,12.0
11,C48,SKU95,21.0,3.0,207.0732729038838,72.0,8.0,7843.518205143103,35.0,3563.493156039451,270.8776408648138,13.0,14.0,1881.0495206651105,8.0,64309.306756835016,281.7837570988586,27.0,30.0,4188.04017562578,16.0,134425.20039296348,274.82426421786306,35.0,38.0,4265.538178432196,17.0,169326.71391872526,-0.18181818181818182,6.0,11.0,12.0
11,C48,SKU95,21.0,3.0,207.0732729038838,72.0,8.0,7843.518205143103,35.0,3563.493156039451,270.8776408648138,13.0,14.0,1881.0495206651105,8.0,64309.306756835016,281.7837570988586,27.0,30.0,4188.04017562578,16.0,134425.20039296348,274.82426421786306,35.0,38.0,4265.538178432196,17.0,169326.71391872526,-0.18181818181818182,6.0,11.0,12.0
11,C48,SKU5,49.0,1.0,387.50843854651134,72.0,8.0,7843.518205143103,35.0,4475.10022155687,270.8776408648138,13.0,14.0,2752.7115105281678,9.0,72290.49237417508,281.7837570988586,27.0,30.0,7156.4594080845045,24.0,148491.51822589754,274.82426421786306,35.0,38.0,8513.080158022674,29.0,184904.32509861933,-0.18181818181818182,4.0,14.0,17.0
11,C48,SKU22,28.0,1.0,490.47639230583195,72.0,8.0,7843.518205143103,35.0,2609.1725459160966,270.8776408648138,13.0,14.0,3590.4101892893627,10.0,71000.47885464548,281.7837570988586,27.0,30.0,5087.730946024144,16.0,137443.772888904,274.82426421786306,35.0,38.0,5587.376488651759,19.0,172175.24673959962,-0.18181818181818182,8.0,12.0,14.0
11,C48,SKU57,21.0,1.0,190.88116048511108,72.0,8.0,7843.518205143103,35.0,4084.1434485356185,270.8776408648138,13.0,14.0,2481.3321993654963,12.0,71000.47885464548,281.7837570988586,27.0,30.0,5034.701407276938,22.0,137443.772888904,274.82426421786306,35.0,38.0,6199.929816035148,26.0,172175.24673959962,-0.18181818181818182,7.0,14.0,16.0
11,C48,SKU71,21.0,1.0,287.1374177770577,72.0,8.0,7843.518205143103,35.0,2944.6693789402602,270.8776408648138,13.0,14.0,2404.39611588069,11.0,72290.49237417508,281.7837570988586,27.0,30.0,4674.080739616792,20.0,148491.51822589754,274.82426421786306,35.0,38.0,6040.737840554442,26.0,184904.32509861933,-0.18181818181818182,6.0,11.0,15.0
11,C48,SKU59,,,,,,,,,,,,,,,,,,,,,,,,,,,,,,
11,C48,SKU85,14.0,1.0,131.60581387679116,72.0,8.0,7843.518205143103,35.0,2192.8063867855676,270.8776408648138,13.0,14.0,2098.0126112069374,8.0,64309.306756835016,281.7837570988586,27.0,30.0,3983.7048522072832,17.0,134425.20039296348,274.82426421786306,35.0,38.0,4745.749114396946,20.0,169326.71391872526,-0.18181818181818182,2.0,8.0,9.0
11,C48,SKU51,14.0,1.0,99.37782603312492,72.0,8.0,7843.518205143103,35.0,2262.3689900106183,270.8776408648138,13.0,14.0,486.7791275019824,5.0,64309.306756835016,281.7837570988586,27.0,30.0,2563.3211172380097,13.0,134425.20039296348,274.82426421786306,35.0,38.0,4153.947150176074,18.0,169326.71391872526,-0.18181818181818182,2.0,7.0,8.0
11,C48,SKU86,70.0,1.0,324.82352321415004,72.0,8.0,7843.518205143103,35.0,2363.081131861271,270.8776408648138,13.0,14.0,1623.0877239540343,7.0,64309.306756835016,281.7837570988586,27.0,30.0,3044.2798000924367,13.0,134425.20039296348,274.82426421786306,35.0,38.0,4659.285780581268,21.0,169326.71391872526,-0.18181818181818182,4.0,6.0,11.0
11,C48,SKU2,49.0,1.0,449.75354374415986,72.0,8.0,7843.518205143103,35.0,2252.1965395882294,270.8776408648138,13.0,14.0,903.8945157772882,5.0,72290.49237417508,281.7837570988586,27.0,30.0,3056.9354831768433,13.0,148491.51822589754,274.82426421786306,35.0,38.0,3804.496357605421,16.0,184904.32509861933,-0.18181818181818182,4.0,8.0,9.0
11,C49,SKU3,49.0,1.0,463.6237117849392,9.0,37.0,2924.8200195492045,28.0,2194.525569236694,232.3803745704674,14.0,14.0,1098.6612416319165,4.0,71000.47885464548,283.28202982778816,25.0,27.0,2437.8505177723046,9.0,137443.772888904,260.66364326997046,28.0,36.0,2861.6502477050426,11.0,172175.24673959962,-0.10909090909090913,2.0,6.0,8.0
11,C49,SKU35,70.0,1.0,289.94080733111144,9.0,37.0,2924.8200195492045,28.0,3712.4861044710765,232.3803745704674,14.0,14.0,2754.1797051098306,13.0,71000.47885464548,283.28202982778816,25.0,27.0,4134.082406545251,18.0,137443.772888904,260.66364326997046,28.0,36.0,5605.79976774534,22.0,172175.24673959962,-0.10909090909090913,6.0,8.0,12.0
11,C49,SKU11,,,,,,,,,,,,,,,,,,,,,,,,,,,,,,
11,C49,SKU45,42.0,2.0,274.59595882927505,9.0,37.0,2924.8200195492045,28.0,2536.158292709038,232.3803745704674,14.0,14.0,2225.67694976665,7.0,71000.47885464548,283.28202982778816,25.0,27.0,4352.962589053176,15.0,137443.772888904,260.66364326997046,28.0,36.0,5057.5910904026705,18.0,172175.24673959962,-0.10909090909090913,1.0,6.0,7.0
11,C49,SKU45,42.0,2.0,274.59595882927505,9.0,37.0,2924.8200195492045,28.0,2536.158292709038,232.3803745704674,14.0,14.0,2225.67694976665,7.0,71000.47885464548,283.28202982778816,25.0,27.0,4352.962589053176,15.0,137443.772888904,260.66364326997046,28.0,36.0,5057.5910904026705,18.0,172175.24673959962,-0.10909090909090913,1.0,6.0,7.0
11,C49,SKU83,56.0,1.0,27.505556364985495,9.0,37.0,2924.8200195492045,28.0,3988.4532153091122,232.3803745704674,14.0,14.0,1745.4084827186693,5.0,64309.306756835016,283.28202982778816,25.0,27.0,6022.622707175466,19.0,134425.20039296348,260.66364326997046,28.0,36.0,7061.109254625385,23.0,169326.71391872526,-0.10909090909090913,4.0,9.0,12.0
11,C49,SKU69,49.0,1.0,395.81319171190404,9.0,37.0,2924.8200195492045,28.0,4309.405519571437,232.3803745704674,14.0,14.0,2035.2711131866931,7.0,64309.306756835016,283.28202982778816,25.0,27.0,4689.680921989357,15.0,134425.20039296348,260.66364326997046,28.0,36.0,6440.272283329844,22.0,169326.71391872526,-0.10909090909090913,4.0,11.0,15.0
11,C49,SKU31,28.0,1.0,106.337315134805,9.0,37.0,2924.8200195492045,28.0,2849.213604822314,232.3803745704674,14.0,14.0,2588.410931651886,10.0,72290.49237417508,283.28202982778816,25.0,27.0,5665.229170095801,21.0,148491.51822589754,260.66364326997046,28.0,36.0,5817.221087898065,22.0,184904.32509861933,-0.10909090909090913,3.0,5.0,5.0
11,C49,SKU93,,,,,,,,,,,,,,,,,,,,,,,,,,,,,,
11,C49,SKU63,7.0,1.0,364.31608400074583,9.0,37.0,2924.8200195492045,28.0,5123.381693983563,232.3803745704674,14.0,14.0,3844.564732690659,10.0,72290.49237417508,283.28202982778816,25.0,27.0,6449.086660364468,19.0,148491.51822589754,260.66364326997046,28.0,36.0,8086.425774464821,25.0,184904.32509861933,-0.10909090909090913,7.0,11.0,12.0
11,C49,SKU12,14.0,1.0,280.80853332595143,9.0,37.0,2924.8200195492045,28.0,2728.223247791675,232.3803745704674,14.0,14.0,2521.395030978758,9.0,64309.306756835016,283.28202982778816,25.0,27.0,3695.688159793338,13.0,134425.20039296348,260.66364326997046,28.0,36.0,4205.119040348188,15.0,169326.71391872526,-0.10909090909090913,6.0,8.0,10.0
11,C49,SKU77,56.0,2.0,401.1836692158161,9.0,37.0,2924.8200195492045,28.0,4159.665922482025,232.3803745704674,14.0,14.0,1969.5849943511034,6.0,64309.306756835016,283.28202982778816,25.0,27.0,6020.897732327896,20.0,134425.20039296348,260.66364326997046,28.0,36.0,7074.900189336561,24.0,169326.71391872526,-0.10909090909090913,2.0,9.0,12.0
11,C49,SKU77,56.0,2.0,401.1836692158161,9.0,37.0,2924.8200195492045,28.0,4159.665922482025,232.3803745704674,14.0,14.0,1969.5849943511034,6.0,64309.306756835016,283.28202982778816,25.0,27.0,6020.897732327896,20.0,134425.20039296348,260.66364326997046,28.0,36.0,7074.900189336561,24.0,169326.71391872526,-0.10909090909090913,2.0,9.0,12.0
11,C49,SKU60,,,,,,,,,,,,,,,,,,,,,,,,,,,,,,
11,C49,SKU62,56.0,2.0,185.90756797466005,9.0,37.0,2924.8200195492045,28.0,3581.745762989488,232.3803745704674,14.0,14.0,2300.964082607896,9.0,72290.49237417508,283.28202982778816,25.0,27.0,3409.285760329741,13.0,148491.51822589754,260.66364326997046,28.0,36.0,5094.40761574676,19.0,184904.32509861933,-0.10909090909090913,6.0,9.0,12.0
11,C49,SKU62,56.0,2.0,185.90756797466005,9.0,37.0,2924.8200195492045,28.0,3581.745762989488,232.3803745704674,14.0,14.0,2300.964082607896,9.0,72290.49237417508,283.28202982778816,25.0,27.0,3409.285760329741,13.0,148491.51822589754,260.66364326997046,28.0,36.0,5094.40761574676,19.0,184904.32509861933,-0.10909090909090913,6.0,9.0,12.0
11,C49,SKU34,,,,,,,,,,,,,,,,,,,,,,,,,,,,,,
11,C49,SKU53,7.0,2.0,207.72707780890084,9.0,37.0,2924.8200195492045,28.0,3575.553402459858,232.3803745704674,14.0,14.0,2994.1997658245277,11.0,64309.306756835016,283.28202982778816,25.0,27.0,6146.443756492574,20.0,134425.20039296348,260.66364326997046,28.0,36.0,7552.643426786867,26.0,169326.71391872526,-0.10909090909090913,4.0,10.0,14.0
11,C49,SKU53,7.0,2.0,207.72707780890084,9.0,37.0,2924.8200195492045,28.0,3575.553402459858,232.3803745704674,14.0,14.0,2994.1997658245277,11.0,64309.306756835016,283.28202982778816,25.0,27.0,6146.443756492574,20.0,134425.20039296348,260.66364326997046,28.0,36.0,7552.643426786867,26.0,169326.71391872526,-0.10909090909090913,4.0,10.0,14.0
11,C49,SKU68,21.0,2.0,464.66300589583534,9.0,37.0,2924.8200195492045,28.0,3180.8995737396594,232.3803745704674,14.0,14.0,3757.0945615131045,10.0,72290.49237417508,283.28202982778816,25.0,27.0,6486.586612668207,19.0,148491.51822589754,260.66364326997046,28.0,36.0,6767.085248268148,21.0,184904.32509861933,-0.10909090909090913,5.0,8.0,9.0
11,C49,SKU68,21.0,2.0,464.66300589583534,9.0,37.0,2924.8200195492045,28.0,3180.8995737396594,232.3803745704674,14.0,14.0,3757.0945615131045,10.0,72290.49237417508,283.28202982778816,25.0,27.0,6486.586612668207,19.0,148491.51822589754,260.66364326997046,28.0,36.0,6767.085248268148,21.0,184904.32509861933,-0.10909090909090913,5.0,8.0,9.0
11,C49,SKU98,7.0,2.0,83.53071051097596,9.0,37.0,2924.8200195492045,28.0,2640.5724940722566,232.3803745704674,14.0,14.0,2373.2708616765435,11.0,71000.47885464548,283.28202982778816,25.0,27.0,3380.219179246736,14.0,137443.772888904,260.66364326997046,28.0,36.0,4767.829085732679,19.0,172175.24673959962,-0.10909090909090913,6.0,8.0,12.0
11,C49,SKU98,7.0,2.0,83.53071051097596,9.0,37.0,2924.8200195492045,28.0,2640.5724940722566,232.3803745704674,14.0,14.0,2373.2708616765435,11.0,71000.47885464548,283.28202982778816,25.0,27.0,3380.219179246736,14.0,137443.772888904,260.66364326997046,28.0,36.0,4767.829085732679,19.0,172175.24673959962,-0.10909090909090913,6.0,8.0,12.0
11,C49,SKU8,42.0,1.0,339.0229135836417,9.0,37.0,2924.8200195492045,28.0,4899.0980248205815,232.3803745704674,14.0,14.0,1356.43606397429,5.0,72290.49237417508,283.28202982778816,25.0,27.0,6079.582298352658,20.0,148491.51822589754,260.66364326997046,28.0,36.0,6774.285148584067,23.0,184904.32509861933,-0.10909090909090913,1.0,8.0,10.0
11,C49,SKU25,28.0,1.0,238.79116853637325,9.0,37.0,2924.8200195492045,28.0,4766.470564584546,232.3803745704674,14.0,14.0,3311.017450541504,13.0,72290.49237417508,283.28202982778816,25.0,27.0,6567.44870163083,25.0,148491.51822589754,260.66364326997046,28.0,36.0,8248.815644727618,31.0,184904.32509861933,-0.10909090909090913,8.0,15.0,16.0
11,C49,SKU48,35.0,1.0,451.6672856407143,9.0,37.0,2924.8200195492045,28.0,3187.3472628674654,232.3803745704674,14.0,14.0,2294.3657919101456,11.0,71000.47885464548,283.28202982778816,25.0,27.0,4714.559295750083,17.0,137443.772888904,260.66364326997046,28.0,36.0,5555.479837264602,20.0,172175.24673959962,-0.10909090909090913,5.0,8.0,9.0
11,C49,SKU87,49.0,1.0,366.53404791897634,9.0,37.0,2924.8200195492045,28.0,3596.043681200566,232.3803745704674,14.0,14.0,1325.3696225216397,3.0,72290.49237417508,283.28202982778816,25.0,27.0,4240.63360609992,14.0,148491.51822589754,260.66364326997046,28.0,36.0,4687.7934746868705,16.0,184904.32509861933,-0.10909090909090913,2.0,9.0,11.0
11,C49,SKU100,7.0,1.0,326.8798085118558,9.0,37.0,2924.8200195492045,28.0,3829.993148508176,232.3803745704674,14.0,14.0,2673.953826709808,9.0,72290.49237417508,283.28202982778816,25.0,27.0,4985.751239140065,20.0,148491.51822589754,260.66364326997046,28.0,36.0,6311.3762452218325,24.0,184904.32509861933,-0.10909090909090913,6.0,12.0,13.0
11,C49,SKU14,49.0,2.0,294.4794437281898,9.0,37.0,2924.8200195492045,28.0,4476.270802498114,232.3803745704674,14.0,14.0,1952.9631937687732,9.0,71000.47885464548,283.28202982778816,25.0,27.0,5123.321333769345,20.0,137443.772888904,260.66364326997046,28.0,36.0,6176.511444700864,26.0,172175.24673959962,-0.10909090909090913,2.0,7.0,8.0
11,C49,SKU14,49.0,2.0,294.4794437281898,9.0,37.0,2924.8200195492045,28.0,4476.270802498114,232.3803745704674,14.0,14.0,1952.9631937687732,9.0,71000.47885464548,283.28202982778816,25.0,27.0,5123.321333769345,20.0,137443.772888904,260.66364326997046,28.0,36.0,6176.511444700864,26.0,172175.24673959962,-0.10909090909090913,2.0,7.0,8.0
11,C49,SKU17,,,,,,,,,,,,,,,,,,,,,,,,,,,,,,
11,C49,SKU55,63.0,1.0,270.74264117193155,9.0,37.0,2924.8200195492045,28.0,2718.6657102173667,232.3803745704674,14.0,14.0,1998.897600122124,7.0,64309.306756835016,283.28202982778816,25.0,27.0,3587.397886299588,12.0,134425.20039296348,260.66364326997046,28.0,36.0,4503.739931530498,16.0,169326.71391872526,-0.10909090909090913,2.0,6.0,8.0
11,C49,SKU10,14.0,1.0,12.117243825395802,9.0,37.0,2924.8200195492045,28.0,3405.6547913551576,232.3803745704674,14.0,14.0,637.246305027026,4.0,71000.47885464548,283.28202982778816,25.0,27.0,3710.9206991514775,14.0,137443.772888904,260.66364326997046,28.0,36.0,4903.101289382736,19.0,172175.24673959962,-0.10909090909090913,3.0,6.0,9.0
11,C49,SKU22,49.0,1.0,232.8101017554094,9.0,37.0,2924.8200195492045,28.0,2609.1725459160966,232.3803745704674,14.0,14.0,3590.4101892893627,10.0,71000.47885464548,283.28202982778816,25.0,27.0,5087.730946024144,16.0,137443.772888904,260.66364326997046,28.0,36.0,5587.376488651759,19.0,172175.24673959962,-0.10909090909090913,2.0,4.0,5.0
11,C49,SKU57,7.0,1.0,416.50408663966596,9.0,37.0,2924.8200195492045,28.0,4084.1434485356185,232.3803745704674,14.0,14.0,2481.3321993654963,12.0,71000.47885464548,283.28202982778816,25.0,27.0,5034.701407276938,22.0,137443.772888904,260.66364326997046,28.0,36.0,6199.929816035148,26.0,172175.24673959962,-0.10909090909090913,5.0,8.0,10.0
11,C49,SKU66,28.0,1.0,232.8557523119541,9.0,37.0,2924.8200195492045,28.0,3491.83031890565,232.3803745704674,14.0,14.0,2782.60833972082,11.0,71000.47885464548,283.28202982778816,25.0,27.0,4217.844243944581,18.0,137443.772888904,260.66364326997046,28.0,36.0,4755.902905153972,20.0,172175.24673959962,-0.10909090909090913,8.0,13.0,14.0
11,C49,SKU32,,,,,,,,,,,,,,,,,,,,,,,,,,,,,,
11,C49,SKU40,7.0,1.0,94.67323710283327,9.0,37.0,2924.8200195492045,28.0,1540.40517967727,232.3803745704674,14.0,14.0,1316.753953201328,10.0,64309.306756835016,283.28202982778816,25.0,27.0,2963.78974554345,17.0,134425.20039296348,260.66364326997046,28.0,36.0,3647.9288448918765,19.0,169326.71391872526,-0.10909090909090913,4.0,4.0,4.0
11,C49,SKU51,70.0,1.0,58.08020139177394,9.0,37.0,2924.8200195492045,28.0,2262.3689900106183,232.3803745704674,14.0,14.0,486.7791275019824,5.0,64309.306756835016,283.28202982778816,25.0,27.0,2563.3211172380097,13.0,134425.20039296348,260.66364326997046,28.0,36.0,4153.947150176074,18.0,169326.71391872526,-0.10909090909090913,3.0,6.0,10.0
11,C49,SKU2,21.0,2.0,193.88402344641608,9.0,37.0,2924.8200195492045,28.0,2252.1965395882294,232.3803745704674,14.0,14.0,903.8945157772882,5.0,72290.49237417508,283.28202982778816,25.0,27.0,3056.9354831768433,13.0,148491.51822589754,260.66364326997046,28.0,36.0,3804.496357605421,16.0,184904.32509861933,-0.10909090909090913,1.0,5.0,7.0
11,C49,SKU2,21.0,2.0,193.88402344641608,9.0,37.0,2924.8200195492045,28.0,2252.1965395882294,232.3803745704674,14.0,14.0,903.8945157772882,5.0,72290.49237417508,283.28202982778816,25.0,27.0,3056.9354831768433,13.0,148491.51822589754,260.66364326997046,28.0,36.0,3804.496357605421,16.0,184904.32509861933,-0.10909090909090913,1.0,5.0,7.0
11,C49,SKU37,21.0,1.0,202.92455485382962,9.0,37.0,2924.8200195492045,28.0,4276.8829913506725,232.3803745704674,14.0,14.0,2506.0641619629373,9.0,71000.47885464548,283.28202982778816,25.0,27.0,6062.756483960785,24.0,137443.772888904,260.66364326997046,28.0,36.0,7868.481946817385,30.0,172175.24673959962,-0.10909090909090913,3.0,10.0,14.0
11,C50,SKU7,70.0,1.0,152.93030564428025,99.0,36.0,7556.050465808282,37.0,1674.9468493926297,169.17740377081466,19.0,23.0,1449.7856745482197,5.0,71000.47885464548,199.84499446254264,32.0,37.0,1868.9218877079497,9.0,137443.772888904,210.36101133329564,37.0,45.0,2898.6749084577245,12.0,172175.24673959962,0.2363636363636364,2.0,4.0,5.0
11,C50,SKU94,42.0,1.0,363.2479556150893,99.0,36.0,7556.050465808282,37.0,3757.5006028651565,169.17740377081466,19.0,23.0,2483.5489317856486,9.0,71000.47885464548,199.84499446254264,32.0,37.0,5875.653325400093,19.0,137443.772888904,210.36101133329564,37.0,45.0,7988.092781982599,26.0,172175.24673959962,0.2363636363636364,4.0,10.0,13.0
11,C50,SKU70,49.0,1.0,489.05021886665105,99.0,36.0,7556.050465808282,37.0,2591.9024941911803,169.17740377081466,19.0,23.0,4480.1417984573545,14.0,72290.49237417508,199.84499446254264,32.0,37.0,6010.096024175712,20.0,148491.51822589754,210.36101133329564,37.0,45.0,6403.032172003971,21.0,184904.32509861933,0.2363636363636364,6.0,10.0,10.0
11,C50,SKU3,63.0,1.0,275.3129572803383,99.0,36.0,7556.050465808282,37.0,667.1246784683489,169.17740377081466,19.0,23.0,1098.6612416319165,4.0,71000.47885464548,199.84499446254264,32.0,37.0,2437.8505177723046,9.0,137443.772888904,210.36101133329564,37.0,45.0,2861.6502477050426,11.0,172175.24673959962,0.2363636363636364,2.0,6.0,8.0
11,C50,SKU18,,,,,,,,,,,,,,,,,,,,,,,,,,,,,,
11,C50,SKU35,7.0,1.0,26.717275095260423,99.0,36.0,7556.050465808282,37.0,1893.313663274263,169.17740377081466,19.0,23.0,2754.1797051098306,13.0,71000.47885464548,199.84499446254264,32.0,37.0,4134.082406545251,18.0,137443.772888904,210.36101133329564,37.0,45.0,5605.79976774534,22.0,172175.24673959962,0.2363636363636364,6.0,8.0,12.0
11,C50,SKU46,28.0,2.0,244.06921927590713,99.0,36.0,7556.050465808282,37.0,2294.787006916099,169.17740377081466,19.0,23.0,1113.88374513786,5.0,71000.47885464548,199.84499446254264,32.0,37.0,2359.140085796144,10.0,137443.772888904,210.36101133329564,37.0,45.0,4011.448091088257,17.0,172175.24673959962,0.2363636363636364,4.0,8.0,13.0
11,C50,SKU46,28.0,2.0,244.06921927590713,99.0,36.0,7556.050465808282,37.0,2294.787006916099,169.17740377081466,19.0,23.0,1113.88374513786,5.0,71000.47885464548,199.84499446254264,32.0,37.0,2359.140085796144,10.0,137443.772888904,210.36101133329564,37.0,45.0,4011.448091088257,17.0,172175.24673959962,0.2363636363636364,4.0,8.0,13.0
11,C50,SKU42,49.0,1.0,28.87221713714746,99.0,36.0,7556.050465808282,37.0,1269.8702120574414,169.17740377081466,19.0,23.0,2048.043858333036,8.0,64309.306756835016,199.84499446254264,32.0,37.0,2875.4570715654363,12.0,134425.20039296348,210.36101133329564,37.0,45.0,3693.722317751543,15.0,169326.71391872526,0.2363636363636364,3.0,4.0,5.0
11,C50,SKU83,70.0,1.0,425.1604494077036,99.0,36.0,7556.050465808282,37.0,3072.6560393162713,169.17740377081466,19.0,23.0,1745.4084827186693,5.0,64309.306756835016,199.84499446254264,32.0,37.0,6022.622707175466,19.0,134425.20039296348,210.36101133329564,37.0,45.0,7061.109254625385,23.0,169326.71391872526,0.2363636363636364,4.0,9.0,12.0
11,C50,SKU29,7.0,1.0,128.25092074711105,99.0,36.0,7556.050465808282,37.0,2142.8023324917144,169.17740377081466,19.0,23.0,1124.9593254292206,6.0,64309.306756835016,199.84499446254264,32.0,37.0,2820.3394756077796,12.0,134425.20039296348,210.36101133329564,37.0,45.0,3933.4782928520303,17.0,169326.71391872526,0.2363636363636364,5.0,9.0,13.0
11,C50,SKU24,42.0,1.0,495.12426656114235,99.0,36.0,7556.050465808282,37.0,3871.543909906956,169.17740377081466,19.0,23.0,286.69854835136766,3.0,72290.49237417508,199.84499446254264,32.0,37.0,4430.1278243402,16.0,148491.51822589754,210.36101133329564,37.0,45.0,5900.984207625734,21.0,184904.32509861933,0.2363636363636364,3.0,9.0,10.0
11,C50,SKU93,14.0,1.0,97.54185273770545,99.0,36.0,7556.050465808282,37.0,2464.471171704367,169.17740377081466,19.0,23.0,3771.2980526762162,14.0,64309.306756835016,199.84499446254264,32.0,37.0,5963.945464659581,23.0,134425.20039296348,210.36101133329564,37.0,45.0,7243.474701731236,28.0,169326.71391872526,0.2363636363636364,6.0,13.0,14.0
11,C50,SKU12,35.0,1.0,283.3113843769699,99.0,36.0,7556.050465808282,37.0,1476.895792556513,169.17740377081466,19.0,23.0,2521.395030978758,9.0,64309.306756835016,199.84499446254264,32.0,37.0,3695.688159793338,13.0,134425.20039296348,210.36101133329564,37.0,45.0,4205.119040348188,15.0,169326.71391872526,0.2363636363636364,6.0,8.0,10.0
11,C50,SKU90,21.0,1.0,337.91611657530177,99.0,36.0,7556.050465808282,37.0,3680.1183033290145,169.17740377081466,19.0,23.0,4395.3248693451,13.0,71000.47885464548,199.84499446254264,32.0,37.0,6125.165358255388,20.0,137443.772888904,210.36101133329564,37.0,45.0,7179.063293597827,23.0,172175.24673959962,0.2363636363636364,6.0,11.0,12.0
11,C50,SKU53,14.0,1.0,60.55930585131877,99.0,36.0,7556.050465808282,37.0,3977.09002432701,169.17740377081466,19.0,23.0,2994.1997658245277,11.0,64309.306756835016,199.84499446254264,32.0,37.0,6146.443756492574,20.0,134425.20039296348,210.36101133329564,37.0,45.0,7552.643426786867,26.0,169326.71391872526,0.2363636363636364,4.0,10.0,14.0
11,C50,SKU81,7.0,1.0,62.9212805475413,99.0,36.0,7556.050465808282,37.0,2283.217610935724,169.17740377081466,19.0,23.0,884.0878153107776,7.0,64309.306756835016,199.84499446254264,32.0,37.0,3594.4891330396335,17.0,134425.20039296348,210.36101133329564,37.0,45.0,5080.177260453762,21.0,169326.71391872526,0.2363636363636364,3.0,4.0,5.0
11,C50,SKU91,14.0,2.0,168.88004883341398,99.0,36.0,7556.050465808282,37.0,3158.508464711266,169.17740377081466,19.0,23.0,2984.7942397263446,12.0,71000.47885464548,199.84499446254264,32.0,37.0,5467.293917927763,21.0,137443.772888904,210.36101133329564,37.0,45.0,6199.939367149383,24.0,172175.24673959962,0.2363636363636364,8.0,14.0,14.0
11,C50,SKU91,14.0,2.0,168.88004883341398,99.0,36.0,7556.050465808282,37.0,3158.508464711266,169.17740377081466,19.0,23.0,2984.7942397263446,12.0,71000.47885464548,199.84499446254264,32.0,37.0,5467.293917927763,21.0,137443.772888904,210.36101133329564,37.0,45.0,6199.939367149383,24.0,172175.24673959962,0.2363636363636364,8.0,14.0,14.0
11,C50,SKU30,28.0,3.0,311.5877773690946,99.0,36.0,7556.050465808282,37.0,3711.786557467801,169.17740377081466,19.0,23.0,3297.6177659457226,9.0,64309.306756835016,199.84499446254264,32.0,37.0,5966.215162100634,19.0,134425.20039296348,210.36101133329564,37.0,45.0,7394.873152362657,26.0,169326.71391872526,0.2363636363636364,6.0,7.0,9.0
11,C50,SKU30,28.0,3.0,311.5877773690946,99.0,36.0,7556.050465808282,37.0,3711.786557467801,169.17740377081466,19.0,23.0,3297.6177659457226,9.0,64309.306756835016,199.84499446254264,32.0,37.0,5966.215162100634,19.0,134425.20039296348,210.36101133329564,37.0,45.0,7394.873152362657,26.0,169326.71391872526,0.2363636363636364,6.0,7.0,9.0
11,C50,SKU30,28.0,3.0,311.5877773690946,99.0,36.0,7556.050465808282,37.0,3711.786557467801,169.17740377081466,19.0,23.0,3297.6177659457226,9.0,64309.306756835016,199.84499446254264,32.0,37.0,5966.215162100634,19.0,134425.20039296348,210.36101133329564,37.0,45.0,7394.873152362657,26.0,169326.71391872526,0.2363636363636364,6.0,7.0,9.0
11,C50,SKU68,28.0,2.0,361.71527496276144,99.0,36.0,7556.050465808282,37.0,3586.185674528488,169.17740377081466,19.0,23.0,3757.0945615131045,10.0,72290.49237417508,199.84499446254264,32.0,37.0,6486.586612668207,19.0,148491.51822589754,210.36101133329564,37.0,45.0,6767.085248268148,21.0,184904.32509861933,0.2363636363636364,5.0,8.0,9.0
11,C50,SKU68,28.0,2.0,361.71527496276144,99.0,36.0,7556.050465808282,37.0,3586.185674528488,169.17740377081466,19.0,23.0,3757.0945615131045,10.0,72290.49237417508,199.84499446254264,32.0,37.0,6486.586612668207,19.0,148491.51822589754,210.36101133329564,37.0,45.0,6767.085248268148,21.0,184904.32509861933,0.2363636363636364,5.0,8.0,9.0
11,C50,SKU4,21.0,1.0,213.0091941452858,99.0,36.0,7556.050465808282,37.0,3013.2949312316678,169.17740377081466,19.0,23.0,2655.6484127428835,8.0,71000.47885464548,199.84499446254264,32.0,37.0,4052.347400421194,16.0,137443.772888904,210.36101133329564,37.0,45.0,5206.213575325947,19.0,172175.24673959962,0.2363636363636364,5.0,8.0,10.0
11,C50,SKU96,49.0,1.0,419.92500625520233,99.0,36.0,7556.050465808282,37.0,3458.4755630408335,169.17740377081466,19.0,23.0,2285.8624136074177,9.0,72290.49237417508,199.84499446254264,32.0,37.0,3447.902699573569,14.0,148491.51822589754,210.36101133329564,37.0,45.0,5524.266048975098,20.0,184904.32509861933,0.2363636363636364,6.0,11.0,13.0
11,C50,SKU25,28.0,1.0,255.99850897660568,99.0,36.0,7556.050465808282,37.0,3482.3450801430713,169.17740377081466,19.0,23.0,3311.017450541504,13.0,72290.49237417508,199.84499446254264,32.0,37.0,6567.44870163083,25.0,148491.51822589754,210.36101133329564,37.0,45.0,8248.815644727618,31.0,184904.32509861933,0.2363636363636364,8.0,15.0,16.0
11,C50,SKU88,56.0,1.0,82.35503035569572,99.0,36.0,7556.050465808282,37.0,2551.1637437636923,169.17740377081466,19.0,23.0,1549.9771923844714,4.0,71000.47885464548,199.84499446254264,32.0,37.0,3243.4660066444285,11.0,137443.772888904,210.36101133329564,37.0,45.0,5244.437165998218,18.0,172175.24673959962,0.2363636363636364,2.0,7.0,10.0
11,C50,SKU80,7.0,2.0,196.1199395940123,99.0,36.0,7556.050465808282,37.0,2604.7048310487007,169.17740377081466,19.0,23.0,2146.07442467616,7.0,64309.306756835016,199.84499446254264,32.0,37.0,4759.000777469969,17.0,134425.20039296348,210.36101133329564,37.0,45.0,5848.340218353709,22.0,169326.71391872526,0.2363636363636364,4.0,9.0,12.0
11,C50,SKU80,7.0,2.0,196.1199395940123,99.0,36.0,7556.050465808282,37.0,2604.7048310487007,169.17740377081466,19.0,23.0,2146.07442467616,7.0,64309.306756835016,199.84499446254264,32.0,37.0,4759.000777469969,17.0,134425.20039296348,210.36101133329564,37.0,45.0,5848.340218353709,22.0,169326.71391872526,0.2363636363636364,4.0,9.0,12.0
11,C50,SKU23,49.0,1.0,190.89770083006167,99.0,36.0,7556.050465808282,37.0,2529.226035705933,169.17740377081466,19.0,23.0,2634.4380931227643,10.0,71000.47885464548,199.84499446254264,32.0,37.0,4401.380339195599,16.0,137443.772888904,210.36101133329564,37.0,45.0,5978.508943032263,23.0,172175.24673959962,0.2363636363636364,5.0,8.0,13.0
11,C50,SKU67,49.0,1.0,340.54283452002295,99.0,36.0,7556.050465808282,37.0,3274.0392673701335,169.17740377081466,19.0,23.0,1181.8136750398212,5.0,71000.47885464548,199.84499446254264,32.0,37.0,3781.57818676148,14.0,137443.772888904,210.36101133329564,37.0,45.0,4700.319165521037,17.0,172175.24673959962,0.2363636363636364,2.0,7.0,8.0
11,C50,SKU39,70.0,1.0,155.24828612000948,99.0,36.0,7556.050465808282,37.0,2282.9656555758825,169.17740377081466,19.0,23.0,2005.9294396816913,8.0,72290.49237417508,199.84499446254264,32.0,37.0,3384.497478530941,14.0,148491.51822589754,210.36101133329564,37.0,45.0,3539.74576465095,15.0,184904.32509861933,0.2363636363636364,2.0,6.0,7.0
11,C50,SKU58,14.0,2.0,54.99531597010693,99.0,36.0,7556.050465808282,37.0,2428.364439028346,169.17740377081466,19.0,23.0,1297.7898246030197,8.0,72290.49237417508,199.84499446254264,32.0,37.0,3175.459193108213,16.0,148491.51822589754,210.36101133329564,37.0,45.0,4854.18394342602,23.0,184904.32509861933,0.2363636363636364,4.0,8.0,12.0
11,C50,SKU58,14.0,2.0,54.99531597010693,99.0,36.0,7556.050465808282,37.0,2428.364439028346,169.17740377081466,19.0,23.0,1297.7898246030197,8.0,72290.49237417508,199.84499446254264,32.0,37.0,3175.459193108213,16.0,148491.51822589754,210.36101133329564,37.0,45.0,4854.18394342602,23.0,184904.32509861933,0.2363636363636364,4.0,8.0,12.0
11,C50,SKU20,21.0,1.0,232.69535847604894,99.0,36.0,7556.050465808282,37.0,1321.7946414201335,169.17740377081466,19.0,23.0,2064.335557946855,6.0,72290.49237417508,199.84499446254264,32.0,37.0,2995.0391942363067,11.0,148491.51822589754,210.36101133329564,37.0,45.0,3330.725406979164,13.0,184904.32509861933,0.2363636363636364,3.0,7.0,7.0
11,C50,SKU76,7.0,1.0,60.61548235583494,99.0,36.0,7556.050465808282,37.0,2637.59123784951,169.17740377081466,19.0,23.0,2408.515227882009,11.0,71000.47885464548,199.84499446254264,32.0,37.0,4641.153927856552,19.0,137443.772888904,210.36101133329564,37.0,45.0,5347.188208957184,22.0,172175.24673959962,0.2363636363636364,8.0,9.0,12.0
11,C50,SKU95,21.0,1.0,58.780407690624806,99.0,36.0,7556.050465808282,37.0,702.0450223927461,169.17740377081466,19.0,23.0,1881.0495206651105,8.0,64309.306756835016,199.84499446254264,32.0,37.0,4188.04017562578,16.0,134425.20039296348,210.36101133329564,37.0,45.0,4265.538178432196,17.0,169326.71391872526,0.2363636363636364,2.0,5.0,5.0
11,C50,SKU27,7.0,1.0,108.33842678572083,99.0,36.0,7556.050465808282,37.0,1268.8374400402477,169.17740377081466,19.0,23.0,1850.686499348616,6.0,71000.47885464548,199.84499446254264,32.0,37.0,4532.766246076299,16.0,137443.772888904,210.36101133329564,37.0,45.0,4829.31304282509,18.0,172175.24673959962,0.2363636363636364,5.0,12.0,14.0
11,C50,SKU5,,,,,,,,,,,,,,,,,,,,,,,,,,,,,,
11,C50,SKU66,56.0,1.0,177.81136823956672,99.0,36.0,7556.050465808282,37.0,1264.0725862483225,169.17740377081466,19.0,23.0,2782.60833972082,11.0,71000.47885464548,199.84499446254264,32.0,37.0,4217.844243944581,18.0,137443.772888904,210.36101133329564,37.0,45.0,4755.902905153972,20.0,172175.24673959962,0.2363636363636364,8.0,13.0,14.0
11,C50,SKU32,14.0,2.0,57.722233406244,99.0,36.0,7556.050465808282,37.0,1986.3508003112574,169.17740377081466,19.0,23.0,2221.4941391896728,9.0,72290.49237417508,199.84499446254264,32.0,37.0,4070.9775382142357,15.0,148491.51822589754,210.36101133329564,37.0,45.0,5564.906756256995,23.0,184904.32509861933,0.2363636363636364,4.0,7.0,11.0
11,C50,SKU32,14.0,2.0,57.722233406244,99.0,36.0,7556.050465808282,37.0,1986.3508003112574,169.17740377081466,19.0,23.0,2221.4941391896728,9.0,72290.49237417508,199.84499446254264,32.0,37.0,4070.9775382142357,15.0,148491.51822589754,210.36101133329564,37.0,45.0,5564.906756256995,23.0,184904.32509861933,0.2363636363636364,4.0,7.0,11.0
11,C50,SKU51,56.0,1.0,216.4482222450708,99.0,36.0,7556.050465808282,37.0,1891.5781601654553,169.17740377081466,19.0,23.0,486.7791275019824,5.0,64309.306756835016,199.84499446254264,32.0,37.0,2563.3211172380097,13.0,134425.20039296348,210.36101133329564,37.0,45.0,4153.947150176074,18.0,169326.71391872526,0.2363636363636364,3.0,6.0,10.0
11,C50,SKU86,49.0,1.0,274.36499916986867,99.0,36.0,7556.050465808282,37.0,2296.2046487199973,169.17740377081466,19.0,23.0,1623.0877239540343,7.0,64309.306756835016,199.84499446254264,32.0,37.0,3044.2798000924367,13.0,134425.20039296348,210.36101133329564,37.0,45.0,4659.285780581268,21.0,169326.71391872526,0.2363636363636364,3.0,7.0,10.0
11,C50,SKU61,63.0,1.0,328.39661113926337,99.0,36.0,7556.050465808282,37.0,2099.688100255211,169.17740377081466,19.0,23.0,1023.1745756884936,5.0,64309.306756835016,199.84499446254264,32.0,37.0,2996.4024557418907,13.0,134425.20039296348,210.36101133329564,37.0,45.0,4420.266454509291,18.0,169326.71391872526,0.2363636363636364,0.0,3.0,6.0
11,C50,SKU37,35.0,1.0,22.13417005768556,99.0,36.0,7556.050465808282,37.0,3591.5989554667126,169.17740377081466,19.0,23.0,2506.0641619629373,9.0,71000.47885464548,199.84499446254264,32.0,37.0,6062.756483960785,24.0,137443.772888904,210.36101133329564,37.0,45.0,7868.481946817385,30.0,172175.24673959962,0.2363636363636364,3.0,10.0,14.0
