Week,CustomerID,SKUID,Quantity,OrderValue
2022-01-02,1055,5004,2,53.58
2022-01-02,1058,5009,3,43.94
2022-01-02,1011,5049,3,184.34
2022-01-02,1011,5030,3,256.42
2022-01-02,1011,5038,1,26.83
2022-01-02,1011,5002,2,147.97
2022-01-02,1011,5015,4,222.74
2022-01-02,1016,5026,2,71.95
2022-01-02,1031,5036,1,57.93
2022-01-02,1091,5023,2,198.19
2022-01-02,1069,5037,1,20.5
2022-01-02,1069,5009,3,157.33
2022-01-02,1006,5044,2,187.93
2022-01-02,1006,5050,3,283.35
2022-01-02,1088,5040,4,246.81
2022-01-02,1081,5041,1,28.15
2022-01-02,1029,5005,3,209.6
2022-01-02,1041,5040,4,175.7
2022-01-02,1041,5008,3,198.51
2022-01-02,1041,5039,1,77.28
2022-01-02,1087,5033,3,133.65
2022-01-02,1085,5006,3,120.42
2022-01-02,1085,5003,4,100.02
2022-01-02,1085,5007,3,197.42
2022-01-02,1099,5033,3,68.64
2022-01-02,1099,5037,4,245.16
2022-01-02,1099,5027,2,108.92
2022-01-02,1090,5013,3,132.28
2022-01-02,1094,5029,4,317.88
2022-01-02,1094,5047,3,203.11
2022-01-02,1094,5004,3,182.69
2022-01-09,1019,5050,1,46.07
2022-01-09,1019,5002,2,157.76
2022-01-09,1019,5028,4,105.49
2022-01-09,1084,5046,3,294.31
2022-01-09,1084,5034,4,297.75
2022-01-09,1084,5033,1,46.72
2022-01-09,1004,5008,1,26.07
2022-01-09,1004,5047,1,60.1
2022-01-09,1087,5014,1,28.71
2022-01-09,1087,5031,3,63.15
2022-01-09,1087,5048,3,187.42
2022-01-09,1087,5018,4,293.42
2022-01-09,1087,5007,1,83.57
2022-01-09,1087,5010,4,160.91
2022-01-09,1087,5007,3,132.52
2022-01-09,1014,5038,1,49.25
2022-01-09,1014,5030,4,119.02
2022-01-09,1079,5030,3,245.96
2022-01-09,1079,5046,1,53.63
2022-01-09,1058,5009,2,197.19
2022-01-09,1058,5022,2,182.1
2022-01-09,1058,5043,2,69.02
2022-01-09,1028,5036,1,34.66
2022-01-09,1048,5042,3,273.01
2022-01-09,1048,5022,2,151.79
2022-01-09,1048,5021,2,128.09
2022-01-09,1003,5045,1,47.69
2022-01-09,1056,5043,3,54.39
2022-01-09,1056,5001,3,96.24
2022-01-09,1086,5036,1,74.94
2022-01-09,1016,5033,3,190.67
2022-01-09,1016,5036,3,258.53
2022-01-09,1016,5047,3,191.15
2022-01-09,1016,5020,2,132.2
2022-01-09,1044,5001,1,71.96
2022-01-09,1044,5025,2,102.74
2022-01-09,1052,5012,3,114.94
2022-01-09,1096,5016,1,78.31
2022-01-09,1096,5024,1,72.3
2022-01-09,1096,5019,2,196.5
2022-01-09,1096,5008,2,108.1
2022-01-09,1096,5031,3,217.16
2022-01-16,1093,5008,2,28.45
2022-01-16,1093,5020,1,29.84
2022-01-16,1093,5029,1,96.15
2022-01-16,1093,5045,4,166.05
2022-01-16,1093,5046,1,66.68
2022-01-16,1090,5020,2,114.51
2022-01-16,1006,5018,2,199.34
2022-01-16,1054,5004,3,266.91
2022-01-16,1054,5014,3,103.7
2022-01-16,1054,5037,1,89.99
2022-01-16,1054,5034,1,86.7
2022-01-16,1076,5015,3,225.32
2022-01-16,1076,5038,2,115.87
2022-01-16,1076,5008,1,29.82
2022-01-16,1036,5017,2,109.13
2022-01-16,1057,5034,1,34.03
2022-01-16,1057,5040,2,113.83
2022-01-16,1057,5027,4,277.04
2022-01-16,1028,5038,3,31.39
2022-01-16,1028,5007,4,160.64
2022-01-16,1028,5005,2,183.57
2022-01-16,1028,5043,2,167.23
2022-01-16,1028,5045,2,156.19
2022-01-16,1028,5031,4,42.3
2022-01-16,1070,5031,1,80.19
2022-01-16,1070,5034,2,71.0
2022-01-16,1070,5024,3,176.14
2022-01-16,1011,5004,2,190.51
2022-01-16,1011,5020,4,294.94
2022-01-16,1011,5032,2,147.54
2022-01-16,1011,5036,2,82.26
2022-01-16,1012,5050,2,195.23
2022-01-16,1092,5012,1,11.99
2022-01-16,1092,5007,2,86.93
2022-01-16,1008,5034,2,199.48
2022-01-16,1008,5046,1,19.2
2022-01-16,1095,5032,2,61.41
2022-01-16,1095,5002,3,103.78
2022-01-16,1095,5047,1,96.69
2022-01-16,1019,5038,4,172.67
2022-01-16,1019,5015,3,157.31
2022-01-16,1019,5034,3,291.41
2022-01-16,1019,5035,2,56.67
2022-01-16,1019,5049,1,79.89
2022-01-16,1019,5025,3,152.5
2022-01-16,1091,5029,4,145.9
2022-01-16,1066,5030,1,64.66
2022-01-16,1066,5014,4,194.91
2022-01-16,1066,5007,2,60.6
2022-01-16,1041,5002,4,195.97
2022-01-23,1098,5035,1,85.64
2022-01-23,1098,5029,1,88.14
2022-01-23,1098,5015,3,142.29
2022-01-23,1001,5032,2,127.59
2022-01-23,1001,5041,4,191.82
2022-01-23,1001,5036,2,198.58
2022-01-23,1001,5034,2,184.23
2022-01-23,1001,5036,4,178.18
2022-01-23,1024,5026,4,367.25
2022-01-23,1024,5008,3,200.79
2022-01-23,1027,5038,1,32.25
2022-01-23,1027,5045,4,185.81
2022-01-23,1029,5017,2,174.44
2022-01-23,1029,5025,1,39.27
2022-01-23,1029,5028,4,255.54
2022-01-23,1056,5031,3,268.6
2022-01-23,1071,5012,1,48.78
2022-01-23,1071,5030,4,251.64
2022-01-23,1061,5028,1,42.11
2022-01-23,1061,5043,4,210.87
2022-01-23,1062,5020,1,57.81
2022-01-23,1062,5050,4,58.61
2022-01-23,1062,5014,1,20.99
2022-01-23,1062,5002,2,52.4
2022-01-23,1037,5043,2,195.16
2022-01-23,1037,5034,3,152.78
2022-01-23,1037,5025,3,170.87
2022-01-23,1059,5045,2,56.33
2022-01-23,1059,5016,3,73.84
2022-01-23,1053,5038,3,77.83
2022-01-23,1053,5005,2,139.09
2022-01-23,1023,5018,2,176.4
2022-01-23,1023,5017,4,316.67
2022-01-23,1025,5028,1,99.4
2022-01-23,1025,5002,1,80.41
2022-01-23,1025,5050,1,35.98
2022-01-23,1025,5006,3,267.2
2022-01-23,1025,5009,1,78.87
2022-01-23,1025,5033,4,280.33
2022-01-23,1019,5007,4,259.54
2022-01-23,1019,5025,3,217.78
2022-01-23,1019,5021,4,237.46
2022-01-23,1019,5015,1,31.38
2022-01-23,1019,5001,1,50.0
2022-01-23,1096,5014,2,156.68
2022-01-30,1064,5036,1,48.16
2022-01-30,1064,5010,1,25.12
2022-01-30,1006,5048,3,193.92
2022-01-30,1006,5037,4,269.67
2022-01-30,1006,5015,1,45.18
2022-01-30,1041,5021,2,97.08
2022-01-30,1041,5018,3,225.62
2022-01-30,1041,5003,3,297.64
2022-01-30,1088,5046,4,272.3
2022-01-30,1088,5036,4,109.07
2022-01-30,1099,5041,3,48.74
2022-01-30,1058,5005,4,124.14
2022-01-30,1054,5003,3,132.19
2022-01-30,1054,5022,2,120.4
2022-01-30,1054,5006,2,100.34
2022-01-30,1054,5002,4,61.65
2022-01-30,1040,5031,1,25.34
2022-01-30,1040,5047,2,37.4
2022-01-30,1071,5012,4,210.96
2022-01-30,1071,5008,2,62.24
2022-01-30,1055,5005,4,373.72
2022-01-30,1056,5039,4,321.53
2022-01-30,1056,5032,2,31.36
2022-01-30,1056,5033,4,149.13
2022-01-30,1056,5016,2,81.5
2022-01-30,1094,5009,1,37.5
2022-01-30,1017,5006,2,109.45
2022-01-30,1017,5035,2,121.98
2022-01-30,1059,5038,1,44.26
2022-01-30,1059,5018,4,231.69
2022-01-30,1078,5007,4,334.74
2022-01-30,1076,5027,2,60.25
2022-01-30,1033,5031,2,169.28
2022-01-30,1033,5014,4,220.92
2022-01-30,1033,5001,1,84.27
2022-01-30,1033,5046,1,43.08
2022-01-30,1033,5016,4,212.16
2022-01-30,1100,5045,4,319.62
2022-02-06,1012,5017,1,82.8
2022-02-06,1012,5009,4,131.68
2022-02-06,1012,5041,2,187.46
2022-02-06,1090,5008,1,65.25
2022-02-06,1090,5022,4,202.22
2022-02-06,1090,5008,1,23.52
2022-02-06,1088,5023,1,82.19
2022-02-06,1088,5043,3,33.27
2022-02-06,1088,5001,1,55.77
2022-02-06,1089,5043,4,135.42
2022-02-06,1089,5005,2,34.87
2022-02-06,1089,5005,4,388.43
2022-02-06,1089,5030,3,241.27
2022-02-06,1089,5032,4,264.88
2022-02-06,1019,5049,4,261.4
2022-02-06,1074,5050,4,145.42
2022-02-06,1074,5010,4,81.02
2022-02-06,1074,5021,1,62.42
2022-02-06,1008,5015,2,60.43
2022-02-06,1008,5017,1,43.84
2022-02-06,1008,5040,2,99.09
2022-02-06,1024,5032,4,397.27
2022-02-06,1024,5046,2,166.87
2022-02-06,1024,5049,3,267.4
2022-02-06,1041,5021,2,151.13
2022-02-06,1041,5008,3,78.76
2022-02-06,1051,5028,1,24.83
2022-02-06,1051,5029,1,71.68
2022-02-06,1045,5044,2,117.6
2022-02-06,1045,5013,1,76.91
2022-02-06,1025,5023,1,18.44
2022-02-06,1081,5016,4,301.53
2022-02-06,1081,5008,1,35.01
2022-02-06,1081,5001,3,138.4
2022-02-06,1044,5046,3,80.77
2022-02-06,1044,5039,1,43.77
2022-02-06,1100,5034,3,156.99
2022-02-06,1100,5020,3,299.01
2022-02-06,1100,5011,4,178.74
2022-02-06,1100,5016,4,299.95
2022-02-06,1100,5031,4,118.2
2022-02-06,1095,5040,3,30.87
2022-02-06,1003,5007,2,150.21
2022-02-06,1003,5004,1,62.2
2022-02-06,1003,5029,3,219.79
2022-02-13,1027,5043,4,263.09
2022-02-13,1062,5027,2,181.97
2022-02-13,1062,5007,2,151.84
2022-02-13,1084,5048,3,136.23
2022-02-13,1099,5023,3,113.35
2022-02-13,1099,5026,1,64.77
2022-02-13,1099,5037,1,26.47
2022-02-13,1099,5024,1,23.61
2022-02-13,1099,5049,4,190.48
2022-02-13,1036,5028,3,221.12
2022-02-13,1036,5043,1,65.16
2022-02-13,1036,5041,2,102.49
2022-02-13,1066,5002,2,173.0
2022-02-13,1002,5039,4,62.42
2022-02-13,1002,5022,4,80.3
2022-02-13,1008,5021,2,155.74
2022-02-13,1008,5020,3,85.32
2022-02-13,1008,5026,1,69.37
2022-02-13,1008,5004,4,353.41
2022-02-13,1056,5028,2,120.44
2022-02-13,1032,5003,4,141.68
2022-02-13,1028,5023,3,132.71
2022-02-13,1028,5025,3,149.09
2022-02-13,1046,5008,4,168.4
2022-02-13,1088,5009,3,277.07
2022-02-13,1088,5047,4,227.27
2022-02-13,1038,5016,1,91.55
2022-02-13,1038,5003,2,50.39
2022-02-13,1051,5008,4,275.55
2022-02-13,1051,5037,3,114.55
2022-02-13,1044,5011,1,47.6
2022-02-13,1044,5046,3,63.06
2022-02-13,1044,5016,2,134.24
2022-02-13,1023,5027,1,18.37
2022-02-13,1023,5005,4,298.97
2022-02-13,1012,5005,3,80.6
2022-02-13,1097,5011,4,153.06
2022-02-13,1097,5002,4,217.92
2022-02-13,1097,5047,3,267.55
2022-02-13,1097,5044,2,51.28
2022-02-20,1002,5035,3,227.17
2022-02-20,1002,5041,1,14.33
2022-02-20,1083,5016,4,249.81
2022-02-20,1083,5029,4,324.1
2022-02-20,1083,5049,1,56.93
2022-02-20,1083,5048,1,32.71
2022-02-20,1083,5030,1,63.91
2022-02-20,1026,5047,3,67.13
2022-02-20,1026,5040,3,270.98
2022-02-20,1026,5012,1,25.35
2022-02-20,1026,5012,1,66.82
2022-02-20,1026,5046,4,323.97
2022-02-20,1059,5004,4,215.56
2022-02-20,1059,5022,2,67.28
2022-02-20,1045,5041,1,34.21
2022-02-20,1079,5012,2,183.33
2022-02-20,1079,5006,3,104.74
2022-02-20,1029,5035,4,114.52
2022-02-20,1029,5048,1,58.33
2022-02-20,1029,5045,1,10.69
2022-02-20,1044,5033,2,103.31
2022-02-20,1007,5042,3,41.98
2022-02-20,1065,5017,1,41.07
2022-02-20,1065,5024,3,185.19
2022-02-20,1097,5011,1,93.65
2022-02-20,1043,5019,4,357.61
2022-02-20,1010,5033,2,191.91
2022-02-20,1010,5045,2,149.85
2022-02-20,1003,5030,1,84.66
2022-02-20,1037,5036,3,191.01
2022-02-20,1037,5018,4,310.42
2022-02-20,1037,5037,1,46.38
2022-02-27,1037,5003,3,66.66
2022-02-27,1013,5050,3,69.71
2022-02-27,1013,5006,1,36.03
2022-02-27,1031,5042,4,153.03
2022-02-27,1052,5047,4,318.47
2022-02-27,1052,5017,1,23.87
2022-02-27,1052,5045,1,57.9
2022-02-27,1052,5032,1,78.57
2022-02-27,1059,5032,3,77.84
2022-02-27,1059,5045,1,40.82
2022-02-27,1088,5028,1,66.36
2022-02-27,1088,5024,3,85.97
2022-02-27,1088,5035,1,99.45
2022-02-27,1022,5021,1,73.98
2022-02-27,1022,5008,2,60.99
2022-02-27,1022,5028,4,253.49
2022-02-27,1022,5005,2,149.99
2022-02-27,1072,5011,4,60.79
2022-02-27,1072,5039,4,139.28
2022-02-27,1050,5019,4,73.72
2022-02-27,1050,5026,4,350.88
2022-02-27,1094,5033,3,134.37
2022-02-27,1094,5024,3,278.06
2022-02-27,1008,5028,4,330.37
2022-02-27,1008,5047,3,84.13
2022-02-27,1008,5047,1,15.35
2022-02-27,1006,5038,3,38.31
2022-02-27,1006,5003,3,199.18
2022-02-27,1076,5032,2,143.79
2022-02-27,1026,5021,4,329.6
2022-02-27,1026,5016,4,303.9
2022-02-27,1042,5026,3,30.63
2022-02-27,1042,5049,3,229.22
2022-02-27,1042,5040,1,66.96
2022-02-27,1053,5023,4,287.47
2022-02-27,1053,5009,3,47.82
2022-02-27,1053,5034,3,178.27
2022-02-27,1053,5046,2,165.48
2022-02-27,1053,5014,1,72.8
2022-03-06,1007,5017,1,93.72
2022-03-06,1007,5023,1,73.35
2022-03-06,1007,5026,2,45.04
2022-03-06,1007,5029,1,74.17
2022-03-06,1087,5021,1,14.34
2022-03-06,1087,5020,1,54.87
2022-03-06,1087,5019,3,165.11
2022-03-06,1087,5019,1,52.84
2022-03-06,1087,5012,4,115.2
2022-03-06,1071,5041,2,119.37
2022-03-06,1071,5013,4,346.13
2022-03-06,1047,5022,4,284.01
2022-03-06,1047,5033,1,13.23
2022-03-06,1043,5003,2,136.07
2022-03-06,1043,5028,1,71.4
2022-03-06,1002,5043,1,15.23
2022-03-06,1002,5035,2,160.76
2022-03-06,1058,5010,2,63.54
2022-03-06,1059,5003,4,254.25
2022-03-06,1059,5047,4,300.95
2022-03-06,1059,5038,1,96.71
2022-03-06,1059,5017,4,183.15
2022-03-06,1003,5017,4,391.36
2022-03-06,1003,5040,3,185.35
2022-03-06,1029,5007,4,145.59
2022-03-06,1029,5032,1,76.51
2022-03-06,1033,5016,1,68.18
2022-03-06,1033,5043,3,267.4
2022-03-06,1092,5045,3,221.74
2022-03-06,1092,5022,1,32.19
2022-03-06,1092,5004,4,210.42
2022-03-06,1092,5040,4,210.57
2022-03-06,1068,5041,1,66.02
2022-03-06,1068,5017,2,76.73
2022-03-06,1068,5026,3,69.68
2022-03-06,1068,5044,1,57.45
2022-03-06,1068,5007,4,179.74
2022-03-06,1068,5042,4,271.41
2022-03-06,1037,5031,2,46.51
2022-03-06,1037,5041,1,54.76
2022-03-06,1037,5046,1,50.29
2022-03-06,1037,5050,2,94.82
2022-03-06,1005,5021,1,65.88
2022-03-06,1005,5046,2,165.25
2022-03-06,1041,5030,2,175.51
2022-03-06,1041,5003,4,115.31
2022-03-06,1095,5016,2,122.52
2022-03-06,1095,5004,3,153.92
2022-03-06,1095,5035,2,126.84
2022-03-06,1095,5048,3,87.77
2022-03-06,1095,5026,2,196.61
2022-03-13,1024,5004,3,177.02
2022-03-13,1024,5023,1,63.2
2022-03-13,1024,5042,1,36.61
2022-03-13,1024,5020,4,347.81
2022-03-13,1019,5004,2,189.34
2022-03-13,1006,5034,2,168.46
2022-03-13,1006,5029,2,177.66
2022-03-13,1006,5024,3,42.26
2022-03-13,1006,5024,4,193.08
2022-03-13,1012,5006,1,75.08
2022-03-13,1041,5021,1,49.37
2022-03-13,1062,5004,4,151.63
2022-03-13,1050,5030,3,103.29
2022-03-13,1050,5037,1,43.38
2022-03-13,1050,5025,3,299.88
2022-03-13,1050,5048,4,394.55
2022-03-13,1016,5031,4,100.24
2022-03-13,1016,5042,3,169.75
2022-03-13,1016,5010,1,95.7
2022-03-13,1058,5025,1,19.23
2022-03-13,1058,5021,1,73.76
2022-03-13,1015,5002,3,222.87
2022-03-13,1015,5040,3,246.95
2022-03-13,1090,5041,1,41.08
2022-03-13,1090,5029,2,139.73
2022-03-13,1002,5049,4,281.58
2022-03-13,1040,5026,4,323.03
2022-03-13,1040,5015,4,366.37
2022-03-13,1005,5014,2,130.86
2022-03-20,1042,5039,3,286.88
2022-03-20,1042,5027,3,146.2
2022-03-20,1042,5029,4,255.66
2022-03-20,1086,5034,3,130.78
2022-03-20,1086,5022,3,212.53
2022-03-20,1096,5036,1,25.67
2022-03-20,1096,5002,3,58.59
2022-03-20,1100,5048,3,238.52
2022-03-20,1100,5021,4,292.41
2022-03-20,1032,5004,1,58.78
2022-03-20,1032,5007,3,288.55
2022-03-20,1036,5032,4,279.4
2022-03-20,1036,5006,2,21.5
2022-03-20,1091,5021,3,247.94
2022-03-20,1003,5043,1,18.23
2022-03-20,1003,5041,1,83.65
2022-03-20,1003,5042,3,229.46
2022-03-20,1003,5050,3,37.97
2022-03-20,1003,5020,1,29.3
2022-03-20,1037,5040,3,153.91
2022-03-20,1090,5048,2,88.99
2022-03-20,1090,5010,4,375.78
2022-03-20,1090,5018,1,80.81
2022-03-20,1001,5027,4,64.65
2022-03-20,1001,5046,2,96.95
2022-03-20,1021,5028,2,174.77
2022-03-20,1021,5033,2,161.73
2022-03-20,1092,5038,4,232.61
2022-03-20,1092,5040,3,282.8
2022-03-20,1054,5013,2,110.47
2022-03-20,1054,5004,1,52.26
2022-03-20,1060,5003,2,22.07
2022-03-20,1045,5029,1,26.71
2022-03-20,1045,5005,1,77.21
2022-03-20,1071,5012,1,42.12
2022-03-20,1071,5027,3,50.69
2022-03-20,1071,5042,4,324.15
2022-03-20,1071,5023,3,88.34
2022-03-20,1075,5016,1,45.35
2022-03-20,1075,5033,3,253.8
2022-03-20,1075,5049,3,82.34
2022-03-20,1075,5021,2,163.01
2022-03-27,1020,5046,2,182.32
2022-03-27,1020,5030,4,114.86
2022-03-27,1020,5040,4,355.85
2022-03-27,1044,5049,2,112.41
2022-03-27,1044,5045,2,98.03
2022-03-27,1044,5018,4,379.32
2022-03-27,1027,5014,4,259.03
2022-03-27,1014,5011,3,280.91
2022-03-27,1014,5031,2,59.18
2022-03-27,1055,5034,4,63.93
2022-03-27,1055,5015,4,193.39
2022-03-27,1053,5032,3,211.21
2022-03-27,1053,5017,4,296.76
2022-03-27,1004,5006,2,183.48
2022-03-27,1004,5029,3,193.46
2022-03-27,1041,5012,2,89.52
2022-03-27,1041,5042,4,152.98
2022-03-27,1041,5013,4,255.92
2022-03-27,1041,5011,2,96.47
2022-03-27,1012,5017,2,44.06
2022-03-27,1012,5026,3,251.89
2022-03-27,1096,5047,3,201.82
2022-03-27,1096,5003,1,57.59
2022-03-27,1096,5038,4,108.73
2022-03-27,1084,5022,3,239.73
2022-03-27,1084,5010,3,240.07
2022-03-27,1035,5037,4,94.22
2022-03-27,1035,5020,4,51.21
2022-03-27,1025,5021,4,127.62
2022-03-27,1079,5050,4,156.29
2022-03-27,1061,5038,3,247.8
2022-03-27,1061,5048,2,21.03
2022-03-27,1061,5027,3,95.2
2022-03-27,1061,5020,3,112.09
2022-03-27,1061,5012,1,21.71
2022-03-27,1061,5043,4,361.02
2022-03-27,1061,5031,1,80.54
2022-03-27,1059,5035,2,23.09
2022-03-27,1059,5022,4,264.55
2022-03-27,1016,5015,4,263.03
2022-03-27,1078,5029,2,44.92
2022-03-27,1078,5019,1,30.6
2022-03-27,1078,5043,3,264.47
2022-03-27,1078,5002,3,280.87
2022-03-27,1065,5021,2,136.91
2022-03-27,1065,5012,1,51.51
2022-04-03,1006,5007,2,61.29
2022-04-03,1006,5044,4,59.88
2022-04-03,1019,5015,1,57.69
2022-04-03,1045,5044,4,114.62
2022-04-03,1045,5023,4,147.78
2022-04-03,1060,5039,4,167.92
2022-04-03,1086,5037,2,165.62
2022-04-03,1080,5024,3,103.27
2022-04-03,1035,5038,4,91.87
2022-04-03,1035,5010,3,30.85
2022-04-03,1035,5040,4,215.62
2022-04-03,1088,5042,1,27.17
2022-04-03,1088,5034,1,61.69
2022-04-03,1093,5039,1,94.64
2022-04-03,1093,5013,2,55.13
2022-04-03,1093,5017,2,104.76
2022-04-03,1093,5032,1,54.33
2022-04-03,1076,5018,4,189.81
2022-04-03,1076,5016,4,85.36
2022-04-03,1076,5039,1,90.09
2022-04-03,1034,5039,3,68.13
2022-04-03,1034,5008,2,173.85
2022-04-03,1034,5025,1,35.08
2022-04-03,1034,5013,4,216.68
2022-04-03,1034,5032,2,168.63
2022-04-03,1099,5014,3,271.38
2022-04-03,1099,5032,4,240.44
2022-04-03,1099,5035,3,184.77
2022-04-03,1099,5010,1,25.76
2022-04-03,1039,5020,3,101.08
2022-04-03,1039,5039,1,66.11
2022-04-03,1001,5013,1,23.68
2022-04-03,1010,5008,3,40.82
2022-04-03,1010,5050,2,129.79
2022-04-03,1084,5028,3,161.56
2022-04-03,1084,5025,2,112.33
2022-04-03,1084,5016,2,199.92
2022-04-03,1058,5021,4,162.55
2022-04-03,1058,5030,4,121.63
2022-04-03,1058,5021,3,275.86
2022-04-03,1009,5030,1,49.44
2022-04-03,1009,5033,2,199.35
2022-04-10,1047,5050,3,109.67
2022-04-10,1047,5020,4,288.78
2022-04-10,1047,5012,1,49.61
2022-04-10,1007,5033,2,133.8
2022-04-10,1007,5038,4,81.97
2022-04-10,1007,5015,1,41.96
2022-04-10,1007,5046,3,122.87
2022-04-10,1007,5015,3,34.1
2022-04-10,1025,5035,2,114.17
2022-04-10,1052,5011,4,73.18
2022-04-10,1052,5005,2,58.65
2022-04-10,1052,5045,1,90.61
2022-04-10,1052,5037,2,153.0
2022-04-10,1067,5026,3,232.0
2022-04-10,1067,5013,4,377.79
2022-04-10,1020,5047,4,228.49
2022-04-10,1020,5034,2,60.77
2022-04-10,1020,5031,3,185.1
2022-04-10,1020,5025,1,61.99
2022-04-10,1069,5045,2,165.03
2022-04-10,1069,5016,1,60.16
2022-04-10,1069,5008,1,17.62
2022-04-10,1005,5047,2,157.14
2022-04-10,1005,5008,1,51.32
2022-04-10,1005,5015,1,28.38
2022-04-10,1077,5023,1,64.15
2022-04-10,1089,5050,4,242.39
2022-04-10,1089,5018,2,172.08
2022-04-10,1100,5015,3,238.86
2022-04-10,1029,5035,2,170.06
2022-04-10,1029,5032,4,155.07
2022-04-10,1030,5006,3,136.72
2022-04-10,1030,5014,4,240.28
2022-04-10,1030,5037,4,337.83
2022-04-10,1030,5048,2,48.13
2022-04-10,1048,5002,3,55.85
2022-04-10,1010,5039,2,179.51
2022-04-10,1010,5045,4,207.26
2022-04-10,1003,5016,3,54.67
2022-04-10,1053,5029,3,227.5
2022-04-17,1020,5046,4,193.4
2022-04-17,1020,5040,2,49.4
2022-04-17,1001,5036,1,17.88
2022-04-17,1052,5047,4,143.44
2022-04-17,1008,5007,1,88.36
2022-04-17,1039,5013,3,275.92
2022-04-17,1039,5042,1,23.43
2022-04-17,1039,5021,2,82.38
2022-04-17,1039,5037,2,93.52
2022-04-17,1029,5036,2,90.54
2022-04-17,1099,5029,4,358.99
2022-04-17,1077,5019,2,177.52
2022-04-17,1077,5038,3,253.04
2022-04-17,1038,5011,2,26.29
2022-04-17,1038,5037,4,69.24
2022-04-17,1038,5022,2,100.02
2022-04-17,1088,5042,2,83.32
2022-04-17,1055,5010,4,346.21
2022-04-17,1055,5002,2,24.24
2022-04-17,1055,5002,3,216.05
2022-04-17,1055,5024,1,21.63
2022-04-17,1055,5017,1,80.16
2022-04-17,1027,5033,3,297.83
2022-04-17,1031,5042,3,98.32
2022-04-17,1050,5026,3,294.37
2022-04-17,1075,5049,4,41.95
2022-04-17,1075,5002,2,97.23
2022-04-17,1075,5049,2,45.81
2022-04-17,1026,5042,2,43.58
2022-04-17,1026,5047,2,41.96
2022-04-17,1026,5037,2,28.1
2022-04-17,1016,5002,4,85.5
2022-04-17,1016,5012,2,22.46
2022-04-24,1030,5032,3,296.58
2022-04-24,1030,5011,4,185.7
2022-04-24,1083,5047,1,54.01
2022-04-24,1083,5001,4,285.59
2022-04-24,1042,5003,4,86.2
2022-04-24,1088,5038,1,12.31
2022-04-24,1088,5027,2,75.36
2022-04-24,1088,5045,3,196.62
2022-04-24,1088,5043,2,61.86
2022-04-24,1088,5013,4,85.2
2022-04-24,1077,5026,3,188.1
2022-04-24,1037,5019,4,77.97
2022-04-24,1064,5026,3,281.79
2022-04-24,1064,5042,2,109.66
2022-04-24,1043,5042,1,97.93
2022-04-24,1043,5028,4,249.93
2022-04-24,1009,5025,2,120.16
2022-04-24,1009,5012,3,284.23
2022-04-24,1009,5026,1,11.88
2022-04-24,1062,5025,1,73.19
2022-04-24,1067,5049,2,75.3
2022-04-24,1067,5007,4,376.5
2022-04-24,1050,5028,3,291.72
2022-04-24,1079,5019,1,55.53
2022-04-24,1095,5017,3,151.97
2022-04-24,1080,5025,2,130.52
2022-04-24,1080,5038,1,49.78
2022-04-24,1026,5023,1,94.65
2022-04-24,1019,5010,4,249.43
2022-04-24,1019,5007,2,176.27
2022-04-24,1074,5034,4,304.37
2022-05-01,1034,5044,3,191.61
2022-05-01,1034,5006,3,96.8
2022-05-01,1034,5042,3,176.1
2022-05-01,1034,5025,4,189.44
2022-05-01,1068,5022,4,336.95
2022-05-01,1080,5015,3,74.11
2022-05-01,1080,5007,3,230.42
2022-05-01,1080,5029,1,44.8
2022-05-01,1066,5008,3,82.42
2022-05-01,1066,5008,3,166.54
2022-05-01,1005,5015,2,117.43
2022-05-01,1005,5007,1,50.61
2022-05-01,1005,5038,2,190.27
2022-05-01,1005,5034,2,101.77
2022-05-01,1005,5041,1,16.95
2022-05-01,1082,5026,2,113.34
2022-05-01,1020,5043,2,143.18
2022-05-01,1038,5013,3,179.78
2022-05-01,1041,5040,4,160.73
2022-05-01,1041,5032,2,197.94
2022-05-01,1041,5020,4,384.42
2022-05-01,1069,5013,4,104.45
2022-05-01,1069,5005,3,86.1
2022-05-01,1069,5025,2,118.45
2022-05-01,1025,5050,1,68.27
2022-05-01,1025,5047,3,297.98
2022-05-01,1079,5041,3,195.31
2022-05-01,1079,5001,4,327.7
2022-05-01,1079,5043,2,165.88
2022-05-01,1092,5028,1,72.28
2022-05-01,1092,5049,2,137.41
2022-05-01,1015,5022,4,316.81
2022-05-01,1015,5016,1,21.97
2022-05-01,1015,5028,4,302.86
2022-05-08,1032,5010,1,29.26
2022-05-08,1032,5030,4,45.26
2022-05-08,1068,5040,1,81.88
2022-05-08,1068,5009,4,135.76
2022-05-08,1004,5005,3,209.02
2022-05-08,1004,5020,2,166.89
2022-05-08,1073,5003,3,92.39
2022-05-08,1073,5048,1,22.39
2022-05-08,1005,5036,4,189.85
2022-05-08,1015,5007,2,93.92
2022-05-08,1015,5002,3,197.5
2022-05-08,1069,5029,2,87.31
2022-05-08,1097,5031,2,79.14
2022-05-08,1008,5028,3,166.2
2022-05-08,1008,5042,2,46.5
2022-05-08,1012,5005,3,137.54
2022-05-08,1062,5035,4,175.6
2022-05-08,1062,5014,3,242.75
2022-05-08,1062,5049,4,215.02
2022-05-08,1062,5019,4,332.46
2022-05-08,1062,5038,2,77.05
2022-05-08,1076,5025,2,142.86
2022-05-08,1076,5006,1,14.84
2022-05-08,1076,5024,2,136.23
2022-05-08,1076,5018,2,63.84
2022-05-08,1076,5023,2,76.17
2022-05-08,1010,5026,1,71.44
2022-05-08,1010,5048,3,232.99
2022-05-08,1034,5001,3,265.72
2022-05-08,1034,5029,2,75.29
2022-05-08,1034,5008,3,223.72
2022-05-08,1034,5004,3,88.78
2022-05-08,1022,5033,3,224.5
2022-05-08,1022,5050,1,37.71
2022-05-15,1083,5036,2,61.89
2022-05-15,1083,5006,3,232.57
2022-05-15,1053,5013,1,71.79
2022-05-15,1053,5049,1,55.8
2022-05-15,1086,5034,3,248.18
2022-05-15,1086,5004,2,197.64
2022-05-15,1018,5046,4,350.65
2022-05-15,1018,5049,1,73.57
2022-05-15,1033,5012,2,62.26
2022-05-15,1076,5001,4,233.53
2022-05-15,1076,5049,3,80.52
2022-05-15,1076,5049,3,46.58
2022-05-15,1072,5029,2,195.95
2022-05-15,1012,5018,3,74.36
2022-05-15,1012,5017,2,184.85
2022-05-15,1012,5038,3,201.42
2022-05-15,1012,5014,3,118.1
2022-05-15,1045,5021,1,20.68
2022-05-15,1068,5021,1,22.51
2022-05-15,1028,5028,4,376.53
2022-05-15,1028,5001,3,33.88
2022-05-15,1046,5032,4,326.72
2022-05-15,1046,5019,4,188.03
2022-05-15,1046,5002,1,24.02
2022-05-15,1046,5010,1,46.13
2022-05-15,1046,5050,3,131.89
2022-05-15,1046,5017,1,26.74
2022-05-15,1046,5037,3,103.98
2022-05-15,1069,5045,1,55.33
2022-05-15,1069,5027,2,39.56
2022-05-15,1069,5005,3,197.47
2022-05-15,1007,5029,1,57.8
2022-05-15,1007,5034,3,269.62
2022-05-15,1007,5033,4,290.76
2022-05-15,1091,5030,3,94.12
2022-05-15,1091,5036,2,121.59
2022-05-15,1091,5021,4,256.34
2022-05-15,1091,5017,1,57.35
2022-05-15,1091,5033,2,168.32
2022-05-15,1091,5010,1,27.38
2022-05-15,1039,5050,1,40.86
2022-05-15,1039,5007,3,141.34
2022-05-15,1087,5038,4,92.98
2022-05-15,1087,5041,4,235.83
2022-05-15,1087,5045,4,367.9
2022-05-22,1076,5034,1,28.54
2022-05-22,1076,5044,4,59.36
2022-05-22,1076,5026,2,195.91
2022-05-22,1023,5002,4,302.12
2022-05-22,1023,5020,3,162.94
2022-05-22,1057,5044,1,90.77
2022-05-22,1057,5046,2,39.47
2022-05-22,1057,5006,4,333.67
2022-05-22,1059,5048,2,57.26
2022-05-22,1059,5019,1,17.93
2022-05-22,1090,5003,3,243.04
2022-05-22,1090,5005,1,67.18
2022-05-22,1092,5021,4,155.94
2022-05-22,1097,5014,4,73.38
2022-05-22,1097,5010,2,29.51
2022-05-22,1097,5012,2,38.25
2022-05-22,1097,5038,3,111.75
2022-05-22,1005,5042,1,97.28
2022-05-22,1005,5021,1,21.17
2022-05-22,1005,5022,4,314.4
2022-05-22,1067,5011,3,36.69
2022-05-22,1060,5011,4,226.95
2022-05-22,1078,5029,4,222.41
2022-05-22,1078,5042,4,197.58
2022-05-22,1072,5039,4,179.62
2022-05-22,1072,5020,1,39.51
2022-05-22,1013,5044,2,80.54
2022-05-22,1087,5017,3,229.98
2022-05-22,1070,5008,1,56.62
2022-05-22,1051,5018,1,51.11
2022-05-22,1051,5028,4,126.34
2022-05-22,1056,5042,4,393.23
2022-05-22,1038,5023,4,237.11
2022-05-22,1038,5029,1,85.96
2022-05-22,1038,5031,2,38.1
2022-05-22,1011,5018,4,78.38
2022-05-22,1011,5046,4,123.29
2022-05-22,1011,5024,3,236.98
2022-05-22,1089,5019,2,156.4
2022-05-22,1089,5018,2,50.56
2022-05-22,1089,5037,4,372.87
2022-05-22,1089,5030,1,20.2
2022-05-22,1089,5019,2,184.3
2022-05-29,1047,5015,2,75.86
2022-05-29,1017,5010,4,383.64
2022-05-29,1080,5036,1,46.46
2022-05-29,1008,5018,3,176.49
2022-05-29,1008,5043,1,39.36
2022-05-29,1070,5015,4,61.04
2022-05-29,1070,5028,1,36.03
2022-05-29,1070,5042,1,25.12
2022-05-29,1059,5035,2,141.33
2022-05-29,1059,5046,2,127.61
2022-05-29,1042,5007,1,72.25
2022-05-29,1042,5023,3,245.3
2022-05-29,1042,5002,3,129.43
2022-05-29,1067,5016,3,153.36
2022-05-29,1067,5047,4,146.18
2022-05-29,1067,5013,2,194.01
2022-05-29,1067,5015,2,144.04
2022-05-29,1056,5021,4,113.44
2022-05-29,1056,5004,3,72.78
2022-05-29,1056,5031,4,59.66
2022-05-29,1062,5013,1,27.34
2022-05-29,1062,5019,2,112.37
2022-05-29,1062,5030,4,320.82
2022-05-29,1068,5044,1,39.95
2022-05-29,1018,5005,3,295.6
2022-05-29,1018,5010,3,170.82
2022-05-29,1018,5010,1,74.84
2022-05-29,1018,5038,3,201.7
2022-05-29,1038,5017,1,11.75
2022-05-29,1010,5040,2,102.27
2022-05-29,1065,5033,3,174.6
2022-05-29,1065,5029,2,65.16
2022-05-29,1069,5046,4,134.58
2022-05-29,1069,5023,1,62.18
2022-05-29,1069,5020,2,191.39
2022-05-29,1069,5038,3,139.34
2022-05-29,1069,5025,1,62.89
2022-05-29,1019,5045,3,50.07
2022-05-29,1019,5038,4,71.31
2022-05-29,1019,5045,1,52.5
2022-05-29,1014,5049,1,10.56
2022-05-29,1014,5023,2,188.78
2022-05-29,1095,5002,3,264.14
2022-05-29,1095,5036,2,116.88
2022-05-29,1095,5019,1,89.44
2022-05-29,1095,5017,4,100.9
2022-05-29,1095,5005,2,43.26
2022-06-05,1086,5041,3,32.1
2022-06-05,1086,5031,2,127.31
2022-06-05,1086,5039,2,70.09
2022-06-05,1074,5032,2,141.89
2022-06-05,1074,5003,3,49.62
2022-06-05,1074,5003,4,214.08
2022-06-05,1021,5002,4,72.24
2022-06-05,1003,5009,3,67.62
2022-06-05,1003,5027,2,195.76
2022-06-05,1003,5013,3,142.95
2022-06-05,1013,5048,2,84.56
2022-06-05,1090,5013,4,308.78
2022-06-05,1026,5049,3,201.62
2022-06-05,1054,5026,3,249.14
2022-06-05,1054,5022,3,250.34
2022-06-05,1054,5047,4,301.73
2022-06-05,1092,5012,1,45.71
2022-06-05,1092,5013,2,122.29
2022-06-05,1092,5010,1,10.19
2022-06-05,1066,5007,1,61.24
2022-06-05,1085,5011,3,110.04
2022-06-05,1085,5045,2,52.72
2022-06-05,1050,5025,3,110.45
2022-06-05,1050,5012,1,88.09
2022-06-05,1067,5006,2,165.43
2022-06-05,1040,5049,1,54.96
2022-06-05,1037,5018,2,109.85
2022-06-05,1037,5038,4,236.35
2022-06-05,1037,5037,2,97.76
2022-06-05,1076,5038,2,177.88
2022-06-05,1076,5035,2,140.05
2022-06-05,1045,5039,4,265.38
2022-06-05,1045,5045,3,115.25
2022-06-05,1006,5047,1,94.87
2022-06-05,1006,5038,2,194.51
2022-06-05,1055,5029,4,207.04
2022-06-05,1055,5039,4,140.49
2022-06-12,1094,5038,4,246.2
2022-06-12,1094,5028,2,199.7
2022-06-12,1012,5049,4,307.01
2022-06-12,1012,5043,1,90.38
2022-06-12,1012,5028,2,83.45
2022-06-12,1012,5028,3,217.34
2022-06-12,1022,5042,2,124.18
2022-06-12,1022,5025,2,159.84
2022-06-12,1022,5003,2,146.59
2022-06-12,1059,5037,4,346.31
2022-06-12,1077,5001,2,57.79
2022-06-12,1077,5045,3,222.3
2022-06-12,1020,5044,1,92.34
2022-06-12,1004,5035,4,220.22
2022-06-12,1017,5017,3,92.88
2022-06-12,1019,5011,1,77.93
2022-06-12,1030,5010,2,197.11
2022-06-12,1030,5011,1,41.91
2022-06-12,1087,5007,2,55.4
2022-06-12,1087,5049,4,276.36
2022-06-12,1040,5036,1,37.14
2022-06-12,1040,5032,4,65.57
2022-06-12,1040,5028,2,36.74
2022-06-12,1072,5019,1,19.65
2022-06-12,1070,5036,4,125.27
2022-06-12,1070,5036,2,83.73
2022-06-12,1070,5004,1,42.93
2022-06-12,1029,5044,3,34.77
2022-06-12,1018,5031,3,254.75
2022-06-12,1023,5046,3,215.13
2022-06-12,1023,5014,2,143.6
2022-06-12,1083,5019,2,88.91
2022-06-12,1083,5037,4,216.13
2022-06-12,1007,5005,1,18.85
2022-06-19,1038,5039,2,45.98
2022-06-19,1038,5034,4,50.37
2022-06-19,1038,5026,4,354.47
2022-06-19,1039,5030,4,357.51
2022-06-19,1060,5019,3,235.84
2022-06-19,1060,5005,4,288.32
2022-06-19,1063,5029,3,267.05
2022-06-19,1063,5039,1,30.97
2022-06-19,1063,5041,3,133.38
2022-06-19,1063,5033,4,115.87
2022-06-19,1016,5026,2,153.01
2022-06-19,1016,5005,4,280.94
2022-06-19,1068,5030,4,292.75
2022-06-19,1068,5026,1,53.22
2022-06-19,1001,5024,4,262.75
2022-06-19,1001,5018,1,51.75
2022-06-19,1001,5027,1,32.53
2022-06-19,1001,5041,2,80.37
2022-06-19,1017,5007,1,51.28
2022-06-19,1017,5040,2,160.04
2022-06-19,1017,5050,3,43.72
2022-06-19,1017,5025,4,186.28
2022-06-19,1019,5006,3,146.06
2022-06-19,1019,5048,1,25.73
2022-06-19,1019,5049,1,96.8
2022-06-19,1019,5019,1,74.58
2022-06-19,1040,5002,4,119.45
2022-06-19,1040,5037,2,151.87
2022-06-19,1040,5045,3,246.14
2022-06-19,1040,5016,1,31.51
2022-06-19,1027,5042,1,11.77
2022-06-19,1024,5023,3,252.87
2022-06-19,1024,5002,2,196.45
2022-06-19,1024,5038,2,162.21
2022-06-19,1083,5003,2,75.61
2022-06-19,1007,5042,4,69.04
2022-06-19,1007,5006,1,91.7
2022-06-19,1007,5044,4,162.93
2022-06-19,1036,5046,3,259.54
2022-06-19,1036,5022,1,94.68
2022-06-19,1056,5002,4,387.37
2022-06-19,1053,5028,4,56.05
2022-06-19,1011,5041,3,281.71
2022-06-19,1021,5045,1,74.23
2022-06-19,1021,5021,1,16.5
2022-06-19,1028,5003,3,262.18
2022-06-19,1028,5033,3,195.54
2022-06-19,1028,5001,1,17.54
2022-06-26,1032,5041,2,102.4
2022-06-26,1059,5038,4,319.31
2022-06-26,1059,5003,1,75.05
2022-06-26,1080,5007,1,21.4
2022-06-26,1080,5046,1,56.73
2022-06-26,1080,5031,4,69.5
2022-06-26,1080,5024,4,84.53
2022-06-26,1080,5031,3,293.65
2022-06-26,1058,5026,4,53.7
2022-06-26,1058,5009,2,140.97
2022-06-26,1058,5035,3,84.56
2022-06-26,1051,5019,3,131.51
2022-06-26,1051,5012,3,267.64
2022-06-26,1051,5015,3,50.92
2022-06-26,1051,5031,2,131.7
2022-06-26,1078,5026,4,170.2
2022-06-26,1078,5011,3,229.9
2022-06-26,1008,5014,2,92.65
2022-06-26,1048,5003,2,110.96
2022-06-26,1048,5039,3,38.77
2022-06-26,1065,5022,4,372.34
2022-06-26,1065,5021,4,129.63
2022-06-26,1088,5014,4,186.67
2022-06-26,1042,5018,1,51.4
2022-06-26,1037,5031,2,179.4
2022-06-26,1028,5029,3,59.74
2022-06-26,1028,5017,2,23.96
2022-06-26,1028,5032,1,11.41
2022-06-26,1011,5027,2,36.65
2022-06-26,1010,5022,1,92.86
2022-06-26,1010,5024,4,115.35
2022-07-03,1032,5045,3,133.67
2022-07-03,1032,5019,2,122.39
2022-07-03,1032,5032,1,19.22
2022-07-03,1032,5027,4,387.97
2022-07-03,1032,5001,2,74.53
2022-07-03,1075,5046,3,219.86
2022-07-03,1075,5024,3,161.02
2022-07-03,1075,5034,1,24.73
2022-07-03,1075,5046,4,199.53
2022-07-03,1075,5022,3,33.65
2022-07-03,1038,5016,4,110.01
2022-07-03,1038,5029,1,61.95
2022-07-03,1038,5009,1,17.59
2022-07-03,1038,5033,2,131.26
2022-07-03,1022,5046,2,140.36
2022-07-03,1022,5008,1,46.78
2022-07-03,1060,5049,1,74.55
2022-07-03,1045,5039,1,27.09
2022-07-03,1045,5040,4,364.11
2022-07-03,1055,5031,2,168.41
2022-07-03,1087,5022,1,98.2
2022-07-03,1076,5012,4,93.57
2022-07-03,1076,5007,3,278.61
2022-07-03,1095,5024,3,152.98
2022-07-03,1095,5044,4,328.29
2022-07-03,1095,5017,3,74.35
2022-07-03,1095,5002,3,46.23
2022-07-03,1095,5013,2,139.52
2022-07-03,1017,5013,3,285.9
2022-07-03,1017,5021,2,180.17
2022-07-03,1017,5045,1,25.63
2022-07-03,1013,5050,2,45.29
2022-07-03,1013,5022,4,140.04
2022-07-03,1013,5008,2,172.83
2022-07-03,1013,5017,4,198.62
2022-07-03,1013,5027,2,99.27
2022-07-03,1013,5033,4,357.68
2022-07-03,1006,5019,2,94.47
2022-07-03,1006,5008,1,94.66
2022-07-03,1002,5009,2,179.47
2022-07-03,1002,5039,4,369.55
2022-07-03,1081,5038,4,322.39
2022-07-03,1081,5005,2,126.34
2022-07-03,1081,5018,2,152.26
2022-07-03,1081,5016,2,178.69
2022-07-03,1054,5009,2,68.4
2022-07-03,1054,5029,4,130.86
2022-07-03,1054,5016,4,51.7
2022-07-03,1043,5044,2,97.46
2022-07-03,1043,5034,2,109.85
2022-07-03,1043,5050,4,108.85
2022-07-03,1043,5007,1,74.91
2022-07-03,1064,5030,3,249.1
2022-07-03,1064,5017,2,173.35
2022-07-03,1064,5010,3,49.05
2022-07-03,1052,5040,1,66.03
2022-07-03,1052,5040,3,292.02
2022-07-03,1052,5012,4,216.88
2022-07-03,1052,5021,2,108.63
2022-07-03,1052,5040,3,144.58
2022-07-03,1052,5019,1,34.93
2022-07-03,1052,5003,1,36.9
2022-07-03,1052,5018,2,62.88
2022-07-10,1078,5021,1,69.04
2022-07-10,1065,5036,2,147.22
2022-07-10,1065,5017,4,61.6
2022-07-10,1065,5021,1,43.34
2022-07-10,1027,5018,3,224.14
2022-07-10,1027,5022,1,27.2
2022-07-10,1027,5046,3,126.19
2022-07-10,1027,5049,2,74.3
2022-07-10,1040,5014,4,371.47
2022-07-10,1040,5012,1,50.17
2022-07-10,1040,5028,1,63.68
2022-07-10,1095,5043,4,321.5
2022-07-10,1095,5006,3,264.78
2022-07-10,1095,5036,2,128.98
2022-07-10,1099,5008,1,68.67
2022-07-10,1099,5024,3,176.02
2022-07-10,1099,5048,4,390.17
2022-07-10,1099,5038,2,165.41
2022-07-10,1022,5031,2,190.62
2022-07-10,1022,5033,4,161.68
2022-07-10,1022,5013,4,259.49
2022-07-10,1047,5002,2,60.81
2022-07-10,1060,5011,1,90.87
2022-07-10,1060,5015,2,54.12
2022-07-10,1056,5018,4,194.41
2022-07-10,1056,5041,4,190.47
2022-07-10,1067,5042,1,36.66
2022-07-10,1042,5020,1,78.11
2022-07-10,1042,5023,3,281.81
2022-07-10,1032,5024,4,128.69
2022-07-10,1032,5014,4,339.03
2022-07-10,1069,5038,3,263.39
2022-07-10,1069,5046,3,169.59
2022-07-10,1069,5001,1,11.45
2022-07-10,1069,5049,3,110.3
2022-07-10,1014,5042,4,283.73
2022-07-10,1014,5014,2,71.1
2022-07-10,1033,5042,1,61.41
2022-07-10,1033,5002,3,31.06
2022-07-10,1003,5046,1,81.86
2022-07-10,1080,5040,1,18.87
2022-07-10,1020,5009,4,197.6
2022-07-10,1020,5006,3,156.52
2022-07-10,1020,5019,4,318.02
2022-07-17,1099,5013,1,71.95
2022-07-17,1045,5023,4,107.65
2022-07-17,1003,5014,3,199.52
2022-07-17,1075,5009,1,60.84
2022-07-17,1075,5010,2,159.32
2022-07-17,1075,5008,2,29.81
2022-07-17,1053,5036,1,82.85
2022-07-17,1053,5025,4,227.32
2022-07-17,1053,5003,3,237.96
2022-07-17,1011,5032,4,283.39
2022-07-17,1011,5042,1,36.09
2022-07-17,1002,5010,1,24.09
2022-07-17,1002,5046,3,58.64
2022-07-17,1040,5018,2,154.14
2022-07-17,1040,5050,2,183.7
2022-07-17,1052,5004,1,63.91
2022-07-17,1013,5029,1,91.86
2022-07-17,1013,5011,4,173.31
2022-07-17,1013,5016,4,367.24
2022-07-17,1013,5030,3,249.93
2022-07-17,1047,5047,1,38.35
2022-07-17,1032,5013,3,145.43
2022-07-17,1017,5041,2,52.51
2022-07-17,1017,5048,2,158.38
2022-07-17,1068,5004,2,189.78
2022-07-17,1068,5035,3,282.9
2022-07-17,1001,5020,1,90.66
2022-07-17,1001,5047,2,40.77
2022-07-17,1001,5014,2,77.61
2022-07-17,1001,5034,2,106.69
2022-07-17,1056,5036,1,16.27
2022-07-17,1056,5017,4,112.2
2022-07-17,1056,5014,3,205.08
2022-07-17,1056,5009,2,51.1
2022-07-17,1056,5030,4,282.04
2022-07-17,1087,5030,4,351.77
2022-07-17,1055,5011,1,46.27
2022-07-17,1055,5013,4,141.44
2022-07-24,1096,5029,3,255.69
2022-07-24,1096,5015,3,95.14
2022-07-24,1055,5041,3,193.8
2022-07-24,1037,5016,1,91.23
2022-07-24,1036,5009,3,163.2
2022-07-24,1036,5013,3,227.83
2022-07-24,1036,5040,4,178.05
2022-07-24,1079,5010,4,250.88
2022-07-24,1086,5044,3,209.18
2022-07-24,1086,5048,4,252.69
2022-07-24,1086,5037,3,204.43
2022-07-24,1064,5032,2,56.93
2022-07-24,1064,5049,1,50.28
2022-07-24,1041,5009,2,179.81
2022-07-24,1041,5030,2,64.45
2022-07-24,1052,5015,2,52.93
2022-07-24,1052,5019,1,11.21
2022-07-24,1052,5008,3,198.26
2022-07-24,1052,5034,3,89.79
2022-07-24,1052,5002,1,26.44
2022-07-24,1052,5027,4,371.62
2022-07-24,1027,5032,1,53.58
2022-07-24,1027,5015,4,51.86
2022-07-24,1004,5010,3,54.55
2022-07-24,1004,5041,4,312.16
2022-07-24,1040,5010,3,116.43
2022-07-24,1100,5014,3,48.09
2022-07-24,1100,5044,2,139.54
2022-07-24,1100,5010,2,178.67
2022-07-24,1100,5020,3,225.48
2022-07-24,1068,5043,3,72.78
2022-07-24,1006,5039,1,61.47
2022-07-24,1006,5042,3,238.68
2022-07-24,1032,5033,1,53.08
2022-07-24,1032,5016,2,190.12
2022-07-24,1032,5022,3,276.13
2022-07-24,1044,5043,3,210.64
2022-07-24,1044,5045,1,79.68
2022-07-24,1044,5009,3,65.8
2022-07-24,1075,5006,4,317.19
2022-07-24,1075,5045,1,31.53
2022-07-24,1075,5021,1,90.12
2022-07-24,1075,5033,4,250.36
2022-07-24,1021,5009,4,302.76
2022-07-24,1021,5037,2,175.62
2022-07-31,1084,5003,3,291.39
2022-07-31,1084,5014,2,183.0
2022-07-31,1084,5025,3,191.97
2022-07-31,1035,5039,2,50.44
2022-07-31,1035,5015,4,347.22
2022-07-31,1032,5017,2,149.67
2022-07-31,1032,5036,1,80.71
2022-07-31,1032,5047,3,81.41
2022-07-31,1066,5031,2,34.34
2022-07-31,1094,5032,2,97.43
2022-07-31,1094,5034,2,138.78
2022-07-31,1094,5007,1,18.51
2022-07-31,1098,5028,3,252.71
2022-07-31,1098,5033,1,59.04
2022-07-31,1098,5037,4,381.94
2022-07-31,1064,5001,4,251.57
2022-07-31,1064,5025,3,72.8
2022-07-31,1064,5001,4,165.66
2022-07-31,1062,5049,3,222.75
2022-07-31,1062,5012,2,162.07
2022-07-31,1062,5020,2,47.26
2022-07-31,1062,5050,2,114.79
2022-07-31,1071,5038,4,396.17
2022-07-31,1079,5017,1,28.71
2022-07-31,1079,5025,3,82.32
2022-07-31,1079,5028,2,139.09
2022-07-31,1046,5031,4,239.32
2022-07-31,1033,5046,1,31.07
2022-07-31,1072,5048,4,338.69
2022-07-31,1072,5020,3,162.12
2022-07-31,1036,5022,4,378.63
2022-07-31,1036,5043,1,68.12
2022-07-31,1022,5019,1,74.5
2022-07-31,1022,5017,3,266.35
2022-07-31,1065,5038,3,81.05
2022-07-31,1065,5021,4,289.87
2022-07-31,1065,5009,2,133.99
2022-07-31,1065,5013,3,144.09
2022-08-07,1095,5024,1,18.46
2022-08-07,1095,5011,3,194.1
2022-08-07,1008,5019,2,106.3
2022-08-07,1100,5016,1,88.16
2022-08-07,1100,5033,4,274.28
2022-08-07,1091,5016,4,183.37
2022-08-07,1091,5031,1,86.85
2022-08-07,1091,5025,4,44.6
2022-08-07,1020,5034,4,69.18
2022-08-07,1020,5049,1,46.33
2022-08-07,1025,5024,2,68.91
2022-08-07,1025,5022,4,68.2
2022-08-07,1025,5045,3,165.98
2022-08-07,1025,5023,1,29.16
2022-08-07,1071,5005,2,190.35
2022-08-07,1071,5038,4,131.3
2022-08-07,1071,5034,4,258.41
2022-08-07,1079,5026,2,80.79
2022-08-07,1079,5023,2,63.06
2022-08-07,1079,5018,2,161.11
2022-08-07,1085,5034,1,48.48
2022-08-07,1085,5033,4,70.47
2022-08-07,1085,5050,3,255.7
2022-08-07,1085,5024,2,110.04
2022-08-07,1085,5009,4,217.25
2022-08-07,1035,5025,1,15.51
2022-08-07,1035,5025,2,95.22
2022-08-07,1014,5004,3,58.42
2022-08-07,1014,5030,2,93.61
2022-08-07,1014,5020,4,348.01
2022-08-07,1076,5027,4,230.29
2022-08-07,1076,5045,2,167.88
2022-08-07,1094,5012,4,339.61
2022-08-07,1094,5011,1,83.86
2022-08-07,1029,5010,4,188.35
2022-08-07,1029,5016,4,249.09
2022-08-07,1069,5009,1,54.03
2022-08-07,1069,5009,1,47.57
2022-08-07,1069,5009,2,168.43
2022-08-07,1069,5027,1,16.68
2022-08-07,1042,5018,2,179.65
2022-08-07,1042,5049,2,57.69
2022-08-14,1019,5047,3,296.31
2022-08-14,1019,5046,4,248.04
2022-08-14,1019,5008,3,171.14
2022-08-14,1031,5040,3,76.56
2022-08-14,1061,5018,1,65.87
2022-08-14,1061,5011,4,341.62
2022-08-14,1061,5043,2,152.9
2022-08-14,1047,5043,3,64.25
2022-08-14,1058,5013,1,13.02
2022-08-14,1058,5033,3,125.93
2022-08-14,1058,5005,4,326.48
2022-08-14,1081,5030,3,34.28
2022-08-14,1006,5010,3,287.62
2022-08-14,1006,5048,3,217.72
2022-08-14,1026,5050,4,375.1
2022-08-14,1049,5048,1,94.03
2022-08-14,1049,5011,3,247.75
2022-08-14,1037,5002,3,201.14
2022-08-14,1037,5016,1,56.48
2022-08-14,1015,5044,4,304.94
2022-08-14,1015,5037,4,396.31
2022-08-14,1085,5002,1,21.58
2022-08-14,1085,5042,4,287.72
2022-08-14,1096,5046,2,193.05
2022-08-14,1066,5048,1,45.24
2022-08-14,1066,5008,4,352.01
2022-08-14,1094,5029,1,40.08
2022-08-14,1094,5022,3,232.37
2022-08-14,1094,5001,1,82.3
2022-08-14,1094,5029,3,148.08
2022-08-14,1094,5048,2,101.99
2022-08-14,1098,5040,3,162.09
2022-08-21,1006,5044,1,38.47
2022-08-21,1089,5009,2,171.06
2022-08-21,1089,5007,3,232.27
2022-08-21,1085,5048,1,14.03
2022-08-21,1085,5022,2,154.4
2022-08-21,1085,5004,2,118.93
2022-08-21,1054,5035,4,178.16
2022-08-21,1023,5035,3,220.64
2022-08-21,1023,5045,1,45.92
2022-08-21,1023,5035,1,89.64
2022-08-21,1023,5028,2,78.42
2022-08-21,1029,5029,1,83.0
2022-08-21,1029,5024,4,217.2
2022-08-21,1029,5016,3,210.68
2022-08-21,1048,5009,3,157.66
2022-08-21,1048,5029,1,46.99
2022-08-21,1048,5026,1,49.26
2022-08-21,1050,5017,4,268.05
2022-08-21,1080,5020,2,151.07
2022-08-21,1065,5033,3,124.87
2022-08-21,1065,5019,1,42.34
2022-08-21,1008,5041,1,23.06
2022-08-21,1008,5041,4,90.71
2022-08-21,1049,5036,2,128.54
2022-08-21,1049,5019,4,322.5
2022-08-21,1049,5007,2,115.37
2022-08-21,1088,5007,1,33.51
2022-08-21,1088,5036,3,156.48
2022-08-21,1099,5029,2,25.9
2022-08-21,1098,5043,1,11.65
2022-08-21,1098,5007,1,73.83
2022-08-21,1098,5049,3,196.18
2022-08-21,1098,5009,3,215.84
2022-08-21,1010,5010,1,80.56
2022-08-21,1009,5012,1,96.5
2022-08-21,1009,5011,3,86.57
2022-08-21,1009,5002,4,145.26
2022-08-21,1009,5050,2,38.81
2022-08-21,1040,5026,4,62.48
2022-08-21,1040,5023,4,132.65
2022-08-28,1036,5033,4,358.33
2022-08-28,1036,5031,2,87.07
2022-08-28,1036,5006,4,250.91
2022-08-28,1036,5010,2,44.21
2022-08-28,1069,5001,2,197.89
2022-08-28,1069,5043,2,89.51
2022-08-28,1041,5026,2,195.27
2022-08-28,1041,5050,1,53.45
2022-08-28,1041,5014,4,140.97
2022-08-28,1041,5016,3,114.45
2022-08-28,1056,5032,1,61.04
2022-08-28,1056,5030,2,194.76
2022-08-28,1056,5045,1,81.15
2022-08-28,1056,5026,2,31.44
2022-08-28,1056,5036,4,261.66
2022-08-28,1056,5034,1,58.51
2022-08-28,1054,5042,1,68.04
2022-08-28,1018,5047,3,174.24
2022-08-28,1018,5025,1,27.71
2022-08-28,1096,5035,2,176.59
2022-08-28,1014,5049,3,54.64
2022-08-28,1014,5041,2,29.41
2022-08-28,1014,5017,3,59.21
2022-08-28,1042,5019,4,111.29
2022-08-28,1042,5006,3,40.89
2022-08-28,1042,5001,1,88.15
2022-08-28,1060,5029,1,40.64
2022-08-28,1055,5010,4,88.67
2022-08-28,1055,5031,2,80.3
2022-08-28,1045,5016,4,283.83
2022-08-28,1080,5006,1,94.33
2022-08-28,1080,5035,1,46.56
2022-08-28,1068,5020,1,60.2
2022-08-28,1068,5007,1,43.03
2022-08-28,1068,5016,2,121.31
2022-08-28,1068,5037,2,196.16
2022-08-28,1043,5045,1,25.14
2022-08-28,1043,5035,1,42.36
2022-08-28,1043,5015,3,235.59
2022-08-28,1049,5024,1,57.41
2022-08-28,1075,5032,4,131.17
2022-08-28,1038,5022,2,20.96
2022-08-28,1082,5015,1,70.1
2022-08-28,1082,5005,3,276.57
2022-08-28,1082,5003,4,324.71
2022-09-04,1025,5024,1,51.64
2022-09-04,1025,5011,1,61.82
2022-09-04,1095,5016,3,33.35
2022-09-04,1065,5006,4,353.91
2022-09-04,1070,5006,1,52.34
2022-09-04,1070,5019,3,72.8
2022-09-04,1070,5043,4,343.59
2022-09-04,1070,5041,4,124.02
2022-09-04,1032,5028,3,60.54
2022-09-04,1032,5017,1,52.85
2022-09-04,1032,5014,3,137.16
2022-09-04,1096,5027,3,144.33
2022-09-04,1096,5024,2,78.32
2022-09-04,1096,5035,4,278.65
2022-09-04,1004,5044,4,144.93
2022-09-04,1004,5028,4,72.47
2022-09-04,1072,5019,3,223.23
2022-09-04,1067,5005,2,101.81
2022-09-04,1067,5042,4,346.28
2022-09-04,1067,5045,1,31.74
2022-09-04,1067,5026,3,30.43
2022-09-04,1099,5026,1,23.49
2022-09-04,1099,5008,1,52.59
2022-09-04,1099,5043,4,122.1
2022-09-04,1099,5016,3,143.15
2022-09-04,1047,5016,3,222.44
2022-09-04,1047,5001,1,15.76
2022-09-04,1047,5013,4,218.99
2022-09-04,1015,5036,4,301.97
2022-09-04,1046,5027,1,14.77
2022-09-04,1014,5033,2,174.56
2022-09-04,1014,5046,2,63.55
2022-09-04,1038,5013,1,27.8
2022-09-04,1038,5009,4,384.45
2022-09-04,1038,5015,4,307.44
2022-09-04,1087,5027,4,141.5
2022-09-04,1087,5047,4,58.87
2022-09-04,1087,5016,4,354.37
2022-09-04,1087,5006,1,70.94
2022-09-04,1087,5033,2,137.02
2022-09-04,1061,5013,4,375.57
2022-09-04,1061,5009,1,13.2
2022-09-04,1090,5041,2,188.17
2022-09-11,1002,5011,2,51.45
2022-09-11,1002,5041,3,102.52
2022-09-11,1002,5028,3,299.82
2022-09-11,1002,5016,2,141.97
2022-09-11,1002,5041,2,138.68
2022-09-11,1073,5018,3,114.42
2022-09-11,1019,5034,1,81.78
2022-09-11,1010,5038,4,366.61
2022-09-11,1010,5004,3,32.34
2022-09-11,1049,5017,2,92.49
2022-09-11,1023,5022,4,173.07
2022-09-11,1023,5015,3,275.97
2022-09-11,1023,5041,1,61.45
2022-09-11,1023,5010,3,92.92
2022-09-11,1085,5015,1,19.2
2022-09-11,1085,5046,4,104.8
2022-09-11,1032,5034,1,41.09
2022-09-11,1032,5032,2,71.02
2022-09-11,1084,5033,4,392.24
2022-09-11,1084,5038,3,248.42
2022-09-11,1018,5024,1,59.2
2022-09-11,1018,5013,1,58.26
2022-09-11,1018,5032,2,75.08
2022-09-11,1045,5044,2,99.34
2022-09-11,1045,5044,4,233.38
2022-09-11,1045,5014,3,136.6
2022-09-11,1045,5034,2,178.48
2022-09-11,1078,5008,2,22.35
2022-09-11,1078,5014,1,25.97
2022-09-11,1062,5004,3,76.0
2022-09-11,1062,5002,3,68.8
2022-09-11,1062,5003,4,93.42
2022-09-11,1090,5050,2,75.7
2022-09-11,1090,5028,3,80.78
2022-09-11,1090,5019,4,48.81
2022-09-11,1090,5004,1,33.74
2022-09-11,1090,5022,3,109.15
2022-09-11,1041,5008,4,189.64
2022-09-11,1030,5038,2,154.68
2022-09-11,1030,5033,1,76.96
2022-09-18,1095,5045,3,152.11
2022-09-18,1095,5029,3,163.87
2022-09-18,1039,5032,2,181.25
2022-09-18,1097,5020,4,48.33
2022-09-18,1082,5029,4,132.98
2022-09-18,1082,5019,4,92.89
2022-09-18,1066,5014,1,13.65
2022-09-18,1066,5005,4,279.98
2022-09-18,1078,5014,2,131.65
2022-09-18,1016,5047,4,153.06
2022-09-18,1032,5024,2,74.27
2022-09-18,1029,5016,4,158.44
2022-09-18,1029,5011,2,171.55
2022-09-18,1055,5027,2,112.08
2022-09-18,1006,5013,1,81.84
2022-09-18,1041,5036,1,88.87
2022-09-18,1041,5030,4,85.42
2022-09-18,1007,5032,1,15.52
2022-09-18,1018,5024,2,42.38
2022-09-18,1018,5044,3,143.42
2022-09-18,1075,5030,3,94.47
2022-09-18,1058,5028,3,66.17
2022-09-18,1058,5029,3,56.58
2022-09-18,1058,5023,3,279.66
2022-09-18,1058,5018,3,71.53
2022-09-18,1058,5035,3,119.91
2022-09-18,1059,5049,1,49.86
2022-09-18,1067,5044,4,75.88
2022-09-18,1067,5025,4,182.37
2022-09-18,1067,5015,3,294.73
2022-09-25,1073,5023,1,71.06
2022-09-25,1003,5033,4,158.35
2022-09-25,1003,5041,2,143.73
2022-09-25,1067,5009,1,79.63
2022-09-25,1011,5031,3,284.5
2022-09-25,1011,5014,2,112.26
2022-09-25,1051,5028,1,24.88
2022-09-25,1051,5016,1,43.65
2022-09-25,1051,5012,4,375.5
2022-09-25,1082,5017,1,54.83
2022-09-25,1082,5048,3,235.38
2022-09-25,1082,5049,4,172.1
2022-09-25,1082,5020,1,69.35
2022-09-25,1042,5006,3,196.54
2022-09-25,1081,5019,3,174.05
2022-09-25,1081,5028,3,169.76
2022-09-25,1045,5007,1,13.73
2022-09-25,1045,5048,4,295.68
2022-09-25,1099,5016,1,67.07
2022-09-25,1099,5017,1,23.08
2022-09-25,1099,5022,4,194.71
2022-09-25,1054,5026,2,97.82
2022-09-25,1054,5021,2,113.01
2022-09-25,1083,5014,3,109.0
2022-09-25,1083,5040,1,87.32
2022-09-25,1017,5023,3,279.07
2022-09-25,1018,5039,2,110.91
2022-09-25,1018,5006,3,128.45
2022-09-25,1018,5002,3,269.38
2022-09-25,1027,5007,4,314.78
2022-09-25,1027,5034,3,282.03
2022-09-25,1027,5048,1,40.42
2022-09-25,1093,5045,1,45.91
2022-09-25,1093,5005,1,82.22
2022-09-25,1024,5021,2,128.25
2022-09-25,1094,5023,2,88.08
2022-09-25,1100,5006,4,92.1
2022-09-25,1100,5016,1,48.95
2022-09-25,1100,5002,1,74.57
2022-10-02,1075,5048,4,43.08
2022-10-02,1081,5026,1,70.47
2022-10-02,1013,5041,1,83.28
2022-10-02,1013,5013,3,156.85
2022-10-02,1071,5012,2,122.7
2022-10-02,1071,5048,3,266.75
2022-10-02,1071,5003,4,255.75
2022-10-02,1069,5050,2,186.83
2022-10-02,1069,5003,3,187.42
2022-10-02,1015,5035,3,118.94
2022-10-02,1015,5032,4,202.51
2022-10-02,1022,5042,4,231.56
2022-10-02,1022,5035,4,336.19
2022-10-02,1098,5012,1,20.83
2022-10-02,1098,5027,3,63.1
2022-10-02,1007,5006,4,218.64
2022-10-02,1007,5020,1,47.3
2022-10-02,1007,5011,2,145.19
2022-10-02,1035,5046,1,84.93
2022-10-02,1035,5037,4,268.07
2022-10-02,1035,5021,3,266.7
2022-10-02,1035,5014,1,79.37
2022-10-02,1056,5019,3,239.21
2022-10-02,1057,5016,3,182.97
2022-10-02,1057,5017,1,23.14
2022-10-02,1057,5019,2,59.53
2022-10-02,1016,5014,4,161.02
2022-10-02,1016,5037,4,272.08
2022-10-02,1064,5037,2,171.37
2022-10-02,1064,5048,1,64.99
2022-10-02,1064,5048,4,208.25
2022-10-02,1051,5016,2,117.41
2022-10-02,1051,5015,4,75.46
2022-10-02,1051,5005,4,324.83
2022-10-02,1051,5006,1,86.19
2022-10-02,1049,5026,4,357.04
2022-10-02,1049,5002,3,124.87
2022-10-02,1082,5011,1,43.11
2022-10-02,1061,5017,4,273.47
2022-10-09,1006,5027,2,102.9
2022-10-09,1006,5022,4,229.55
2022-10-09,1006,5039,3,215.47
2022-10-09,1006,5027,3,257.21
2022-10-09,1077,5030,2,73.48
2022-10-09,1017,5020,1,15.34
2022-10-09,1020,5030,1,10.73
2022-10-09,1020,5038,4,237.67
2022-10-09,1020,5006,3,131.32
2022-10-09,1035,5021,4,241.13
2022-10-09,1030,5011,4,146.69
2022-10-09,1030,5017,1,72.68
2022-10-09,1055,5048,2,89.45
2022-10-09,1067,5020,1,14.01
2022-10-09,1073,5036,2,46.35
2022-10-09,1073,5008,3,125.85
2022-10-09,1073,5040,1,33.06
2022-10-09,1071,5042,4,304.83
2022-10-09,1071,5026,4,204.75
2022-10-09,1071,5021,1,95.92
2022-10-09,1023,5008,3,250.1
2022-10-09,1023,5048,4,182.69
2022-10-09,1023,5033,1,35.19
2022-10-09,1023,5038,1,71.99
2022-10-09,1034,5009,1,77.77
2022-10-09,1046,5047,2,169.76
2022-10-09,1046,5005,2,103.57
2022-10-09,1046,5045,3,86.64
2022-10-16,1006,5018,3,230.56
2022-10-16,1041,5006,3,69.02
2022-10-16,1074,5022,1,55.92
2022-10-16,1074,5024,4,120.88
2022-10-16,1074,5040,2,91.44
2022-10-16,1071,5021,2,29.91
2022-10-16,1004,5024,3,206.5
2022-10-16,1004,5034,1,84.5
2022-10-16,1093,5008,1,52.08
2022-10-16,1100,5038,4,199.18
2022-10-16,1100,5026,3,157.15
2022-10-16,1100,5024,1,76.74
2022-10-16,1100,5039,3,181.91
2022-10-16,1070,5004,4,96.97
2022-10-16,1070,5045,1,71.95
2022-10-16,1024,5005,2,23.33
2022-10-16,1024,5003,3,246.83
2022-10-16,1097,5002,3,131.62
2022-10-16,1097,5044,1,47.47
2022-10-16,1094,5012,3,170.25
2022-10-16,1094,5046,2,87.21
2022-10-16,1094,5048,1,27.6
2022-10-16,1094,5010,2,187.52
2022-10-16,1079,5036,3,126.97
2022-10-16,1017,5042,1,47.08
2022-10-16,1008,5006,3,134.75
2022-10-16,1008,5045,2,96.36
2022-10-16,1092,5044,2,125.69
2022-10-23,1041,5050,2,158.32
2022-10-23,1041,5004,4,394.7
2022-10-23,1041,5002,3,95.53
2022-10-23,1041,5035,1,16.29
2022-10-23,1002,5009,3,285.82
2022-10-23,1002,5012,2,83.97
2022-10-23,1092,5020,3,78.71
2022-10-23,1088,5019,3,168.89
2022-10-23,1088,5007,2,199.13
2022-10-23,1058,5044,2,97.7
2022-10-23,1058,5009,1,58.81
2022-10-23,1070,5027,4,220.77
2022-10-23,1079,5002,4,135.24
2022-10-23,1030,5036,2,194.87
2022-10-23,1030,5001,2,141.65
2022-10-23,1030,5014,4,194.51
2022-10-23,1030,5009,3,229.48
2022-10-23,1053,5014,4,319.83
2022-10-23,1053,5018,2,178.0
2022-10-23,1053,5008,3,190.93
2022-10-23,1054,5032,2,175.32
2022-10-23,1054,5029,2,55.71
2022-10-23,1044,5016,2,93.68
2022-10-23,1044,5001,3,224.08
2022-10-23,1044,5048,1,99.6
2022-10-23,1098,5015,1,71.25
2022-10-23,1098,5046,4,186.45
2022-10-23,1098,5042,1,17.63
2022-10-23,1042,5028,3,274.07
2022-10-23,1031,5045,4,375.98
2022-10-23,1031,5006,4,392.2
2022-10-23,1031,5037,3,31.36
2022-10-23,1031,5037,2,80.32
2022-10-23,1031,5033,3,275.92
2022-10-23,1065,5018,1,33.7
2022-10-23,1069,5013,3,45.71
2022-10-23,1097,5034,1,29.55
2022-10-23,1097,5038,3,211.82
2022-10-23,1097,5022,2,70.21
2022-10-30,1100,5010,1,81.25
2022-10-30,1100,5023,3,188.78
2022-10-30,1076,5028,3,77.94
2022-10-30,1076,5045,2,44.46
2022-10-30,1076,5050,3,183.31
2022-10-30,1060,5022,4,257.2
2022-10-30,1060,5031,4,198.01
2022-10-30,1060,5023,1,88.34
2022-10-30,1060,5019,4,119.2
2022-10-30,1060,5004,3,109.22
2022-10-30,1003,5042,1,91.55
2022-10-30,1003,5047,1,87.19
2022-10-30,1010,5032,1,92.3
2022-10-30,1010,5036,3,158.69
2022-10-30,1010,5050,3,115.61
2022-10-30,1046,5011,4,255.25
2022-10-30,1046,5022,2,79.88
2022-10-30,1024,5038,1,19.07
2022-10-30,1079,5008,3,275.51
2022-10-30,1095,5041,1,90.35
2022-10-30,1002,5049,4,261.86
2022-10-30,1002,5027,4,277.33
2022-10-30,1006,5030,4,226.92
2022-10-30,1006,5045,1,22.67
2022-10-30,1004,5008,3,197.22
2022-10-30,1005,5028,3,296.01
2022-10-30,1068,5034,3,115.51
2022-10-30,1068,5045,1,75.5
2022-10-30,1068,5048,3,187.46
2022-10-30,1068,5034,4,293.0
2022-10-30,1029,5020,1,76.86
2022-10-30,1055,5004,2,99.59
2022-10-30,1055,5022,3,99.99
2022-10-30,1055,5039,2,125.92
2022-10-30,1055,5036,1,41.32
2022-10-30,1094,5017,3,59.12
2022-10-30,1094,5018,4,119.66
2022-10-30,1094,5020,4,165.29
2022-10-30,1053,5049,2,194.98
2022-10-30,1053,5049,2,107.98
2022-10-30,1053,5036,3,121.19
2022-10-30,1053,5017,2,106.85
2022-11-06,1043,5048,4,130.16
2022-11-06,1043,5039,2,135.21
2022-11-06,1043,5010,4,93.11
2022-11-06,1047,5021,4,227.21
2022-11-06,1010,5021,3,230.78
2022-11-06,1050,5043,4,346.4
2022-11-06,1050,5035,4,97.47
2022-11-06,1050,5040,1,75.06
2022-11-06,1100,5049,4,363.01
2022-11-06,1100,5038,2,183.14
2022-11-06,1100,5047,3,219.06
2022-11-06,1037,5029,2,72.48
2022-11-06,1096,5029,1,88.12
2022-11-06,1055,5001,4,177.81
2022-11-06,1055,5044,4,349.78
2022-11-06,1055,5020,3,151.97
2022-11-06,1058,5018,4,339.31
2022-11-06,1092,5044,4,301.43
2022-11-06,1092,5043,1,97.03
2022-11-06,1006,5013,1,11.79
2022-11-06,1036,5042,4,279.86
2022-11-06,1036,5034,3,188.73
2022-11-06,1088,5036,3,168.91
2022-11-06,1088,5013,1,94.81
2022-11-06,1001,5037,1,14.86
2022-11-06,1080,5041,3,198.41
2022-11-06,1080,5027,2,128.67
2022-11-06,1080,5028,2,97.48
2022-11-06,1080,5026,2,199.46
2022-11-06,1060,5030,2,178.96
2022-11-06,1060,5014,3,212.84
2022-11-06,1060,5023,2,167.76
2022-11-06,1060,5011,3,266.01
2022-11-06,1060,5031,4,95.57
2022-11-06,1063,5030,1,75.18
2022-11-06,1063,5006,2,28.38
2022-11-06,1063,5002,3,275.23
2022-11-06,1091,5021,1,45.04
2022-11-06,1091,5048,4,231.56
2022-11-13,1069,5021,1,88.15
2022-11-13,1027,5010,4,217.05
2022-11-13,1027,5041,1,97.23
2022-11-13,1027,5024,1,24.3
2022-11-13,1027,5040,3,204.15
2022-11-13,1027,5024,3,71.34
2022-11-13,1068,5047,3,181.98
2022-11-13,1068,5041,1,31.36
2022-11-13,1061,5015,3,104.18
2022-11-13,1061,5036,3,192.28
2022-11-13,1061,5027,2,56.95
2022-11-13,1061,5006,2,171.28
2022-11-13,1097,5005,4,360.2
2022-11-13,1097,5004,4,271.04
2022-11-13,1066,5039,4,163.99
2022-11-13,1066,5026,4,375.18
2022-11-13,1066,5043,3,260.31
2022-11-13,1046,5046,1,10.09
2022-11-13,1046,5041,4,382.9
2022-11-13,1046,5015,1,89.25
2022-11-13,1043,5046,1,23.04
2022-11-13,1086,5013,1,57.27
2022-11-13,1083,5047,4,327.46
2022-11-13,1083,5040,2,98.49
2022-11-13,1083,5033,2,173.54
2022-11-13,1017,5026,1,39.41
2022-11-13,1037,5043,3,58.01
2022-11-13,1037,5005,4,377.36
2022-11-13,1037,5030,2,116.05
2022-11-13,1037,5049,2,64.37
2022-11-13,1081,5027,3,167.56
2022-11-13,1070,5041,4,298.92
2022-11-13,1070,5023,2,112.32
2022-11-13,1070,5047,4,64.19
2022-11-13,1070,5009,3,62.83
2022-11-13,1039,5039,1,39.01
2022-11-13,1039,5033,1,58.98
2022-11-13,1095,5030,3,270.87
2022-11-13,1095,5018,1,13.88
2022-11-13,1095,5035,4,313.17
2022-11-13,1095,5003,3,137.5
2022-11-13,1095,5012,1,63.72
2022-11-13,1022,5037,4,260.5
2022-11-13,1022,5038,4,101.51
2022-11-13,1011,5021,3,163.54
2022-11-13,1089,5046,4,208.47
2022-11-20,1084,5007,2,74.61
2022-11-20,1062,5012,2,124.24
2022-11-20,1024,5002,1,49.96
2022-11-20,1024,5028,3,223.66
2022-11-20,1003,5050,1,53.65
2022-11-20,1065,5022,4,345.17
2022-11-20,1065,5041,2,197.06
2022-11-20,1095,5007,3,282.33
2022-11-20,1095,5037,4,234.74
2022-11-20,1090,5017,4,252.02
2022-11-20,1090,5014,1,68.63
2022-11-20,1090,5002,2,64.15
2022-11-20,1010,5048,1,29.35
2022-11-20,1096,5043,4,317.85
2022-11-20,1093,5007,1,11.34
2022-11-20,1093,5006,1,32.26
2022-11-20,1029,5008,1,81.88
2022-11-20,1029,5049,4,397.08
2022-11-20,1026,5032,2,86.73
2022-11-20,1026,5028,2,24.03
2022-11-20,1026,5028,3,74.75
2022-11-20,1057,5005,3,199.15
2022-11-20,1005,5047,3,232.43
2022-11-20,1005,5039,2,157.17
2022-11-20,1064,5014,1,27.59
2022-11-20,1023,5020,2,144.88
2022-11-20,1023,5010,2,49.8
2022-11-27,1050,5047,3,108.64
2022-11-27,1050,5039,4,148.34
2022-11-27,1050,5034,3,190.9
2022-11-27,1085,5022,2,190.8
2022-11-27,1085,5037,4,360.3
2022-11-27,1087,5034,2,93.44
2022-11-27,1087,5004,4,86.29
2022-11-27,1039,5045,2,114.37
2022-11-27,1039,5041,2,55.94
2022-11-27,1077,5007,1,79.48
2022-11-27,1077,5014,4,347.66
2022-11-27,1077,5006,1,81.92
2022-11-27,1048,5016,3,270.05
2022-11-27,1048,5007,2,196.24
2022-11-27,1025,5005,1,73.79
2022-11-27,1025,5029,4,223.89
2022-11-27,1025,5011,3,193.65
2022-11-27,1028,5017,4,334.04
2022-11-27,1028,5010,2,26.96
2022-11-27,1047,5016,4,307.96
2022-11-27,1047,5017,1,37.37
2022-11-27,1047,5007,3,255.06
2022-11-27,1078,5018,3,134.57
2022-11-27,1078,5029,4,115.81
2022-11-27,1054,5013,2,170.2
2022-11-27,1054,5045,2,106.68
2022-11-27,1054,5030,4,95.04
2022-11-27,1018,5019,4,280.47
2022-11-27,1095,5041,4,374.59
2022-11-27,1095,5044,1,30.7
2022-11-27,1095,5023,3,147.07
2022-11-27,1055,5044,2,30.84
2022-11-27,1055,5044,4,259.32
2022-11-27,1036,5018,4,213.17
2022-11-27,1036,5031,4,117.31
2022-11-27,1091,5008,2,182.8
2022-11-27,1091,5040,4,348.99
2022-11-27,1091,5032,4,47.3
2022-11-27,1091,5029,2,63.7
2022-11-27,1091,5007,1,37.99
2022-11-27,1075,5003,3,45.7
2022-11-27,1100,5028,4,69.1
2022-11-27,1100,5032,3,285.37
2022-11-27,1100,5025,1,46.32
2022-12-04,1014,5001,3,34.23
2022-12-04,1099,5013,4,136.24
2022-12-04,1048,5038,4,133.32
2022-12-04,1048,5042,1,74.12
2022-12-04,1086,5001,4,100.06
2022-12-04,1086,5015,2,154.9
2022-12-04,1067,5010,1,94.34
2022-12-04,1067,5036,1,43.51
2022-12-04,1080,5022,3,39.02
2022-12-04,1045,5032,4,387.76
2022-12-04,1045,5021,2,28.2
2022-12-04,1001,5009,2,59.05
2022-12-04,1001,5007,3,298.96
2022-12-04,1024,5009,1,74.66
2022-12-04,1092,5040,3,244.53
2022-12-04,1092,5049,1,52.35
2022-12-04,1092,5045,3,157.05
2022-12-04,1016,5004,4,56.58
2022-12-04,1016,5014,3,127.79
2022-12-04,1016,5016,2,77.36
2022-12-04,1002,5050,4,270.98
2022-12-04,1002,5033,2,174.93
2022-12-04,1068,5024,1,57.59
2022-12-04,1068,5044,4,381.96
2022-12-04,1013,5043,1,91.2
2022-12-04,1013,5006,2,173.23
2022-12-04,1013,5009,2,175.9
2022-12-04,1071,5026,2,161.5
2022-12-04,1071,5031,2,189.56
2022-12-04,1071,5026,1,28.4
2022-12-04,1071,5032,2,23.64
2022-12-04,1026,5022,3,249.32
2022-12-04,1026,5031,4,259.42
2022-12-11,1057,5010,3,194.62
2022-12-11,1023,5047,1,57.62
2022-12-11,1038,5003,1,25.39
2022-12-11,1038,5005,3,210.46
2022-12-11,1046,5021,3,127.5
2022-12-11,1081,5030,3,271.87
2022-12-11,1081,5021,1,13.06
2022-12-11,1081,5001,4,148.94
2022-12-11,1081,5025,4,161.73
2022-12-11,1081,5032,2,150.81
2022-12-11,1054,5048,3,70.47
2022-12-11,1054,5030,2,157.35
2022-12-11,1032,5035,3,236.7
2022-12-11,1032,5015,2,67.25
2022-12-11,1032,5028,3,217.44
2022-12-11,1007,5039,2,28.53
2022-12-11,1007,5020,4,294.56
2022-12-11,1083,5043,3,98.59
2022-12-11,1083,5018,3,153.68
2022-12-11,1089,5032,2,150.42
2022-12-11,1089,5036,3,36.24
2022-12-11,1052,5021,4,305.21
2022-12-11,1052,5023,1,51.84
2022-12-11,1091,5017,3,92.61
2022-12-11,1091,5040,1,11.72
2022-12-11,1091,5002,2,76.47
2022-12-11,1091,5049,3,70.05
2022-12-11,1091,5050,1,85.32
2022-12-11,1033,5029,4,302.72
2022-12-11,1064,5008,2,52.08
2022-12-11,1017,5022,3,128.04
2022-12-11,1017,5016,1,20.39
2022-12-11,1017,5012,4,92.16
2022-12-11,1082,5049,4,185.47
2022-12-11,1082,5004,3,245.8
2022-12-18,1083,5004,1,50.41
2022-12-18,1083,5004,4,265.86
2022-12-18,1083,5029,3,65.26
2022-12-18,1021,5037,2,192.76
2022-12-18,1021,5027,1,53.58
2022-12-18,1021,5022,4,293.93
2022-12-18,1021,5005,3,141.95
2022-12-18,1016,5039,1,48.77
2022-12-18,1016,5009,2,38.12
2022-12-18,1095,5034,1,88.24
2022-12-18,1045,5025,4,161.09
2022-12-18,1099,5023,1,71.77
2022-12-18,1066,5003,1,84.05
2022-12-18,1066,5028,4,293.07
2022-12-18,1028,5007,4,153.21
2022-12-18,1039,5011,3,212.41
2022-12-18,1039,5031,3,138.24
2022-12-18,1039,5004,1,94.89
2022-12-18,1069,5041,2,68.73
2022-12-18,1069,5012,4,290.92
2022-12-18,1069,5030,1,89.6
2022-12-18,1069,5033,4,225.07
2022-12-18,1057,5033,3,120.51
2022-12-18,1057,5041,3,30.95
2022-12-18,1011,5046,3,247.06
2022-12-18,1011,5003,1,73.84
2022-12-18,1052,5048,2,148.26
2022-12-18,1052,5031,2,156.17
2022-12-18,1063,5008,3,259.89
2022-12-18,1063,5045,4,272.32
2022-12-18,1063,5034,3,190.41
2022-12-18,1063,5032,4,162.07
2022-12-18,1056,5047,4,202.22
2022-12-18,1055,5049,1,83.1
2022-12-18,1055,5039,2,156.99
2022-12-18,1055,5039,1,60.83
2022-12-18,1071,5047,1,40.37
2022-12-18,1071,5021,1,88.28
2022-12-18,1034,5003,4,107.73
2022-12-18,1034,5001,3,233.68
2022-12-25,1011,5043,3,133.37
2022-12-25,1011,5046,2,92.54
2022-12-25,1011,5024,4,143.03
2022-12-25,1011,5010,1,42.33
2022-12-25,1096,5002,1,90.07
2022-12-25,1061,5044,2,160.71
2022-12-25,1061,5031,2,74.97
2022-12-25,1061,5021,4,339.9
2022-12-25,1061,5041,3,50.8
2022-12-25,1017,5017,1,17.23
2022-12-25,1017,5003,2,62.62
2022-12-25,1017,5034,1,77.37
2022-12-25,1017,5040,1,95.28
2022-12-25,1091,5025,1,39.6
2022-12-25,1046,5012,2,179.32
2022-12-25,1046,5024,3,120.41
2022-12-25,1041,5044,3,58.79
2022-12-25,1041,5035,3,208.5
2022-12-25,1041,5049,2,134.49
2022-12-25,1019,5014,1,68.69
2022-12-25,1019,5034,2,145.17
2022-12-25,1019,5048,1,79.13
2022-12-25,1019,5011,4,83.59
2022-12-25,1019,5013,1,78.47
2022-12-25,1038,5001,2,109.4
2022-12-25,1038,5006,3,112.83
2022-12-25,1038,5011,1,91.38
2022-12-25,1020,5019,4,333.06
2022-12-25,1020,5049,1,24.6
2022-12-25,1020,5001,3,41.55
2022-12-25,1020,5038,4,359.26
2022-12-25,1020,5019,1,58.0
2022-12-25,1048,5001,2,171.04
2022-12-25,1048,5016,2,189.97
2022-12-25,1048,5018,4,289.94
2022-12-25,1012,5016,1,73.6
2022-12-25,1012,5035,3,32.76
2022-12-25,1010,5008,3,112.62
2023-01-01,1016,5001,2,106.31
2023-01-01,1016,5025,1,81.04
2023-01-01,1016,5002,4,256.72
2023-01-01,1085,5049,1,31.7
2023-01-01,1085,5037,3,246.84
2023-01-01,1085,5040,3,104.24
2023-01-01,1085,5044,2,174.13
2023-01-01,1050,5013,4,40.06
2023-01-01,1034,5033,4,147.24
2023-01-01,1015,5025,1,36.62
2023-01-01,1015,5009,3,159.77
2023-01-01,1015,5017,3,216.79
2023-01-01,1074,5022,4,348.37
2023-01-01,1074,5047,3,84.85
2023-01-01,1074,5037,4,261.68
2023-01-01,1074,5030,2,198.05
2023-01-01,1074,5046,3,42.96
2023-01-01,1072,5038,1,18.86
2023-01-01,1072,5023,4,76.86
2023-01-01,1003,5047,3,94.45
2023-01-01,1003,5008,3,230.71
2023-01-01,1079,5005,2,146.79
2023-01-01,1079,5036,2,107.18
2023-01-01,1079,5026,2,69.99
2023-01-01,1093,5020,3,76.82
2023-01-01,1078,5022,2,143.1
2023-01-01,1051,5029,2,28.18
2023-01-01,1051,5032,1,86.24
2023-01-01,1051,5031,3,189.06
2023-01-01,1055,5010,2,177.18
2023-01-01,1055,5049,1,66.03
2023-01-01,1055,5049,3,146.39
2023-01-01,1055,5050,2,100.56
2023-01-01,1095,5008,4,246.23
2023-01-01,1095,5031,2,90.51
2023-01-08,1074,5036,2,123.48
2023-01-08,1074,5026,2,162.74
2023-01-08,1074,5027,2,42.57
2023-01-08,1099,5043,4,184.5
2023-01-08,1081,5022,3,278.53
2023-01-08,1081,5039,4,108.17
2023-01-08,1081,5009,2,99.42
2023-01-08,1010,5017,3,179.52
2023-01-08,1036,5035,1,14.85
2023-01-08,1008,5045,1,67.08
2023-01-08,1020,5011,2,138.69
2023-01-08,1020,5010,1,20.68
2023-01-08,1020,5017,2,196.3
2023-01-08,1020,5036,4,195.25
2023-01-08,1042,5042,4,318.38
2023-01-08,1042,5001,4,136.3
2023-01-08,1042,5032,3,271.81
2023-01-08,1059,5008,3,144.63
2023-01-08,1049,5039,4,136.97
2023-01-08,1049,5024,1,62.08
2023-01-08,1049,5018,4,206.86
2023-01-08,1049,5035,2,133.7
2023-01-08,1034,5033,3,255.65
2023-01-08,1092,5045,1,65.4
2023-01-08,1017,5003,2,192.35
2023-01-08,1017,5005,4,86.59
2023-01-08,1017,5025,4,288.47
2023-01-08,1079,5027,1,39.16
2023-01-08,1079,5008,2,33.98
2023-01-08,1063,5050,1,95.19
2023-01-08,1019,5016,2,155.58
2023-01-08,1019,5016,1,34.9
2023-01-15,1096,5039,1,10.82
2023-01-15,1056,5021,2,163.55
2023-01-15,1056,5045,4,156.16
2023-01-15,1036,5015,4,64.66
2023-01-15,1036,5010,2,85.38
2023-01-15,1036,5035,2,136.71
2023-01-15,1036,5029,2,186.33
2023-01-15,1021,5033,1,70.45
2023-01-15,1021,5007,3,204.54
2023-01-15,1021,5024,2,198.18
2023-01-15,1069,5039,4,315.44
2023-01-15,1095,5035,3,139.13
2023-01-15,1095,5049,1,98.96
2023-01-15,1088,5026,3,162.59
2023-01-15,1050,5024,1,94.98
2023-01-15,1070,5044,3,166.38
2023-01-15,1070,5034,1,48.06
2023-01-15,1047,5022,2,178.36
2023-01-15,1046,5023,3,291.92
2023-01-15,1046,5010,1,96.95
2023-01-15,1046,5005,1,22.63
2023-01-15,1013,5004,4,322.13
2023-01-15,1027,5047,2,192.18
2023-01-15,1027,5018,3,215.89
2023-01-15,1014,5013,3,122.12
2023-01-15,1014,5024,1,87.82
2023-01-15,1014,5005,2,166.17
2023-01-15,1020,5041,4,109.86
2023-01-15,1011,5007,3,160.48
2023-01-15,1011,5031,2,46.15
2023-01-15,1011,5002,4,321.98
2023-01-15,1068,5020,3,51.01
2023-01-15,1081,5033,1,47.85
2023-01-22,1067,5028,1,84.36
2023-01-22,1023,5044,3,70.41
2023-01-22,1023,5050,2,35.45
2023-01-22,1023,5032,2,96.48
2023-01-22,1003,5005,3,297.33
2023-01-22,1087,5001,3,178.86
2023-01-22,1087,5019,4,203.42
2023-01-22,1059,5031,2,142.0
2023-01-22,1086,5008,3,254.14
2023-01-22,1086,5015,2,89.04
2023-01-22,1055,5030,3,166.83
2023-01-22,1076,5034,2,73.84
2023-01-22,1076,5034,1,58.79
2023-01-22,1076,5020,4,224.25
2023-01-22,1002,5005,2,188.66
2023-01-22,1002,5002,2,139.77
2023-01-22,1032,5030,3,146.81
2023-01-22,1032,5037,1,16.43
2023-01-22,1032,5039,1,48.28
2023-01-22,1008,5047,2,136.67
2023-01-22,1038,5018,4,44.56
2023-01-22,1016,5004,1,68.79
2023-01-22,1052,5021,1,69.56
2023-01-22,1030,5005,2,66.21
2023-01-22,1030,5032,1,81.94
2023-01-22,1044,5008,1,36.05
2023-01-22,1044,5009,1,99.25
2023-01-29,1089,5009,1,63.94
2023-01-29,1089,5022,1,76.44
2023-01-29,1044,5013,4,233.65
2023-01-29,1025,5029,3,222.97
2023-01-29,1025,5024,1,46.36
2023-01-29,1002,5024,4,347.91
2023-01-29,1002,5050,2,91.03
2023-01-29,1002,5018,1,14.29
2023-01-29,1002,5045,1,50.95
2023-01-29,1077,5025,1,55.47
2023-01-29,1021,5003,2,177.69
2023-01-29,1012,5043,2,107.1
2023-01-29,1012,5049,3,49.39
2023-01-29,1012,5029,4,241.09
2023-01-29,1022,5008,4,198.53
2023-01-29,1022,5021,3,86.81
2023-01-29,1022,5046,3,130.91
2023-01-29,1022,5035,2,135.13
2023-01-29,1073,5044,3,91.45
2023-01-29,1050,5015,4,376.93
2023-01-29,1050,5045,3,227.89
2023-01-29,1050,5020,4,133.2
2023-01-29,1068,5043,3,245.26
2023-01-29,1068,5050,3,194.67
2023-01-29,1036,5007,2,98.59
2023-01-29,1076,5044,4,61.04
2023-01-29,1076,5015,1,65.17
2023-01-29,1085,5041,1,55.66
2023-01-29,1046,5017,4,157.81
2023-01-29,1081,5023,4,286.58
2023-01-29,1064,5027,1,78.66
2023-01-29,1064,5024,1,90.52
2023-01-29,1064,5007,2,112.95
2023-01-29,1064,5006,4,310.01
2023-01-29,1064,5046,2,23.5
2023-01-29,1095,5034,1,65.2
2023-01-29,1095,5040,4,139.58
2023-01-29,1095,5001,3,199.46
2023-01-29,1095,5029,1,37.84
2023-01-29,1095,5036,3,126.97
2023-01-29,1095,5037,3,188.38
2023-01-29,1095,5029,3,78.2
2023-02-05,1080,5031,4,226.0
2023-02-05,1080,5018,1,82.22
2023-02-05,1026,5043,3,121.55
2023-02-05,1039,5017,2,187.69
2023-02-05,1039,5018,1,56.81
2023-02-05,1008,5043,3,209.61
2023-02-05,1008,5021,2,31.12
2023-02-05,1008,5003,1,43.41
2023-02-05,1052,5050,2,175.99
2023-02-05,1052,5016,3,161.91
2023-02-05,1052,5004,2,32.94
2023-02-05,1052,5008,3,121.68
2023-02-05,1048,5028,3,58.87
2023-02-05,1048,5038,2,176.94
2023-02-05,1048,5048,3,269.57
2023-02-05,1048,5028,2,80.94
2023-02-05,1071,5009,3,190.98
2023-02-05,1071,5044,4,324.7
2023-02-05,1072,5048,1,99.65
2023-02-05,1072,5012,2,157.64
2023-02-05,1053,5043,2,111.16
2023-02-05,1053,5038,3,204.31
2023-02-05,1011,5046,4,85.11
2023-02-05,1011,5019,4,328.25
2023-02-05,1011,5024,1,89.33
2023-02-05,1002,5028,4,240.9
2023-02-05,1002,5022,2,31.69
2023-02-05,1028,5044,4,70.73
2023-02-05,1028,5041,4,51.28
2023-02-05,1028,5034,4,261.7
2023-02-05,1028,5045,4,199.75
2023-02-05,1028,5013,3,220.81
2023-02-05,1062,5040,2,136.55
2023-02-05,1062,5016,2,62.69
2023-02-05,1062,5032,2,122.2
2023-02-05,1062,5037,2,132.38
2023-02-05,1041,5022,1,83.35
2023-02-05,1098,5004,2,185.81
2023-02-05,1098,5003,3,168.1
2023-02-05,1098,5049,2,99.86
2023-02-05,1076,5023,4,363.92
2023-02-05,1087,5014,1,44.52
2023-02-05,1087,5035,2,47.96
2023-02-12,1046,5049,2,117.96
2023-02-12,1046,5024,4,137.86
2023-02-12,1024,5007,2,107.12
2023-02-12,1024,5012,3,110.17
2023-02-12,1024,5019,1,10.37
2023-02-12,1026,5028,4,101.14
2023-02-12,1026,5014,4,331.53
2023-02-12,1026,5014,1,99.79
2023-02-12,1027,5024,1,51.55
2023-02-12,1002,5015,1,74.13
2023-02-12,1042,5001,2,98.56
2023-02-12,1042,5014,4,302.34
2023-02-12,1042,5029,4,159.13
2023-02-12,1042,5003,4,275.73
2023-02-12,1099,5035,3,178.99
2023-02-12,1099,5002,1,42.56
2023-02-12,1084,5012,1,70.14
2023-02-12,1084,5023,2,123.3
2023-02-12,1028,5023,3,269.07
2023-02-12,1028,5045,1,51.51
2023-02-12,1029,5034,1,93.21
2023-02-12,1029,5023,3,42.21
2023-02-12,1029,5048,1,49.06
2023-02-12,1087,5015,1,58.39
2023-02-12,1087,5004,4,313.03
2023-02-12,1051,5045,3,136.83
2023-02-12,1047,5013,2,115.78
2023-02-12,1082,5005,3,110.27
2023-02-12,1082,5035,4,107.26
2023-02-12,1082,5019,2,28.27
2023-02-12,1072,5029,2,62.42
2023-02-19,1029,5050,2,78.58
2023-02-19,1029,5031,4,106.31
2023-02-19,1029,5009,4,249.23
2023-02-19,1029,5008,3,214.89
2023-02-19,1060,5046,2,97.83
2023-02-19,1036,5026,3,281.72
2023-02-19,1036,5003,2,144.37
2023-02-19,1089,5026,4,240.71
2023-02-19,1089,5020,2,149.54
2023-02-19,1089,5005,1,46.41
2023-02-19,1039,5050,3,60.85
2023-02-19,1042,5041,1,92.04
2023-02-19,1054,5010,4,284.08
2023-02-19,1054,5025,1,85.18
2023-02-19,1062,5021,2,37.8
2023-02-19,1062,5048,3,83.36
2023-02-19,1062,5021,3,148.07
2023-02-19,1062,5004,2,121.95
2023-02-19,1062,5001,1,35.24
2023-02-19,1061,5038,3,118.07
2023-02-19,1061,5003,2,102.68
2023-02-19,1061,5041,1,38.01
2023-02-19,1007,5029,1,32.29
2023-02-19,1007,5041,1,13.99
2023-02-19,1007,5042,1,82.89
2023-02-19,1007,5006,4,243.56
2023-02-19,1011,5016,2,140.05
2023-02-19,1011,5036,2,66.95
2023-02-19,1005,5020,3,243.58
2023-02-19,1005,5005,3,110.28
2023-02-19,1032,5028,2,87.02
2023-02-19,1090,5038,4,211.53
2023-02-19,1090,5040,1,58.35
2023-02-19,1077,5041,2,166.36
2023-02-19,1077,5017,3,236.3
2023-02-19,1077,5023,4,230.76
2023-02-19,1035,5044,1,37.77
2023-02-19,1022,5027,4,102.57
2023-02-19,1031,5033,4,59.78
2023-02-19,1026,5050,4,56.51
2023-02-26,1031,5028,3,190.9
2023-02-26,1031,5046,4,179.96
2023-02-26,1063,5028,2,97.21
2023-02-26,1063,5036,3,244.23
2023-02-26,1019,5030,2,109.55
2023-02-26,1019,5046,1,87.05
2023-02-26,1019,5019,1,69.54
2023-02-26,1017,5049,2,37.0
2023-02-26,1017,5012,1,93.46
2023-02-26,1075,5004,2,119.77
2023-02-26,1075,5032,2,119.32
2023-02-26,1020,5019,4,303.0
2023-02-26,1020,5027,2,111.59
2023-02-26,1020,5045,3,156.09
2023-02-26,1088,5031,3,299.3
2023-02-26,1088,5016,4,348.67
2023-02-26,1029,5019,1,46.38
2023-02-26,1029,5012,4,388.95
2023-02-26,1029,5013,1,51.46
2023-02-26,1003,5047,1,85.08
2023-02-26,1097,5002,1,29.73
2023-02-26,1097,5001,3,223.67
2023-02-26,1090,5028,3,272.14
2023-02-26,1090,5018,3,137.9
2023-02-26,1090,5033,4,255.37
2023-02-26,1094,5010,4,250.3
2023-02-26,1034,5007,2,61.46
2023-02-26,1034,5017,4,383.17
2023-02-26,1016,5027,3,172.22
2023-02-26,1023,5003,4,184.15
2023-02-26,1023,5002,4,95.35
2023-02-26,1024,5001,2,183.0
2023-02-26,1024,5020,4,43.44
2023-02-26,1064,5012,2,30.48
2023-03-05,1032,5004,2,104.82
2023-03-05,1032,5014,3,175.4
2023-03-05,1027,5037,4,312.87
2023-03-05,1044,5028,2,189.42
2023-03-05,1044,5045,4,58.81
2023-03-05,1044,5014,3,168.32
2023-03-05,1044,5009,1,35.65
2023-03-05,1044,5026,2,123.18
2023-03-05,1025,5028,2,122.82
2023-03-05,1025,5049,2,35.42
2023-03-05,1025,5047,2,165.65
2023-03-05,1064,5015,4,66.27
2023-03-05,1058,5015,3,245.08
2023-03-05,1058,5023,4,40.41
2023-03-05,1058,5022,3,242.04
2023-03-05,1058,5009,1,38.03
2023-03-05,1018,5018,3,52.86
2023-03-05,1080,5036,1,95.87
2023-03-05,1080,5036,3,89.17
2023-03-05,1061,5025,3,97.56
2023-03-05,1061,5046,1,75.16
2023-03-05,1043,5002,3,51.83
2023-03-05,1043,5043,1,71.21
2023-03-05,1043,5034,3,55.63
2023-03-05,1074,5018,3,236.14
2023-03-05,1074,5034,3,82.04
2023-03-05,1074,5048,3,287.81
2023-03-05,1074,5034,4,335.32
2023-03-05,1090,5033,3,283.18
2023-03-05,1037,5042,2,174.96
2023-03-05,1034,5012,3,134.95
2023-03-05,1057,5001,3,283.17
2023-03-05,1057,5027,1,19.66
2023-03-05,1046,5038,4,167.85
2023-03-05,1046,5042,2,158.34
2023-03-05,1014,5031,3,266.65
2023-03-05,1014,5044,4,111.81
2023-03-05,1014,5025,4,249.3
2023-03-05,1014,5020,2,195.98
2023-03-05,1014,5002,2,181.04
2023-03-05,1023,5014,3,172.54
2023-03-05,1023,5029,4,330.07
2023-03-05,1023,5048,3,155.42
2023-03-05,1019,5028,2,52.9
2023-03-05,1019,5004,2,41.83
2023-03-12,1094,5011,3,73.22
2023-03-12,1094,5048,1,83.23
2023-03-12,1094,5018,1,74.83
2023-03-12,1083,5019,3,221.67
2023-03-12,1083,5040,3,67.58
2023-03-12,1083,5002,3,43.25
2023-03-12,1089,5021,3,76.74
2023-03-12,1089,5048,3,122.72
2023-03-12,1095,5031,1,16.32
2023-03-12,1095,5006,2,75.76
2023-03-12,1095,5014,2,53.02
2023-03-12,1095,5023,3,197.32
2023-03-12,1095,5016,4,194.56
2023-03-12,1002,5027,2,36.83
2023-03-12,1073,5014,1,17.03
2023-03-12,1061,5029,1,68.19
2023-03-12,1061,5008,2,111.17
2023-03-12,1061,5033,3,185.9
2023-03-12,1061,5041,1,97.73
2023-03-12,1061,5019,4,316.92
2023-03-12,1061,5021,1,30.05
2023-03-12,1004,5035,3,271.83
2023-03-12,1004,5022,1,68.55
2023-03-12,1004,5034,2,127.94
2023-03-12,1098,5031,2,91.42
2023-03-12,1025,5001,3,102.24
2023-03-12,1025,5013,1,87.58
2023-03-12,1025,5003,4,49.79
2023-03-12,1025,5028,2,109.63
2023-03-12,1025,5038,2,71.66
2023-03-12,1026,5050,4,324.55
2023-03-12,1026,5023,2,23.76
2023-03-12,1018,5047,4,199.33
2023-03-12,1018,5009,2,167.5
2023-03-12,1018,5023,1,25.91
2023-03-12,1018,5014,3,88.52
2023-03-12,1018,5011,4,217.81
2023-03-12,1018,5007,2,138.33
2023-03-12,1018,5031,1,51.71
2023-03-12,1079,5048,1,35.99
2023-03-12,1079,5001,3,72.97
2023-03-12,1079,5038,2,44.28
2023-03-12,1087,5009,2,38.01
2023-03-12,1100,5049,3,211.55
2023-03-12,1062,5033,3,90.34
2023-03-12,1062,5033,1,60.59
2023-03-12,1082,5007,4,225.16
2023-03-12,1082,5050,4,237.93
2023-03-19,1031,5038,2,47.48
2023-03-19,1026,5041,2,126.27
2023-03-19,1026,5011,3,108.02
2023-03-19,1026,5038,2,103.78
2023-03-19,1041,5024,2,50.51
2023-03-19,1033,5021,2,105.09
2023-03-19,1033,5034,3,33.67
2023-03-19,1033,5017,1,25.34
2023-03-19,1033,5018,1,21.4
2023-03-19,1033,5017,4,50.95
2023-03-19,1076,5007,1,41.25
2023-03-19,1076,5004,2,155.43
2023-03-19,1076,5043,4,205.21
2023-03-19,1076,5040,3,281.05
2023-03-19,1076,5038,4,265.84
2023-03-19,1032,5026,4,332.8
2023-03-19,1035,5046,1,60.85
2023-03-19,1038,5046,1,88.6
2023-03-19,1038,5013,2,114.41
2023-03-19,1038,5018,2,34.48
2023-03-19,1038,5043,3,199.73
2023-03-19,1038,5028,3,161.9
2023-03-19,1038,5038,1,46.96
2023-03-19,1025,5022,3,115.07
2023-03-19,1025,5038,2,187.15
2023-03-19,1025,5027,3,187.34
2023-03-19,1025,5021,4,137.88
2023-03-19,1025,5041,4,357.92
2023-03-19,1025,5031,3,247.68
2023-03-19,1061,5013,1,48.29
2023-03-19,1061,5019,3,261.02
2023-03-19,1061,5007,1,58.04
2023-03-19,1061,5010,4,334.17
2023-03-19,1087,5045,4,338.2
2023-03-19,1087,5025,3,176.02
2023-03-19,1087,5007,1,75.67
2023-03-19,1007,5017,2,110.03
2023-03-19,1007,5032,2,158.68
2023-03-19,1089,5043,4,269.16
2023-03-19,1089,5041,1,22.55
2023-03-19,1089,5017,4,201.81
2023-03-19,1089,5004,4,233.64
2023-03-19,1080,5047,1,80.22
2023-03-19,1080,5039,3,90.77
2023-03-19,1080,5023,1,10.4
2023-03-19,1080,5026,1,79.66
2023-03-19,1084,5018,4,196.23
2023-03-19,1015,5009,3,224.2
2023-03-19,1015,5048,4,376.43
2023-03-19,1015,5018,4,356.06
2023-03-19,1015,5030,4,176.04
2023-03-19,1015,5032,4,47.97
2023-03-19,1015,5040,2,86.63
2023-03-26,1060,5011,2,41.97
2023-03-26,1060,5043,3,247.65
2023-03-26,1027,5023,1,66.55
2023-03-26,1027,5021,1,17.45
2023-03-26,1027,5016,1,97.23
2023-03-26,1013,5013,2,133.99
2023-03-26,1013,5042,3,237.73
2023-03-26,1063,5012,4,71.78
2023-03-26,1088,5014,1,41.82
2023-03-26,1088,5030,4,195.79
2023-03-26,1053,5013,3,255.83
2023-03-26,1053,5036,2,82.77
2023-03-26,1029,5046,1,25.25
2023-03-26,1029,5015,2,50.79
2023-03-26,1029,5032,3,130.54
2023-03-26,1022,5009,4,306.51
2023-03-26,1025,5027,3,199.0
2023-03-26,1025,5016,1,62.66
2023-03-26,1025,5021,2,158.01
2023-03-26,1025,5005,3,298.21
2023-03-26,1028,5032,2,28.68
2023-03-26,1028,5021,3,49.81
2023-03-26,1028,5017,3,276.19
2023-03-26,1028,5034,1,85.17
2023-03-26,1028,5032,2,63.1
2023-03-26,1014,5038,4,128.0
2023-03-26,1058,5019,4,164.56
2023-03-26,1058,5030,4,310.57
2023-03-26,1065,5001,3,106.16
2023-03-26,1004,5017,1,85.87
2023-03-26,1004,5011,2,38.62
2023-03-26,1004,5047,2,88.1
2023-03-26,1069,5040,4,196.14
2023-03-26,1069,5005,2,150.94
2023-03-26,1046,5041,1,48.41
2023-03-26,1003,5021,1,15.4
2023-03-26,1003,5021,3,238.7
2023-03-26,1003,5007,3,70.81
2023-03-26,1057,5041,1,68.83
2023-03-26,1057,5045,3,79.56
2023-03-26,1098,5016,3,171.72
2023-04-02,1081,5002,1,15.09
2023-04-02,1095,5049,1,89.13
2023-04-02,1092,5012,3,263.2
2023-04-02,1092,5013,2,145.86
2023-04-02,1052,5010,3,196.03
2023-04-02,1052,5008,4,189.04
2023-04-02,1052,5021,1,29.66
2023-04-02,1052,5037,3,61.16
2023-04-02,1054,5043,3,295.75
2023-04-02,1054,5020,2,74.42
2023-04-02,1054,5044,3,119.16
2023-04-02,1005,5010,4,92.52
2023-04-02,1055,5028,3,76.1
2023-04-02,1055,5004,4,58.54
2023-04-02,1055,5001,3,236.56
2023-04-02,1074,5001,2,162.09
2023-04-02,1074,5011,3,112.58
2023-04-02,1074,5024,2,157.03
2023-04-02,1019,5007,3,82.04
2023-04-02,1019,5012,4,136.97
2023-04-02,1019,5003,4,177.87
2023-04-02,1049,5012,2,125.18
2023-04-02,1100,5001,1,44.95
2023-04-02,1062,5044,3,290.95
2023-04-02,1033,5017,3,137.54
2023-04-02,1033,5032,1,18.61
2023-04-02,1033,5011,2,86.98
2023-04-02,1033,5034,1,92.4
2023-04-02,1033,5024,1,72.87
2023-04-02,1078,5003,2,119.99
2023-04-02,1041,5007,1,15.58
2023-04-02,1041,5046,3,80.8
2023-04-02,1043,5010,4,80.82
2023-04-02,1043,5042,4,371.37
2023-04-02,1031,5040,4,226.0
2023-04-02,1031,5044,4,314.13
2023-04-02,1031,5015,1,12.25
2023-04-02,1031,5004,3,212.96
2023-04-02,1031,5006,2,23.13
2023-04-02,1023,5013,4,296.45
2023-04-02,1023,5014,2,31.75
2023-04-09,1034,5017,4,122.93
2023-04-09,1045,5037,4,340.79
2023-04-09,1045,5003,3,219.85
2023-04-09,1045,5047,1,27.65
2023-04-09,1026,5031,2,77.25
2023-04-09,1026,5017,1,72.12
2023-04-09,1026,5035,2,61.9
2023-04-09,1026,5040,4,283.28
2023-04-09,1036,5023,4,229.55
2023-04-09,1042,5039,1,27.94
2023-04-09,1084,5012,4,163.9
2023-04-09,1084,5033,1,62.13
2023-04-09,1029,5032,4,371.39
2023-04-09,1029,5012,1,60.81
2023-04-09,1029,5035,4,73.43
2023-04-09,1053,5016,4,233.46
2023-04-09,1044,5038,4,89.4
2023-04-09,1020,5043,3,223.18
2023-04-09,1038,5046,3,108.54
2023-04-09,1038,5020,2,128.9
2023-04-09,1038,5026,2,160.73
2023-04-09,1041,5013,4,252.0
2023-04-09,1041,5044,4,371.57
2023-04-09,1027,5046,2,61.25
2023-04-09,1027,5010,4,195.77
2023-04-09,1079,5013,2,184.28
2023-04-09,1079,5003,4,342.0
2023-04-09,1068,5001,4,89.52
2023-04-09,1068,5048,4,370.84
2023-04-09,1068,5047,1,49.7
2023-04-09,1040,5004,1,39.92
2023-04-09,1040,5023,1,88.52
2023-04-09,1054,5038,2,141.31
2023-04-09,1070,5015,3,58.02
2023-04-09,1025,5037,3,257.46
2023-04-09,1025,5033,4,399.93
2023-04-16,1083,5003,1,22.9
2023-04-16,1083,5022,1,69.63
2023-04-16,1083,5035,3,163.83
2023-04-16,1083,5021,3,200.18
2023-04-16,1059,5035,4,102.05
2023-04-16,1012,5001,3,128.19
2023-04-16,1012,5038,1,31.58
2023-04-16,1037,5010,1,22.66
2023-04-16,1066,5016,2,70.1
2023-04-16,1066,5046,2,81.65
2023-04-16,1066,5010,4,100.85
2023-04-16,1067,5004,2,122.58
2023-04-16,1067,5048,2,60.68
2023-04-16,1067,5036,3,50.61
2023-04-16,1067,5006,2,92.03
2023-04-16,1067,5003,1,22.32
2023-04-16,1077,5015,2,166.18
2023-04-16,1077,5039,2,178.91
2023-04-16,1077,5045,2,43.04
2023-04-16,1077,5035,3,187.41
2023-04-16,1026,5034,1,91.3
2023-04-16,1053,5010,1,38.7
2023-04-16,1053,5010,1,61.21
2023-04-16,1044,5049,2,104.29
2023-04-16,1044,5034,3,222.18
2023-04-16,1058,5007,4,154.04
2023-04-16,1058,5013,2,167.48
2023-04-16,1058,5021,2,40.6
2023-04-16,1058,5047,3,222.11
2023-04-16,1089,5006,3,166.06
2023-04-16,1089,5041,3,146.16
2023-04-16,1089,5015,1,64.04
2023-04-16,1089,5042,1,97.11
2023-04-16,1089,5049,1,49.74
2023-04-16,1089,5026,4,304.19
2023-04-16,1009,5035,1,77.59
2023-04-16,1069,5031,4,309.74
2023-04-16,1069,5036,3,247.35
2023-04-16,1040,5048,1,57.13
2023-04-23,1017,5015,2,135.51
2023-04-23,1017,5050,3,164.72
2023-04-23,1017,5009,4,246.58
2023-04-23,1043,5030,2,152.9
2023-04-23,1043,5014,2,34.38
2023-04-23,1089,5006,2,137.1
2023-04-23,1089,5017,3,77.92
2023-04-23,1089,5028,1,94.25
2023-04-23,1038,5023,2,145.57
2023-04-23,1038,5009,3,258.62
2023-04-23,1038,5001,3,242.11
2023-04-23,1038,5021,1,15.87
2023-04-23,1038,5022,1,66.29
2023-04-23,1085,5001,4,67.39
2023-04-23,1085,5005,1,41.37
2023-04-23,1085,5041,2,173.07
2023-04-23,1027,5043,1,36.01
2023-04-23,1027,5042,4,47.79
2023-04-23,1040,5007,4,173.09
2023-04-23,1040,5049,4,361.3
2023-04-23,1076,5007,2,50.35
2023-04-23,1004,5017,3,218.78
2023-04-23,1004,5033,2,78.6
2023-04-23,1079,5024,3,125.93
2023-04-23,1046,5035,3,71.07
2023-04-23,1041,5007,2,60.98
2023-04-23,1041,5008,2,101.12
2023-04-23,1065,5024,4,392.5
2023-04-23,1023,5023,2,112.33
2023-04-23,1002,5001,2,67.65
2023-04-23,1002,5008,3,151.84
2023-04-23,1002,5003,2,160.82
2023-04-23,1099,5040,4,140.84
2023-04-23,1005,5050,4,289.61
2023-04-23,1005,5003,1,39.0
2023-04-23,1005,5036,1,74.18
2023-04-30,1028,5017,2,110.16
2023-04-30,1068,5009,4,47.85
2023-04-30,1064,5001,3,275.48
2023-04-30,1064,5040,1,84.53
2023-04-30,1057,5010,2,53.15
2023-04-30,1057,5038,3,228.71
2023-04-30,1057,5044,4,179.49
2023-04-30,1057,5031,1,26.48
2023-04-30,1057,5010,2,36.07
2023-04-30,1059,5002,4,333.43
2023-04-30,1005,5008,3,175.89
2023-04-30,1041,5045,3,111.96
2023-04-30,1041,5008,1,15.23
2023-04-30,1041,5047,3,270.13
2023-04-30,1080,5003,2,179.49
2023-04-30,1071,5023,1,88.03
2023-04-30,1071,5011,4,320.13
2023-04-30,1035,5008,3,155.23
2023-04-30,1035,5010,2,198.45
2023-04-30,1035,5025,1,99.08
2023-04-30,1044,5028,3,295.79
2023-04-30,1044,5050,2,35.75
2023-04-30,1044,5015,4,323.96
2023-04-30,1088,5022,4,142.36
2023-04-30,1083,5046,4,279.68
2023-04-30,1083,5046,1,70.37
2023-04-30,1083,5020,1,73.49
2023-04-30,1093,5013,3,283.47
2023-04-30,1093,5033,2,82.8
2023-04-30,1095,5007,3,116.89
2023-04-30,1095,5046,3,229.31
2023-04-30,1095,5028,2,177.3
2023-04-30,1095,5046,3,271.73
2023-04-30,1095,5010,3,82.89
2023-04-30,1095,5004,2,192.74
2023-04-30,1069,5027,2,189.61
2023-04-30,1020,5025,1,19.97
2023-04-30,1078,5036,1,11.15
2023-04-30,1025,5014,1,10.32
2023-05-07,1069,5007,3,282.63
2023-05-07,1016,5009,1,83.18
2023-05-07,1016,5009,3,111.59
2023-05-07,1067,5016,3,30.98
2023-05-07,1067,5019,2,197.44
2023-05-07,1017,5041,2,51.9
2023-05-07,1017,5035,3,102.69
2023-05-07,1022,5048,2,147.36
2023-05-07,1022,5024,3,33.22
2023-05-07,1065,5048,3,59.0
2023-05-07,1065,5018,2,27.97
2023-05-07,1092,5009,1,81.38
2023-05-07,1092,5047,4,40.11
2023-05-07,1033,5034,4,170.21
2023-05-07,1042,5025,3,261.41
2023-05-07,1042,5046,3,159.42
2023-05-07,1032,5026,2,84.65
2023-05-07,1032,5010,3,131.56
2023-05-07,1024,5050,2,97.07
2023-05-07,1024,5031,2,52.35
2023-05-07,1029,5009,4,71.06
2023-05-07,1029,5020,4,337.31
2023-05-07,1029,5035,1,69.88
2023-05-07,1029,5015,3,275.56
2023-05-07,1068,5016,4,279.98
2023-05-07,1068,5017,4,89.04
2023-05-07,1068,5042,3,151.07
2023-05-07,1030,5015,1,90.79
2023-05-07,1030,5026,4,164.91
2023-05-07,1030,5033,3,277.54
2023-05-07,1047,5048,1,18.91
2023-05-07,1079,5015,4,156.94
2023-05-07,1079,5032,3,120.3
2023-05-07,1026,5032,4,171.76
2023-05-07,1026,5029,3,217.96
2023-05-07,1026,5003,1,21.0
2023-05-07,1009,5043,3,60.23
2023-05-07,1009,5034,4,385.76
2023-05-07,1046,5024,4,303.66
2023-05-07,1034,5048,3,85.43
2023-05-07,1034,5033,1,88.12
2023-05-07,1034,5027,2,175.1
2023-05-07,1034,5042,3,52.59
2023-05-14,1043,5036,4,119.66
2023-05-14,1035,5049,4,91.91
2023-05-14,1021,5004,3,234.04
2023-05-14,1046,5038,4,186.95
2023-05-14,1052,5001,4,53.59
2023-05-14,1052,5006,3,94.29
2023-05-14,1018,5037,1,23.91
2023-05-14,1056,5032,4,359.81
2023-05-14,1056,5012,3,66.41
2023-05-14,1060,5041,3,230.4
2023-05-14,1060,5034,3,103.93
2023-05-14,1097,5032,2,118.32
2023-05-14,1011,5046,1,20.42
2023-05-14,1011,5039,1,35.31
2023-05-14,1015,5040,4,233.6
2023-05-14,1015,5002,4,370.63
2023-05-14,1033,5021,1,79.14
2023-05-14,1033,5044,1,53.88
2023-05-14,1075,5016,4,292.26
2023-05-14,1075,5006,1,36.38
2023-05-14,1075,5045,1,85.15
2023-05-14,1025,5038,1,88.31
2023-05-14,1055,5007,2,113.92
2023-05-14,1055,5022,4,259.06
2023-05-14,1055,5021,3,168.29
2023-05-14,1023,5023,1,74.55
2023-05-14,1023,5003,1,77.61
2023-05-14,1096,5031,3,170.95
2023-05-14,1096,5002,4,348.51
2023-05-14,1096,5031,3,120.48
2023-05-14,1096,5047,2,72.5
2023-05-14,1022,5041,2,198.81
2023-05-14,1022,5017,3,251.38
2023-05-14,1068,5003,2,146.49
2023-05-14,1068,5018,2,49.42
2023-05-21,1052,5048,1,32.45
2023-05-21,1052,5036,1,31.07
2023-05-21,1052,5025,4,331.66
2023-05-21,1052,5020,3,93.77
2023-05-21,1052,5045,4,121.59
2023-05-21,1017,5010,1,15.13
2023-05-21,1017,5023,2,40.09
2023-05-21,1017,5049,3,146.52
2023-05-21,1017,5024,3,70.12
2023-05-21,1056,5003,4,77.44
2023-05-21,1056,5015,4,392.09
2023-05-21,1056,5008,1,41.92
2023-05-21,1085,5004,3,45.19
2023-05-21,1085,5047,1,32.74
2023-05-21,1085,5043,4,239.43
2023-05-21,1085,5027,4,256.6
2023-05-21,1093,5009,2,61.28
2023-05-21,1093,5011,2,99.13
2023-05-21,1096,5021,4,346.51
2023-05-21,1077,5017,3,275.58
2023-05-21,1077,5009,4,325.02
2023-05-21,1077,5012,4,90.7
2023-05-21,1077,5022,1,34.12
2023-05-21,1044,5009,1,99.1
2023-05-21,1044,5014,4,397.86
2023-05-21,1079,5001,3,187.61
2023-05-21,1079,5046,4,317.24
2023-05-21,1089,5042,1,63.39
2023-05-21,1089,5035,4,76.54
2023-05-21,1089,5046,4,360.8
2023-05-21,1062,5038,2,191.32
2023-05-21,1061,5024,1,95.78
2023-05-21,1061,5022,2,182.54
2023-05-21,1061,5013,4,377.71
2023-05-21,1022,5009,2,178.21
2023-05-21,1022,5031,3,165.28
2023-05-21,1022,5026,3,46.21
2023-05-21,1022,5036,1,28.03
2023-05-21,1013,5017,3,191.51
2023-05-21,1013,5045,3,141.18
2023-05-21,1045,5007,1,39.22
2023-05-21,1084,5023,4,372.45
2023-05-21,1084,5031,1,64.3
2023-05-28,1010,5010,1,77.99
2023-05-28,1010,5001,1,90.14
2023-05-28,1010,5002,4,225.49
2023-05-28,1083,5007,2,82.88
2023-05-28,1016,5012,3,232.47
2023-05-28,1016,5049,3,135.38
2023-05-28,1007,5033,4,312.27
2023-05-28,1007,5021,2,190.12
2023-05-28,1018,5031,1,78.72
2023-05-28,1003,5026,4,229.54
2023-05-28,1003,5025,3,171.3
2023-05-28,1087,5043,2,23.17
2023-05-28,1087,5009,3,66.93
2023-05-28,1074,5030,4,56.38
2023-05-28,1074,5021,2,89.47
2023-05-28,1054,5040,3,264.39
2023-05-28,1015,5017,1,39.01
2023-05-28,1015,5038,1,36.43
2023-05-28,1077,5038,3,195.06
2023-05-28,1077,5001,4,185.89
2023-05-28,1017,5036,1,63.89
2023-05-28,1017,5009,3,258.39
2023-05-28,1017,5046,1,36.18
2023-05-28,1017,5003,3,255.83
2023-05-28,1088,5022,3,136.06
2023-05-28,1088,5039,4,65.53
2023-05-28,1088,5022,2,48.23
2023-05-28,1095,5013,3,253.21
2023-05-28,1084,5015,3,296.9
2023-05-28,1084,5036,2,135.85
2023-05-28,1084,5005,2,64.24
2023-05-28,1084,5015,3,70.43
2023-05-28,1067,5039,1,62.31
2023-05-28,1067,5011,3,226.95
2023-05-28,1067,5008,3,232.32
2023-05-28,1022,5018,4,100.73
2023-05-28,1085,5038,2,136.56
2023-05-28,1085,5011,2,47.0
2023-05-28,1085,5029,3,296.46
2023-05-28,1085,5020,3,50.15
2023-05-28,1085,5010,4,99.64
2023-05-28,1029,5017,2,97.88
2023-06-04,1024,5046,2,154.01
2023-06-04,1068,5048,3,31.78
2023-06-04,1068,5022,1,83.61
2023-06-04,1068,5048,1,18.7
2023-06-04,1028,5043,3,147.92
2023-06-04,1028,5036,4,258.85
2023-06-04,1028,5021,4,104.9
2023-06-04,1076,5006,3,142.06
2023-06-04,1076,5032,2,119.3
2023-06-04,1076,5022,1,29.01
2023-06-04,1063,5024,2,104.29
2023-06-04,1050,5016,4,156.62
2023-06-04,1050,5045,2,141.27
2023-06-04,1052,5003,3,160.5
2023-06-04,1052,5012,2,45.56
2023-06-04,1001,5002,3,35.93
2023-06-04,1001,5017,1,45.61
2023-06-04,1001,5030,4,323.99
2023-06-04,1100,5047,3,205.07
2023-06-04,1097,5017,4,169.07
2023-06-04,1097,5044,1,32.8
2023-06-04,1021,5007,4,48.92
2023-06-04,1021,5010,3,236.43
2023-06-04,1021,5004,2,176.43
2023-06-04,1021,5043,2,154.77
2023-06-04,1021,5041,4,96.78
2023-06-04,1066,5017,3,168.43
2023-06-04,1066,5018,4,192.37
2023-06-04,1066,5014,2,192.19
2023-06-04,1066,5017,4,50.39
2023-06-04,1089,5018,1,31.94
2023-06-04,1089,5004,3,256.53
2023-06-04,1089,5049,3,177.07
2023-06-04,1064,5042,4,162.8
2023-06-04,1064,5028,3,209.23
2023-06-04,1003,5014,4,93.55
2023-06-04,1003,5025,1,28.75
2023-06-04,1003,5036,3,50.59
2023-06-04,1002,5044,1,93.44
2023-06-04,1002,5034,3,101.79
2023-06-04,1002,5036,3,110.37
2023-06-04,1002,5030,4,344.54
2023-06-04,1002,5035,4,174.72
2023-06-04,1099,5025,1,62.03
2023-06-04,1099,5034,1,91.06
2023-06-04,1099,5012,1,67.45
2023-06-04,1099,5022,3,91.94
2023-06-04,1009,5015,2,113.03
2023-06-04,1009,5018,3,83.28
2023-06-11,1044,5017,4,227.87
2023-06-11,1044,5048,2,93.8
2023-06-11,1033,5028,4,366.82
2023-06-11,1033,5016,3,37.83
2023-06-11,1033,5010,2,159.23
2023-06-11,1033,5015,2,150.02
2023-06-11,1005,5002,2,24.45
2023-06-11,1005,5003,4,336.87
2023-06-11,1060,5030,2,145.79
2023-06-11,1060,5017,1,84.87
2023-06-11,1060,5035,1,99.45
2023-06-11,1060,5001,1,20.62
2023-06-11,1060,5049,1,84.43
2023-06-11,1066,5038,1,34.17
2023-06-11,1087,5027,3,87.7
2023-06-11,1087,5027,3,48.94
2023-06-11,1002,5002,3,197.75
2023-06-11,1002,5035,4,96.25
2023-06-11,1008,5049,3,181.25
2023-06-11,1008,5003,2,194.57
2023-06-11,1008,5048,2,130.04
2023-06-11,1008,5005,4,346.55
2023-06-11,1008,5002,3,254.12
2023-06-11,1025,5049,2,172.47
2023-06-11,1025,5023,1,35.7
2023-06-11,1057,5018,2,142.8
2023-06-11,1090,5021,1,95.75
2023-06-11,1090,5007,4,365.05
2023-06-11,1062,5046,2,179.7
2023-06-11,1096,5011,3,228.27
2023-06-11,1096,5042,4,363.1
2023-06-11,1027,5024,2,49.59
2023-06-11,1027,5003,1,24.74
2023-06-11,1027,5038,3,158.93
2023-06-11,1014,5002,2,112.72
2023-06-11,1014,5021,3,292.66
2023-06-11,1020,5001,3,283.65
2023-06-11,1020,5048,1,96.66
2023-06-11,1004,5034,2,34.26
2023-06-11,1004,5044,1,64.71
2023-06-11,1004,5035,3,187.7
2023-06-11,1004,5039,3,208.69
2023-06-11,1004,5038,3,113.61
2023-06-18,1069,5047,3,78.93
2023-06-18,1069,5004,1,92.28
2023-06-18,1069,5032,1,35.64
2023-06-18,1054,5030,2,119.79
2023-06-18,1063,5013,2,149.56
2023-06-18,1063,5025,2,26.34
2023-06-18,1019,5010,4,236.59
2023-06-18,1019,5031,1,31.38
2023-06-18,1090,5020,3,196.16
2023-06-18,1089,5005,1,58.58
2023-06-18,1089,5012,1,92.46
2023-06-18,1025,5013,2,141.79
2023-06-18,1025,5048,4,326.0
2023-06-18,1029,5003,4,192.7
2023-06-18,1029,5037,3,111.16
2023-06-18,1067,5002,4,166.91
2023-06-18,1067,5017,4,261.46
2023-06-18,1067,5045,2,150.77
2023-06-18,1067,5031,3,39.41
2023-06-18,1094,5024,3,127.38
2023-06-18,1042,5030,3,30.48
2023-06-18,1042,5026,3,89.73
2023-06-18,1100,5001,4,214.37
2023-06-18,1037,5011,3,140.72
2023-06-18,1049,5048,1,72.75
2023-06-18,1049,5047,2,145.8
2023-06-18,1049,5037,1,14.52
2023-06-18,1086,5006,4,92.28
2023-06-18,1086,5032,3,227.89
2023-06-18,1005,5038,2,111.04
2023-06-18,1030,5027,2,73.0
2023-06-18,1030,5015,2,96.85
2023-06-18,1030,5012,2,126.04
2023-06-18,1030,5047,2,132.91
2023-06-18,1074,5038,4,168.36
2023-06-18,1008,5006,2,96.6
2023-06-18,1008,5013,1,72.87
2023-06-18,1008,5048,1,84.92
2023-06-18,1008,5013,2,55.47
2023-06-25,1043,5014,4,160.54
2023-06-25,1080,5008,4,177.68
2023-06-25,1080,5026,3,235.3
2023-06-25,1062,5023,3,108.93
2023-06-25,1062,5047,1,40.8
2023-06-25,1097,5047,2,87.01
2023-06-25,1097,5033,3,140.34
2023-06-25,1040,5042,1,49.24
2023-06-25,1040,5009,1,45.26
2023-06-25,1024,5027,3,163.91
2023-06-25,1024,5020,4,236.96
2023-06-25,1005,5016,4,259.3
2023-06-25,1005,5005,4,53.24
2023-06-25,1099,5049,2,105.89
2023-06-25,1025,5043,4,166.91
2023-06-25,1025,5035,2,70.83
2023-06-25,1025,5022,4,298.36
2023-06-25,1053,5018,1,44.66
2023-06-25,1053,5044,3,198.69
2023-06-25,1053,5007,1,12.68
2023-06-25,1053,5003,4,351.75
2023-06-25,1059,5024,4,165.43
2023-06-25,1059,5010,1,91.46
2023-06-25,1059,5044,4,135.06
2023-06-25,1088,5042,1,11.26
2023-06-25,1061,5012,4,197.62
2023-06-25,1061,5005,3,201.17
2023-06-25,1061,5009,3,203.29
2023-06-25,1029,5048,3,102.36
2023-06-25,1009,5048,4,297.94
2023-06-25,1027,5017,3,291.0
2023-06-25,1027,5027,2,49.12
2023-06-25,1010,5004,2,68.36
2023-06-25,1010,5039,2,81.57
2023-07-02,1045,5046,4,220.67
2023-07-02,1045,5046,1,65.63
2023-07-02,1045,5010,4,88.54
2023-07-02,1013,5046,1,19.25
2023-07-02,1013,5015,4,211.01
2023-07-02,1013,5006,1,56.97
2023-07-02,1065,5002,1,63.12
2023-07-02,1064,5022,1,99.66
2023-07-02,1064,5034,2,101.73
2023-07-02,1064,5050,2,165.64
2023-07-02,1097,5008,3,31.25
2023-07-02,1001,5003,4,356.94
2023-07-02,1001,5030,2,185.73
2023-07-02,1001,5045,2,52.89
2023-07-02,1024,5016,2,182.41
2023-07-02,1024,5041,1,16.77
2023-07-02,1024,5034,1,35.14
2023-07-02,1099,5035,1,53.06
2023-07-02,1099,5049,4,291.89
2023-07-02,1004,5011,1,91.61
2023-07-02,1004,5034,1,67.88
2023-07-02,1004,5027,3,93.49
2023-07-02,1052,5015,1,36.58
2023-07-02,1052,5033,1,56.68
2023-07-02,1052,5019,1,21.77
2023-07-02,1021,5038,2,131.67
2023-07-02,1034,5037,3,212.55
2023-07-02,1039,5011,1,23.86
2023-07-02,1039,5026,4,234.76
2023-07-02,1053,5024,2,182.85
2023-07-02,1053,5047,4,396.38
2023-07-02,1053,5009,1,64.85
2023-07-02,1053,5003,3,153.97
2023-07-02,1053,5009,4,201.38
2023-07-02,1031,5018,1,75.95
2023-07-02,1031,5041,1,33.88
2023-07-02,1031,5016,4,98.79
2023-07-09,1024,5038,4,69.19
2023-07-09,1069,5032,1,61.25
2023-07-09,1069,5020,1,58.86
2023-07-09,1069,5017,1,74.12
2023-07-09,1069,5011,1,88.93
2023-07-09,1069,5013,4,244.61
2023-07-09,1088,5006,3,105.8
2023-07-09,1008,5018,4,96.44
2023-07-09,1008,5047,3,167.59
2023-07-09,1008,5020,4,318.64
2023-07-09,1043,5029,2,84.77
2023-07-09,1034,5049,1,51.81
2023-07-09,1062,5036,2,91.72
2023-07-09,1021,5047,1,27.44
2023-07-09,1021,5021,2,45.29
2023-07-09,1100,5004,1,39.4
2023-07-09,1100,5036,3,100.5
2023-07-09,1100,5003,2,182.07
2023-07-09,1049,5039,1,76.76
2023-07-09,1015,5011,4,212.86
2023-07-09,1015,5045,3,50.3
2023-07-09,1003,5008,4,149.3
2023-07-09,1003,5036,2,161.83
2023-07-09,1001,5043,1,91.31
2023-07-09,1028,5044,1,37.4
2023-07-09,1028,5044,3,61.8
2023-07-09,1028,5005,1,46.41
2023-07-09,1095,5036,1,83.21
2023-07-09,1095,5034,4,342.92
2023-07-09,1056,5046,1,84.59
2023-07-09,1056,5027,3,196.03
2023-07-09,1056,5045,4,389.89
2023-07-09,1056,5021,3,248.13
2023-07-09,1074,5025,3,183.18
2023-07-09,1074,5032,2,199.01
2023-07-09,1047,5033,3,83.35
2023-07-09,1047,5029,4,300.59
2023-07-09,1047,5016,2,51.51
2023-07-09,1047,5014,3,151.02
2023-07-09,1098,5046,2,57.49
2023-07-09,1098,5002,2,49.05
2023-07-09,1098,5042,2,68.1
2023-07-09,1098,5017,4,366.91
2023-07-09,1098,5040,1,15.8
2023-07-16,1043,5028,3,284.29
2023-07-16,1043,5024,3,213.52
2023-07-16,1043,5015,2,90.75
2023-07-16,1063,5034,1,51.66
2023-07-16,1063,5021,1,94.14
2023-07-16,1063,5013,1,64.88
2023-07-16,1063,5025,3,39.62
2023-07-16,1063,5021,4,115.94
2023-07-16,1044,5011,4,65.65
2023-07-16,1044,5024,3,181.4
2023-07-16,1092,5023,1,22.05
2023-07-16,1092,5047,4,226.18
2023-07-16,1092,5001,2,114.96
2023-07-16,1015,5017,2,156.29
2023-07-16,1015,5042,3,112.8
2023-07-16,1015,5005,1,82.5
2023-07-16,1015,5011,1,48.53
2023-07-16,1035,5002,4,245.21
2023-07-16,1035,5004,1,77.97
2023-07-16,1093,5023,1,34.42
2023-07-16,1093,5026,4,196.17
2023-07-16,1064,5026,1,37.45
2023-07-16,1064,5028,3,203.13
2023-07-16,1064,5028,2,145.89
2023-07-16,1055,5009,3,148.46
2023-07-16,1055,5033,2,28.1
2023-07-16,1074,5031,3,159.43
2023-07-16,1095,5047,3,220.37
2023-07-16,1095,5016,2,151.01
2023-07-16,1095,5035,3,282.91
2023-07-16,1094,5032,2,127.08
2023-07-16,1078,5023,1,34.5
2023-07-16,1042,5011,1,77.12
2023-07-16,1042,5046,4,131.3
2023-07-16,1042,5003,1,57.32
2023-07-16,1031,5024,3,223.11
2023-07-16,1031,5002,1,98.04
2023-07-16,1030,5036,4,52.93
2023-07-16,1030,5040,4,207.49
2023-07-16,1030,5041,4,217.25
2023-07-16,1030,5002,2,139.2
2023-07-16,1030,5043,1,81.49
2023-07-16,1039,5004,4,376.37
2023-07-16,1039,5015,1,61.53
2023-07-16,1039,5020,2,168.18
2023-07-16,1039,5044,3,256.66
2023-07-23,1082,5047,4,309.56
2023-07-23,1082,5046,2,31.35
2023-07-23,1082,5001,4,121.97
2023-07-23,1082,5021,2,37.1
2023-07-23,1055,5037,1,54.67
2023-07-23,1030,5019,4,362.97
2023-07-23,1030,5030,3,112.42
2023-07-23,1030,5016,2,77.41
2023-07-23,1094,5026,4,191.94
2023-07-23,1094,5013,1,75.86
2023-07-23,1085,5004,3,78.25
2023-07-23,1085,5035,4,244.39
2023-07-23,1085,5008,4,369.5
2023-07-23,1085,5040,4,325.99
2023-07-23,1085,5049,3,208.25
2023-07-23,1079,5047,3,107.24
2023-07-23,1079,5001,4,224.89
2023-07-23,1042,5028,3,64.41
2023-07-23,1091,5033,4,390.51
2023-07-23,1076,5044,2,180.32
2023-07-23,1076,5019,4,205.3
2023-07-23,1032,5029,1,74.93
2023-07-23,1032,5041,4,171.43
2023-07-23,1088,5036,2,163.92
2023-07-23,1046,5031,1,30.53
2023-07-23,1070,5028,4,339.42
2023-07-23,1099,5050,3,69.7
2023-07-23,1099,5029,4,122.14
2023-07-23,1011,5030,4,154.89
2023-07-23,1007,5013,4,398.04
2023-07-23,1007,5034,1,42.26
2023-07-30,1067,5017,3,156.37
2023-07-30,1077,5025,3,73.27
2023-07-30,1077,5021,2,81.01
2023-07-30,1077,5012,2,160.36
2023-07-30,1027,5015,2,61.52
2023-07-30,1031,5035,2,97.77
2023-07-30,1031,5049,3,299.92
2023-07-30,1097,5002,1,73.21
2023-07-30,1097,5029,4,331.65
2023-07-30,1099,5027,1,51.4
2023-07-30,1099,5040,3,199.49
2023-07-30,1099,5026,3,285.78
2023-07-30,1099,5019,1,24.02
2023-07-30,1099,5045,1,53.34
2023-07-30,1099,5039,4,266.89
2023-07-30,1036,5013,1,94.75
2023-07-30,1046,5007,4,248.34
2023-07-30,1014,5044,1,37.52
2023-07-30,1090,5007,2,138.63
2023-07-30,1090,5012,2,88.1
2023-07-30,1090,5038,2,56.84
2023-07-30,1085,5018,1,58.29
2023-07-30,1085,5001,4,204.79
2023-07-30,1070,5042,2,87.42
2023-07-30,1070,5034,4,245.72
2023-07-30,1037,5020,3,112.96
2023-07-30,1037,5032,3,123.39
2023-07-30,1082,5012,4,287.17
2023-07-30,1082,5038,3,274.19
2023-07-30,1082,5032,3,191.6
2023-07-30,1082,5038,2,36.99
2023-07-30,1082,5017,1,21.98
2023-07-30,1082,5045,2,163.09
2023-07-30,1082,5040,3,30.34
2023-07-30,1048,5029,4,343.45
2023-07-30,1048,5001,4,193.16
2023-07-30,1040,5041,3,118.83
2023-07-30,1040,5011,1,38.51
2023-07-30,1028,5006,4,255.94
2023-07-30,1098,5003,4,278.09
2023-07-30,1098,5023,3,118.86
2023-08-06,1066,5003,2,27.43
2023-08-06,1088,5020,3,257.82
2023-08-06,1088,5032,3,271.51
2023-08-06,1047,5044,1,51.7
2023-08-06,1047,5049,2,28.49
2023-08-06,1047,5034,1,14.52
2023-08-06,1047,5049,3,96.14
2023-08-06,1048,5022,3,276.07
2023-08-06,1022,5012,4,306.59
2023-08-06,1022,5013,4,174.54
2023-08-06,1022,5016,1,83.31
2023-08-06,1050,5034,3,70.49
2023-08-06,1050,5039,1,66.41
2023-08-06,1039,5028,1,55.19
2023-08-06,1033,5021,4,309.32
2023-08-06,1033,5036,4,207.99
2023-08-06,1033,5050,3,93.85
2023-08-06,1033,5040,4,305.01
2023-08-06,1033,5019,3,229.24
2023-08-06,1042,5044,2,145.84
2023-08-06,1019,5002,2,146.62
2023-08-06,1001,5007,3,188.58
2023-08-06,1001,5023,3,279.19
2023-08-06,1035,5050,1,79.68
2023-08-06,1060,5002,1,14.03
2023-08-06,1060,5047,3,161.38
2023-08-06,1060,5036,1,24.58
2023-08-06,1057,5030,2,184.71
2023-08-06,1057,5015,1,39.1
2023-08-06,1043,5014,4,213.21
2023-08-06,1043,5003,2,138.37
2023-08-06,1006,5046,4,178.15
2023-08-06,1026,5040,2,45.53
2023-08-06,1026,5003,1,86.14
2023-08-06,1049,5035,1,66.13
2023-08-06,1049,5015,4,49.38
2023-08-06,1030,5039,4,343.45
2023-08-06,1027,5025,3,193.49
2023-08-13,1079,5042,1,95.7
2023-08-13,1079,5024,2,44.06
2023-08-13,1079,5044,3,261.51
2023-08-13,1049,5041,4,46.34
2023-08-13,1049,5022,4,51.3
2023-08-13,1073,5022,1,26.68
2023-08-13,1015,5017,3,121.42
2023-08-13,1059,5027,1,82.41
2023-08-13,1059,5024,3,252.15
2023-08-13,1059,5027,1,27.32
2023-08-13,1059,5008,1,12.6
2023-08-13,1001,5034,2,178.99
2023-08-13,1001,5016,4,305.1
2023-08-13,1001,5036,1,17.99
2023-08-13,1036,5018,2,54.35
2023-08-13,1040,5010,3,145.37
2023-08-13,1042,5042,4,394.89
2023-08-13,1012,5037,2,131.64
2023-08-13,1100,5043,4,134.24
2023-08-13,1100,5041,2,66.34
2023-08-13,1057,5001,4,221.71
2023-08-13,1027,5029,2,147.0
2023-08-13,1024,5025,1,45.78
2023-08-13,1024,5021,3,70.93
2023-08-13,1024,5012,4,378.95
2023-08-13,1024,5001,4,63.9
2023-08-13,1024,5001,3,182.19
2023-08-13,1050,5033,2,48.91
2023-08-13,1050,5042,3,98.07
2023-08-13,1050,5015,3,145.81
2023-08-13,1050,5004,4,52.02
2023-08-13,1050,5001,2,30.55
2023-08-13,1050,5032,2,151.47
2023-08-13,1050,5011,4,107.14
2023-08-13,1016,5019,2,92.5
2023-08-13,1016,5040,3,218.72
2023-08-13,1092,5016,2,140.53
2023-08-13,1092,5018,3,31.37
2023-08-13,1020,5042,4,103.68
2023-08-13,1020,5040,1,76.09
2023-08-20,1024,5021,4,153.24
2023-08-20,1040,5014,3,278.06
2023-08-20,1052,5023,1,31.93
2023-08-20,1052,5027,2,135.92
2023-08-20,1052,5035,3,164.99
2023-08-20,1005,5002,4,187.24
2023-08-20,1005,5037,1,87.43
2023-08-20,1020,5032,3,135.19
2023-08-20,1089,5029,4,345.04
2023-08-20,1089,5044,2,89.58
2023-08-20,1089,5005,2,159.74
2023-08-20,1021,5008,4,152.08
2023-08-20,1030,5027,1,25.71
2023-08-20,1056,5002,4,43.32
2023-08-20,1056,5046,4,212.64
2023-08-20,1012,5048,1,92.47
2023-08-20,1081,5004,1,21.66
2023-08-20,1081,5020,4,278.69
2023-08-20,1053,5004,4,120.82
2023-08-20,1053,5037,4,294.95
2023-08-20,1053,5042,1,96.6
2023-08-20,1053,5037,4,223.74
2023-08-20,1064,5046,4,186.94
2023-08-20,1059,5023,1,10.39
2023-08-20,1048,5042,2,171.77
2023-08-20,1048,5007,3,166.41
2023-08-20,1048,5027,4,57.47
2023-08-20,1048,5028,4,276.18
2023-08-20,1048,5044,1,26.99
2023-08-20,1034,5039,4,200.5
2023-08-20,1093,5010,4,383.97
2023-08-20,1093,5007,1,18.93
2023-08-27,1010,5049,3,255.67
2023-08-27,1010,5023,3,110.06
2023-08-27,1071,5018,4,271.24
2023-08-27,1024,5039,3,97.14
2023-08-27,1024,5008,4,178.07
2023-08-27,1033,5012,4,205.36
2023-08-27,1033,5022,4,59.2
2023-08-27,1033,5027,4,160.8
2023-08-27,1048,5020,3,249.34
2023-08-27,1048,5008,3,215.6
2023-08-27,1048,5022,1,70.93
2023-08-27,1015,5022,2,51.9
2023-08-27,1015,5037,3,288.82
2023-08-27,1015,5039,2,50.64
2023-08-27,1035,5028,3,287.36
2023-08-27,1035,5030,3,44.65
2023-08-27,1058,5040,3,97.37
2023-08-27,1058,5029,3,174.07
2023-08-27,1088,5016,1,24.29
2023-08-27,1030,5037,4,383.52
2023-08-27,1030,5034,4,303.96
2023-08-27,1030,5019,2,148.49
2023-08-27,1030,5033,4,159.51
2023-08-27,1041,5044,4,374.34
2023-08-27,1041,5037,3,89.59
2023-08-27,1041,5046,4,233.35
2023-08-27,1062,5029,4,186.59
2023-08-27,1062,5023,1,22.61
2023-08-27,1062,5013,1,23.22
2023-08-27,1062,5009,3,270.08
2023-08-27,1080,5003,2,143.16
2023-08-27,1023,5017,4,124.27
2023-08-27,1023,5036,3,163.52
2023-08-27,1023,5026,4,143.16
2023-08-27,1023,5019,3,93.28
2023-08-27,1057,5048,4,189.94
2023-08-27,1057,5034,2,49.11
2023-08-27,1057,5031,1,67.21
2023-08-27,1021,5027,3,230.31
2023-08-27,1021,5030,4,170.74
2023-08-27,1021,5022,3,253.87
2023-08-27,1006,5011,1,85.55
2023-08-27,1006,5010,1,45.99
2023-08-27,1091,5007,1,42.49
2023-09-03,1020,5019,3,242.8
2023-09-03,1020,5036,1,82.79
2023-09-03,1020,5048,4,398.53
2023-09-03,1064,5027,1,55.0
2023-09-03,1064,5046,1,31.85
2023-09-03,1064,5007,1,79.98
2023-09-03,1054,5003,3,167.04
2023-09-03,1051,5011,1,23.27
2023-09-03,1051,5046,4,192.11
2023-09-03,1019,5017,4,233.92
2023-09-03,1019,5012,1,22.33
2023-09-03,1070,5004,1,17.72
2023-09-03,1070,5042,3,191.59
2023-09-03,1070,5035,3,152.9
2023-09-03,1070,5024,2,85.48
2023-09-03,1082,5016,2,136.43
2023-09-03,1082,5008,4,124.66
2023-09-03,1090,5002,3,211.74
2023-09-03,1090,5009,3,135.96
2023-09-03,1090,5006,1,71.4
2023-09-03,1088,5026,2,142.77
2023-09-03,1088,5016,3,194.95
2023-09-03,1088,5040,4,347.06
2023-09-03,1036,5037,2,86.88
2023-09-03,1036,5023,4,162.72
2023-09-03,1036,5001,1,58.95
2023-09-03,1083,5025,4,398.78
2023-09-03,1083,5003,3,81.66
2023-09-03,1083,5045,1,97.47
2023-09-03,1083,5050,1,22.18
2023-09-03,1061,5001,2,63.62
2023-09-03,1061,5008,2,115.37
2023-09-03,1061,5021,2,95.4
2023-09-03,1022,5032,3,200.5
2023-09-03,1028,5046,2,149.47
2023-09-03,1028,5007,4,151.65
2023-09-03,1089,5034,3,31.66
2023-09-03,1075,5004,1,71.68
2023-09-03,1075,5035,4,289.14
2023-09-03,1011,5044,1,56.65
2023-09-03,1098,5030,3,56.05
2023-09-03,1098,5018,1,77.61
2023-09-03,1098,5016,3,145.34
2023-09-03,1003,5011,2,55.21
2023-09-03,1003,5008,3,66.05
2023-09-10,1077,5005,2,71.99
2023-09-10,1077,5002,2,60.18
2023-09-10,1022,5006,4,144.89
2023-09-10,1047,5026,4,189.62
2023-09-10,1047,5016,1,99.82
2023-09-10,1047,5031,3,167.09
2023-09-10,1017,5034,3,91.35
2023-09-10,1017,5033,2,74.94
2023-09-10,1029,5040,2,97.61
2023-09-10,1029,5034,3,216.62
2023-09-10,1029,5049,3,195.33
2023-09-10,1029,5011,2,143.24
2023-09-10,1094,5023,1,63.11
2023-09-10,1094,5026,1,21.24
2023-09-10,1094,5037,2,20.72
2023-09-10,1094,5032,2,176.22
2023-09-10,1094,5038,2,137.75
2023-09-10,1021,5040,1,10.3
2023-09-10,1081,5030,4,95.5
2023-09-10,1084,5035,4,62.92
2023-09-10,1084,5031,4,101.18
2023-09-10,1084,5040,1,46.82
2023-09-10,1084,5027,2,87.25
2023-09-10,1065,5024,3,101.86
2023-09-10,1037,5038,4,193.66
2023-09-10,1037,5005,2,128.23
2023-09-10,1033,5036,4,78.06
2023-09-10,1033,5031,3,153.47
2023-09-10,1033,5013,3,277.39
2023-09-10,1033,5020,1,51.94
2023-09-10,1057,5047,2,42.77
2023-09-10,1057,5020,4,127.0
2023-09-10,1085,5009,4,219.89
2023-09-10,1085,5022,3,161.38
2023-09-10,1085,5045,1,74.01
2023-09-10,1075,5032,1,85.56
2023-09-10,1075,5028,4,290.69
2023-09-10,1096,5048,1,29.08
2023-09-10,1096,5046,4,172.69
2023-09-10,1096,5032,2,76.73
2023-09-10,1096,5005,2,81.52
2023-09-10,1096,5046,1,90.73
2023-09-10,1040,5031,2,108.57
2023-09-17,1042,5008,3,183.52
2023-09-17,1042,5007,1,80.69
2023-09-17,1042,5007,4,292.35
2023-09-17,1042,5003,1,63.03
2023-09-17,1076,5047,3,103.8
2023-09-17,1076,5027,1,39.64
2023-09-17,1076,5007,1,85.83
2023-09-17,1050,5013,2,40.69
2023-09-17,1050,5005,3,206.56
2023-09-17,1050,5042,4,193.73
2023-09-17,1050,5008,3,52.24
2023-09-17,1014,5016,4,171.9
2023-09-17,1014,5002,2,190.99
2023-09-17,1010,5034,2,110.31
2023-09-17,1096,5050,3,42.76
2023-09-17,1096,5043,3,34.11
2023-09-17,1096,5018,4,328.27
2023-09-17,1011,5028,3,69.11
2023-09-17,1011,5035,3,46.8
2023-09-17,1011,5001,3,290.02
2023-09-17,1041,5012,3,78.83
2023-09-17,1067,5009,1,40.44
2023-09-17,1067,5049,1,49.45
2023-09-17,1040,5001,1,62.17
2023-09-17,1020,5040,3,287.26
2023-09-17,1059,5015,3,229.16
2023-09-17,1059,5023,2,165.48
2023-09-17,1059,5049,4,297.71
2023-09-17,1045,5050,4,396.87
2023-09-17,1045,5027,3,252.2
2023-09-17,1036,5004,3,237.78
2023-09-17,1036,5004,2,113.95
2023-09-17,1060,5033,1,88.95
2023-09-17,1060,5049,4,394.75
2023-09-17,1060,5012,3,170.96
2023-09-17,1082,5006,4,98.93
2023-09-17,1001,5036,2,174.43
2023-09-17,1001,5028,4,352.84
2023-09-17,1090,5045,4,199.15
2023-09-17,1090,5044,2,116.09
2023-09-17,1083,5014,3,144.65
2023-09-17,1083,5036,1,95.39
2023-09-17,1083,5004,1,82.68
2023-09-24,1057,5016,2,190.99
2023-09-24,1057,5016,4,145.63
2023-09-24,1057,5018,4,245.67
2023-09-24,1057,5047,4,254.06
2023-09-24,1057,5028,2,138.98
2023-09-24,1066,5005,3,163.2
2023-09-24,1095,5029,1,47.16
2023-09-24,1073,5023,3,157.55
2023-09-24,1073,5006,2,57.6
2023-09-24,1036,5004,4,267.41
2023-09-24,1036,5020,3,204.98
2023-09-24,1036,5028,2,127.5
2023-09-24,1054,5050,2,142.09
2023-09-24,1054,5026,2,178.82
2023-09-24,1054,5041,3,185.35
2023-09-24,1090,5024,4,251.66
2023-09-24,1090,5030,3,46.81
2023-09-24,1090,5030,3,51.09
2023-09-24,1026,5015,3,49.08
2023-09-24,1026,5036,3,284.37
2023-09-24,1026,5037,1,37.93
2023-09-24,1026,5029,3,81.72
2023-09-24,1005,5004,3,116.85
2023-09-24,1005,5005,4,399.72
2023-09-24,1005,5023,1,54.36
2023-09-24,1096,5033,1,31.92
2023-09-24,1096,5019,3,92.99
2023-09-24,1096,5034,2,175.19
2023-09-24,1096,5045,4,108.49
2023-09-24,1085,5042,4,358.62
2023-09-24,1085,5048,3,212.18
2023-09-24,1065,5002,2,103.5
2023-09-24,1065,5013,1,86.21
2023-09-24,1058,5033,3,70.39
2023-09-24,1062,5003,2,24.17
2023-09-24,1007,5002,2,140.51
2023-09-24,1064,5041,1,84.25
2023-09-24,1064,5042,1,14.62
2023-09-24,1064,5013,1,12.33
2023-09-24,1009,5007,3,261.24
2023-09-24,1077,5038,4,233.21
2023-09-24,1077,5012,1,80.47
2023-09-24,1077,5003,3,267.16
2023-09-24,1077,5007,3,81.88
2023-09-24,1089,5039,3,123.27
2023-10-01,1042,5020,4,285.27
2023-10-01,1035,5025,2,147.57
2023-10-01,1035,5037,4,149.16
2023-10-01,1071,5031,1,98.94
2023-10-01,1082,5017,3,133.77
2023-10-01,1082,5012,3,127.0
2023-10-01,1082,5050,4,360.03
2023-10-01,1082,5018,1,72.93
2023-10-01,1082,5047,3,129.34
2023-10-01,1078,5038,3,81.56
2023-10-01,1078,5044,3,63.05
2023-10-01,1100,5019,4,328.48
2023-10-01,1100,5002,1,40.65
2023-10-01,1100,5045,3,39.11
2023-10-01,1017,5031,1,26.08
2023-10-01,1017,5008,2,190.42
2023-10-01,1017,5023,3,284.03
2023-10-01,1017,5050,4,166.08
2023-10-01,1094,5037,2,92.23
2023-10-01,1094,5027,4,394.03
2023-10-01,1094,5036,3,283.93
2023-10-01,1034,5043,3,283.11
2023-10-01,1001,5038,3,123.13
2023-10-01,1055,5018,4,243.89
2023-10-01,1055,5023,4,348.27
2023-10-01,1040,5036,1,33.89
2023-10-01,1040,5048,3,278.49
2023-10-01,1040,5042,4,344.91
2023-10-01,1077,5004,2,175.16
2023-10-01,1077,5008,2,178.95
2023-10-01,1054,5016,4,316.9
2023-10-01,1057,5047,4,191.85
2023-10-01,1057,5008,2,120.52
2023-10-01,1049,5028,1,74.91
2023-10-01,1049,5046,2,132.32
2023-10-01,1015,5012,1,27.38
2023-10-01,1015,5014,4,373.59
2023-10-01,1015,5047,2,94.45
2023-10-01,1015,5018,1,13.78
2023-10-08,1085,5034,1,48.37
2023-10-08,1085,5019,4,179.03
2023-10-08,1096,5009,4,150.48
2023-10-08,1096,5030,2,129.2
2023-10-08,1096,5013,4,348.92
2023-10-08,1083,5043,3,108.35
2023-10-08,1077,5007,3,70.33
2023-10-08,1078,5014,1,41.94
2023-10-08,1078,5029,4,114.14
2023-10-08,1078,5027,2,39.1
2023-10-08,1021,5037,4,62.56
2023-10-08,1021,5011,2,85.89
2023-10-08,1031,5043,4,286.19
2023-10-08,1031,5015,1,53.39
2023-10-08,1043,5020,1,74.32
2023-10-08,1043,5014,3,42.29
2023-10-08,1043,5010,4,253.13
2023-10-08,1009,5044,1,42.58
2023-10-08,1009,5041,4,242.16
2023-10-08,1047,5041,2,99.93
2023-10-08,1047,5036,3,223.97
2023-10-08,1047,5002,1,22.54
2023-10-08,1032,5027,1,16.33
2023-10-08,1032,5010,3,169.15
2023-10-08,1032,5025,3,81.99
2023-10-08,1007,5025,1,52.2
2023-10-08,1061,5014,1,96.76
2023-10-08,1061,5049,1,70.7
2023-10-08,1061,5017,3,219.45
2023-10-08,1087,5014,1,42.78
2023-10-08,1030,5001,4,392.2
2023-10-08,1030,5009,2,129.28
2023-10-08,1030,5013,3,164.62
2023-10-08,1060,5040,3,123.05
2023-10-08,1060,5004,3,250.12
2023-10-08,1060,5023,1,49.99
2023-10-08,1060,5035,1,64.05
2023-10-15,1002,5022,2,44.41
2023-10-15,1031,5038,3,178.94
2023-10-15,1031,5041,1,36.78
2023-10-15,1010,5019,4,208.33
2023-10-15,1010,5039,2,199.52
2023-10-15,1010,5023,2,192.37
2023-10-15,1036,5028,2,155.4
2023-10-15,1003,5013,2,68.64
2023-10-15,1003,5007,3,151.27
2023-10-15,1058,5013,3,116.74
2023-10-15,1058,5031,2,176.14
2023-10-15,1088,5029,1,90.58
2023-10-15,1088,5023,3,176.56
2023-10-15,1088,5010,1,76.84
2023-10-15,1088,5009,4,166.95
2023-10-15,1088,5049,3,185.74
2023-10-15,1024,5010,2,198.26
2023-10-15,1024,5047,3,251.82
2023-10-15,1024,5003,3,158.62
2023-10-15,1024,5002,3,69.13
2023-10-15,1082,5016,1,99.37
2023-10-15,1069,5041,4,366.05
2023-10-15,1069,5036,3,75.65
2023-10-15,1050,5043,3,89.07
2023-10-15,1050,5044,2,182.5
2023-10-15,1030,5048,3,77.26
2023-10-15,1091,5022,3,177.42
2023-10-15,1091,5031,3,270.41
2023-10-15,1068,5048,1,41.49
2023-10-15,1068,5036,1,83.32
2023-10-15,1006,5020,2,176.06
2023-10-15,1006,5008,4,212.45
2023-10-15,1076,5010,3,61.09
2023-10-15,1076,5028,2,112.04
2023-10-15,1020,5009,2,116.54
2023-10-15,1020,5032,3,122.27
2023-10-15,1020,5017,2,57.57
2023-10-15,1062,5034,2,26.86
2023-10-15,1062,5009,3,276.42
2023-10-22,1026,5043,4,185.85
2023-10-22,1026,5020,3,111.45
2023-10-22,1026,5034,2,71.11
2023-10-22,1020,5046,3,50.34
2023-10-22,1020,5016,1,96.37
2023-10-22,1020,5011,1,77.74
2023-10-22,1020,5049,1,79.35
2023-10-22,1093,5030,4,117.22
2023-10-22,1093,5038,1,85.23
2023-10-22,1040,5026,1,69.38
2023-10-22,1025,5033,4,141.55
2023-10-22,1025,5022,1,23.49
2023-10-22,1079,5012,3,97.86
2023-10-22,1079,5024,2,140.98
2023-10-22,1079,5019,2,86.89
2023-10-22,1079,5009,4,300.36
2023-10-22,1008,5028,1,92.17
2023-10-22,1008,5041,2,79.54
2023-10-22,1008,5047,4,237.07
2023-10-22,1094,5034,1,50.98
2023-10-22,1094,5028,3,134.08
2023-10-22,1094,5036,4,152.92
2023-10-22,1010,5036,3,178.91
2023-10-22,1010,5005,1,24.73
2023-10-22,1010,5037,3,41.63
2023-10-22,1018,5024,1,84.3
2023-10-22,1069,5017,1,71.67
2023-10-22,1060,5035,1,83.64
2023-10-22,1060,5023,3,126.51
2023-10-22,1060,5012,3,99.61
2023-10-22,1011,5035,4,278.08
2023-10-22,1011,5036,1,28.33
2023-10-22,1011,5015,2,106.51
2023-10-22,1003,5047,3,264.77
2023-10-22,1003,5040,2,46.11
2023-10-22,1066,5022,1,29.62
2023-10-22,1066,5027,4,263.53
2023-10-22,1038,5020,3,100.93
2023-10-22,1038,5027,1,52.34
2023-10-22,1038,5045,1,73.57
2023-10-22,1039,5011,1,11.08
2023-10-22,1039,5025,4,55.17
2023-10-22,1039,5005,4,278.89
2023-10-29,1051,5027,3,200.29
2023-10-29,1051,5047,4,287.06
2023-10-29,1051,5025,1,48.45
2023-10-29,1069,5017,1,13.03
2023-10-29,1069,5024,2,125.61
2023-10-29,1081,5023,1,39.22
2023-10-29,1023,5002,2,125.51
2023-10-29,1053,5044,2,187.76
2023-10-29,1053,5029,2,28.87
2023-10-29,1033,5041,2,31.49
2023-10-29,1033,5031,3,98.69
2023-10-29,1014,5021,3,81.39
2023-10-29,1014,5041,3,67.53
2023-10-29,1014,5011,3,225.12
2023-10-29,1014,5022,3,209.28
2023-10-29,1014,5021,1,63.46
2023-10-29,1014,5028,2,93.71
2023-10-29,1016,5023,1,74.96
2023-10-29,1061,5026,2,67.41
2023-10-29,1088,5027,3,295.73
2023-10-29,1088,5041,3,153.25
2023-10-29,1025,5012,4,383.38
2023-10-29,1025,5041,1,22.99
2023-10-29,1039,5026,4,74.01
2023-10-29,1086,5016,2,74.92
2023-10-29,1086,5029,3,252.21
2023-10-29,1086,5011,2,90.27
2023-10-29,1083,5028,2,80.84
2023-10-29,1083,5016,3,64.34
2023-10-29,1083,5042,4,225.4
2023-10-29,1083,5004,2,36.62
2023-10-29,1052,5013,2,196.26
2023-10-29,1049,5039,1,74.13
2023-10-29,1049,5011,1,20.68
2023-10-29,1049,5012,4,219.46
2023-10-29,1038,5013,1,68.67
2023-11-05,1003,5005,3,292.29
2023-11-05,1003,5026,4,159.19
2023-11-05,1003,5039,2,113.17
2023-11-05,1068,5042,3,142.53
2023-11-05,1068,5025,2,34.09
2023-11-05,1068,5041,2,184.74
2023-11-05,1068,5041,2,58.05
2023-11-05,1063,5015,4,243.51
2023-11-05,1063,5038,1,74.6
2023-11-05,1063,5039,2,172.02
2023-11-05,1038,5050,1,13.88
2023-11-05,1058,5003,2,97.73
2023-11-05,1058,5013,3,173.41
2023-11-05,1058,5041,4,128.74
2023-11-05,1097,5037,2,156.69
2023-11-05,1097,5035,2,84.99
2023-11-05,1097,5024,1,22.57
2023-11-05,1097,5049,1,21.0
2023-11-05,1097,5001,2,46.56
2023-11-05,1097,5046,3,84.34
2023-11-05,1022,5006,3,81.71
2023-11-05,1022,5020,1,60.25
2023-11-05,1087,5031,4,189.79
2023-11-05,1087,5048,4,108.43
2023-11-05,1087,5039,4,100.02
2023-11-05,1087,5043,2,146.23
2023-11-05,1076,5034,2,176.57
2023-11-05,1076,5029,1,45.46
2023-11-05,1025,5049,3,214.19
2023-11-05,1085,5017,4,345.79
2023-11-05,1085,5029,2,151.2
2023-11-05,1085,5042,2,82.03
2023-11-05,1085,5004,4,63.75
2023-11-05,1085,5009,3,295.04
2023-11-05,1045,5005,3,262.61
2023-11-05,1028,5017,1,22.5
2023-11-05,1064,5009,2,160.29
2023-11-05,1064,5027,3,117.08
2023-11-05,1064,5048,2,152.87
2023-11-05,1064,5012,4,194.12
2023-11-05,1054,5037,3,102.04
2023-11-05,1084,5034,2,104.04
2023-11-05,1084,5024,4,288.93
2023-11-12,1061,5012,4,259.33
2023-11-12,1061,5012,1,62.02
2023-11-12,1061,5009,4,362.37
2023-11-12,1012,5026,4,152.65
2023-11-12,1012,5004,3,171.38
2023-11-12,1012,5026,1,92.38
2023-11-12,1012,5038,2,147.89
2023-11-12,1012,5028,1,81.37
2023-11-12,1012,5002,4,44.37
2023-11-12,1012,5002,4,56.73
2023-11-12,1066,5025,2,172.42
2023-11-12,1064,5025,1,57.1
2023-11-12,1064,5035,2,165.85
2023-11-12,1075,5049,2,52.16
2023-11-12,1075,5044,2,178.49
2023-11-12,1075,5009,4,115.58
2023-11-12,1006,5037,1,86.25
2023-11-12,1006,5038,3,196.28
2023-11-12,1093,5020,4,118.76
2023-11-12,1093,5044,2,179.14
2023-11-12,1016,5031,3,122.25
2023-11-12,1016,5004,1,59.65
2023-11-12,1078,5016,4,257.66
2023-11-12,1078,5009,3,222.24
2023-11-12,1078,5017,4,166.47
2023-11-12,1078,5035,3,93.01
2023-11-12,1049,5040,2,138.95
2023-11-12,1049,5046,1,35.97
2023-11-12,1026,5025,4,81.64
2023-11-12,1030,5041,2,168.26
2023-11-12,1065,5004,3,233.9
2023-11-12,1065,5024,2,174.95
2023-11-12,1094,5045,3,38.89
2023-11-12,1094,5008,1,14.23
2023-11-12,1094,5021,2,195.41
2023-11-12,1094,5035,4,143.0
2023-11-12,1094,5044,4,300.38
2023-11-12,1094,5018,1,56.85
2023-11-12,1091,5005,3,295.86
2023-11-12,1091,5025,1,68.02
2023-11-12,1014,5014,1,38.42
2023-11-12,1014,5019,1,97.26
2023-11-12,1018,5044,4,288.72
2023-11-12,1018,5038,2,24.9
2023-11-19,1048,5042,4,244.77
2023-11-19,1048,5037,2,150.74
2023-11-19,1048,5020,4,399.52
2023-11-19,1067,5029,4,62.91
2023-11-19,1049,5015,3,208.49
2023-11-19,1075,5003,2,199.94
2023-11-19,1075,5002,3,196.94
2023-11-19,1052,5021,4,293.39
2023-11-19,1052,5029,3,239.21
2023-11-19,1052,5044,1,19.36
2023-11-19,1009,5004,2,39.99
2023-11-19,1008,5027,3,90.33
2023-11-19,1008,5034,2,112.82
2023-11-19,1008,5045,1,22.01
2023-11-19,1008,5021,4,396.59
2023-11-19,1014,5013,1,26.41
2023-11-19,1051,5027,1,81.13
2023-11-19,1051,5046,3,297.92
2023-11-19,1051,5036,1,57.92
2023-11-19,1077,5040,1,73.03
2023-11-19,1077,5044,3,80.41
2023-11-19,1077,5029,1,95.64
2023-11-19,1029,5018,1,55.55
2023-11-19,1029,5023,3,262.26
2023-11-19,1029,5041,3,150.78
2023-11-19,1029,5029,3,206.28
2023-11-19,1032,5027,4,326.8
2023-11-19,1082,5027,4,56.77
2023-11-19,1082,5023,1,75.82
2023-11-19,1027,5045,3,285.1
2023-11-19,1027,5045,1,36.27
2023-11-19,1027,5047,2,36.22
2023-11-19,1045,5049,4,40.11
2023-11-19,1045,5015,3,158.57
2023-11-19,1090,5024,2,172.54
2023-11-19,1090,5029,3,123.43
2023-11-19,1047,5046,1,43.29
2023-11-26,1093,5038,3,56.14
2023-11-26,1093,5047,1,59.15
2023-11-26,1093,5047,4,326.98
2023-11-26,1093,5039,1,85.53
2023-11-26,1080,5017,1,45.14
2023-11-26,1080,5006,4,301.07
2023-11-26,1080,5015,2,195.87
2023-11-26,1025,5044,4,329.02
2023-11-26,1034,5028,1,33.65
2023-11-26,1034,5004,4,369.74
2023-11-26,1047,5025,2,185.68
2023-11-26,1075,5017,3,64.21
2023-11-26,1075,5015,1,74.64
2023-11-26,1076,5009,3,283.86
2023-11-26,1076,5012,3,265.12
2023-11-26,1076,5046,4,176.35
2023-11-26,1076,5030,1,50.17
2023-11-26,1008,5044,3,251.2
2023-11-26,1008,5025,3,162.74
2023-11-26,1008,5027,1,92.94
2023-11-26,1008,5033,3,243.1
2023-11-26,1042,5047,4,254.86
2023-11-26,1041,5020,4,86.41
2023-11-26,1041,5022,3,71.57
2023-11-26,1041,5029,2,87.56
2023-11-26,1064,5032,4,394.12
2023-11-26,1064,5037,4,328.92
2023-11-26,1089,5009,1,30.93
2023-11-26,1089,5001,4,197.07
2023-11-26,1089,5005,3,137.42
2023-11-26,1089,5039,3,65.62
2023-11-26,1089,5009,2,95.05
2023-11-26,1089,5014,3,124.71
2023-11-26,1089,5027,2,75.38
2023-11-26,1060,5023,2,185.49
2023-11-26,1018,5011,3,189.27
2023-11-26,1018,5039,3,108.56
2023-11-26,1007,5021,1,34.14
2023-11-26,1007,5033,2,150.18
2023-11-26,1007,5020,3,107.24
2023-11-26,1004,5012,2,188.41
2023-11-26,1004,5029,1,52.14
2023-11-26,1002,5010,2,135.4
2023-11-26,1002,5033,2,49.47
2023-11-26,1002,5013,3,263.71
2023-11-26,1002,5027,4,323.76
2023-11-26,1058,5032,2,98.42
2023-11-26,1058,5016,1,26.65
2023-11-26,1058,5013,1,45.06
2023-11-26,1058,5042,2,61.43
2023-11-26,1058,5032,1,29.4
2023-12-03,1054,5013,1,65.38
2023-12-03,1054,5029,1,42.73
2023-12-03,1054,5043,1,61.49
2023-12-03,1004,5046,2,179.89
2023-12-03,1004,5009,2,174.06
2023-12-03,1004,5035,1,85.62
2023-12-03,1096,5036,1,71.88
2023-12-03,1096,5019,4,97.33
2023-12-03,1096,5022,4,292.46
2023-12-03,1096,5001,4,113.37
2023-12-03,1062,5006,3,257.17
2023-12-03,1062,5012,2,90.95
2023-12-03,1062,5011,4,273.34
2023-12-03,1068,5021,3,31.52
2023-12-03,1068,5033,4,300.02
2023-12-03,1042,5030,4,298.11
2023-12-03,1042,5033,4,247.22
2023-12-03,1093,5038,1,47.19
2023-12-03,1093,5025,1,55.13
2023-12-03,1093,5015,1,95.6
2023-12-03,1043,5026,4,272.76
2023-12-03,1043,5040,1,51.39
2023-12-03,1075,5043,2,48.54
2023-12-03,1075,5003,1,19.6
2023-12-03,1035,5046,3,191.95
2023-12-03,1035,5022,2,125.36
2023-12-03,1035,5018,2,192.74
2023-12-03,1035,5021,1,78.0
2023-12-03,1031,5039,1,35.43
2023-12-03,1031,5022,1,54.04
2023-12-03,1031,5033,3,69.36
2023-12-03,1073,5019,1,96.46
2023-12-03,1073,5047,3,87.55
2023-12-03,1073,5032,4,179.39
2023-12-03,1073,5015,2,63.71
2023-12-03,1086,5049,3,86.32
2023-12-03,1002,5033,1,10.83
2023-12-03,1002,5021,3,69.56
2023-12-03,1012,5041,4,369.67
2023-12-03,1084,5037,3,228.78
2023-12-03,1034,5033,2,182.48
2023-12-03,1034,5050,4,382.22
2023-12-03,1059,5004,4,48.52
2023-12-03,1059,5013,2,97.32
2023-12-03,1053,5042,1,28.18
2023-12-03,1053,5010,2,74.39
2023-12-03,1053,5009,4,243.79
2023-12-03,1053,5031,1,50.78
2023-12-03,1053,5044,3,113.98
2023-12-03,1053,5040,1,91.37
2023-12-03,1053,5024,4,244.84
2023-12-03,1046,5035,2,95.59
2023-12-03,1046,5020,2,175.08
2023-12-10,1035,5041,4,118.7
2023-12-10,1035,5003,3,283.36
2023-12-10,1035,5043,3,252.46
2023-12-10,1035,5030,1,68.94
2023-12-10,1035,5047,4,200.98
2023-12-10,1077,5047,4,234.96
2023-12-10,1077,5050,1,83.27
2023-12-10,1048,5020,4,204.39
2023-12-10,1013,5028,4,257.19
2023-12-10,1013,5006,4,235.22
2023-12-10,1013,5020,3,146.22
2023-12-10,1013,5036,4,155.85
2023-12-10,1013,5013,2,190.38
2023-12-10,1093,5034,1,49.64
2023-12-10,1093,5020,1,70.22
2023-12-10,1093,5044,2,142.28
2023-12-10,1006,5035,4,286.86
2023-12-10,1006,5047,4,334.68
2023-12-10,1006,5024,2,60.21
2023-12-10,1030,5033,4,394.23
2023-12-10,1001,5013,1,11.48
2023-12-10,1095,5030,3,166.36
2023-12-10,1095,5037,3,265.09
2023-12-10,1032,5004,4,378.6
2023-12-10,1032,5019,4,73.89
2023-12-10,1056,5008,1,26.53
2023-12-10,1002,5024,3,77.85
2023-12-10,1100,5030,1,97.09
2023-12-10,1100,5048,4,203.76
2023-12-10,1100,5039,3,108.97
2023-12-10,1058,5005,2,59.89
2023-12-10,1058,5032,2,196.91
2023-12-10,1098,5019,4,81.91
2023-12-10,1098,5002,1,30.11
2023-12-10,1098,5049,4,225.26
2023-12-10,1098,5031,4,67.38
2023-12-10,1008,5038,3,291.93
2023-12-10,1008,5003,3,229.1
2023-12-10,1008,5003,3,182.26
2023-12-17,1047,5029,3,238.22
2023-12-17,1090,5032,2,142.8
2023-12-17,1090,5023,4,42.49
2023-12-17,1090,5011,4,139.91
2023-12-17,1090,5013,3,147.52
2023-12-17,1090,5018,4,340.22
2023-12-17,1090,5049,2,185.19
2023-12-17,1090,5009,4,219.63
2023-12-17,1081,5009,2,93.41
2023-12-17,1081,5021,3,109.58
2023-12-17,1081,5010,4,282.52
2023-12-17,1081,5004,4,383.62
2023-12-17,1051,5007,4,201.01
2023-12-17,1051,5008,3,106.97
2023-12-17,1051,5003,3,239.88
2023-12-17,1051,5049,4,226.27
2023-12-17,1051,5021,1,61.73
2023-12-17,1060,5003,4,169.21
2023-12-17,1060,5016,4,98.87
2023-12-17,1021,5029,3,182.3
2023-12-17,1021,5049,2,144.16
2023-12-17,1021,5011,4,146.35
2023-12-17,1100,5009,4,268.22
2023-12-17,1100,5027,3,133.67
2023-12-17,1100,5025,1,26.08
2023-12-17,1089,5041,1,27.57
2023-12-17,1031,5048,4,125.6
2023-12-17,1034,5048,1,62.24
2023-12-17,1034,5042,2,148.5
2023-12-17,1079,5019,1,56.43
2023-12-17,1079,5010,3,69.4
2023-12-17,1046,5011,1,13.34
2023-12-17,1046,5015,3,177.67
2023-12-17,1007,5049,4,268.27
2023-12-17,1007,5013,3,226.82
2023-12-17,1007,5008,1,41.0
2023-12-17,1098,5018,2,112.67
2023-12-17,1098,5034,3,264.75
2023-12-17,1008,5029,2,147.54
2023-12-17,1008,5050,4,294.93
2023-12-17,1071,5032,2,118.45
2023-12-17,1071,5019,1,20.19
2023-12-17,1071,5015,3,183.2
2023-12-24,1003,5004,2,147.72
2023-12-24,1003,5009,4,237.12
2023-12-24,1003,5005,2,167.63
2023-12-24,1096,5015,3,245.03
2023-12-24,1033,5017,1,41.05
2023-12-24,1071,5048,2,171.45
2023-12-24,1095,5033,2,63.65
2023-12-24,1048,5032,4,225.76
2023-12-24,1083,5013,4,373.58
2023-12-24,1023,5031,2,173.85
2023-12-24,1023,5033,1,49.03
2023-12-24,1023,5027,4,42.99
2023-12-24,1023,5045,2,151.9
2023-12-24,1094,5026,4,161.47
2023-12-24,1049,5029,4,387.63
2023-12-24,1049,5024,3,110.02
2023-12-24,1049,5004,1,85.77
2023-12-24,1049,5021,3,49.22
2023-12-24,1049,5039,1,53.07
2023-12-24,1049,5007,1,87.01
2023-12-24,1049,5023,2,187.37
2023-12-24,1098,5040,3,126.77
2023-12-24,1098,5015,4,382.43
2023-12-24,1008,5009,1,12.63
2023-12-24,1008,5040,1,23.06
2023-12-24,1008,5010,1,20.98
2023-12-24,1014,5019,2,83.66
2023-12-24,1059,5006,2,135.39
2023-12-24,1051,5031,1,81.03
2023-12-24,1051,5037,1,18.46
2023-12-24,1039,5002,2,170.34
2023-12-24,1039,5026,4,322.88
2023-12-24,1078,5047,2,60.38
2023-12-31,1046,5050,3,88.53
2023-12-31,1046,5008,3,254.42
2023-12-31,1076,5018,4,158.16
2023-12-31,1076,5028,1,24.58
2023-12-31,1001,5032,3,259.13
2023-12-31,1032,5008,1,29.62
2023-12-31,1032,5034,1,30.25
2023-12-31,1065,5010,1,94.11
2023-12-31,1065,5049,2,45.61
2023-12-31,1065,5003,3,227.33
2023-12-31,1064,5050,3,32.2
2023-12-31,1064,5011,4,154.85
2023-12-31,1089,5036,1,99.47
2023-12-31,1089,5017,1,40.75
2023-12-31,1014,5033,1,48.93
2023-12-31,1057,5046,2,53.59
2023-12-31,1018,5034,3,147.0
2023-12-31,1018,5004,4,60.88
2023-12-31,1018,5035,2,93.9
2023-12-31,1006,5005,2,37.47
2023-12-31,1006,5026,3,193.46
2023-12-31,1006,5041,3,49.91
2023-12-31,1006,5018,2,179.09
2023-12-31,1036,5034,1,20.03
2023-12-31,1036,5014,4,210.4
2023-12-31,1061,5001,1,63.63
2023-12-31,1061,5012,3,167.99
2023-12-31,1092,5040,3,85.22
2023-12-31,1092,5004,3,189.75
2023-12-31,1010,5017,3,290.79
